codigo_plano_acao;codigo_emenda;cnpj_municipio;nome_municipio;codigo_parlamentar;nome_parlamentar;valor_emenda;objeto_emenda;numeros_ordens_bancarias_pagas;banco;codigo_banco;agencia;agencia_sem_dv;conta_corrente;conta_corrente_sem_dv
09032021-013427;202141850007-Jorginho Mello;83024240000153;MUNICIPIO DE ITA;4185;Jorginho Mello;200000.0;;2021OB804790;Caixa Econômica Federal;104;1881-3;1881;575858575-7;575858575
09032022-021847;202241850010-Jorginho Mello;83024240000153;MUNICIPIO DE ITA;4185;Jorginho Mello;200000.0;;2022OB804125;Caixa Econômica Federal;104;1881-3;1881;575858576-5;575858576
09032022-019905;202239320002-Caroline de Toni;83024240000153;MUNICIPIO DE ITA;3932;Caroline de Toni;300000.0;;2023OB802624;Banco do Brasil;001;3635-8;3635;18204-4;18204
09032023-039027;202342510010-Ivete da Silveira;83024240000153;MUNICIPIO DE ITA;4251;Ivete da Silveira;400000.0;;2023OB811491;Banco do Brasil;001;3635-8;3635;18644-9;18644
09032024-070554;202443250003-Cobalchini;83024240000153;MUNICIPIO DE ITA;4325;Cobalchini;250000.0;;2024OB004177;Banco do Brasil;001;3635-8;3635;18914-6;18914
09032025-084327;202542730001-JORGE SEIF;83024240000153;MUNICIPIO DE ITA;4273;Jorge Seif;396000.0;Pavimentação - Pavimentação;2025OB006624;Banco do Brasil;001;3635-8;3635;19562-6;19562
0903-004433;202025690009-Celso Maldaner;78486198000152;MUNICIPIO DE TUNAPOLIS;2569;Celso Maldaner;250000.0;;2020OB801078;Banco do Brasil;001;5435-6;5435;7970-7;7970
0903-003948;202041850004-Jorginho Mello;78486198000152;MUNICIPIO DE TUNAPOLIS;4185;Jorginho Mello;100000.0;;2020OB801708;Banco do Brasil;001;5435-6;5435;7970-7;7970
09032023-033073;202328550022-Pedro Uczai;78486198000152;MUNICIPIO DE TUNAPOLIS;2855;Pedro Uczai;250000.0;;2023OB809644, 2023OB812400;Banco do Brasil;001;5435-6;5435;8942-7;8942
09032024-068014;202444010006-Julia Zanatta;78486198000152;MUNICIPIO DE TUNAPOLIS;4401;Julia Zanatta;300000.0;;2024OB011566;Banco do Brasil;001;5435-6;5435;9175-8;9175
09032024-066094;202442730002-Jorge Seif;78486198000152;MUNICIPIO DE TUNAPOLIS;4273;Jorge Seif;100000.0;;2024OB010274;Banco do Brasil;001;5435-6;5435;9179-0;9179
09032024-074462;202443390001-Daniela Reinehr;78486198000152;MUNICIPIO DE TUNAPOLIS;4339;Daniela Reinehr;100000.0;;2024OB010898;Banco do Brasil;001;5435-6;5435;9176-6;9176
09032025-081294;202542090003-JORGE GOETTEN;78486198000152;MUNICIPIO DE TUNAPOLIS;4209;Jorge Goetten;495000.0;Pavimentação - Pavimentação;2025OB001903;Banco do Brasil;001;5435-6;5435;9605-9;9605
09032021-010982;202132350006-Geovania De Sá;80622319000198;MUNICIPIO DE SERRA ALTA;3235;Geovania De Sá;200000.0;;2021OB804086;Banco do Brasil;001;5436-4;5436;7518-3;7518
09032024-066111;202442730002-Jorge Seif;80622319000198;MUNICIPIO DE SERRA ALTA;4273;Jorge Seif;100000.0;;2024OB010250;Caixa Econômica Federal;104;2894-0;2894;575856926-3;575856926
09032025-084681;202543250005-COBALCHINI;80622319000198;MUNICIPIO DE SERRA ALTA;4325;Cobalchini;396000.0;Pavimentação De Estradas Vicinais - Pavimentação De Estradas Vicinais;2025OB002199;Caixa Econômica Federal;104;2894-0;2894;574668534-4;574668534
09032025-084754;202543390010-DANIELA REINEHR;80622319000198;MUNICIPIO DE SERRA ALTA;4339;Daniela Reinehr;198000.0;Aquisição De Máquinas, Implementos E Equipamentos Agrícolas Adaptados À Agricultura Familiar E Tecnologias Sociais - Aquisição De Máquinas, Implementos E Equipamentos Agrícolas Adaptados À Agricultura Familiar E Tecnologias Sociais.;2025OB004050;Caixa Econômica Federal;104;2894-0;2894;574600823-7;574600823
0903-004346;202022100018-Esperidião Amin;83102699000128;MUNICIPIO DE PRESIDENTE NEREU;2210;Esperidião Amin;150000.0;;2020OB801171;Caixa Econômica Federal;104;423-5;423;576008144-2;576008144
09032021-010439;202128560001-Rogério Peninha Mendonça;83102699000128;MUNICIPIO DE PRESIDENTE NEREU;2856;Rogério Peninha Mendonça;189993.0;;2021OB803944;Caixa Econômica Federal;104;423-5;423;576008171-0;576008171
09032022-018219;202228560001-Rogério Peninha Mendonça;83102699000128;MUNICIPIO DE PRESIDENTE NEREU;2856;Rogério Peninha Mendonça;200000.0;;2023OB801108;Caixa Econômica Federal;104;423-5;423;576008182-5;576008182
09032023-035174;202328560020-Rogério Peninha Mendonça;83102699000128;MUNICIPIO DE PRESIDENTE NEREU;2856;Rogério Peninha Mendonça;300000.0;;2023OB809647;Banco do Brasil;001;5351-1;5351;7249-4;7249
09032024-073980;202442730001-Jorge Seif;83102699000128;MUNICIPIO DE PRESIDENTE NEREU;4273;Jorge Seif;100000.0;;2024OB010233;Banco do Brasil;001;5351-1;5351;7423-3;7423
09032024-075071;202444480002-Pezenti;83102699000128;MUNICIPIO DE PRESIDENTE NEREU;4448;Pezenti;300000.0;;2024OB012002;Banco do Brasil;001;5351-1;5351;7424-1;7424
09032025-075733;202542730002-JORGE SEIF;83102699000128;MUNICIPIO DE PRESIDENTE NEREU;4273;Jorge Seif;198000.0;Custeio Ao Piso Da Atenção Primária - Custeio Ao Piso Da Atenção Primária;;Banco do Brasil;001;5351-1;5351;;
09032025-2-087290;202542090003-JORGE GOETTEN;83102699000128;MUNICIPIO DE PRESIDENTE NEREU;4209;Jorge Goetten;396000.0;Reforma De Centro De Público De Convivência - Reforma De Centro De Público De Convivência;2025OB008559;Banco do Brasil;001;5351-1;5351;7755-0;7755
09032025-2-088154;202540620003-RICARDO GUIDI;83102699000128;MUNICIPIO DE PRESIDENTE NEREU;4062;Ricardo Guidi;198000.0;Aquisição De Equipamentos Esportivos - Aquisição De Equipamentos Esportivos;2025OB008347;Banco do Brasil;001;5351-1;5351;7754-2;7754
09032025-2-085711;202542730002-JORGE SEIF;83102699000128;MUNICIPIO DE PRESIDENTE NEREU;4273;Jorge Seif;198000.0;Custeio Ao Piso Da Atenção Primária - Custeio Ao Piso Da Atenção Primária;2025OB010120;Banco do Brasil;001;5351-1;5351;7764-X;7764
09032025-083886;202540620003-RICARDO GUIDI;83102699000128;MUNICIPIO DE PRESIDENTE NEREU;4062;Ricardo Guidi;198000.0;Aquisição De Equipamentos Esportivos - Aquisição De Equipamentos Esportivos;;Banco do Brasil;001;5351-1;5351;;
09032025-081289;202542090003-JORGE GOETTEN;83102699000128;MUNICIPIO DE PRESIDENTE NEREU;4209;Jorge Goetten;396000.0;Objeto Único Não Padronizado – Demais - REFORMA DO CENTRO DE CONVIVÊNCIA  - A CARGO DO MINISTÉRIO DO DESENVOLVIMENTO SOCIAL, FAMÍLIA E COMBATE Á FOME - CÓDIGO 55000;;Banco do Brasil;001;5351-1;5351;;
09032026-096344;202640620003-RICARDO GUIDI;83102699000128;MUNICIPIO DE PRESIDENTE NEREU;4062;Ricardo Guidi;398000.0;Pavimentação Urbana - Ministério das Cidades - Pavimentação Urbana - Ministério das Cidades;2026OB001823;Banco do Brasil;001;5351-1;5351;7799-2;7799
0903-004702;202018800013-Angela Amin;83021857000115;MUNICIPIO DE PINHALZINHO;1880;Angela Amin;200000.0;;2020OB801258;Caixa Econômica Federal;104;2894-0;2894;575856908-5;575856908
09032021-010420;202128550001-Pedro Uczai;83021857000115;MUNICIPIO DE PINHALZINHO;2855;Pedro Uczai;300000.0;;2021OB803940;Banco do Brasil;001;1392-7;1392;35962-9;35962
09032023-033068;202328550022-Pedro Uczai;83021857000115;MUNICIPIO DE PINHALZINHO;2855;Pedro Uczai;200000.0;;2023OB812391;Banco do Brasil;001;1392-7;1392;37629-9;37629
09032021-011961;202139320005-Caroline de Toni;83021857000115;MUNICIPIO DE PINHALZINHO;3932;Caroline de Toni;280000.0;;2021OB804355;Banco do Brasil;001;1392-7;1392;35962-9;35962
09032023-037048;202339320001-Caroline de Toni;83021857000115;MUNICIPIO DE PINHALZINHO;3932;Caroline de Toni;200000.0;;2023OB810544;Banco do Brasil;001;1392-7;1392;37629-9;37629
09032024-074456;202443390001-Daniela Reinehr;83021857000115;MUNICIPIO DE PINHALZINHO;4339;Daniela Reinehr;380000.0;;2024OB004280;Banco do Brasil;001;1392-7;1392;38587-5;38587
09032025-083397;202539800001-FABIO SCHIOCHET;83021857000115;MUNICIPIO DE PINHALZINHO;3980;Fabio Schiochet;396000.0;Pavimentação - Pavimentação;2025OB001280;Banco do Brasil;001;1392-7;1392;40270-2;40270
09032026-097331;202643390009-DANIELA REINEHR;83021857000115;MUNICIPIO DE PINHALZINHO;4339;Daniela Reinehr;722370.0;Pavimentação Urbana - Ministério das Cidades - Pavimentação Urbana - Ministério das Cidades;2026OB002918;Caixa Econômica Federal;104;2894-0;2894;569879394-4;569879394
09032021-010972;202132350006-Geovania De Sá;82916800000111;MUNICIPIO DE ICARA;3235;Geovania De Sá;200000.0;;2021OB800845;Caixa Econômica Federal;104;1785-0;1785;575859309-1;575859309
09032022-017147;202218800004-Angela Amin;82916800000111;MUNICIPIO DE ICARA;1880;Angela Amin;350000.0;;2022OB800505;Caixa Econômica Federal;104;1785-0;1785;575859312-1;575859312
09032022-020038;202239490001-Daniel Freitas;82916800000111;MUNICIPIO DE ICARA;3949;Daniel Freitas;1000000.0;;2023OB802783;Caixa Econômica Federal;104;1785-0;1785;575859312-1;575859312
09032022-020244;202239800001-Fabio Schiochet;82916800000111;MUNICIPIO DE ICARA;3980;Fabio Schiochet;200000.0;;2023OB802989;Caixa Econômica Federal;104;1785-0;1785;575859312-1;575859312
09032023-031258;202332350003-Geovania De Sá;82916800000111;MUNICIPIO DE ICARA;3235;Geovania De Sá;300000.0;;2023OB809967;Caixa Econômica Federal;104;1785-0;1785;575859314-8;575859314
09032023-032875;202329250001-Carmen Zanotto;82916800000111;MUNICIPIO DE ICARA;2925;Carmen Zanotto;1000000.0;;2023OB807985, 2023OB809791;Caixa Econômica Federal;104;1785-0;1785;575859314-8;575859314
09032023-038051;202340620003-Ricardo Guidi;82916800000111;MUNICIPIO DE ICARA;4062;Ricardo Guidi;1000000.0;;2023OB808230;Caixa Econômica Federal;104;1785-0;1785;575859314-8;575859314
09032023-2-041696;202342510010-Ivete da Silveira;82916800000111;MUNICIPIO DE ICARA;4251;Ivete da Silveira;100000.0;;2023OB815936;Caixa Econômica Federal;104;1785-0;1785;575859314-8;575859314
09032023-034415;202322100001-Esperidião Amin;82916800000111;MUNICIPIO DE ICARA;2210;Esperidião Amin;706047.0;;2023OB808336;Caixa Econômica Federal;104;1785-0;1785;575859314-8;575859314
09032024-067056;202429250006-Carmen Zanotto;82916800000111;MUNICIPIO DE ICARA;2925;Carmen Zanotto;1100000.0;;2024OB007333;Caixa Econômica Federal;104;1785-0;1785;575859322-9;575859322
09032024-069388;202439800001-Fabio Schiochet;82916800000111;MUNICIPIO DE ICARA;3980;Fabio Schiochet;250000.0;;2024OB008719;Caixa Econômica Federal;104;1785-0;1785;575859321-0;575859321
09032024-074017;202442730001-Jorge Seif;82916800000111;MUNICIPIO DE ICARA;4273;Jorge Seif;100000.0;;2024OB003790, 2024OB011254;Caixa Econômica Federal;104;1785-0;1785;575859319-9;575859319
09032025-083409;202539800001-FABIO SCHIOCHET;82916800000111;MUNICIPIO DE ICARA;3980;Fabio Schiochet;594000.0;Pavimentação - Pavimentação;2025OB001289;Caixa Econômica Federal;104;1785-0;1785;574776048-0;574776048
09032025-083895;202540620003-RICARDO GUIDI;82916800000111;MUNICIPIO DE ICARA;4062;Ricardo Guidi;495000.0;Pavimentação: Adequação De Vias - Pavimentação: Adequação De Vias;2025OB001507;Caixa Econômica Federal;104;1785-0;1785;574776049-8;574776049
09032025-083894;202540620003-RICARDO GUIDI;82916800000111;MUNICIPIO DE ICARA;4062;Ricardo Guidi;495000.0;Pavimentação De Estradas Vicinais - Pavimentação De Estradas Vicinais;2025OB001508;Caixa Econômica Federal;104;1785-0;1785;574711185-6;574711185
09032025-083239;202539320001-CAROLINE DE TONI;82916800000111;MUNICIPIO DE ICARA;3932;Caroline de Toni;207900.0;Aquisição De Veiculos - Aquisição De Veiculos;2025OB003439;Caixa Econômica Federal;104;1785-0;1785;574600835-0;574600835
09032026-095956;202639800001-FABIO SCHIOCHET;82916800000111;MUNICIPIO DE ICARA;3980;Fabio Schiochet;497500.0;Pavimentação De Estradas Vicinais - Ministério da Integração e do Desenvolvimento Regional - Pavimentação De Estradas Vicinais - Ministério da Integração e do Desenvolvimento Regional;2026OB004864;Caixa Econômica Federal;104;1785-0;1785;569171454-2;569171454
09032026-096359;202640620003-RICARDO GUIDI;82916800000111;MUNICIPIO DE ICARA;4062;Ricardo Guidi;497500.0;Construção, Reforma Ou Ampliação De Infraestrutura Esportiva  - Ministério do Esporte - Construção, Reforma Ou Ampliação De Infraestrutura Esportiva  - Ministério do Esporte;2026OB001827;Caixa Econômica Federal;104;1785-0;1785;569487335-8;569487335
09032026-096360;202640620003-RICARDO GUIDI;82916800000111;MUNICIPIO DE ICARA;4062;Ricardo Guidi;497500.0;Pavimentação Urbana - Ministério das Cidades - Pavimentação Urbana - Ministério das Cidades;;Caixa Econômica Federal;104;1785-0;1785;569260821-5;569260821
09032026-089775;202639490005-DANIEL FREITAS;82916800000111;MUNICIPIO DE ICARA;3949;Daniel Freitas;597000.0;Abastecimento De Água - Ministério das Cidades - Abastecimento De Água - Ministério das Cidades;;;;;;;
09032021-012246;202139800001-Fabio Schiochet;95780441000160;MUNICIPIO DE CAPIVARI DE BAIXO;3980;Fabio Schiochet;200000.0;;2021OB801647;Banco do Brasil;001;5456-9;5456;18690-2;18690
09032024-074002;202442730001-Jorge Seif;95780441000160;MUNICIPIO DE CAPIVARI DE BAIXO;4273;Jorge Seif;100000.0;;2024OB003781;Caixa Econômica Federal;104;2362-0;2362;575858328-2;575858328
09032024-072839;202439320001-Caroline de Toni;95780441000160;MUNICIPIO DE CAPIVARI DE BAIXO;3932;Caroline de Toni;100000.0;;2024OB008509;Caixa Econômica Federal;104;2362-0;2362;575858327-4;575858327
09032024-075295;202444930001-Zé Trovão;95780441000160;MUNICIPIO DE CAPIVARI DE BAIXO;4493;Zé Trovão;350000.0;;2024OB012316;Caixa Econômica Federal;104;2362-0;2362;575858329-0;575858329
09032025-084321;202542730001-JORGE SEIF;95780441000160;MUNICIPIO DE CAPIVARI DE BAIXO;4273;Jorge Seif;396000.0;Pavimentação - Pavimentação;2025OB002002;Caixa Econômica Federal;104;2362-0;2362;574847038-8;574847038
09032026-093914;202642090003-JORGE GOETTEN;95780441000160;MUNICIPIO DE CAPIVARI DE BAIXO;4209;Jorge Goetten;298500.0;Produtos E Serviços (Aquisições, Locações, Apoio Técnico-Operacional, Estudos, Pesquisas, Planos E Instrumentos Congêneres Etc.) Para O Fortalecimento Dos Órgãos Estaduais, Distrital E Municipais De Proteção E Defesa Civil - Ministério da Integração e do Desenvolvimento Regional - Produtos E Serviços (Aquisições, Locações, Apoio Técnico-Operacional, Estudos, Pesquisas, Planos E Instrumentos Congêneres Etc.) Para O Fortalecimento Dos Órgãos Estaduais, Distrital E Municipais De Proteção E Defesa Civil - Ministério da Integração e do Desenvolvimento Regional;;Caixa Econômica Federal;104;2362-0;2362;;
0903-003704;202022100018-Esperidião Amin;83024505000113;MUNICIPIO DE SEARA;2210;Esperidião Amin;100000.0;;2020OB801263;Banco do Brasil;001;875-3;875;43080-3;43080
09032021-011965;202139320005-Caroline de Toni;83024505000113;MUNICIPIO DE SEARA;3932;Caroline de Toni;200000.0;;2021OB802269;Caixa Econômica Federal;104;1881-3;1881;575858574-9;575858574
09032023-032865;202329250001-Carmen Zanotto;83024505000113;MUNICIPIO DE SEARA;2925;Carmen Zanotto;100000.0;;2023OB812614;Caixa Econômica Federal;104;1881-3;1881;575858577-3;575858577
09032023-034162;202318800004-Angela Amin;83024505000113;MUNICIPIO DE SEARA;1880;Angela Amin;200000.0;;2023OB809129;Caixa Econômica Federal;104;1881-3;1881;575858577-3;575858577
09032023-034402;202322100001-Esperidião Amin;83024505000113;MUNICIPIO DE SEARA;2210;Esperidião Amin;200000.0;;2023OB811975;Caixa Econômica Federal;104;1881-3;1881;575858577-3;575858577
09032025-084669;202543250005-COBALCHINI;83024505000113;MUNICIPIO DE SEARA;4325;Cobalchini;495000.0;Pavimentação De Estradas Vicinais - Pavimentação De Estradas Vicinais;2025OB002197;Caixa Econômica Federal;104;1881-3;1881;574824055-2;574824055
09032025-081789;202522100013-ESPERIDIÃO AMIN;83024505000113;MUNICIPIO DE SEARA;2210;Esperidião Amin;396000.0;Construção, Reforma Ou Ampliação De Espaços De Esporte E Lazer - Construção, Reforma Ou Ampliação De Espaços De Esporte E Lazer;2025OB002909;Caixa Econômica Federal;104;1881-3;1881;574600847-4;574600847
09032026-094583;202622100012-ESPERIDIÃO AMIN;83024505000113;MUNICIPIO DE SEARA;2210;Esperidião Amin;398000.0;Pavimentação Urbana - Ministério das Cidades - Pavimentação Urbana - Ministério das Cidades;2026OB000186;Caixa Econômica Federal;104;1881-3;1881;569879395-2;569879395
0903-003366;202022100018-Esperidião Amin;83102244000102;MUNICIPIO DE GASPAR;2210;Esperidião Amin;150000.0;;2020OB801121;Caixa Econômica Federal;104;1073-1;1073;575861794-2;575861794
0903-004359;202028560001-Rogério Peninha Mendonça;83102244000102;MUNICIPIO DE GASPAR;2856;Rogério Peninha Mendonça;300000.0;;2020OB801123;Caixa Econômica Federal;104;1073-1;1073;575861794-2;575861794
09032021-009470;202118800011-Angela Amin;83102244000102;MUNICIPIO DE GASPAR;1880;Angela Amin;200000.0;;2021OB800229;Caixa Econômica Federal;104;1073-1;1073;575861795-0;575861795
09032022-014121;202232350003-Geovania De Sá;83102244000102;MUNICIPIO DE GASPAR;3235;Geovania De Sá;200000.0;;2022OB801797;Caixa Econômica Federal;104;1073-1;1073;575861797-7;575861797
09032022-016330;202239530001-Darci de Matos;83102244000102;MUNICIPIO DE GASPAR;3953;Darci de Matos;150000.0;;2023OB802838;Caixa Econômica Federal;104;1073-1;1073;575861797-7;575861797
09032023-033063;202328550022-Pedro Uczai;83102244000102;MUNICIPIO DE GASPAR;2855;Pedro Uczai;300000.0;;2023OB809641;Caixa Econômica Federal;104;1073-1;1073;575861798-5;575861798
09032023-034153;202318800004-Angela Amin;83102244000102;MUNICIPIO DE GASPAR;1880;Angela Amin;400000.0;;2023OB806779;Caixa Econômica Federal;104;1073-1;1073;575861798-5;575861798
09032024-069070;202422100016-Esperidião Amin;83102244000102;MUNICIPIO DE GASPAR;2210;Esperidião Amin;300000.0;;2024OB005634;Caixa Econômica Federal;104;1073-1;1073;575861799-3;575861799
09032024-073861;202442090002-Jorge Goetten;83102244000102;MUNICIPIO DE GASPAR;4209;Jorge Goetten;700000.0;;2024OB003478;Caixa Econômica Federal;104;1073-1;1073;575861802-7;575861802
09032024-068658;202442510013-Ivete da Silveira;83102244000102;MUNICIPIO DE GASPAR;4251;Ivete da Silveira;150000.0;;2024OB009996;Caixa Econômica Federal;104;1073-1;1073;575861804-3;575861804
09032024-073960;202442730001-Jorge Seif;83102244000102;MUNICIPIO DE GASPAR;4273;Jorge Seif;100000.0;;2024OB010255;Caixa Econômica Federal;104;1073-1;1073;575861805-1;575861805
09032024-068001;202444010006-Julia Zanatta;83102244000102;MUNICIPIO DE GASPAR;4401;Julia Zanatta;70000.0;;2024OB011589;Caixa Econômica Federal;104;1073-1;1073;575861806-0;575861806
09032024-068775;202442510012-Ivete da Silveira;83102244000102;MUNICIPIO DE GASPAR;4251;Ivete da Silveira;150000.0;;2024OB003615;Caixa Econômica Federal;104;1073-1;1073;575861803-5;575861803
09032024-072813;202439320001-Caroline de Toni;83102244000102;MUNICIPIO DE GASPAR;3932;Caroline de Toni;250000.0;;2024OB002353;Caixa Econômica Federal;104;1073-1;1073;575861801-9;575861801
09032021-010434;202128560001-Rogério Peninha Mendonça;83102244000102;MUNICIPIO DE GASPAR;2856;Rogério Peninha Mendonça;300000.0;;2021OB800673;Caixa Econômica Federal;104;1073-1;1073;575861795-0;575861795
09032024-074445;202443390001-Daniela Reinehr;83102244000102;MUNICIPIO DE GASPAR;4339;Daniela Reinehr;300000.0;;2024OB010879;Caixa Econômica Federal;104;1073-1;1073;575861807-8;575861807
09032025-079197;202544480001-PEZENTI;83102244000102;MUNICIPIO DE GASPAR;4448;Pezenti;297000.0;Aquisição De Equipamentos Esportivos - Aquisição De Equipamentos Esportivos;2025OB007165;Banco do Brasil;001;921-0;921;55547-9;55547
09032025-081776;202522100013-ESPERIDIÃO AMIN;83102244000102;MUNICIPIO DE GASPAR;2210;Esperidião Amin;396000.0;Pavimentação: Adequação De Vias - Pavimentação: Adequação De Vias;2025OB000257;Banco do Brasil;001;921-0;921;54994-0;54994
09032025-083177;202539290001-CARLOS CHIODINI;83102244000102;MUNICIPIO DE GASPAR;3929;Carlos Chiodini;495000.0;Pavimentação De Estradas Vicinais - Pavimentação De Estradas Vicinais;2025OB001155;Banco do Brasil;001;921-0;921;55039-6;55039
09032025-083290;202539490006-DANIEL FREITAS;83102244000102;MUNICIPIO DE GASPAR;3949;Daniel Freitas;495000.0;Inclusão Digital Dos Municípios - Inclusão Digital Dos Municípios;2025OB001223;Banco do Brasil;001;921-0;921;55262-3;55262
09032025-084305;202542730001-JORGE SEIF;83102244000102;MUNICIPIO DE GASPAR;4273;Jorge Seif;396000.0;Pavimentação - Pavimentação;2025OB002008;Banco do Brasil;001;921-0;921;55100-7;55100
09032025-081282;202542090003-JORGE GOETTEN;83102244000102;MUNICIPIO DE GASPAR;4209;Jorge Goetten;495000.0;Áreas De Lazer E Estruturas Para Atividades Físicas Em Espaços Públicos - Áreas De Lazer E Estruturas Para Atividades Físicas Em Espaços Públicos - Parques E Praças;2025OB006575;Banco do Brasil;001;921-0;921;55508-8;55508
09032026-094571;202622100012-ESPERIDIÃO AMIN;83102244000102;MUNICIPIO DE GASPAR;2210;Esperidião Amin;199000.0;Objeto Único Não Padronizado – Demais - implantação de sistema de videomonitoramento de espaço público;;Banco do Brasil;001;921-0;921;57205-5;57205
09032026-097324;202643390009-DANIELA REINEHR;83102244000102;MUNICIPIO DE GASPAR;4339;Daniela Reinehr;348250.0;Trator - Infraestrutura Produtiva  - Ministério da Integração e do Desenvolvimento Regional - Trator - Infraestrutura Produtiva  - Ministério da Integração e do Desenvolvimento Regional;2026OB002911;Banco do Brasil;001;921-0;921;57151-2;57151
09032026-095734;202639290001-CARLOS CHIODINI;83102244000102;MUNICIPIO DE GASPAR;3929;Carlos Chiodini;547250.0;Pavimentação Urbana - Ministério das Cidades - Pavimentação Urbana - Ministério das Cidades;2026OB001443;Banco do Brasil;001;921-0;921;57152-0;57152
09032026-094184;202643920005-ISMAEL;83102244000102;MUNICIPIO DE GASPAR;4392;Ismael;497500.0;Cemitérios E Espaços Públicos Associados Ao Cemitério Como Capela Mortuária - Ministério das Cidades - Cemitérios E Espaços Públicos Associados Ao Cemitério Como Capela Mortuária - Ministério das Cidades;;Banco do Brasil;001;921-0;921;57206-3;57206
09032021-009945;202125690003-Celso Maldaner;01613853000161;MUNICIPIO DE BRUNOPOLIS;2569;Celso Maldaner;300000.0;;2021OB800436;Caixa Econômica Federal;104;851-6;851;575862905-3;575862905
09032021-010422;202128550001-Pedro Uczai;01613853000161;MUNICIPIO DE BRUNOPOLIS;2855;Pedro Uczai;239993.0;;2021OB800670;Caixa Econômica Federal;104;851-6;851;575862905-3;575862905
09032022-017711;202225690003-Celso Maldaner;01613853000161;MUNICIPIO DE BRUNOPOLIS;2569;Celso Maldaner;300000.0;;2023OB800696;Caixa Econômica Federal;104;851-6;851;575862907-0;575862907
09032024-073878;202442090002-Jorge Goetten;01613853000161;MUNICIPIO DE BRUNOPOLIS;4209;Jorge Goetten;300000.0;;2024OB009952;Caixa Econômica Federal;104;851-6;851;575862913-4;575862913
09032024-073999;202442730001-Jorge Seif;01613853000161;MUNICIPIO DE BRUNOPOLIS;4273;Jorge Seif;100000.0;;2024OB003775;Caixa Econômica Federal;104;851-6;851;575862914-2;575862914
09032025-075740;202542730002-JORGE SEIF;01613853000161;MUNICIPIO DE BRUNOPOLIS;4273;Jorge Seif;198000.0;Objeto Único Não Padronizado – Demais - MAPA - 22000;2025OB006633;Caixa Econômica Federal;104;851-6;851;574064131-0;574064131
0903-004600;202028560001-Rogério Peninha Mendonça;83102731000175;MUNICIPIO DE TROMBUDO CENTRAL;2856;Rogério Peninha Mendonça;300000.0;;2020OB801184;Caixa Econômica Federal;104;423-5;423;575864797-3;575864797
09032021-010442;202128560001-Rogério Peninha Mendonça;83102731000175;MUNICIPIO DE TROMBUDO CENTRAL;2856;Rogério Peninha Mendonça;300000.0;;2021OB803945;Caixa Econômica Federal;104;423-5;423;575864799-0;575864799
09032021-011506;202137860003-Dário Berger;83102731000175;MUNICIPIO DE TROMBUDO CENTRAL;3786;Dário Berger;150000.0;;2021OB803411;Caixa Econômica Federal;104;423-5;423;575864799-0;575864799
09032021-012118;202139530003-Darci de Matos;83102731000175;MUNICIPIO DE TROMBUDO CENTRAL;3953;Darci de Matos;200000.0;;2021OB804398;Caixa Econômica Federal;104;423-5;423;575864799-0;575864799
09032022-018225;202228560001-Rogério Peninha Mendonça;83102731000175;MUNICIPIO DE TROMBUDO CENTRAL;2856;Rogério Peninha Mendonça;200000.0;;2023OB801120;Caixa Econômica Federal;104;423-5;423;575864802-3;575864802
09032022-017383;202222100001-Esperidião Amin;83102731000175;MUNICIPIO DE TROMBUDO CENTRAL;2210;Esperidião Amin;250000.0;;2023OB800457;Caixa Econômica Federal;104;423-5;423;575864802-3;575864802
09032023-034164;202318800004-Angela Amin;83102731000175;MUNICIPIO DE TROMBUDO CENTRAL;1880;Angela Amin;300000.0;;2023OB811816;Caixa Econômica Federal;104;423-5;423;575864808-2;575864808
09032023-034404;202322100001-Esperidião Amin;83102731000175;MUNICIPIO DE TROMBUDO CENTRAL;2210;Esperidião Amin;250000.0;;2023OB811986;Caixa Econômica Federal;104;423-5;423;575864808-2;575864808
09032023-035171;202328560017-Rogério Peninha Mendonça;83102731000175;MUNICIPIO DE TROMBUDO CENTRAL;2856;Rogério Peninha Mendonça;814604.0;;2023OB809646;Caixa Econômica Federal;104;423-5;423;575864808-2;575864808
09032023-2-041957;202328560017-Rogério Peninha Mendonça;83102731000175;MUNICIPIO DE TROMBUDO CENTRAL;2856;Rogério Peninha Mendonça;251683.0;;2023OB815266;Caixa Econômica Federal;104;423-5;423;575864808-2;575864808
09032024-069081;202422100016-Esperidião Amin;83102731000175;MUNICIPIO DE TROMBUDO CENTRAL;2210;Esperidião Amin;300000.0;;2024OB006410;Caixa Econômica Federal;104;423-5;423;575864822-8;575864822
09032024-069309;202490550002-Gilson Marques;83102731000175;MUNICIPIO DE TROMBUDO CENTRAL;9055;Gilson Marques;400000.0;;2024OB005314, 2024OB011311;Caixa Econômica Federal;104;423-5;423;575864821-0;575864821
09032024-073513;202440620002-Ricardo Guidi;83102731000175;MUNICIPIO DE TROMBUDO CENTRAL;4062;Ricardo Guidi;200000.0;;2024OB002867;Caixa Econômica Federal;104;423-5;423;575864818-0;575864818
09032024-075080;202444480002-Pezenti;83102731000175;MUNICIPIO DE TROMBUDO CENTRAL;4448;Pezenti;600000.0;;2024OB004945;Caixa Econômica Federal;104;423-5;423;575864819-8;575864819
09032025-081791;202522100013-ESPERIDIÃO AMIN;83102731000175;MUNICIPIO DE TROMBUDO CENTRAL;2210;Esperidião Amin;396000.0;Pavimentação: Adequação De Vias - Pavimentação: Adequação De Vias;2025OB000254;Banco do Brasil;001;3694-3;3694;16332-5;16332
09032025-2-087986;202539320001-CAROLINE DE TONI;83102731000175;MUNICIPIO DE TROMBUDO CENTRAL;3932;Caroline de Toni;326700.0;Aquisição De Unidade Móvel De Saúde - Aquisição De Unidade Móvel De Saúde;2025OB009878;Banco do Brasil;001;3694-3;3694;16442-9;16442
09032025-083229;202539320001-CAROLINE DE TONI;83102731000175;MUNICIPIO DE TROMBUDO CENTRAL;3932;Caroline de Toni;326700.0;Aquisição De Unidade Móvel De Saúde - Aquisição De Unidade Móvel De Saúde;;Banco do Brasil;001;3694-3;3694;;
09032026-094196;202643920005-ISMAEL;83102731000175;MUNICIPIO DE TROMBUDO CENTRAL;4392;Ismael;398000.0;Pavimentação Urbana - Ministério das Cidades - Pavimentação Urbana - Ministério das Cidades;;Banco do Brasil;001;3694-3;3694;16623-5;16623
09032026-095947;202639800001-FABIO SCHIOCHET;83102731000175;MUNICIPIO DE TROMBUDO CENTRAL;3980;Fabio Schiochet;497500.0;Aquisição de Máquinas e Equipamentos (GND 4) - Ministério da Agricultura e Pecuária - Aquisição de Máquinas e Equipamentos (GND 4) - Ministério da Agricultura e Pecuária;;Banco do Brasil;001;3694-3;3694;16636-7;16636
09032026-096349;202640620003-RICARDO GUIDI;83102731000175;MUNICIPIO DE TROMBUDO CENTRAL;4062;Ricardo Guidi;497500.0;Pavimentação Urbana - Ministério das Cidades - Pavimentação Urbana - Ministério das Cidades;2026OB005079;Banco do Brasil;001;3694-3;3694;16628-6;16628
09032026-094294;202628550010-PEDRO UCZAI;83102731000175;MUNICIPIO DE TROMBUDO CENTRAL;2855;Pedro Uczai;199000.0;Objeto Único Não Padronizado – Demais - UO 26298 FNDE. Ação 20RP Apoio à Infraestrutura para Educação Básica - Aquisição de Equipamentos;;;;;;;
09032022-019872;202239290005-Carlos Chiodini;81140303000101;MUNICIPIO DE ITAPOA;3929;Carlos Chiodini;500000.0;;2022OB802569;Banco do Brasil;001;5439-9;5439;14786-9;14786
09032021-013434;202141850007-Jorginho Mello;81140303000101;MUNICIPIO DE ITAPOA;4185;Jorginho Mello;200000.0;;2021OB804791;Banco do Brasil;001;5439-9;5439;13827-4;13827
09032023-037006;202339290002-Carlos Chiodini;81140303000101;MUNICIPIO DE ITAPOA;3929;Carlos Chiodini;600000.0;;2023OB813603;Caixa Econômica Federal;104;3364-2;3364;575856336-2;575856336
09032024-067060;202429250006-Carmen Zanotto;81140303000101;MUNICIPIO DE ITAPOA;2925;Carmen Zanotto;350000.0;;2024OB007335, 2024OB007342;Caixa Econômica Federal;104;3364-2;3364;575856337-0;575856337
09032024-067060;202429250006-Carmen Zanotto;81140303000101;MUNICIPIO DE ITAPOA;2925;Carmen Zanotto;350000.0;;2024OB007335, 2024OB007342;Caixa Econômica Federal;104;3364-2;3364;575856337-0;575856337
09032024-074030;202442730001-Jorge Seif;81140303000101;MUNICIPIO DE ITAPOA;4273;Jorge Seif;200000.0;;2024OB003712;Caixa Econômica Federal;104;3364-2;3364;575856338-9;575856338
09032024-074487;202443390001-Daniela Reinehr;81140303000101;MUNICIPIO DE ITAPOA;4339;Daniela Reinehr;100000.0;;2024OB004289;Caixa Econômica Federal;104;3364-2;3364;575856339-7;575856339
09032025-083411;202539800001-FABIO SCHIOCHET;81140303000101;MUNICIPIO DE ITAPOA;3980;Fabio Schiochet;198000.0;Aquisição De Equipamentos Esportivos - Aquisição De Equipamentos Esportivos;2025OB003500;Banco do Brasil;001;5439-9;5439;18177-3;18177
09032026-089628;202632350004-GEOVANIA DE SÁ;81140303000101;MUNICIPIO DE ITAPOA;3235;Geovania De Sá;199000.0;Reboques (Carretinhas) Para Fortalecimento Da Pesca Artesanal, política voltada às ações do MINISTÉRIO DA PESCA E AQUICULTURA. - Ministério da Pesca e Aquicultura - Reboques (Carretinhas) Para Fortalecimento Da Pesca Artesanal, política voltada às ações do Ministério da Pesca e Aquicultura. - Ministério da Pesca e Aquicultura;2026OB000955;Caixa Econômica Federal;104;3364-2;3364;569487327-7;569487327
09032026-095754;202639290001-CARLOS CHIODINI;81140303000101;MUNICIPIO DE ITAPOA;3929;Carlos Chiodini;497500.0;Aquisição de Máquinas e Equipamentos (GND 4) - Ministério da Agricultura e Pecuária - Aquisição de Máquinas e Equipamentos (GND 4) - Ministério da Agricultura e Pecuária;;Caixa Econômica Federal;104;3364-2;3364;569002272-8;569002272
09032026-095963;202639800001-FABIO SCHIOCHET;81140303000101;MUNICIPIO DE ITAPOA;3980;Fabio Schiochet;398000.0;Construção, Reforma Ou Ampliação De Infraestrutura Esportiva  - Ministério do Esporte - Construção, Reforma Ou Ampliação De Infraestrutura Esportiva  - Ministério do Esporte;2026OB004943;Caixa Econômica Federal;104;3364-2;3364;569260814-2;569260814
09032021-010448;202128560001-Rogério Peninha Mendonça;83102657000197;MUNICIPIO DE LAURENTINO;2856;Rogério Peninha Mendonça;300000.0;;2021OB803947;Caixa Econômica Federal;104;423-5;423;576008162-0;576008162
09032021-012251;202139800001-Fabio Schiochet;83102657000197;MUNICIPIO DE LAURENTINO;3980;Fabio Schiochet;629993.0;;2021OB804444;Caixa Econômica Federal;104;423-5;423;576008162-0;576008162
09032022-016137;202237860003-Dário Berger;83102657000197;MUNICIPIO DE LAURENTINO;3786;Dário Berger;150000.0;;2022OB802258;Banco do Brasil;001;5407-0;5407;9694-6;9694
09032022-018233;202228560001-Rogério Peninha Mendonça;83102657000197;MUNICIPIO DE LAURENTINO;2856;Rogério Peninha Mendonça;450000.0;;2022OB801273;Banco do Brasil;001;5407-0;5407;9694-6;9694
09032023-035173;202328560019-Rogério Peninha Mendonça;83102657000197;MUNICIPIO DE LAURENTINO;2856;Rogério Peninha Mendonça;450000.0;;2023OB808546;Banco do Brasil;001;5407-0;5407;10302-0;10302
09032024-068702;202442510013-Ivete da Silveira;83102657000197;MUNICIPIO DE LAURENTINO;4251;Ivete da Silveira;250000.0;;2024OB010014;Banco do Brasil;001;5407-0;5407;10679-8;10679
09032024-075087;202444480002-Pezenti;83102657000197;MUNICIPIO DE LAURENTINO;4448;Pezenti;500000.0;;2024OB004944;Banco do Brasil;001;5407-0;5407;10680-1;10680
09032024-068819;202442510012-Ivete da Silveira;83102657000197;MUNICIPIO DE LAURENTINO;4251;Ivete da Silveira;250000.0;;2024OB003522;Banco do Brasil;001;5407-0;5407;10678-X;10678
09032026-094114;202644480001-PEZENTI;83102657000197;MUNICIPIO DE LAURENTINO;4448;Pezenti;497500.0;Pavimentação: Adequação De Vias, Pontes, Travessias e Obras de Artes Especiais em Área Urbana - Ministério das Cidades - Pavimentação: Adequação De Vias, Pontes, Travessias e Obras de Artes Especiais em Área Urbana - Ministério das Cidades;2026OB003396;Caixa Econômica Federal;104;423-5;423;569836099-1;569836099
09032025-081163;202543920009-ISMAEL;83102657000197;MUNICIPIO DE LAURENTINO;4392;Ismael;198000.0;Aquisição De Unidade Móvel De Saúde - Aquisição De Unidade Móvel De Saúde;;Caixa Econômica Federal;104;423-5;423;;
09032025-079225;202544480001-PEZENTI;83102657000197;MUNICIPIO DE LAURENTINO;4448;Pezenti;495000.0;Revitalização, Construção De Calçadas E Passeios Públicos: Acessibilidade De Calçadas E  Passeios Públicos - Revitalização, Construção De Calçadas E Passeios Públicos: Acessibilidade De Calçadas E  Passeios Públicos;;Caixa Econômica Federal;104;423-5;423;;
09032025-2-086820;202544480001-PEZENTI;83102657000197;MUNICIPIO DE LAURENTINO;4448;Pezenti;495000.0;Construção, Reforma Ou Ampliação De Espaços De Esporte E Lazer - Construção, Reforma Ou Ampliação De Espaços De Esporte E Lazer;2025OB010027;Caixa Econômica Federal;104;423-5;423;573084508-8;573084508
09032025-2-086996;202543920009-ISMAEL;83102657000197;MUNICIPIO DE LAURENTINO;4392;Ismael;198000.0;Aquisição De Unidade Móvel De Saúde - Aquisição De Unidade Móvel De Saúde;2025OB009987;Caixa Econômica Federal;104;423-5;423;573107626-6;573107626
09032026-095960;202639800001-FABIO SCHIOCHET;83102657000197;MUNICIPIO DE LAURENTINO;3980;Fabio Schiochet;398000.0;Pavimentação Urbana - Ministério das Cidades - Pavimentação Urbana - Ministério das Cidades;2026OB001621;Caixa Econômica Federal;104;423-5;423;569528946-3;569528946
0903-004783;202018800013-Angela Amin;83102764000115;MUNICIPIO DE TIMBO;1880;Angela Amin;250000.0;;2020OB801190;Caixa Econômica Federal;104;809-5;809;575862841-3;575862841
09032021-009475;202118800011-Angela Amin;83102764000115;MUNICIPIO DE TIMBO;1880;Angela Amin;200000.0;;2021OB800233;Caixa Econômica Federal;104;809-5;809;575862842-1;575862842
0903-003611;202041850004-Jorginho Mello;83102764000115;MUNICIPIO DE TIMBO;4185;Jorginho Mello;100000.0;;2020OB801706;Caixa Econômica Federal;104;809-5;809;575862841-3;575862841
0903-004088;202028560001-Rogério Peninha Mendonça;83102764000115;MUNICIPIO DE TIMBO;2856;Rogério Peninha Mendonça;450000.0;;2020OB801196;Caixa Econômica Federal;104;809-5;809;575862841-3;575862841
0903-004192;202022100018-Esperidião Amin;83102764000115;MUNICIPIO DE TIMBO;2210;Esperidião Amin;250000.0;;2020OB801193;Caixa Econômica Federal;104;809-5;809;575862841-3;575862841
09032022-016338;202239530001-Darci de Matos;83102764000115;MUNICIPIO DE TIMBO;3953;Darci de Matos;200000.0;;2023OB802816;Caixa Econômica Federal;104;809-5;809;575862843-0;575862843
09032022-021952;202290550001-Gilson Marques;83102764000115;MUNICIPIO DE TIMBO;9055;Gilson Marques;200000.0;;2023OB800041;Caixa Econômica Federal;104;809-5;809;575862843-0;575862843
09032023-034403;202322100001-Esperidião Amin;83102764000115;MUNICIPIO DE TIMBO;2210;Esperidião Amin;400000.0;;2023OB812001;Caixa Econômica Federal;104;809-5;809;575862844-8;575862844
09032024-066088;202442730002-Jorge Seif;83102764000115;MUNICIPIO DE TIMBO;4273;Jorge Seif;100000.0;;2024OB010278;Caixa Econômica Federal;104;809-5;809;575862852-9;575862852
09032024-069387;202439800001-Fabio Schiochet;83102764000115;MUNICIPIO DE TIMBO;3980;Fabio Schiochet;100000.0;;2024OB008737;Caixa Econômica Federal;104;809-5;809;575862851-0;575862851
09032024-072834;202439320001-Caroline de Toni;83102764000115;MUNICIPIO DE TIMBO;3932;Caroline de Toni;250000.0;;2024OB008490;Caixa Econômica Federal;104;809-5;809;575862849-9;575862849
09032024-075079;202444480002-Pezenti;83102764000115;MUNICIPIO DE TIMBO;4448;Pezenti;300000.0;;2024OB012010;Caixa Econômica Federal;104;809-5;809;575862853-7;575862853
09032025-080747;202544010010-JULIA ZANATTA;83102764000115;MUNICIPIO DE TIMBO;4401;Julia Zanatta;495000.0;Pavimentação - Pavimentação;2025OB002416;Banco do Brasil;001;629-7;629;47537-8;47537
09032025-079210;202544480001-PEZENTI;83102764000115;MUNICIPIO DE TIMBO;4448;Pezenti;396000.0;Pavimentação: Adequação De Vias - Pavimentação: Adequação De Vias;2025OB002576;Banco do Brasil;001;629-7;629;47567-X;47567
09032025-083888;202540620003-RICARDO GUIDI;83102764000115;MUNICIPIO DE TIMBO;4062;Ricardo Guidi;495000.0;Construção, Reforma Ou Ampliação De Espaços De Esporte E Lazer - Construção, Reforma Ou Ampliação De Espaços De Esporte E Lazer;2025OB003598;Banco do Brasil;001;629-7;629;47636-6;47636
09032025-080638;202542510003-IVETE DA SILVEIRA;83102764000115;MUNICIPIO DE TIMBO;4251;Ivete da Silveira;198000.0;Custeio Ao Piso Da Atenção Primária - Custeio Ao Piso Da Atenção Primária;2025OB006577;Banco do Brasil;001;629-7;629;47783-4;47783
09032025-083227;202539320001-CAROLINE DE TONI;83102764000115;MUNICIPIO DE TIMBO;3932;Caroline de Toni;396000.0;Pavimentação - Pavimentação;2025OB001187;Banco do Brasil;001;629-7;629;47568-8;47568
09032025-2-086837;202590550002-GILSON MARQUES;83102764000115;MUNICIPIO DE TIMBO;9055;Gilson Marques;198000.0;Custeio Da Média E Alta Complexidade (Mac) - Custeio Da Média E Alta Complexidade (Mac);2025OB009182;Banco do Brasil;001;629-7;629;47920-9;47920
09032025-080473;202590550002-GILSON MARQUES;83102764000115;MUNICIPIO DE TIMBO;9055;Gilson Marques;198000.0;Custeio Da Média E Alta Complexidade (Mac) - Custeio Da Média E Alta Complexidade (Mac);;Banco do Brasil;001;629-7;629;;
09032026-089612;202632350004-GEOVANIA DE SÁ;83102764000115;MUNICIPIO DE TIMBO;3235;Geovania De Sá;398000.0;Pavimentação Urbana - Ministério das Cidades - Pavimentação Urbana - Ministério das Cidades;2026OB000949;Banco do Brasil;001;629-7;629;48614-0;48614
0903-003229;202028560001-Rogério Peninha Mendonça;83102632000193;MUNICIPIO DE IMBUIA;2856;Rogério Peninha Mendonça;300000.0;;2020OB801168;Caixa Econômica Federal;104;1102-9;1102;575996549-9;575996549
0903-004498;202022100018-Esperidião Amin;83102632000193;MUNICIPIO DE IMBUIA;2210;Esperidião Amin;150000.0;;2020OB801166;Caixa Econômica Federal;104;1102-9;1102;575996549-9;575996549
09032022-016117;202237860003-Dário Berger;83102632000193;MUNICIPIO DE IMBUIA;3786;Dário Berger;200000.0;;2022OB802273;Caixa Econômica Federal;104;1102-9;1102;575996552-9;575996552
09032022-018213;202228560001-Rogério Peninha Mendonça;83102632000193;MUNICIPIO DE IMBUIA;2856;Rogério Peninha Mendonça;100000.0;;2022OB801269;Caixa Econômica Federal;104;1102-9;1102;575996552-9;575996552
09032023-035164;202328560010-Rogério Peninha Mendonça;83102632000193;MUNICIPIO DE IMBUIA;2856;Rogério Peninha Mendonça;500000.0;;2023OB806345;Caixa Econômica Federal;104;1102-9;1102;575996553-7;575996553
09032024-068662;202442510013-Ivete da Silveira;83102632000193;MUNICIPIO DE IMBUIA;4251;Ivete da Silveira;150000.0;;2024OB009999;Caixa Econômica Federal;104;1102-9;1102;575996557-0;575996557
09032024-068779;202442510012-Ivete da Silveira;83102632000193;MUNICIPIO DE IMBUIA;4251;Ivete da Silveira;150000.0;;2024OB003620;Caixa Econômica Federal;104;1102-9;1102;575996555-3;575996555
09032024-073964;202442730001-Jorge Seif;83102632000193;MUNICIPIO DE IMBUIA;4273;Jorge Seif;100000.0;;2024OB010237;Caixa Econômica Federal;104;1102-9;1102;575996556-1;575996556
09032024-075065;202444480002-Pezenti;83102632000193;MUNICIPIO DE IMBUIA;4448;Pezenti;400000.0;;2024OB004946;Caixa Econômica Federal;104;1102-9;1102;575996554-5;575996554
09032025-2-086808;202544480001-PEZENTI;83102632000193;MUNICIPIO DE IMBUIA;4448;Pezenti;396000.0;Pavimentação - Pavimentação;2025OB009018;Caixa Econômica Federal;104;1102-9;1102;573551474-8;573551474
09032025-083878;202540620003-RICARDO GUIDI;83102632000193;MUNICIPIO DE IMBUIA;4062;Ricardo Guidi;396000.0;Pavimentação: Adequação De Vias - Pavimentação: Adequação De Vias;2025OB004792;Caixa Econômica Federal;104;1102-9;1102;574499824-8;574499824
09032025-075728;202542730002-JORGE SEIF;83102632000193;MUNICIPIO DE IMBUIA;4273;Jorge Seif;198000.0;Custeio Ao Piso Da Atenção Primária - Custeio Ao Piso Da Atenção Primária;;Caixa Econômica Federal;104;1102-9;1102;;
09032025-079199;202544480001-PEZENTI;83102632000193;MUNICIPIO DE IMBUIA;4448;Pezenti;396000.0;Pavimentação - Pavimentação;;Caixa Econômica Federal;104;1102-9;1102;;
09032025-2-085709;202542730002-JORGE SEIF;83102632000193;MUNICIPIO DE IMBUIA;4273;Jorge Seif;198000.0;Custeio Ao Piso Da Atenção Primária - Custeio Ao Piso Da Atenção Primária;2025OB008644;Caixa Econômica Federal;104;1102-9;1102;573269661-6;573269661
09032026-094572;202622100012-ESPERIDIÃO AMIN;83102632000193;MUNICIPIO DE IMBUIA;2210;Esperidião Amin;298500.0;Objeto Único Não Padronizado – Demais - Aquisição de Ônibus Escolar;;Caixa Econômica Federal;104;1102-9;1102;569128358-4;569128358
09032026-096341;202640620003-RICARDO GUIDI;83102632000193;MUNICIPIO DE IMBUIA;4062;Ricardo Guidi;199000.0;Aquisição de Máquinas e Equipamentos (GND 4) - Ministério da Agricultura e Pecuária - Aquisição de Máquinas e Equipamentos (GND 4) - Ministério da Agricultura e Pecuária;;Caixa Econômica Federal;104;1102-9;1102;568927556-1;568927556
09032024-067992;202444010006-Julia Zanatta;01608905000101;MUNICIPIO DE ERMO;4401;Julia Zanatta;1000000.0;;2024OB004637;Caixa Econômica Federal;104;1084-7;1084;575996526-0;575996526
09032023-036987;202339290002-Carlos Chiodini;01608905000101;MUNICIPIO DE ERMO;3929;Carlos Chiodini;254998.0;;2023OB813596;Caixa Econômica Federal;104;1084-7;1084;575996521-9;575996521
09032023-038984;202342510010-Ivete da Silveira;01608905000101;MUNICIPIO DE ERMO;4251;Ivete da Silveira;100000.0;;2023OB814980;Caixa Econômica Federal;104;1084-7;1084;575996521-9;575996521
09032024-068640;202442510013-Ivete da Silveira;01608905000101;MUNICIPIO DE ERMO;4251;Ivete da Silveira;75000.0;;2024OB003563;Caixa Econômica Federal;104;1084-7;1084;575996524-3;575996524
09032024-068757;202442510012-Ivete da Silveira;01608905000101;MUNICIPIO DE ERMO;4251;Ivete da Silveira;75000.0;;2024OB003507;Caixa Econômica Federal;104;1084-7;1084;575996523-5;575996523
09032024-073934;202442730001-Jorge Seif;01608905000101;MUNICIPIO DE ERMO;4273;Jorge Seif;200000.0;;2024OB003767;Caixa Econômica Federal;104;1084-7;1084;575996525-1;575996525
0903-003212;202041850004-Jorginho Mello;01608905000101;MUNICIPIO DE ERMO;4185;Jorginho Mello;200000.0;;2020OB801722;Caixa Econômica Federal;104;1084-7;1084;575996519-7;575996519
09032025-080732;202544010010-JULIA ZANATTA;01608905000101;MUNICIPIO DE ERMO;4401;Julia Zanatta;990000.0;Pavimentação De Estradas Vicinais - Pavimentação De Estradas Vicinais;2025OB002407;Banco do Brasil;001;993-8;993;21676-3;21676
09032026-097321;202643390009-DANIELA REINEHR;01608905000101;MUNICIPIO DE ERMO;4339;Daniela Reinehr;298500.0;Retroescavadeira - Infraestrutura Produtiva  - Ministério da Integração e do Desenvolvimento Regional - Retroescavadeira - Infraestrutura Produtiva  - Ministério da Integração e do Desenvolvimento Regional;2026OB002917;Banco do Brasil;001;993-8;993;22161-9;22161
0903-004669;202028560001-Rogério Peninha Mendonça;83102772000161;MUNICIPIO DE ASCURRA;2856;Rogério Peninha Mendonça;250000.0;;2020OB801201;Caixa Econômica Federal;104;852-4;852;575998308-0;575998308
0903-003371;202041850004-Jorginho Mello;83102772000161;MUNICIPIO DE ASCURRA;4185;Jorginho Mello;250000.0;;2020OB801670;Caixa Econômica Federal;104;852-4;852;575998308-0;575998308
0903-004119;202025690009-Celso Maldaner;83102772000161;MUNICIPIO DE ASCURRA;2569;Celso Maldaner;150000.0;;2020OB801198;Caixa Econômica Federal;104;852-4;852;575998308-0;575998308
09032022-021950;202290550001-Gilson Marques;83102772000161;MUNICIPIO DE ASCURRA;9055;Gilson Marques;220000.0;;2022OB800297;Caixa Econômica Federal;104;852-4;852;575998345-4;575998345
09032022-021517;202241290001-Rodrigo Coelho;83102772000161;MUNICIPIO DE ASCURRA;4129;Rodrigo Coelho;300000.0;;2023OB804598;Caixa Econômica Federal;104;852-4;852;575998345-4;575998345
09032023-037180;202339440015-Coronel Armando;83102772000161;MUNICIPIO DE ASCURRA;3944;Coronel Armando;733144.0;;2023OB810585;Caixa Econômica Federal;104;852-4;852;575998412-4;575998412
09032023-038995;202342510010-Ivete da Silveira;83102772000161;MUNICIPIO DE ASCURRA;4251;Ivete da Silveira;100000.0;;2023OB811513;Caixa Econômica Federal;104;852-4;852;575998412-4;575998412
09032024-068767;202442510012-Ivete da Silveira;83102772000161;MUNICIPIO DE ASCURRA;4251;Ivete da Silveira;200000.0;;2024OB003586;Banco do Brasil;001;1478-8;1478;23367-6;23367
09032024-073855;202442090002-Jorge Goetten;83102772000161;MUNICIPIO DE ASCURRA;4209;Jorge Goetten;300000.0;;2024OB009921;Banco do Brasil;001;1478-8;1478;23363-3;23363
09032024-068650;202442510013-Ivete da Silveira;83102772000161;MUNICIPIO DE ASCURRA;4251;Ivete da Silveira;200000.0;;2024OB009963;Banco do Brasil;001;1478-8;1478;23368-4;23368
09032024-073951;202442730001-Jorge Seif;83102772000161;MUNICIPIO DE ASCURRA;4273;Jorge Seif;100000.0;;2024OB010208;Banco do Brasil;001;1478-8;1478;23364-1;23364
09032024-067996;202444010006-Julia Zanatta;83102772000161;MUNICIPIO DE ASCURRA;4401;Julia Zanatta;250000.0;;2024OB011576;Banco do Brasil;001;1478-8;1478;23365-X;23365
09032024-075057;202444480002-Pezenti;83102772000161;MUNICIPIO DE ASCURRA;4448;Pezenti;200000.0;;2024OB004947;Banco do Brasil;001;1478-8;1478;23366-8;23366
09032022-018205;202228560001-Rogério Peninha Mendonça;83102772000161;MUNICIPIO DE ASCURRA;2856;Rogério Peninha Mendonça;250000.0;;2022OB801261;Caixa Econômica Federal;104;852-4;852;575998345-4;575998345
09032025-2-086803;202544480001-PEZENTI;83102772000161;MUNICIPIO DE ASCURRA;4448;Pezenti;198000.0;Objeto Único Não Padronizado – Demais - Veículo(s) para transporte de pacientes - 36000 Ministério da Saúde;2025OB010029;Banco do Brasil;001;1478-8;1478;24286-1;24286
09032025-079192;202544480001-PEZENTI;83102772000161;MUNICIPIO DE ASCURRA;4448;Pezenti;198000.0;Objeto Único Não Padronizado – Demais - Veículo(s) para transporte de pacientes - 36000 Ministério da Saúde;;Banco do Brasil;001;1478-8;1478;;
09032026-093897;202642090003-JORGE GOETTEN;83102772000161;MUNICIPIO DE ASCURRA;4209;Jorge Goetten;398000.0;Pavimentação Urbana - Ministério das Cidades - Pavimentação Urbana - Ministério das Cidades;2026OB002402;Banco do Brasil;001;1478-8;1478;24454-6;24454
09032026-095781;202639320001-CAROLINE DE TONI;83102772000161;MUNICIPIO DE ASCURRA;3932;Caroline de Toni;398000.0;Pavimentação Urbana - Ministério das Cidades - Pavimentação Urbana - Ministério das Cidades;2026OB001473;Banco do Brasil;001;1478-8;1478;24453-8;24453
09032026-094082;202644480001-PEZENTI;83102772000161;MUNICIPIO DE ASCURRA;4448;Pezenti;398000.0;Pavimentação Urbana - Ministério das Cidades - Pavimentação Urbana - Ministério das Cidades;2026OB003392;Banco do Brasil;001;1478-8;1478;24467-8;24467
0903-004314;202022100018-Esperidião Amin;80912140000175;MUNICIPIO DE SANTA HELENA;2210;Esperidião Amin;150000.0;;2020OB801104;Caixa Econômica Federal;104;702-1;702;576123101-4;576123101
09032021-010416;202128550001-Pedro Uczai;80912140000175;MUNICIPIO DE SANTA HELENA;2855;Pedro Uczai;250000.0;;2021OB800683;Banco do Brasil;001;5435-6;5435;8347-X;8347
09032022-017702;202225690003-Celso Maldaner;80912140000175;MUNICIPIO DE SANTA HELENA;2569;Celso Maldaner;500000.0;;2022OB800883, 2023OB800686;Caixa Econômica Federal;104;702-1;702;576123114-6;576123114
09032022-018197;202228550020-Pedro Uczai;80912140000175;MUNICIPIO DE SANTA HELENA;2855;Pedro Uczai;200000.0;;2022OB801248;Caixa Econômica Federal;104;702-1;702;576123114-6;576123114
09032023-033057;202328550022-Pedro Uczai;80912140000175;MUNICIPIO DE SANTA HELENA;2855;Pedro Uczai;250000.0;;2023OB805655;Caixa Econômica Federal;104;702-1;702;576123115-4;576123115
09032023-036989;202339290002-Carlos Chiodini;80912140000175;MUNICIPIO DE SANTA HELENA;3929;Carlos Chiodini;250000.0;;2023OB813630;Caixa Econômica Federal;104;702-1;702;576123115-4;576123115
09032024-068763;202442510012-Ivete da Silveira;80912140000175;MUNICIPIO DE SANTA HELENA;4251;Ivete da Silveira;150000.0;;2024OB003520;Caixa Econômica Federal;104;702-1;702;576123119-7;576123119
09032024-069174;202428550022-Pedro Uczai;80912140000175;MUNICIPIO DE SANTA HELENA;2855;Pedro Uczai;250000.0;;2024OB001128;Caixa Econômica Federal;104;702-1;702;576123116-2;576123116
09032024-068646;202442510013-Ivete da Silveira;80912140000175;MUNICIPIO DE SANTA HELENA;4251;Ivete da Silveira;150000.0;;2024OB010044;Caixa Econômica Federal;104;702-1;702;576123117-0;576123117
09032025-081773;202522100013-ESPERIDIÃO AMIN;80912140000175;MUNICIPIO DE SANTA HELENA;2210;Esperidião Amin;396000.0;Revitalização, Construção De Calçadas E Passeios Públicos: Acessibilidade De Calçadas E  Passeios Públicos - Revitalização, Construção De Calçadas E Passeios Públicos: Acessibilidade De Calçadas E  Passeios Públicos;2025OB005254;Caixa Econômica Federal;104;702-1;702;574024384-6;574024384
09032021-010971;202132350006-Geovania De Sá;83026138000197;MUNICIPIO DE DESCANSO;3235;Geovania De Sá;100000.0;;2021OB800869;Banco do Brasil;001;1385-4;1385;17720-2;17720
09032023-033080;202328550022-Pedro Uczai;83026138000197;MUNICIPIO DE DESCANSO;2855;Pedro Uczai;250000.0;;2023OB808517;Banco do Brasil;001;1385-4;1385;18702-X;18702
09032022-014139;202232350003-Geovania De Sá;83026138000197;MUNICIPIO DE DESCANSO;3235;Geovania De Sá;150000.0;;2022OB801794;Banco do Brasil;001;1385-4;1385;18096-3;18096
09032023-031257;202332350003-Geovania De Sá;83026138000197;MUNICIPIO DE DESCANSO;3235;Geovania De Sá;100000.0;;2023OB808512;Banco do Brasil;001;1385-4;1385;18702-X;18702
09032023-039021;202342510010-Ivete da Silveira;83026138000197;MUNICIPIO DE DESCANSO;4251;Ivete da Silveira;300000.0;;2023OB811500;Banco do Brasil;001;1385-4;1385;18702-X;18702
09032023-037066;202339320001-Caroline de Toni;83026138000197;MUNICIPIO DE DESCANSO;3932;Caroline de Toni;100000.0;;2023OB808522, 2023OB810521;Banco do Brasil;001;1385-4;1385;18702-X;18702
09032024-069092;202422100016-Esperidião Amin;83026138000197;MUNICIPIO DE DESCANSO;2210;Esperidião Amin;200000.0;;2024OB006402;Banco do Brasil;001;1385-4;1385;19174-4;19174
09032024-073887;202442090002-Jorge Goetten;83026138000197;MUNICIPIO DE DESCANSO;4209;Jorge Goetten;400000.0;;2024OB003486;Banco do Brasil;001;1385-4;1385;19175-2;19175
09032024-074013;202442730001-Jorge Seif;83026138000197;MUNICIPIO DE DESCANSO;4273;Jorge Seif;100000.0;;2024OB010241;Banco do Brasil;001;1385-4;1385;19176-0;19176
09032024-074476;202443390001-Daniela Reinehr;83026138000197;MUNICIPIO DE DESCANSO;4339;Daniela Reinehr;200000.0;;2024OB004274;Banco do Brasil;001;1385-4;1385;19177-9;19177
09032025-081560;202528550023-PEDRO UCZAI;83026138000197;MUNICIPIO DE DESCANSO;2855;Pedro Uczai;396000.0;Pavimentação - Pavimentação;;Caixa Econômica Federal;104;702-1;702;;
09032025-2-087712;202528550023-PEDRO UCZAI;83026138000197;MUNICIPIO DE DESCANSO;2855;Pedro Uczai;396000.0;Pavimentação De Estradas Vicinais - Pavimentação De Estradas Vicinais;2025OB007671;Caixa Econômica Federal;104;702-1;702;573650336-7;573650336
09032025-081159;202543920009-ISMAEL;83026138000197;MUNICIPIO DE DESCANSO;4392;Ismael;297000.0;Objeto Único Não Padronizado – Demais - Ministério da Agricultura e Pecuária (Mapa) - UO 22101 - Aquisição de um caminhão Plataforma - Ação 20zv;;Caixa Econômica Federal;104;702-1;702;;
09032025-079222;202544480001-PEZENTI;83026138000197;MUNICIPIO DE DESCANSO;4448;Pezenti;297000.0;Objeto Único Não Padronizado – Demais - Caminhão chassi - 22000 - Ministério da Agricultura, Pecuária e Abastecimento.;;Caixa Econômica Federal;104;702-1;702;;
09032025-2-086818;202544480001-PEZENTI;83026138000197;MUNICIPIO DE DESCANSO;4448;Pezenti;297000.0;Objeto Único Não Padronizado – Demais - Caminhão chassi - 22000 - Ministério da Agricultura, Pecuária e Abastecimento.;2025OB009640;Caixa Econômica Federal;104;702-1;702;573443128-8;573443128
09032025-2-086993;202543920009-ISMAEL;83026138000197;MUNICIPIO DE DESCANSO;4392;Ismael;297000.0;Objeto Único Não Padronizado – Demais - Ministério da Agricultura e Pecuária (Mapa) - UO 22101 - Aquisição de um caminhão Plataforma - Ação 20zv;2025OB008907;Caixa Econômica Federal;104;702-1;702;573395348-5;573395348
09032026-094109;202644480001-PEZENTI;83026138000197;MUNICIPIO DE DESCANSO;4448;Pezenti;398000.0;Pavimentação Urbana - Ministério das Cidades - Pavimentação Urbana - Ministério das Cidades;2026OB003400;Caixa Econômica Federal;104;702-1;702;569446603-5;569446603
09032026-095807;202639320001-CAROLINE DE TONI;83026138000197;MUNICIPIO DE DESCANSO;3932;Caroline de Toni;248750.0;Aquisição de Máquinas e Equipamentos (GND 4) - Ministério da Agricultura e Pecuária - Aquisição de Máquinas e Equipamentos (GND 4) - Ministério da Agricultura e Pecuária;;Caixa Econômica Federal;104;702-1;702;568927554-5;568927554
0903-003502;202032350006-Geovania De Sá;78493343000122;MUNICIPIO DE CELSO RAMOS;3235;Geovania De Sá;200000.0;;2020OB801083;Banco do Brasil;001;5434-8;5434;6386-X;6386
09032021-013418;202141850007-Jorginho Mello;78493343000122;MUNICIPIO DE CELSO RAMOS;4185;Jorginho Mello;200000.0;;2021OB801931;Banco do Brasil;001;685-8;685;44048-5;44048
09032023-031254;202332350003-Geovania De Sá;78493343000122;MUNICIPIO DE CELSO RAMOS;3235;Geovania De Sá;250000.0;;2023OB808092;Banco do Brasil;001;685-8;685;47823-7;47823
09032023-032868;202329250001-Carmen Zanotto;78493343000122;MUNICIPIO DE CELSO RAMOS;2925;Carmen Zanotto;300000.0;;2023OB808090;Banco do Brasil;001;685-8;685;47823-7;47823
09032023-039011;202342510010-Ivete da Silveira;78493343000122;MUNICIPIO DE CELSO RAMOS;4251;Ivete da Silveira;400000.0;;2023OB814981;Banco do Brasil;001;685-8;685;47823-7;47823
09032024-067049;202429250006-Carmen Zanotto;78493343000122;MUNICIPIO DE CELSO RAMOS;2925;Carmen Zanotto;450000.0;;2024OB001362, 2024OB007334;Banco do Brasil;001;685-8;685;49557-3;49557
09032021-012121;202139530003-Darci de Matos;78493343000122;MUNICIPIO DE CELSO RAMOS;3953;Darci de Matos;200000.0;;2021OB801334;Banco do Brasil;001;685-8;685;44048-5;44048
09032022-015108;202229250013-Carmen Zanotto;78493343000122;MUNICIPIO DE CELSO RAMOS;2925;Carmen Zanotto;130000.0;;2022OB801454;Banco do Brasil;001;685-8;685;45519-9;45519
09032024-073873;202442090002-Jorge Goetten;78493343000122;MUNICIPIO DE CELSO RAMOS;4209;Jorge Goetten;625585.0;;2024OB003477;Caixa Econômica Federal;104;851-6;851;575998198-2;575998198
09032025-083404;202539800001-FABIO SCHIOCHET;78493343000122;MUNICIPIO DE CELSO RAMOS;3980;Fabio Schiochet;198000.0;Retroescavadeira - Retroescavadeira - Infraestrutura Produtiva;2025OB001285;Banco do Brasil;001;685-8;685;53177-4;53177
09032026-095948;202639800001-FABIO SCHIOCHET;78493343000122;MUNICIPIO DE CELSO RAMOS;3980;Fabio Schiochet;497500.0;Pavimentação De Estradas Vicinais - Ministério da Integração e do Desenvolvimento Regional - Pavimentação De Estradas Vicinais - Ministério da Integração e do Desenvolvimento Regional;2026OB004940;Banco do Brasil;001;685-8;685;54973-8;54973
09032023-031267;202332350003-Geovania De Sá;95990115000187;NOVO HORIZONTE;3235;Geovania De Sá;150000.0;;2023OB809961;Caixa Econômica Federal;104;1884-8;1884;575858586-2;575858586
09032023-033086;202328550022-Pedro Uczai;95990115000187;NOVO HORIZONTE;2855;Pedro Uczai;300000.0;;2023OB807331;Caixa Econômica Federal;104;1884-8;1884;575858586-2;575858586
09032024-072875;202439320001-Caroline de Toni;95990115000187;NOVO HORIZONTE;3932;Caroline de Toni;100000.0;;2024OB008500;Caixa Econômica Federal;104;1884-8;1884;575858605-2;575858605
09032026-096798;202642510003-IVETE DA SILVEIRA;95990115000187;NOVO HORIZONTE;4251;Ivete da Silveira;398000.0;Objeto Único Não Padronizado – Obras e Serviços de Engenharia - Construção da Segunda Etapa do Centro Múltiplo uso da Linha Matão;;Caixa Econômica Federal;104;1884-8;1884;569002359-7;569002359
09032026-094610;202622100012-ESPERIDIÃO AMIN;95990115000187;NOVO HORIZONTE;2210;Esperidião Amin;398000.0;Ampliação de Escola (Capital) - Fundo Nacional de Desenvolvimento da Educação - Ampliação de Escola (Capital) - Fundo Nacional de Desenvolvimento da Educação;2026OB003981;Caixa Econômica Federal;104;1884-8;1884;569128383-5;569128383
0903-003816;202025690009-Celso Maldaner;79373775000162;MUNICIPIO DE DOUTOR PEDRINHO;2569;Celso Maldaner;150000.0;;2020OB801095;Banco do Brasil;001;5441-0;5441;7130-7;7130
09032023-034409;202322100001-Esperidião Amin;79373775000162;MUNICIPIO DE DOUTOR PEDRINHO;2210;Esperidião Amin;300000.0;;2023OB808331;Banco do Brasil;001;5441-0;5441;7709-7;7709
09032021-009654;202122100006-Esperidião Amin;79373775000162;MUNICIPIO DE DOUTOR PEDRINHO;2210;Esperidião Amin;200000.0;;2021OB800308;Banco do Brasil;001;5441-0;5441;7285-0;7285
09032023-034167;202318800004-Angela Amin;79373775000162;MUNICIPIO DE DOUTOR PEDRINHO;1880;Angela Amin;200000.0;;2023OB807045;Banco do Brasil;001;5441-0;5441;7709-7;7709
09032022-017142;202218800004-Angela Amin;79373775000162;MUNICIPIO DE DOUTOR PEDRINHO;1880;Angela Amin;250000.0;;2022OB800490;Banco do Brasil;001;5441-0;5441;7421-7;7421
09032022-017387;202222100001-Esperidião Amin;79373775000162;MUNICIPIO DE DOUTOR PEDRINHO;2210;Esperidião Amin;200000.0;;2022OB800657;Banco do Brasil;001;5441-0;5441;7421-7;7421
09032024-073874;202442090002-Jorge Goetten;79373775000162;MUNICIPIO DE DOUTOR PEDRINHO;4209;Jorge Goetten;300000.0;;2024OB009951;Banco do Brasil;001;5441-0;5441;7953-7;7953
09032024-069083;202422100016-Esperidião Amin;79373775000162;MUNICIPIO DE DOUTOR PEDRINHO;2210;Esperidião Amin;500000.0;;2024OB005636;Banco do Brasil;001;5441-0;5441;7954-5;7954
09032024-073989;202442730001-Jorge Seif;79373775000162;MUNICIPIO DE DOUTOR PEDRINHO;4273;Jorge Seif;100000.0;;2024OB010226;Banco do Brasil;001;5441-0;5441;7955-3;7955
09032025-079215;202544480001-PEZENTI;79373775000162;MUNICIPIO DE DOUTOR PEDRINHO;4448;Pezenti;495000.0;Cemitérios E Espaços Públicos Associados Ao Cemitério Como Capela Mortuária - Cemitérios E Espaços Públicos Associados Ao Cemitério Como Capela Mortuária;2025OB004278;Banco do Brasil;001;5441-0;5441;8316-X;8316
09032025-081158;202543920009-ISMAEL;79373775000162;MUNICIPIO DE DOUTOR PEDRINHO;4392;Ismael;396000.0;Cemitérios E Espaços Públicos Associados Ao Cemitério Como Capela Mortuária - Cemitérios E Espaços Públicos Associados Ao Cemitério Como Capela Mortuária;2025OB004147;Banco do Brasil;001;5441-0;5441;8317-8;8317
09032026-096785;202642510003-IVETE DA SILVEIRA;79373775000162;MUNICIPIO DE DOUTOR PEDRINHO;4251;Ivete da Silveira;497500.0;Implementação e Modernização de espaços Culturais  - Ministério da Cultura - Implementação e Modenirzação de espaços Culturais  - Ministério da Cultura;;Banco do Brasil;001;5441-0;5441;8460-3;8460
09032026-094103;202644480001-PEZENTI;79373775000162;MUNICIPIO DE DOUTOR PEDRINHO;4448;Pezenti;497500.0;Aquisição de Máquinas e Equipamentos (GND 4) - Ministério da Agricultura e Pecuária - Aquisição de Máquinas e Equipamentos (GND 4) - Ministério da Agricultura e Pecuária;2026OB005990;Banco do Brasil;001;5441-0;5441;8464-6;8464
09032023-038431;202341290005-Rodrigo Coelho;83102509000172;MAFRA;4129;Rodrigo Coelho;1959039.0;;2023OB811247;Banco do Brasil;001;206-2;206;43274-1;43274
09032024-067065;202429250006-Carmen Zanotto;83102509000172;MAFRA;2925;Carmen Zanotto;100000.0;;2024OB007336;Caixa Econômica Federal;104;878-8;878;575861928-7;575861928
09032024-075095;202444480002-Pezenti;83102509000172;MAFRA;4448;Pezenti;1000000.0;;2024OB004929;Caixa Econômica Federal;104;878-8;878;575861929-5;575861929
09032025-083258;202539320001-CAROLINE DE TONI;83102509000172;MAFRA;3932;Caroline de Toni;396000.0;Pavimentação - Pavimentação;2025OB001180;Caixa Econômica Federal;104;878-8;878;574793551-4;574793551
09032025-083198;202539290001-CARLOS CHIODINI;83102509000172;MAFRA;3929;Carlos Chiodini;990000.0;Motoniveladora - Motoniveladora - Infraestrutura Produtiva;2025OB001158;Caixa Econômica Federal;104;878-8;878;574824057-9;574824057
09032026-089639;202632350004-GEOVANIA DE SÁ;83102509000172;MAFRA;3235;Geovania De Sá;497500.0;Pavimentação Urbana - Ministério das Cidades - Pavimentação Urbana - Ministério das Cidades;;Caixa Econômica Federal;104;878-8;878;569372404-9;569372404
09032022-020040;202239490001-Daniel Freitas;82926536000105;MUNICIPIO DE SAO LUDGERO;3949;Daniel Freitas;500000.0;;2023OB802786;Caixa Econômica Federal;104;3850-4;3850;575855351-0;575855351
09032023-037009;202339290002-Carlos Chiodini;82926536000105;MUNICIPIO DE SAO LUDGERO;3929;Carlos Chiodini;450000.0;;2023OB810493;Caixa Econômica Federal;104;3850-4;3850;575855352-9;575855352
09032023-2-041699;202342510010-Ivete da Silveira;82926536000105;MUNICIPIO DE SAO LUDGERO;4251;Ivete da Silveira;200000.0;;2023OB815937;Caixa Econômica Federal;104;3850-4;3850;575855352-9;575855352
09032024-068719;202442510013-Ivete da Silveira;82926536000105;MUNICIPIO DE SAO LUDGERO;4251;Ivete da Silveira;75000.0;;2024OB010046;Caixa Econômica Federal;104;3850-4;3850;575855355-3;575855355
09032024-068836;202442510012-Ivete da Silveira;82926536000105;MUNICIPIO DE SAO LUDGERO;4251;Ivete da Silveira;75000.0;;2024OB003551;Caixa Econômica Federal;104;3850-4;3850;575855353-7;575855353
09032024-073897;202442090002-Jorge Goetten;82926536000105;MUNICIPIO DE SAO LUDGERO;4209;Jorge Goetten;300000.0;;2024OB009926;Caixa Econômica Federal;104;3850-4;3850;575855356-1;575855356
09032024-074035;202442730001-Jorge Seif;82926536000105;MUNICIPIO DE SAO LUDGERO;4273;Jorge Seif;200000.0;;2024OB003755;Caixa Econômica Federal;104;3850-4;3850;575855354-5;575855354
09032026-095968;202639800001-FABIO SCHIOCHET;82926536000105;MUNICIPIO DE SAO LUDGERO;3980;Fabio Schiochet;497500.0;Construção, Reforma Ou Ampliação De Infraestrutura Esportiva  - Ministério do Esporte - Construção, Reforma Ou Ampliação De Infraestrutura Esportiva  - Ministério do Esporte;2026OB001599;Caixa Econômica Federal;104;3850-4;3850;569487336-6;569487336
09032025-080759;202544010010-JULIA ZANATTA;82926536000105;MUNICIPIO DE SAO LUDGERO;4401;Julia Zanatta;495000.0;Pavimentação De Estradas Vicinais - Pavimentação De Estradas Vicinais;2025OB002414;Caixa Econômica Federal;104;3850-4;3850;574727254-0;574727254
09032026-093928;202642090003-JORGE GOETTEN;82926536000105;MUNICIPIO DE SAO LUDGERO;4209;Jorge Goetten;398000.0;Pavimentação Urbana - Ministério das Cidades - Pavimentação Urbana - Ministério das Cidades;2026OB002391;Caixa Econômica Federal;104;3850-4;3850;569487337-4;569487337
09032026-091800;202644010005-JULIA ZANATTA;82926536000105;MUNICIPIO DE SAO LUDGERO;4401;Julia Zanatta;497500.0;Estradas Vicinais e Obras (GND 3/4) - Ministério da Agricultura e Pecuária - Estradas Vicinais e Obras (GND 3/4) - Ministério da Agricultura e Pecuária;;Caixa Econômica Federal;104;3850-4;3850;568761578-0;568761578
09032025-080645;202542510003-IVETE DA SILVEIRA;82926536000105;MUNICIPIO DE SAO LUDGERO;4251;Ivete da Silveira;237317.85;Aquisição De Equipamentos/Material Permanente - Aquisição De Equipamentos/Material Permanente;;Caixa Econômica Federal;104;3850-4;3850;;
09032025-2-087461;202542510003-IVETE DA SILVEIRA;82926536000105;MUNICIPIO DE SAO LUDGERO;4251;Ivete da Silveira;237317.85;Aquisição De Equipamentos/Material Permanente - Aquisição De Equipamentos/Material Permanente;;;;;;;
09032021-011500;202137860003-Dário Berger;82777236000101;MUNICIPIO DE PONTE SERRADA;3786;Dário Berger;100000.0;;2021OB801113;Banco do Brasil;001;2479-1;2479;16621-9;16621
09032021-010963;202132350006-Geovania De Sá;82777236000101;MUNICIPIO DE PONTE SERRADA;3235;Geovania De Sá;250000.0;;2021OB800842;Banco do Brasil;001;2479-1;2479;16621-9;16621
09032021-011962;202139320005-Caroline de Toni;82777236000101;MUNICIPIO DE PONTE SERRADA;3932;Caroline de Toni;350000.0;;2021OB801250;Banco do Brasil;001;2479-1;2479;16621-9;16621
0903-003277;202025690009-Celso Maldaner;82777236000101;MUNICIPIO DE PONTE SERRADA;2569;Celso Maldaner;200000.0;;2020OB801147;Banco do Brasil;001;2479-1;2479;15938-7;15938
09032022-017705;202225690003-Celso Maldaner;82777236000101;MUNICIPIO DE PONTE SERRADA;2569;Celso Maldaner;500000.0;;2022OB800893;Banco do Brasil;001;2479-1;2479;17344-4;17344
09032023-031246;202332350003-Geovania De Sá;82777236000101;MUNICIPIO DE PONTE SERRADA;3235;Geovania De Sá;300000.0;;2023OB812885;Banco do Brasil;001;2479-1;2479;18370-9;18370
09032021-009937;202125690003-Celso Maldaner;82777236000101;MUNICIPIO DE PONTE SERRADA;2569;Celso Maldaner;500000.0;;2021OB800418;Banco do Brasil;001;2479-1;2479;16621-9;16621
09032023-037049;202339320001-Caroline de Toni;82777236000101;MUNICIPIO DE PONTE SERRADA;3932;Caroline de Toni;200000.0;;2023OB810546;Banco do Brasil;001;2479-1;2479;18370-9;18370
09032024-073978;202442730001-Jorge Seif;82777236000101;MUNICIPIO DE PONTE SERRADA;4273;Jorge Seif;100000.0;;2024OB010231;Banco do Brasil;001;2479-1;2479;18978-2;18978
09032024-072825;202439320001-Caroline de Toni;82777236000101;MUNICIPIO DE PONTE SERRADA;3932;Caroline de Toni;150000.0;;2024OB008476;Banco do Brasil;001;2479-1;2479;18970-7;18970
09032025-084315;202542730001-JORGE SEIF;82777236000101;MUNICIPIO DE PONTE SERRADA;4273;Jorge Seif;396000.0;Pavimentação - Pavimentação;2025OB002020;Banco do Brasil;001;2479-1;2479;20308-4;20308
09032025-083222;202539320001-CAROLINE DE TONI;82777236000101;MUNICIPIO DE PONTE SERRADA;3932;Caroline de Toni;495000.0;Pá-Carregadeira - Pá-Carregadeira - Infraestrutura Produtiva;2025OB001179;Banco do Brasil;001;2479-1;2479;20307-6;20307
09032025-081781;202522100013-ESPERIDIÃO AMIN;82777236000101;MUNICIPIO DE PONTE SERRADA;2210;Esperidião Amin;396000.0;Pavimentação: Adequação De Vias - Pavimentação: Adequação De Vias;2025OB000241;Banco do Brasil;001;2479-1;2479;20304-1;20304
09032025-084737;202543390010-DANIELA REINEHR;82777236000101;MUNICIPIO DE PONTE SERRADA;4339;Daniela Reinehr;396000.0;Pavimentação - Pavimentação;2025OB002239;Banco do Brasil;001;2479-1;2479;20311-4;20311
09032025-084666;202543250005-COBALCHINI;82777236000101;MUNICIPIO DE PONTE SERRADA;4325;Cobalchini;396000.0;Pavimentação - Pavimentação;2025OB002192;Banco do Brasil;001;2479-1;2479;20309-2;20309
09032026-094577;202622100012-ESPERIDIÃO AMIN;82777236000101;MUNICIPIO DE PONTE SERRADA;2210;Esperidião Amin;398000.0;Pavimentação Urbana - Ministério das Cidades - Pavimentação Urbana - Ministério das Cidades;2026OB000183;Banco do Brasil;001;2479-1;2479;20844-2;20844
09032026-097333;202643390009-DANIELA REINEHR;82777236000101;MUNICIPIO DE PONTE SERRADA;4339;Daniela Reinehr;497500.0;Pavimentação Urbana - Ministério das Cidades - Pavimentação Urbana - Ministério das Cidades;2026OB005689;Banco do Brasil;001;2479-1;2479;20885-X;20885
0903-003440;202028560001-Rogério Peninha Mendonça;01613120000127;MUNICIPIO DE CHAPADAO DO LAGEADO;2856;Rogério Peninha Mendonça;300000.0;;2020OB800250;Caixa Econômica Federal;104;1102-9;1102;575860848-0;575860848
09032021-009646;202122100006-Esperidião Amin;01613120000127;MUNICIPIO DE CHAPADAO DO LAGEADO;2210;Esperidião Amin;200000.0;;2021OB802608;Caixa Econômica Federal;104;1102-9;1102;575860849-8;575860849
09032022-017130;202218800004-Angela Amin;01613120000127;MUNICIPIO DE CHAPADAO DO LAGEADO;1880;Angela Amin;300000.0;;2023OB800277;Caixa Econômica Federal;104;1102-9;1102;575860851-0;575860851
09032022-021027;202240620006-Ricardo Guidi;01613120000127;MUNICIPIO DE CHAPADAO DO LAGEADO;4062;Ricardo Guidi;200000.0;;2023OB804311;Caixa Econômica Federal;104;1102-9;1102;575860851-0;575860851
09032024-073500;202440620002-Ricardo Guidi;01613120000127;MUNICIPIO DE CHAPADAO DO LAGEADO;4062;Ricardo Guidi;200000.0;;2024OB002880;Banco do Brasil;001;1389-7;1389;32753-0;32753
09032024-075052;202444480002-Pezenti;01613120000127;MUNICIPIO DE CHAPADAO DO LAGEADO;4448;Pezenti;285792.0;;2024OB012028;Banco do Brasil;001;1389-7;1389;32760-3;32760
09032025-083868;202540620003-RICARDO GUIDI;01613120000127;MUNICIPIO DE CHAPADAO DO LAGEADO;4062;Ricardo Guidi;396000.0;Pavimentação: Adequação De Vias - Pavimentação: Adequação De Vias;2025OB001501;Caixa Econômica Federal;104;1102-9;1102;574793423-2;574793423
09032025-083173;202539290001-CARLOS CHIODINI;01613120000127;MUNICIPIO DE CHAPADAO DO LAGEADO;3929;Carlos Chiodini;396000.0;Pavimentação De Estradas Vicinais - Pavimentação De Estradas Vicinais;;Caixa Econômica Federal;104;1102-9;1102;;
09032025-079184;202544480001-PEZENTI;01613120000127;MUNICIPIO DE CHAPADAO DO LAGEADO;4448;Pezenti;495000.0;Objeto Único Não Padronizado – Demais - Manutenção de estradas vicinais - 22000 - Ministério da Agricultura, Pecuária e Abastecimento.;;Caixa Econômica Federal;104;1102-9;1102;;
09032025-2-086799;202544480001-PEZENTI;01613120000127;MUNICIPIO DE CHAPADAO DO LAGEADO;4448;Pezenti;495000.0;Estradas Vicinais e Obras (GND 3/4) - Estradas Vicinais e Obras;2025OB009014;Banco do Brasil;001;1389-7;1389;34506-7;34506
09032025-2-087974;202539290001-CARLOS CHIODINI;01613120000127;MUNICIPIO DE CHAPADAO DO LAGEADO;3929;Carlos Chiodini;396000.0;Pavimentação De Estradas Vicinais - Pavimentação De Estradas Vicinais;2025OB008114;Banco do Brasil;001;1389-7;1389;34501-6;34501
09032026-094078;202644480001-PEZENTI;01613120000127;MUNICIPIO DE CHAPADAO DO LAGEADO;4448;Pezenti;497500.0;Ampliação De Unidade Básica De Saúde - Ministério da Saúde - Ampliação De Unidade Básica De Saúde - Ministério da Saúde;2026OB005983;Banco do Brasil;001;1389-7;1389;34952-6;34952
0903-004472;202022100018-Esperidião Amin;82925025000160;MUNICIPIO DE NOVA TRENTO;2210;Esperidião Amin;150000.0;;2020OB801213;Banco do Brasil;001;2356-6;2356;22208-9;22208
09032021-010437;202128560001-Rogério Peninha Mendonça;82925025000160;MUNICIPIO DE NOVA TRENTO;2856;Rogério Peninha Mendonça;300000.0;;2021OB800679;Banco do Brasil;001;2356-6;2356;22788-9;22788
09032021-011499;202137860003-Dário Berger;82925025000160;MUNICIPIO DE NOVA TRENTO;3786;Dário Berger;300000.0;;2021OB801109;Banco do Brasil;001;2356-6;2356;22788-9;22788
09032022-016119;202237860003-Dário Berger;82925025000160;MUNICIPIO DE NOVA TRENTO;3786;Dário Berger;250000.0;;2022OB802269;Banco do Brasil;001;2356-6;2356;23254-8;23254
09032023-034393;202322100001-Esperidião Amin;82925025000160;MUNICIPIO DE NOVA TRENTO;2210;Esperidião Amin;200000.0;;2023OB809282;Banco do Brasil;001;2356-6;2356;23907-0;23907
09032022-018216;202228560001-Rogério Peninha Mendonça;82925025000160;MUNICIPIO DE NOVA TRENTO;2856;Rogério Peninha Mendonça;300000.0;;2023OB801116;Banco do Brasil;001;2356-6;2356;23254-8;23254
09032022-020235;202239800001-Fabio Schiochet;82925025000160;MUNICIPIO DE NOVA TRENTO;3980;Fabio Schiochet;400000.0;;2023OB802987;Banco do Brasil;001;2356-6;2356;23254-8;23254
09032023-034157;202318800004-Angela Amin;82925025000160;MUNICIPIO DE NOVA TRENTO;1880;Angela Amin;300000.0;;2023OB809123;Banco do Brasil;001;2356-6;2356;23907-0;23907
09032023-037631;202340150002-Hélio Costa;82925025000160;MUNICIPIO DE NOVA TRENTO;4015;Hélio Costa;1500000.0;;2023OB810803, 2023OB813963;Banco do Brasil;001;2356-6;2356;23907-0;23907
09032024-069074;202422100016-Esperidião Amin;82925025000160;MUNICIPIO DE NOVA TRENTO;2210;Esperidião Amin;250000.0;;2024OB006413;Caixa Econômica Federal;104;3533-5;3533;575995844-1;575995844
09032024-073972;202442730001-Jorge Seif;82925025000160;MUNICIPIO DE NOVA TRENTO;4273;Jorge Seif;100000.0;;2024OB010249;Caixa Econômica Federal;104;3533-5;3533;575995845-0;575995845
09032024-074453;202443390001-Daniela Reinehr;82925025000160;MUNICIPIO DE NOVA TRENTO;4339;Daniela Reinehr;125792.0;;2024OB010907;Caixa Econômica Federal;104;3533-5;3533;575856807-0;575856807
09032024-074763;202444010011-Julia Zanatta;82925025000160;MUNICIPIO DE NOVA TRENTO;4401;Julia Zanatta;2000000.0;;2024OB004631;Caixa Econômica Federal;104;3533-5;3533;575995846-8;575995846
09032024-075068;202444480002-Pezenti;82925025000160;MUNICIPIO DE NOVA TRENTO;4448;Pezenti;300000.0;;2024OB012014;Caixa Econômica Federal;104;3533-5;3533;575995847-6;575995847
09032025-075731;202542730002-JORGE SEIF;82925025000160;MUNICIPIO DE NOVA TRENTO;4273;Jorge Seif;346500.0;Custeio Da Média E Alta Complexidade (Mac) - Custeio Da Média E Alta Complexidade (Mac);2025OB006625;Banco do Brasil;001;2356-6;2356;25409-6;25409
09032025-085070;202544010009-JULIA ZANATTA;82925025000160;MUNICIPIO DE NOVA TRENTO;4401;Julia Zanatta;1980000.0;Pavimentação - Pavimentação;2025OB002406;Banco do Brasil;001;2356-6;2356;25298-0;25298
09032026-094096;202644480001-PEZENTI;82925025000160;MUNICIPIO DE NOVA TRENTO;4448;Pezenti;398000.0;Revitalização, Construção De Calçadas E Passeios Públicos: Calçadões - Ministério das Cidades - Revitalização, Construção De Calçadas E Passeios Públicos: Calçadões - Ministério das Cidades;2026OB003408;Banco do Brasil;001;2356-6;2356;25827-X;25827
09032026-095941;202639800001-FABIO SCHIOCHET;82925025000160;MUNICIPIO DE NOVA TRENTO;3980;Fabio Schiochet;497500.0;Escavadeira Hidráulica - Infraestrutura Produtiva  - Ministério da Integração e do Desenvolvimento Regional - Escavadeira Hidráulica - Infraestrutura Produtiva  - Ministério da Integração e do Desenvolvimento Regional;2026OB001601;Banco do Brasil;001;2356-6;2356;25865-2;25865
09032021-010444;202128560001-Rogério Peninha Mendonça;83102293000145;MUNICIPIO DE CAMBORIU;2856;Rogério Peninha Mendonça;300000.0;;2021OB800693;Caixa Econômica Federal;104;3523-8;3523;575856761-9;575856761
09032022-017718;202225690003-Celso Maldaner;83102293000145;MUNICIPIO DE CAMBORIU;2569;Celso Maldaner;100000.0;;2022OB800888;Banco do Brasil;001;1707-8;1707;34921-6;34921
09032022-018231;202228560001-Rogério Peninha Mendonça;83102293000145;MUNICIPIO DE CAMBORIU;2856;Rogério Peninha Mendonça;100000.0;;2022OB801274;Banco do Brasil;001;1707-8;1707;34921-6;34921
09032022-021844;202241850010-Jorginho Mello;83102293000145;MUNICIPIO DE CAMBORIU;4185;Jorginho Mello;100000.0;;2022OB804092;Banco do Brasil;001;1707-8;1707;34921-6;34921
09032023-034171;202318800004-Angela Amin;83102293000145;MUNICIPIO DE CAMBORIU;1880;Angela Amin;300000.0;;2023OB807679;Banco do Brasil;001;1707-8;1707;38006-7;38006
09032023-035158;202328560003-Rogério Peninha Mendonça;83102293000145;MUNICIPIO DE CAMBORIU;2856;Rogério Peninha Mendonça;488762.0;;2023OB807683;Banco do Brasil;001;1707-8;1707;38006-7;38006
09032023-037001;202339290002-Carlos Chiodini;83102293000145;MUNICIPIO DE CAMBORIU;3929;Carlos Chiodini;500000.0;;2023OB807689;Banco do Brasil;001;1707-8;1707;38006-7;38006
09032023-2-041955;202328560003-Rogério Peninha Mendonça;83102293000145;MUNICIPIO DE CAMBORIU;2856;Rogério Peninha Mendonça;4814980.0;;2023OB815264;Banco do Brasil;001;1707-8;1707;38006-7;38006
09032024-072773;202439290001-Carlos Chiodini;83102293000145;MUNICIPIO DE CAMBORIU;3929;Carlos Chiodini;500000.0;;2024OB008443;Banco do Brasil;001;1707-8;1707;40100-5;40100
09032024-072845;202439320001-Caroline de Toni;83102293000145;MUNICIPIO DE CAMBORIU;3932;Caroline de Toni;600000.0;;2024OB002346;Banco do Brasil;001;1707-8;1707;40099-8;40099
09032024-075086;202444480002-Pezenti;83102293000145;MUNICIPIO DE CAMBORIU;4448;Pezenti;500000.0;;2024OB012013;Banco do Brasil;001;1707-8;1707;40101-3;40101
09032025-079221;202544480001-PEZENTI;83102293000145;MUNICIPIO DE CAMBORIU;4448;Pezenti;297000.0;Aquisição De Veículo - Aquisição De Veículo;2025OB004282;Caixa Econômica Federal;104;3523-8;3523;574600856-3;574600856
09032025-080752;202544010010-JULIA ZANATTA;83102293000145;MUNICIPIO DE CAMBORIU;4401;Julia Zanatta;693000.0;Construção, Reforma Ou Ampliação De Infraestrutura Esportiva - Construção, Reforma Ou Ampliação De Infraestrutura Esportiva;2025OB004157;Caixa Econômica Federal;104;3523-8;3523;574600855-5;574600855
09032025-080474;202590550002-GILSON MARQUES;83102293000145;MUNICIPIO DE CAMBORIU;9055;Gilson Marques;247500.0;Adquirir Material Esportivo (Custeio) - Adquirir Material Esportivo (Custeio);;Caixa Econômica Federal;104;3523-8;3523;574600857-1;574600857
09032025-2-086838;202590550002-GILSON MARQUES;83102293000145;MUNICIPIO DE CAMBORIU;9055;Gilson Marques;247500.0;Adquirir Material Esportivo (Custeio) - Adquirir Material Esportivo (Custeio);2025OB009183;Caixa Econômica Federal;104;3523-8;3523;573478188-2;573478188
09032026-094205;202643920005-ISMAEL;83102293000145;MUNICIPIO DE CAMBORIU;4392;Ismael;995000.0;Infraestrutura Turística - Ministério do Turismo - Infraestrutura Turística - Ministério do Turismo;2026OB005821;Caixa Econômica Federal;104;3523-8;3523;569339493-6;569339493
09032023-033085;202328550022-Pedro Uczai;83074310000188;MUNICIPIO DE LEBON REGIS;2855;Pedro Uczai;347717.0;;2023OB805679, 2023OB805680;Caixa Econômica Federal;104;1791-4;1791;575996037-3;575996037
09032022-021859;202241850010-Jorginho Mello;83074310000188;MUNICIPIO DE LEBON REGIS;4185;Jorginho Mello;100000.0;;2022OB804115;Banco do Brasil;001;2837-1;2837;17256-1;17256
09032023-037079;202339320001-Caroline de Toni;83074310000188;MUNICIPIO DE LEBON REGIS;3932;Caroline de Toni;200000.0;;2023OB813638;Caixa Econômica Federal;104;1791-4;1791;575996037-3;575996037
09032023-039037;202342510010-Ivete da Silveira;83074310000188;MUNICIPIO DE LEBON REGIS;4251;Ivete da Silveira;300000.0;;2023OB811498;Caixa Econômica Federal;104;1791-4;1791;575996037-3;575996037
09032024-074037;202442730001-Jorge Seif;83074310000188;MUNICIPIO DE LEBON REGIS;4273;Jorge Seif;100000.0;;2024OB010247;Caixa Econômica Federal;104;1791-4;1791;575996042-0;575996042
09032025-081812;202522100013-ESPERIDIÃO AMIN;83074310000188;MUNICIPIO DE LEBON REGIS;2210;Esperidião Amin;396000.0;Pavimentação: Adequação De Vias - Pavimentação: Adequação De Vias;2025OB000245;Caixa Econômica Federal;104;1791-4;1791;574644905-5;574644905
09032025-083413;202539800001-FABIO SCHIOCHET;83074310000188;MUNICIPIO DE LEBON REGIS;3980;Fabio Schiochet;396000.0;Construção, Reforma Ou Ampliação De Infraestrutura Esportiva - Construção, Reforma Ou Ampliação De Infraestrutura Esportiva;2025OB003490;Caixa Econômica Federal;104;1791-4;1791;574600853-9;574600853
09032026-094608;202622100012-ESPERIDIÃO AMIN;83074310000188;MUNICIPIO DE LEBON REGIS;2210;Esperidião Amin;398000.0;Caminhão Basculante/Caçamba - Infraestrutura Produtiva  - Ministério da Integração e do Desenvolvimento Regional - Caminhão Basculante/Caçamba - Infraestrutura Produtiva  - Ministério da Integração e do Desenvolvimento Regional;2026OB003982;Caixa Econômica Federal;104;1791-4;1791;569171462-3;569171462
0903-003680;202041850004-Jorginho Mello;01593132000137;MUNICIPIO DE JUPIA;4185;Jorginho Mello;100000.0;;2020OB801716;Caixa Econômica Federal;104;1884-8;1884;575996155-8;575996155
0903-003927;202036910002-João Daniel;01593132000137;MUNICIPIO DE JUPIA;3691;João Daniel;250000.0;;2020OB800136;Caixa Econômica Federal;104;1884-8;1884;575996155-8;575996155
09032021-009930;202125690003-Celso Maldaner;01593132000137;MUNICIPIO DE JUPIA;2569;Celso Maldaner;50000.0;;2021OB800119;Banco do Brasil;001;5413-5;5413;7090-4;7090
09032022-017697;202225690003-Celso Maldaner;01593132000137;MUNICIPIO DE JUPIA;2569;Celso Maldaner;500000.0;;2022OB800884;Banco do Brasil;001;5413-5;5413;7395-4;7395
09032023-033049;202328550022-Pedro Uczai;01593132000137;MUNICIPIO DE JUPIA;2855;Pedro Uczai;150000.0;;2023OB807169;Caixa Econômica Federal;104;1884-8;1884;575996158-2;575996158
09032024-070526;202443250003-Cobalchini;01593132000137;MUNICIPIO DE JUPIA;4325;Cobalchini;250000.0;;2024OB004181;Caixa Econômica Federal;104;1884-8;1884;575996159-0;575996159
09032025-080629;202542510003-IVETE DA SILVEIRA;01593132000137;MUNICIPIO DE JUPIA;4251;Ivete da Silveira;198000.0;Aquisição De Equipamentos/Material Permanente - Aquisição De Equipamentos/Material Permanente;2025OB003857;Caixa Econômica Federal;104;1884-8;1884;574601019-3;574601019
09032026-097227;202643250001-COBALCHINI;01593132000137;MUNICIPIO DE JUPIA;4325;Cobalchini;497500.0;Infraestrutura Turística - Ministério do Turismo - Infraestrutura Turística - Ministério do Turismo;;Caixa Econômica Federal;104;1884-8;1884;;
09032026-095777;202639320001-CAROLINE DE TONI;01593132000137;MUNICIPIO DE JUPIA;3932;Caroline de Toni;199000.0;Aquisição de Máquinas e Equipamentos (GND 4) - Ministério da Agricultura e Pecuária - Aquisição de Máquinas e Equipamentos (GND 4) - Ministério da Agricultura e Pecuária;;Caixa Econômica Federal;104;1884-8;1884;569002199-3;569002199
0903-004650;202022100018-Esperidião Amin;83009886000161;MUNICIPIO DE ABELARDO LUZ;2210;Esperidião Amin;150000.0;;2020OB801248;Caixa Econômica Federal;104;3407-0;3407;575856425-3;575856425
09032021-009934;202125690003-Celso Maldaner;83009886000161;MUNICIPIO DE ABELARDO LUZ;2569;Celso Maldaner;250000.0;;2021OB803809;Caixa Econômica Federal;104;3407-0;3407;575856426-1;575856426
09032022-014114;202232350003-Geovania De Sá;83009886000161;MUNICIPIO DE ABELARDO LUZ;3235;Geovania De Sá;150000.0;;2023OB801644;Caixa Econômica Federal;104;3407-0;3407;575856427-0;575856427
09032022-017703;202225690003-Celso Maldaner;83009886000161;MUNICIPIO DE ABELARDO LUZ;2569;Celso Maldaner;250000.0;;2023OB800689;Caixa Econômica Federal;104;3407-0;3407;575856427-0;575856427
09032022-019860;202239290005-Carlos Chiodini;83009886000161;MUNICIPIO DE ABELARDO LUZ;3929;Carlos Chiodini;500000.0;;2023OB802600;Caixa Econômica Federal;104;3407-0;3407;575856427-0;575856427
09032022-020232;202239800001-Fabio Schiochet;83009886000161;MUNICIPIO DE ABELARDO LUZ;3980;Fabio Schiochet;250000.0;;2023OB802996;Caixa Econômica Federal;104;3407-0;3407;575856427-0;575856427
09032023-033059;202328550022-Pedro Uczai;83009886000161;MUNICIPIO DE ABELARDO LUZ;2855;Pedro Uczai;300000.0;;2023OB809638;Caixa Econômica Federal;104;3407-0;3407;575856428-8;575856428
09032023-037035;202339320001-Caroline de Toni;83009886000161;MUNICIPIO DE ABELARDO LUZ;3932;Caroline de Toni;500000.0;;2023OB808058;Caixa Econômica Federal;104;3407-0;3407;575856428-8;575856428
09032023-034382;202322100001-Esperidião Amin;83009886000161;MUNICIPIO DE ABELARDO LUZ;2210;Esperidião Amin;350000.0;;2023OB811999;Caixa Econômica Federal;104;3407-0;3407;575856428-8;575856428
09032024-068647;202442510013-Ivete da Silveira;83009886000161;MUNICIPIO DE ABELARDO LUZ;4251;Ivete da Silveira;100000.0;;2024OB009962;Caixa Econômica Federal;104;3407-0;3407;575856431-8;575856431
09032024-068764;202442510012-Ivete da Silveira;83009886000161;MUNICIPIO DE ABELARDO LUZ;4251;Ivete da Silveira;100000.0;;2024OB003582;Caixa Econômica Federal;104;3407-0;3407;575856429-6;575856429
09032024-073945;202442730001-Jorge Seif;83009886000161;MUNICIPIO DE ABELARDO LUZ;4273;Jorge Seif;100000.0;;2024OB010239;Caixa Econômica Federal;104;3407-0;3407;575856432-6;575856432
09032024-074435;202443390001-Daniela Reinehr;83009886000161;MUNICIPIO DE ABELARDO LUZ;4339;Daniela Reinehr;300000.0;;2024OB004294;Caixa Econômica Federal;104;3407-0;3407;575856433-4;575856433
09032025-079187;202544480001-PEZENTI;83009886000161;MUNICIPIO DE ABELARDO LUZ;4448;Pezenti;247500.0;Objeto Único Não Padronizado – Demais - Manutenção de estradas vicinais - 22000 - Ministério da Agricultura, Pecuária e Abastecimento.;2025OB005082;Caixa Econômica Federal;104;3407-0;3407;574565999-4;574565999
09032026-097233;202643250001-COBALCHINI;83009886000161;MUNICIPIO DE ABELARDO LUZ;4325;Cobalchini;398000.0;Construção, Reforma Ou Ampliação De Infraestrutura Esportiva  - Ministério do Esporte - Construção, Reforma Ou Ampliação De Infraestrutura Esportiva  - Ministério do Esporte;;Caixa Econômica Federal;104;3407-0;3407;569372393-0;569372393
0903-003226;202022100018-Esperidião Amin;75438655000145;MUNICIPIO DE CORREIA PINTO;2210;Esperidião Amin;200000.0;;2020OB800965;Banco do Brasil;001;5375-9;5375;10210-5;10210
09032021-012119;202139530003-Darci de Matos;75438655000145;MUNICIPIO DE CORREIA PINTO;3953;Darci de Matos;350000.0;;2021OB803425;Caixa Econômica Federal;104;4452-0;4452;575994503-0;575994503
0903-004779;202025690009-Celso Maldaner;75438655000145;MUNICIPIO DE CORREIA PINTO;2569;Celso Maldaner;100000.0;;2020OB800967;Banco do Brasil;001;5375-9;5375;10210-5;10210
09032022-016126;202237860003-Dário Berger;75438655000145;MUNICIPIO DE CORREIA PINTO;3786;Dário Berger;150000.0;;2022OB802263;Banco do Brasil;001;5375-9;5375;11318-2;11318
09032022-016341;202239530001-Darci de Matos;75438655000145;MUNICIPIO DE CORREIA PINTO;3953;Darci de Matos;350000.0;;2022OB802722;Banco do Brasil;001;5375-9;5375;11318-2;11318
09032023-036998;202339290002-Carlos Chiodini;75438655000145;MUNICIPIO DE CORREIA PINTO;3929;Carlos Chiodini;250000.0;;2023OB813591;Caixa Econômica Federal;104;4452-0;4452;575994504-8;575994504
09032024-067046;202429250006-Carmen Zanotto;75438655000145;MUNICIPIO DE CORREIA PINTO;2925;Carmen Zanotto;370000.0;;2024OB001383;Caixa Econômica Federal;104;4452-0;4452;575994508-0;575994508
09032024-068680;202442510013-Ivete da Silveira;75438655000145;MUNICIPIO DE CORREIA PINTO;4251;Ivete da Silveira;50000.0;;2024OB009987;Caixa Econômica Federal;104;4452-0;4452;575994506-4;575994506
09032024-068797;202442510012-Ivete da Silveira;75438655000145;MUNICIPIO DE CORREIA PINTO;4251;Ivete da Silveira;50000.0;;2024OB003514;Caixa Econômica Federal;104;4452-0;4452;575994507-2;575994507
09032024-070540;202443250003-Cobalchini;75438655000145;MUNICIPIO DE CORREIA PINTO;4325;Cobalchini;200000.0;;2024OB004169;Caixa Econômica Federal;104;4452-0;4452;575994505-6;575994505
09032025-083403;202539800001-FABIO SCHIOCHET;75438655000145;MUNICIPIO DE CORREIA PINTO;3980;Fabio Schiochet;198000.0;Objeto Único Não Padronizado – Demais - Objeto Carreta Prancha 02 Eixos para transporte de máquinas - A cargo do Ministério Código 22000 (Ministério da Agricultura e Pecuária);2025OB006118;Caixa Econômica Federal;104;4452-0;4452;574040173-5;574040173
09032025-084742;202543390010-DANIELA REINEHR;75438655000145;MUNICIPIO DE CORREIA PINTO;4339;Daniela Reinehr;396000.0;Pavimentação - Pavimentação;2025OB002237;Caixa Econômica Federal;104;4452-0;4452;574761779-2;574761779
09032026-094197;202643920005-ISMAEL;75438655000145;MUNICIPIO DE CORREIA PINTO;4392;Ismael;398000.0;Construção, Reforma Ou Ampliação De Infraestrutura Esportiva  - Ministério do Esporte - Construção, Reforma Ou Ampliação De Infraestrutura Esportiva  - Ministério do Esporte;2026OB003136;Caixa Econômica Federal;104;4452-0;4452;569487302-1;569487302
09032026-093913;202642090003-JORGE GOETTEN;75438655000145;MUNICIPIO DE CORREIA PINTO;4209;Jorge Goetten;398000.0;Pavimentação Urbana - Ministério das Cidades - Pavimentação Urbana - Ministério das Cidades;2026OB002380;Caixa Econômica Federal;104;4452-0;4452;569925604-7;569925604
09032026-095741;202639290001-CARLOS CHIODINI;75438655000145;MUNICIPIO DE CORREIA PINTO;3929;Carlos Chiodini;497500.0;Pavimentação Urbana - Ministério das Cidades - Pavimentação Urbana - Ministério das Cidades;2026OB001448;Caixa Econômica Federal;104;4452-0;4452;569879389-8;569879389
0903-003657;202018800013-Angela Amin;82821174000180;MUNICIPIO DE SAO MIGUEL D'OESTE;1880;Angela Amin;300000.0;;2020OB801170;Caixa Econômica Federal;104;702-1;702;575864082-0;575864082
09032021-012117;202139530003-Darci de Matos;82821174000180;MUNICIPIO DE SAO MIGUEL D'OESTE;3953;Darci de Matos;500000.0;;2021OB803457;Caixa Econômica Federal;104;702-1;702;575864085-5;575864085
09032021-011964;202139320005-Caroline de Toni;82821174000180;MUNICIPIO DE SAO MIGUEL D'OESTE;3932;Caroline de Toni;500000.0;;2021OB804356;Caixa Econômica Federal;104;702-1;702;575864085-5;575864085
09032022-021033;202240620006-Ricardo Guidi;82821174000180;MUNICIPIO DE SAO MIGUEL D'OESTE;4062;Ricardo Guidi;500000.0;;2022OB803367;Caixa Econômica Federal;104;702-1;702;575864087-1;575864087
09032023-037054;202339320001-Caroline de Toni;82821174000180;MUNICIPIO DE SAO MIGUEL D'OESTE;3932;Caroline de Toni;300000.0;;2023OB813620;Caixa Econômica Federal;104;702-1;702;575862978-9;575862978
09032024-069178;202428550022-Pedro Uczai;82821174000180;MUNICIPIO DE SAO MIGUEL D'OESTE;2855;Pedro Uczai;500000.0;;2024OB007086;Caixa Econômica Federal;104;702-1;702;575862983-5;575862983
09032024-070539;202443250003-Cobalchini;82821174000180;MUNICIPIO DE SAO MIGUEL D'OESTE;4325;Cobalchini;400000.0;;2024OB010782;Caixa Econômica Federal;104;702-1;702;575862981-9;575862981
09032025-083402;202539800001-FABIO SCHIOCHET;82821174000180;MUNICIPIO DE SAO MIGUEL D'OESTE;3980;Fabio Schiochet;396000.0;Pavimentação - Pavimentação;2025OB001279;Caixa Econômica Federal;104;702-1;702;574668536-0;574668536
09032024-072832;202439320001-Caroline de Toni;82821174000180;MUNICIPIO DE SAO MIGUEL D'OESTE;3932;Caroline de Toni;300000.0;;2024OB002350;Caixa Econômica Federal;104;702-1;702;575862979-7;575862979
09032024-073871;202442090002-Jorge Goetten;82821174000180;MUNICIPIO DE SAO MIGUEL D'OESTE;4209;Jorge Goetten;500000.0;;2024OB009915;Caixa Econômica Federal;104;702-1;702;575862982-7;575862982
09032025-083226;202539320001-CAROLINE DE TONI;82821174000180;MUNICIPIO DE SAO MIGUEL D'OESTE;3932;Caroline de Toni;198000.0;Equipamentos Agrícolas E Agropecuários - Equipamentos Agrícolas E Agropecuários - Rotas De Integração Nacional;2025OB001184;Caixa Econômica Federal;104;702-1;702;574644899-7;574644899
09032025-084668;202543250005-COBALCHINI;82821174000180;MUNICIPIO DE SAO MIGUEL D'OESTE;4325;Cobalchini;495000.0;Pavimentação - Pavimentação;2025OB002189;Caixa Econômica Federal;104;702-1;702;574668537-9;574668537
09032025-084740;202543390010-DANIELA REINEHR;82821174000180;MUNICIPIO DE SAO MIGUEL D'OESTE;4339;Daniela Reinehr;396000.0;Pavimentação - Pavimentação;2025OB002236;Caixa Econômica Federal;104;702-1;702;574668538-7;574668538
09032026-093912;202642090003-JORGE GOETTEN;82821174000180;MUNICIPIO DE SAO MIGUEL D'OESTE;4209;Jorge Goetten;398000.0;Construção, Reforma Ou Ampliação De Infraestrutura Esportiva  - Ministério do Esporte - Construção, Reforma Ou Ampliação De Infraestrutura Esportiva  - Ministério do Esporte;2026OB005449;Caixa Econômica Federal;104;702-1;702;568761576-4;568761576
09032026-091783;202644010005-JULIA ZANATTA;82821174000180;MUNICIPIO DE SAO MIGUEL D'OESTE;4401;Julia Zanatta;597000.0;Aquisição de Máquinas e Equipamentos (GND 4) - Ministério da Agricultura e Pecuária - Aquisição de Máquinas e Equipamentos (GND 4) - Ministério da Agricultura e Pecuária;;Caixa Econômica Federal;104;702-1;702;568653611-9;568653611
09032021-011530;202137860003-Dário Berger;82892274000105;MUNICIPIO DE SAO JOSE;3786;Dário Berger;200000.0;;2021OB803534;Caixa Econômica Federal;104;3078-3;3078;575857067-9;575857067
09032022-016142;202237860003-Dário Berger;82892274000105;MUNICIPIO DE SAO JOSE;3786;Dário Berger;350000.0;;2023OB802150, 2023OB802172;Caixa Econômica Federal;104;3078-3;3078;575857068-7;575857068
09032022-018235;202228560001-Rogério Peninha Mendonça;82892274000105;MUNICIPIO DE SAO JOSE;2856;Rogério Peninha Mendonça;200000.0;;2023OB801113;Caixa Econômica Federal;104;3078-3;3078;575857068-7;575857068
09032022-016349;202239530001-Darci de Matos;82892274000105;MUNICIPIO DE SAO JOSE;3953;Darci de Matos;350000.0;;2023OB802824;Caixa Econômica Federal;104;3078-3;3078;575857068-7;575857068
09032023-036561;202337860004-Dário Berger;82892274000105;MUNICIPIO DE SAO JOSE;3786;Dário Berger;9579086.0;;2023OB810336, 2023OB813318;Caixa Econômica Federal;104;3078-3;3078;575857069-5;575857069
09032023-036563;202337860018-Dário Berger;82892274000105;MUNICIPIO DE SAO JOSE;3786;Dário Berger;14379086.0;;2023OB808685, 2023OB810334;Caixa Econômica Federal;104;3078-3;3078;575857069-5;575857069
09032023-037201;202339490001-Daniel Freitas;82892274000105;MUNICIPIO DE SAO JOSE;3949;Daniel Freitas;3000000.0;;2023OB810599, 2023OB813700;Caixa Econômica Federal;104;3078-3;3078;575857069-5;575857069
09032023-2-041697;202342510010-Ivete da Silveira;82892274000105;MUNICIPIO DE SAO JOSE;4251;Ivete da Silveira;200000.0;;2023OB815939;Caixa Econômica Federal;104;3078-3;3078;575857069-5;575857069
09032024-069311;202490550002-Gilson Marques;82892274000105;MUNICIPIO DE SAO JOSE;9055;Gilson Marques;400000.0;;2024OB011325;Caixa Econômica Federal;104;3078-3;3078;575857074-1;575857074
09032024-072859;202439320001-Caroline de Toni;82892274000105;MUNICIPIO DE SAO JOSE;3932;Caroline de Toni;250000.0;;2024OB008485;Caixa Econômica Federal;104;3078-3;3078;575857076-8;575857076
09032024-075089;202444480002-Pezenti;82892274000105;MUNICIPIO DE SAO JOSE;4448;Pezenti;300000.0;;2024OB011999;Caixa Econômica Federal;104;3078-3;3078;575857072-5;575857072
09032024-068022;202444010006-Julia Zanatta;82892274000105;MUNICIPIO DE SAO JOSE;4401;Julia Zanatta;800000.0;;2024OB004641;Caixa Econômica Federal;104;3078-3;3078;575857071-7;575857071
09032024-074710;202443920004-Ismael;82892274000105;MUNICIPIO DE SAO JOSE;4392;Ismael;500000.0;;2024OB011118;Caixa Econômica Federal;104;3078-3;3078;575857075-0;575857075
09032024-075298;202444930001-Zé Trovão;82892274000105;MUNICIPIO DE SAO JOSE;4493;Zé Trovão;285792.0;;2024OB012315;Caixa Econômica Federal;104;3078-3;3078;575857073-3;575857073
09032025-083245;202539320001-CAROLINE DE TONI;82892274000105;MUNICIPIO DE SAO JOSE;3932;Caroline de Toni;396000.0;Objeto Único Não Padronizado – Demais - REFORMA DE PRÉ-ESCOLA OU ESCOLA;2025OB006049;Caixa Econômica Federal;104;3078-3;3078;574024387-0;574024387
09032025-081165;202543920009-ISMAEL;82892274000105;MUNICIPIO DE SAO JOSE;4392;Ismael;198000.0;Objeto Único Não Padronizado – Demais - 51101 - Ministério do Esporte - Ação Orçamentária 20JP - Desenvolvimento de atividades e apoio a programas, projetos e eventos de esporte amador, educacional, lazer e inclusão social.;;Caixa Econômica Federal;104;2807-0;2807;;
09032025-079227;202544480001-PEZENTI;82892274000105;MUNICIPIO DE SAO JOSE;4448;Pezenti;198000.0;Contratação De Serviços Esterilização Cirúrgica E Microchipagem De Cães E Gatos - Contratação De Serviços Esterilização Cirúrgica E Microchipagem De Cães E Gatos.;;Caixa Econômica Federal;104;2807-0;2807;;
09032025-2-086998;202543920009-ISMAEL;82892274000105;MUNICIPIO DE SAO JOSE;4392;Ismael;198000.0;Objeto Único Não Padronizado – Demais - 51101 - Ministério do Esporte - Ação Orçamentária 00SL - Apoio à implantação e modernização de infraestrutura para esporte amador, educacional, lazer e inclusão social;2025OB009983;Caixa Econômica Federal;104;3078-3;3078;573084505-3;573084505
09032025-2-086822;202544480001-PEZENTI;82892274000105;MUNICIPIO DE SAO JOSE;4448;Pezenti;198000.0;Contratação De Serviços Esterilização Cirúrgica E Microchipagem De Cães E Gatos - Contratação De Serviços Esterilização Cirúrgica E Microchipagem De Cães E Gatos.;2025OB009642;Caixa Econômica Federal;104;3078-3;3078;573443124-5;573443124
09032026-098057;202644930011-ZÉ TROVÃO;82892274000105;MUNICIPIO DE SAO JOSE;4493;Zé Trovão;2985000.0;Pavimentação Urbana - Ministério das Cidades - Pavimentação Urbana - Ministério das Cidades;2026OB003618;Caixa Econômica Federal;104;3078-3;3078;569528937-4;569528937
09032026-091793;202644010005-JULIA ZANATTA;82892274000105;MUNICIPIO DE SAO JOSE;4401;Julia Zanatta;199000.0;Objeto Único Não Padronizado – Demais - Capacitação da Guarda Municipal, por meio da realização de curso de aperfeiçoamento técnico e operacional, com foco em segurança pública municipal, direitos humanos, uso progressivo da força e atuação preventiva - Ministério da Justiça e Segurança Pública;2026OB003212;Caixa Econômica Federal;104;3078-3;3078;569372385-9;569372385
09032021-011510;202137860003-Dário Berger;16780795000138;MUNICIPIO DE PESCARIA BRAVA;3786;Dário Berger;250000.0;;2021OB802195;Banco do Brasil;001;345-X;345;33751-X;33751
09032022-021037;202240620006-Ricardo Guidi;16780795000138;MUNICIPIO DE PESCARIA BRAVA;4062;Ricardo Guidi;410000.0;;2022OB803425;Banco do Brasil;001;345-X;345;34950-X;34950
09032023-038049;202340620003-Ricardo Guidi;16780795000138;MUNICIPIO DE PESCARIA BRAVA;4062;Ricardo Guidi;500000.0;;2023OB814232;Banco do Brasil;001;345-X;345;36794-X;36794
09032024-068685;202442510013-Ivete da Silveira;16780795000138;MUNICIPIO DE PESCARIA BRAVA;4251;Ivete da Silveira;150000.0;;2024OB010032;Banco do Brasil;001;345-X;345;38436-4;38436
09032024-068802;202442510012-Ivete da Silveira;16780795000138;MUNICIPIO DE PESCARIA BRAVA;4251;Ivete da Silveira;150000.0;;2024OB003512;Banco do Brasil;001;345-X;345;38437-2;38437
09032024-069086;202422100016-Esperidião Amin;16780795000138;MUNICIPIO DE PESCARIA BRAVA;2210;Esperidião Amin;400000.0;;2024OB005627, 2024OB006396;Banco do Brasil;001;345-X;345;38435-6;38435
09032022-020240;202239800001-Fabio Schiochet;16780795000138;MUNICIPIO DE PESCARIA BRAVA;3980;Fabio Schiochet;500000.0;;2023OB802993;Banco do Brasil;001;345-X;345;34950-X;34950
09032025-083285;202539490001-DANIEL FREITAS;16780795000138;MUNICIPIO DE PESCARIA BRAVA;3949;Daniel Freitas;1980000.0;Pavimentação - Pavimentação;2025OB001215;Banco do Brasil;001;345-X;345;39137-9;39137
09032025-083406;202539800001-FABIO SCHIOCHET;16780795000138;MUNICIPIO DE PESCARIA BRAVA;3980;Fabio Schiochet;990000.0;Pavimentação - Pavimentação;2025OB001282;Banco do Brasil;001;345-X;345;39149-2;39149
09032025-085404;202544930002-ZÉ TROVÃO;16780795000138;MUNICIPIO DE PESCARIA BRAVA;4493;Zé Trovão;2970000.0;Pavimentação De Estradas Vicinais - Pavimentação De Estradas Vicinais;2025OB002737;Banco do Brasil;001;345-X;345;39132-8;39132
09032025-081296;202542090003-JORGE GOETTEN;16780795000138;MUNICIPIO DE PESCARIA BRAVA;4209;Jorge Goetten;693000.0;Pavimentação - Pavimentação;2025OB001897;Banco do Brasil;001;345-X;345;39202-2;39202
09032025-081797;202522100013-ESPERIDIÃO AMIN;16780795000138;MUNICIPIO DE PESCARIA BRAVA;2210;Esperidião Amin;396000.0;Pavimentação: Adequação De Vias - Pavimentação: Adequação De Vias;2025OB000256;Banco do Brasil;001;345-X;345;39126-3;39126
09032026-094296;202628550010-PEDRO UCZAI;16780795000138;MUNICIPIO DE PESCARIA BRAVA;2855;Pedro Uczai;199000.0;Objeto Único Não Padronizado – Demais - UO 26298 FNDE. Ação 20RP Apoio à Infraestrutura para Educação Básica - Aquisição de Equipamentos;;Caixa Econômica Federal;104;421-9;421;569171235-3;569171235
0903-004546;202041850004-Jorginho Mello;83028415000109;MUNICIPIO DE MONDAI;4185;Jorginho Mello;100000.0;;2020OB801693;Caixa Econômica Federal;104;4624-8;4624;575993728-2;575993728
0903-004074;202039800001-Fabio Schiochet;83028415000109;MUNICIPIO DE MONDAI;3980;Fabio Schiochet;200000.0;;2020OB801112;Banco do Brasil;001;948-2;948;18289-3;18289
0903-003389;202018800013-Angela Amin;83028415000109;MUNICIPIO DE MONDAI;1880;Angela Amin;200000.0;;2020OB801110;Banco do Brasil;001;948-2;948;18289-3;18289
09032021-010961;202132350006-Geovania De Sá;83028415000109;MUNICIPIO DE MONDAI;3235;Geovania De Sá;200000.0;;2021OB800857;Banco do Brasil;001;948-2;948;18726-7;18726
09032022-017376;202222100001-Esperidião Amin;83028415000109;MUNICIPIO DE MONDAI;2210;Esperidião Amin;150000.0;;2022OB800654;Banco do Brasil;001;948-2;948;19157-4;19157
09032023-037046;202339320001-Caroline de Toni;83028415000109;MUNICIPIO DE MONDAI;3932;Caroline de Toni;200000.0;;2023OB810538;Caixa Econômica Federal;104;4624-8;4624;575993731-2;575993731
09032023-037420;202339800001-Fabio Schiochet;83028415000109;MUNICIPIO DE MONDAI;3980;Fabio Schiochet;351700.0;;2023OB813842;Caixa Econômica Federal;104;4624-8;4624;575993731-2;575993731
09032023-039001;202342510010-Ivete da Silveira;83028415000109;MUNICIPIO DE MONDAI;4251;Ivete da Silveira;300000.0;;2023OB811496;Caixa Econômica Federal;104;4624-8;4624;575993731-2;575993731
09032024-073865;202442090002-Jorge Goetten;83028415000109;MUNICIPIO DE MONDAI;4209;Jorge Goetten;300000.0;;2024OB003472;Caixa Econômica Federal;104;4624-8;4624;575993733-9;575993733
09032024-074452;202443390001-Daniela Reinehr;83028415000109;MUNICIPIO DE MONDAI;4339;Daniela Reinehr;150000.0;;2024OB010897;Caixa Econômica Federal;104;4624-8;4624;575993735-5;575993735
09032024-072819;202439320001-Caroline de Toni;83028415000109;MUNICIPIO DE MONDAI;3932;Caroline de Toni;200000.0;;2024OB002374;Caixa Econômica Federal;104;4624-8;4624;575993732-0;575993732
09032024-073970;202442730001-Jorge Seif;83028415000109;MUNICIPIO DE MONDAI;4273;Jorge Seif;200000.0;;2024OB003725;Caixa Econômica Federal;104;4624-8;4624;575993734-7;575993734
09032025-083396;202539800001-FABIO SCHIOCHET;83028415000109;MUNICIPIO DE MONDAI;3980;Fabio Schiochet;495000.0;Construção E Reforma De Mirantes - Construção E Reforma De Mirantes;2025OB001286;Caixa Econômica Federal;104;4624-8;4624;574711186-4;574711186
09032025-084311;202542730001-JORGE SEIF;83028415000109;MUNICIPIO DE MONDAI;4273;Jorge Seif;396000.0;Objeto Único Não Padronizado – Demais - MAPA - 22000;2025OB006630;Caixa Econômica Federal;104;4624-8;4624;574040194-8;574040194
09032025-081286;202542090003-JORGE GOETTEN;83028415000109;MUNICIPIO DE MONDAI;4209;Jorge Goetten;396000.0;Construção De Unidades Habitacionais - Construção De Unidades Habitacionais;2025OB006574;Caixa Econômica Federal;104;4624-8;4624;574281993-1;574281993
09032026-091776;202644010005-JULIA ZANATTA;83028415000109;MUNICIPIO DE MONDAI;4401;Julia Zanatta;497500.0;Infraestrutura Turística - Ministério do Turismo - Infraestrutura Turística - Ministério do Turismo;2026OB003206;Caixa Econômica Federal;104;4624-8;4624;569487351-0;569487351
09032026-095940;202639800001-FABIO SCHIOCHET;83028415000109;MUNICIPIO DE MONDAI;3980;Fabio Schiochet;497500.0;Pavimentação Urbana - Ministério das Cidades - Pavimentação Urbana - Ministério das Cidades;2026OB001613;Caixa Econômica Federal;104;4624-8;4624;569650865-7;569650865
09032026-095792;202639320001-CAROLINE DE TONI;83028415000109;MUNICIPIO DE MONDAI;3932;Caroline de Toni;398000.0;Pavimentação Urbana - Ministério das Cidades - Pavimentação Urbana - Ministério das Cidades;2026OB001466;Caixa Econômica Federal;104;4624-8;4624;569372397-2;569372397
09032026-089607;202632350004-GEOVANIA DE SÁ;83028415000109;MUNICIPIO DE MONDAI;3235;Geovania De Sá;199000.0;Aquisição de Máquinas e Equipamentos (GND 4) - Ministério da Agricultura e Pecuária - Aquisição de Máquinas e Equipamentos (GND 4) - Ministério da Agricultura e Pecuária;;Caixa Econômica Federal;104;4624-8;4624;569002289-2;569002289
0903-004060;202018800013-Angela Amin;82892332000192;MUNICIPIO DE ANITAPOLIS;1880;Angela Amin;150000.0;;2020OB801186;Caixa Econômica Federal;104;3684-6;3684;575856124-6;575856124
09032021-011494;202137860003-Dário Berger;82892332000192;MUNICIPIO DE ANITAPOLIS;3786;Dário Berger;100000.0;;2021OB803531;Caixa Econômica Federal;104;3684-6;3684;575856126-2;575856126
09032022-014115;202232350003-Geovania De Sá;82892332000192;MUNICIPIO DE ANITAPOLIS;3235;Geovania De Sá;250000.0;;2022OB801809;Caixa Econômica Federal;104;3684-6;3684;575856129-7;575856129
09032022-019861;202239290005-Carlos Chiodini;82892332000192;MUNICIPIO DE ANITAPOLIS;3929;Carlos Chiodini;400000.0;;2023OB802603;Caixa Econômica Federal;104;3684-6;3684;575856129-7;575856129
09032024-067038;202429250006-Carmen Zanotto;82892332000192;MUNICIPIO DE ANITAPOLIS;2925;Carmen Zanotto;50000.0;;2024OB007337;Caixa Econômica Federal;104;3684-6;3684;575856137-8;575856137
09032024-073949;202442730001-Jorge Seif;82892332000192;MUNICIPIO DE ANITAPOLIS;4273;Jorge Seif;150000.0;;2024OB003773;Caixa Econômica Federal;104;3684-6;3684;575856138-6;575856138
09032021-009935;202125690003-Celso Maldaner;82892332000192;MUNICIPIO DE ANITAPOLIS;2569;Celso Maldaner;250000.0;;2021OB803812;Caixa Econômica Federal;104;3684-6;3684;575856126-2;575856126
09032025-083176;202539290001-CARLOS CHIODINI;82892332000192;MUNICIPIO DE ANITAPOLIS;3929;Carlos Chiodini;425700.0;Pavimentação - Pavimentação;;Banco do Brasil;001;5344-9;5344;;
09032026-089599;202632350004-GEOVANIA DE SÁ;82892332000192;MUNICIPIO DE ANITAPOLIS;3235;Geovania De Sá;199000.0;Aquisição de Insumos (GND 3) - Ministério da Agricultura e Pecuária - Aquisição de Insumos (GND 3) - Ministério da Agricultura e Pecuária;;Banco do Brasil;001;5344-9;5344;7797-6;7797
09032025-2-087975;202539290001-CARLOS CHIODINI;82892332000192;MUNICIPIO DE ANITAPOLIS;3929;Carlos Chiodini;425700.0;Pavimentação - Pavimentação;2025OB008113;Banco do Brasil;001;5344-9;5344;7715-1;7715
09032026-093896;202642090003-JORGE GOETTEN;82892332000192;MUNICIPIO DE ANITAPOLIS;4209;Jorge Goetten;398000.0;Infraestrutura Turística - Ministério do Turismo - Infraestrutura Turística - Ministério do Turismo;;Caixa Econômica Federal;104;3684-6;3684;;
09032026-096335;202640620003-RICARDO GUIDI;82892332000192;MUNICIPIO DE ANITAPOLIS;4062;Ricardo Guidi;398000.0;Áreas De Lazer E Estruturas Para Atividades Físicas Em Espaços Públicos - Parques E Praças - Ministério das Cidades - Áreas De Lazer E Estruturas Para Atividades Físicas Em Espaços Públicos - Parques E Praças - Ministério das Cidades;;Caixa Econômica Federal;104;3684-6;3684;;
09032026-095731;202639290001-CARLOS CHIODINI;82892332000192;MUNICIPIO DE ANITAPOLIS;3929;Carlos Chiodini;497500.0;Pavimentação De Estradas Vicinais - Ministério da Integração e do Desenvolvimento Regional - Pavimentação De Estradas Vicinais - Ministério da Integração e do Desenvolvimento Regional;;Caixa Econômica Federal;104;3684-6;3684;568812945-6;568812945
09032021-009482;202118800011-Angela Amin;82577636000165;MUNICIPIO DE TIJUCAS;1880;Angela Amin;200000.0;;2021OB803680;Caixa Econômica Federal;104;1795-7;1795;575859334-2;575859334
09032024-073893;202442090002-Jorge Goetten;82577636000165;MUNICIPIO DE TIJUCAS;4209;Jorge Goetten;400000.0;;2024OB009916;Caixa Econômica Federal;104;1795-7;1795;575859345-8;575859345
09032022-016144;202237860003-Dário Berger;82577636000165;MUNICIPIO DE TIJUCAS;3786;Dário Berger;250000.0;;2022OB802267;Banco do Brasil;001;2723-5;2723;32079-X;32079
09032023-034179;202318800004-Angela Amin;82577636000165;MUNICIPIO DE TIJUCAS;1880;Angela Amin;200000.0;;2023OB809130, 2023OB811814;Caixa Econômica Federal;104;1795-7;1795;575859337-7;575859337
09032024-075090;202444480002-Pezenti;82577636000165;MUNICIPIO DE TIJUCAS;4448;Pezenti;200000.0;;2024OB004943;Caixa Econômica Federal;104;1795-7;1795;575859347-4;575859347
09032022-020522;202240150005-Hélio Costa;82577636000165;MUNICIPIO DE TIJUCAS;4015;Hélio Costa;500000.0;;2023OB803178;Banco do Brasil;001;2723-5;2723;32079-X;32079
09032024-066109;202442730002-Jorge Seif;82577636000165;MUNICIPIO DE TIJUCAS;4273;Jorge Seif;100000.0;;2024OB010242;Caixa Econômica Federal;104;1795-7;1795;575859356-3;575859356
09032024-072863;202439320001-Caroline de Toni;82577636000165;MUNICIPIO DE TIJUCAS;3932;Caroline de Toni;150000.0;;2024OB008489;Caixa Econômica Federal;104;1795-7;1795;575859343-1;575859343
09032024-072863;202439320001-Caroline de Toni;82577636000165;MUNICIPIO DE TIJUCAS;3932;Caroline de Toni;150000.0;;2024OB008489;Caixa Econômica Federal;104;1795-7;1795;575859343-1;575859343
09032024-073526;202440620002-Ricardo Guidi;82577636000165;MUNICIPIO DE TIJUCAS;4062;Ricardo Guidi;400000.0;;2024OB002876;Caixa Econômica Federal;104;1795-7;1795;575859344-0;575859344
09032024-068829;202442510012-Ivete da Silveira;82577636000165;MUNICIPIO DE TIJUCAS;4251;Ivete da Silveira;150000.0;;2024OB003529;Caixa Econômica Federal;104;1795-7;1795;575859346-6;575859346
09032024-068712;202442510013-Ivete da Silveira;82577636000165;MUNICIPIO DE TIJUCAS;4251;Ivete da Silveira;150000.0;;2024OB009954;Caixa Econômica Federal;104;1795-7;1795;575859342-3;575859342
09032025-081301;202542090003-JORGE GOETTEN;82577636000165;MUNICIPIO DE TIJUCAS;4209;Jorge Goetten;396000.0;Pavimentação - Pavimentação;2025OB001907;Caixa Econômica Federal;104;1795-7;1795;574761783-0;574761783
09032025-081808;202522100013-ESPERIDIÃO AMIN;82577636000165;MUNICIPIO DE TIJUCAS;2210;Esperidião Amin;396000.0;Pavimentação: Adequação De Vias - Pavimentação: Adequação De Vias;2025OB000255;Caixa Econômica Federal;104;1795-7;1795;574847019-1;574847019
09032025-2-086823;202544480001-PEZENTI;82577636000165;MUNICIPIO DE TIJUCAS;4448;Pezenti;465300.0;Objeto Único Não Padronizado – Demais - Aquisição de ônibus escolar - 26000 Ministério da Educação;2025OB009021;Caixa Econômica Federal;104;1795-7;1795;573269654-3;573269654
09032025-084753;202543390010-DANIELA REINEHR;82577636000165;MUNICIPIO DE TIJUCAS;4339;Daniela Reinehr;297000.0;Aquisição De Equipamentos Esportivos - Aquisição De Equipamentos Esportivos;2025OB006805;Caixa Econômica Federal;104;1795-7;1795;574024386-2;574024386
09032025-081166;202543920009-ISMAEL;82577636000165;MUNICIPIO DE TIJUCAS;4392;Ismael;396000.0;Construção E Recuperação De Infraestrutura De Estradas E Rodovias De Interesse Turístico - Construção E Recuperação De Infraestrutura De Estradas E Rodovias De Interesse Turístico;2025OB006973;Caixa Econômica Federal;104;1795-7;1795;574150464-3;574150464
09032025-079228;202544480001-PEZENTI;82577636000165;MUNICIPIO DE TIJUCAS;4448;Pezenti;465300.0;Objeto Único Não Padronizado – Demais - Aquisição de ônibus escolar - 26000 Ministério da Educação;;Caixa Econômica Federal;104;1795-7;1795;;
09032025-2-088025;202539800001-FABIO SCHIOCHET;82577636000165;MUNICIPIO DE TIJUCAS;3980;Fabio Schiochet;643500.0;Pavimentação - Pavimentação;2025OB008197;Caixa Econômica Federal;104;1795-7;1795;573529099-8;573529099
09032026-091797;202644010005-JULIA ZANATTA;82577636000165;MUNICIPIO DE TIJUCAS;4401;Julia Zanatta;199000.0;Objeto Único Não Padronizado – Demais - Veículo para uso da Secretaria Municipal de Trânsito - Ministério dos Transportes;;Caixa Econômica Federal;104;1795-7;1795;;
09032026-095818;202639320001-CAROLINE DE TONI;82577636000165;MUNICIPIO DE TIJUCAS;3932;Caroline de Toni;398000.0;Pavimentação Urbana - Ministério das Cidades - Pavimentação Urbana - Ministério das Cidades;2026OB004819;Caixa Econômica Federal;104;1795-7;1795;569372382-4;569372382
09032026-094117;202644480001-PEZENTI;82577636000165;MUNICIPIO DE TIJUCAS;4448;Pezenti;298500.0;Aquisição De Veículo - Ministério do Desenvolvimento e Assistência Social, Família e Combate à Fome - Aquisição De Veículo - Ministério do Desenvolvimento e Assistência Social, Família e Combate à Fome;2026OB005996;Caixa Econômica Federal;104;1795-7;1795;569043852-5;569043852
09032026-091796;202644010005-JULIA ZANATTA;82577636000165;MUNICIPIO DE TIJUCAS;4401;Julia Zanatta;199000.0;Contratação De Serviços Esterilização Cirúrgica E Microchipagem De Cães E Gatos - Ministério do Meio Ambiente e Mudança do Clima - Contratação De Serviços Esterilização Cirúrgica E Microchipagem De Cães E Gatos - Ministério do Meio Ambiente e Mudança do Clima;;Caixa Econômica Federal;104;1795-7;1795;;
0903-004537;202041850004-Jorginho Mello;01613428000172;MUNICIPIO DE LUZERNA;4185;Jorginho Mello;300000.0;;2020OB801627;Banco do Brasil;001;5450-X;5450;8725-4;8725
09032021-013402;202141850007-Jorginho Mello;01613428000172;MUNICIPIO DE LUZERNA;4185;Jorginho Mello;200000.0;;2021OB801923;Banco do Brasil;001;5450-X;5450;9209-6;9209
09032022-016319;202239530001-Darci de Matos;01613428000172;MUNICIPIO DE LUZERNA;3953;Darci de Matos;200000.0;;2023OB800496;Banco do Brasil;001;5450-X;5450;9570-2;9570
09032023-037029;202339320001-Caroline de Toni;01613428000172;MUNICIPIO DE LUZERNA;3932;Caroline de Toni;100000.0;;2023OB813639;Banco do Brasil;001;5450-X;5450;10113-3;10113
09032024-073846;202442090002-Jorge Goetten;01613428000172;MUNICIPIO DE LUZERNA;4209;Jorge Goetten;300000.0;;2024OB009931;Banco do Brasil;001;5450-X;5450;10494-9;10494
09032025-081275;202542090003-JORGE GOETTEN;01613428000172;MUNICIPIO DE LUZERNA;4209;Jorge Goetten;245505.15;Objeto Único Não Padronizado – Demais - AQUISIÇÃO DE TRATOR AGRÍCOLA A CARGO DO MINISTÉRIO DA AGRICULTURA E PECUÁRIA - MAPA (CÓDIGO 22000);2025OB004903;Banco do Brasil;001;5450-X;5450;11199-6;11199
0903-004487;202041850004-Jorginho Mello;01612847000190;MUNICIPIO DE SANTA TEREZINHA DO PROGRESSO;4185;Jorginho Mello;200000.0;;2020OB801664;Banco do Brasil;001;858-3;858;34536-9;34536
09032021-009932;202125690003-Celso Maldaner;01612847000190;MUNICIPIO DE SANTA TEREZINHA DO PROGRESSO;2569;Celso Maldaner;300000.0;;2021OB800449;Banco do Brasil;001;858-3;858;36064-3;36064
09032021-010413;202128550001-Pedro Uczai;01612847000190;MUNICIPIO DE SANTA TEREZINHA DO PROGRESSO;2855;Pedro Uczai;150000.0;;2021OB800666;Banco do Brasil;001;858-3;858;36064-3;36064
09032021-011490;202137860003-Dário Berger;01612847000190;MUNICIPIO DE SANTA TEREZINHA DO PROGRESSO;3786;Dário Berger;100000.0;;2021OB801102;Banco do Brasil;001;858-3;858;36064-3;36064
09032024-069170;202428550022-Pedro Uczai;01612847000190;MUNICIPIO DE SANTA TEREZINHA DO PROGRESSO;2855;Pedro Uczai;100000.0;;2024OB007084;Banco do Brasil;001;858-3;858;39603-6;39603
09032024-066074;202442730002-Jorge Seif;01612847000190;MUNICIPIO DE SANTA TEREZINHA DO PROGRESSO;4273;Jorge Seif;100000.0;;2024OB010286;Banco do Brasil;001;858-3;858;39604-4;39604
09032024-068641;202442510013-Ivete da Silveira;01612847000190;MUNICIPIO DE SANTA TEREZINHA DO PROGRESSO;4251;Ivete da Silveira;112500.0;;2024OB003567;Banco do Brasil;001;858-3;858;39608-7;39608
09032022-016322;202239530001-Darci de Matos;01612847000190;MUNICIPIO DE SANTA TEREZINHA DO PROGRESSO;3953;Darci de Matos;100000.0;;2023OB802840;Banco do Brasil;001;858-3;858;37014-2;37014
09032022-017366;202222100001-Esperidião Amin;01612847000190;MUNICIPIO DE SANTA TEREZINHA DO PROGRESSO;2210;Esperidião Amin;150000.0;;2023OB800449;Banco do Brasil;001;858-3;858;37014-2;37014
09032022-017700;202225690003-Celso Maldaner;01612847000190;MUNICIPIO DE SANTA TEREZINHA DO PROGRESSO;2569;Celso Maldaner;150000.0;;2022OB800881;Banco do Brasil;001;858-3;858;37014-2;37014
09032022-021818;202241850010-Jorginho Mello;01612847000190;MUNICIPIO DE SANTA TEREZINHA DO PROGRESSO;4185;Jorginho Mello;100000.0;;2023OB804946;Banco do Brasil;001;858-3;858;37014-2;37014
09032023-033052;202328550022-Pedro Uczai;01612847000190;MUNICIPIO DE SANTA TEREZINHA DO PROGRESSO;2855;Pedro Uczai;350000.0;;2023OB812435;Banco do Brasil;001;858-3;858;38432-1;38432
09032024-068758;202442510012-Ivete da Silveira;01612847000190;MUNICIPIO DE SANTA TEREZINHA DO PROGRESSO;4251;Ivete da Silveira;112500.0;;2024OB003509;Banco do Brasil;001;858-3;858;39607-9;39607
09032024-072799;202439320001-Caroline de Toni;01612847000190;MUNICIPIO DE SANTA TEREZINHA DO PROGRESSO;3932;Caroline de Toni;150000.0;;2024OB008482;Banco do Brasil;001;858-3;858;39605-2;39605
09032024-073501;202440620002-Ricardo Guidi;01612847000190;MUNICIPIO DE SANTA TEREZINHA DO PROGRESSO;4062;Ricardo Guidi;200000.0;;2024OB002865;Banco do Brasil;001;858-3;858;39606-0;39606
09032025-081767;202522100013-ESPERIDIÃO AMIN;01612847000190;MUNICIPIO DE SANTA TEREZINHA DO PROGRESSO;2210;Esperidião Amin;396000.0;Objeto Único Não Padronizado – Demais - Aquisição de Máquina Agrícola;2025OB005253;Banco do Brasil;001;858-3;858;42142-1;42142
09032026-094560;202622100012-ESPERIDIÃO AMIN;01612847000190;MUNICIPIO DE SANTA TEREZINHA DO PROGRESSO;2210;Esperidião Amin;398000.0;Pavimentação De Estradas Vicinais - Ministério da Integração e do Desenvolvimento Regional - Pavimentação De Estradas Vicinais - Ministério da Integração e do Desenvolvimento Regional;2026OB003975;Banco do Brasil;001;858-3;858;42893-0;42893
09032022-017398;202222100001-Esperidião Amin;83021840000168;MUNICIPIO DE NOVA ERECHIM;2210;Esperidião Amin;150000.0;;2022OB800649;Caixa Econômica Federal;104;2894-0;2894;575856914-0;575856914
09032022-019909;202239320002-Caroline de Toni;83021840000168;MUNICIPIO DE NOVA ERECHIM;3932;Caroline de Toni;200000.0;;2023OB802630;Caixa Econômica Federal;104;2894-0;2894;575856914-0;575856914
09032023-033084;202328550022-Pedro Uczai;83021840000168;MUNICIPIO DE NOVA ERECHIM;2855;Pedro Uczai;300000.0;;2023OB812414;Caixa Econômica Federal;104;2894-0;2894;575856918-2;575856918
09032023-037078;202339320001-Caroline de Toni;83021840000168;MUNICIPIO DE NOVA ERECHIM;3932;Caroline de Toni;200000.0;;2023OB810541;Caixa Econômica Federal;104;2894-0;2894;575856918-2;575856918
09032024-069107;202422100016-Esperidião Amin;83021840000168;MUNICIPIO DE NOVA ERECHIM;2210;Esperidião Amin;400000.0;;2024OB005619;Caixa Econômica Federal;104;2894-0;2894;575856921-2;575856921
09032024-074494;202443390001-Daniela Reinehr;83021840000168;MUNICIPIO DE NOVA ERECHIM;4339;Daniela Reinehr;150000.0;;2024OB004284;Caixa Econômica Federal;104;2894-0;2894;575856922-0;575856922
09032025-081561;202528550023-PEDRO UCZAI;83021840000168;MUNICIPIO DE NOVA ERECHIM;2855;Pedro Uczai;198000.0;Objeto Único Não Padronizado – Demais - UO 42000 MCultura- Ação 20ZF - Promoção e Fomento à Cultura Brasileira;2025OB004579;Banco do Brasil;001;5395-3;5395;13034-6;13034
09032026-097261;202643250001-COBALCHINI;83021840000168;MUNICIPIO DE NOVA ERECHIM;4325;Cobalchini;497500.0;Pavimentação Urbana - Ministério das Cidades - Pavimentação Urbana - Ministério das Cidades;;;;;;;
09032021-012126;202139530003-Darci de Matos;83102467000170;MUNICIPIO DE CORUPA;3953;Darci de Matos;100000.0;;2021OB802280;Caixa Econômica Federal;104;1782-5;1782;575859292-3;575859292
09032021-011949;202139290005-Carlos Chiodini;83102467000170;MUNICIPIO DE CORUPA;3929;Carlos Chiodini;500000.0;;2021OB802265;Caixa Econômica Federal;104;1782-5;1782;575859292-3;575859292
09032021-012248;202139800001-Fabio Schiochet;83102467000170;MUNICIPIO DE CORUPA;3980;Fabio Schiochet;500000.0;;2021OB802296;Caixa Econômica Federal;104;1782-5;1782;575859292-3;575859292
09032023-037002;202339290002-Carlos Chiodini;83102467000170;MUNICIPIO DE CORUPA;3929;Carlos Chiodini;1000000.0;;2023OB808399;Caixa Econômica Federal;104;1782-5;1782;575859293-1;575859293
09032023-037178;202339440010-Coronel Armando;83102467000170;MUNICIPIO DE CORUPA;3944;Coronel Armando;651683.0;;2023OB808352, 2023OB810584;Caixa Econômica Federal;104;1782-5;1782;575859293-1;575859293
09032024-068812;202442510012-Ivete da Silveira;83102467000170;MUNICIPIO DE CORUPA;4251;Ivete da Silveira;150000.0;;2024OB003607;Caixa Econômica Federal;104;1782-5;1782;575859297-4;575859297
09032024-072774;202439290001-Carlos Chiodini;83102467000170;MUNICIPIO DE CORUPA;3929;Carlos Chiodini;1000000.0;;2024OB002321;Caixa Econômica Federal;104;1782-5;1782;575859294-0;575859294
09032024-074475;202443390001-Daniela Reinehr;83102467000170;MUNICIPIO DE CORUPA;4339;Daniela Reinehr;100000.0;;2024OB010865;Caixa Econômica Federal;104;1782-5;1782;575859298-2;575859298
09032024-074724;202443920007-Ismael;83102467000170;MUNICIPIO DE CORUPA;4392;Ismael;200000.0;;2024OB004560;Caixa Econômica Federal;104;1782-5;1782;575859299-0;575859299
09032024-068695;202442510013-Ivete da Silveira;83102467000170;MUNICIPIO DE CORUPA;4251;Ivete da Silveira;150000.0;;2024OB009988;Caixa Econômica Federal;104;1782-5;1782;575859295-8;575859295
09032024-066098;202442730002-Jorge Seif;83102467000170;MUNICIPIO DE CORUPA;4273;Jorge Seif;87000.0;;2024OB010306;Caixa Econômica Federal;104;1782-5;1782;575859296-6;575859296
09032025-080476;202590550002-GILSON MARQUES;83102467000170;MUNICIPIO DE CORUPA;9055;Gilson Marques;297000.0;Aquisição De Veiculos - Aquisição De Veiculos;2025OB007377;Caixa Econômica Federal;104;1782-5;1782;574064322-4;574064322
09032025-2-087976;202539290001-CARLOS CHIODINI;83102467000170;MUNICIPIO DE CORUPA;3929;Carlos Chiodini;792000.0;Objeto Único Não Padronizado – Demais - Aquisição de caminhão plataforma para transporte de maquinário a cargo do Ministério da Integração e Desenvolvimento Regional - MIDR - 53000;2025OB008112;Caixa Econômica Federal;104;1782-5;1782;573551473-0;573551473
09032025-083187;202539290001-CARLOS CHIODINI;83102467000170;MUNICIPIO DE CORUPA;3929;Carlos Chiodini;792000.0;Objeto Único Não Padronizado – Demais - Aquisição de caminhão plataforma para transporte de maquinário a cargo do Ministério da Integração e Desenvolvimento Regional - MIDR - 53000;;Caixa Econômica Federal;104;1782-5;1782;;
09032026-093919;202642090003-JORGE GOETTEN;83102467000170;MUNICIPIO DE CORUPA;4209;Jorge Goetten;398000.0;Pavimentação Urbana - Ministério das Cidades - Pavimentação Urbana - Ministério das Cidades;;Caixa Econômica Federal;104;1782-5;1782;569300207-8;569300207
09032026-095745;202639290001-CARLOS CHIODINI;83102467000170;MUNICIPIO DE CORUPA;3929;Carlos Chiodini;1492500.0;Pavimentação Urbana - Ministério das Cidades - Pavimentação Urbana - Ministério das Cidades;2026OB001438;Caixa Econômica Federal;104;1782-5;1782;569836098-3;569836098
09032026-097341;202643390009-DANIELA REINEHR;83102467000170;MUNICIPIO DE CORUPA;4339;Daniela Reinehr;398000.0;Pavimentação Urbana - Ministério das Cidades - Pavimentação Urbana - Ministério das Cidades;2026OB002915;Caixa Econômica Federal;104;1782-5;1782;569563236-2;569563236
0903-003549;202028550021-Pedro Uczai;78505591000146;MUNICIPIO DE UNIAO DO OESTE;2855;Pedro Uczai;250000.0;;2020OB801087;Banco do Brasil;001;5430-5;5430;7784-4;7784
09032024-066092;202442730002-Jorge Seif;78505591000146;MUNICIPIO DE UNIAO DO OESTE;4273;Jorge Seif;100000.0;;2024OB010271;Banco do Brasil;001;5430-5;5430;8757-2;8757
09032022-016343;202239530001-Darci de Matos;78505591000146;MUNICIPIO DE UNIAO DO OESTE;3953;Darci de Matos;250000.0;;2023OB802836;Banco do Brasil;001;5430-5;5430;8280-5;8280
09032023-034168;202318800004-Angela Amin;78505591000146;MUNICIPIO DE UNIAO DO OESTE;1880;Angela Amin;300000.0;;2023OB811817;Caixa Econômica Federal;104;580-0;580;576001482-6;576001482
09032024-074461;202443390001-Daniela Reinehr;78505591000146;MUNICIPIO DE UNIAO DO OESTE;4339;Daniela Reinehr;100000.0;;2024OB004292;Banco do Brasil;001;5430-5;5430;8756-4;8756
09032024-069084;202422100016-Esperidião Amin;78505591000146;MUNICIPIO DE UNIAO DO OESTE;2210;Esperidião Amin;300000.0;;2024OB006424;Banco do Brasil;001;5430-5;5430;8755-6;8755
09032025-2-087599;202522100013-ESPERIDIÃO AMIN;78505591000146;MUNICIPIO DE UNIAO DO OESTE;2210;Esperidião Amin;396000.0;Pavimentação De Estradas Vicinais - Pavimentação De Estradas Vicinais;2025OB007499;Caixa Econômica Federal;104;580-0;580;573622406-9;573622406
09032025-084670;202543250005-COBALCHINI;78505591000146;MUNICIPIO DE UNIAO DO OESTE;4325;Cobalchini;495000.0;Pavimentação - Pavimentação;2025OB002201;Caixa Econômica Federal;104;580-0;580;574881327-7;574881327
09032025-081794;202522100013-ESPERIDIÃO AMIN;78505591000146;MUNICIPIO DE UNIAO DO OESTE;2210;Esperidião Amin;396000.0;Objeto Único Não Padronizado – Obras e Serviços de Engenharia - Construção de Centro de Convivência do Idoso;;Caixa Econômica Federal;104;580-0;580;;
09032026-094199;202643920005-ISMAEL;78505591000146;MUNICIPIO DE UNIAO DO OESTE;4392;Ismael;199000.0;Aquisição de Máquinas e Equipamentos (GND 4) - Ministério da Agricultura e Pecuária - Aquisição de Máquinas e Equipamentos (GND 4) - Ministério da Agricultura e Pecuária;;Caixa Econômica Federal;104;580-0;580;569171439-9;569171439
09032026-094295;202628550010-PEDRO UCZAI;78505591000146;MUNICIPIO DE UNIAO DO OESTE;2855;Pedro Uczai;199000.0;Aquisição De Máquinas, Implementos E Equipamentos Agrícolas Adaptados À Agricultura Familiar E Tecnologias Sociais. - Ministério do Desenvolvimento Agrário e Agricultura Familiar - Aquisição De Máquinas, Implementos E Equipamentos Agrícolas Adaptados À Agricultura Familiar E Tecnologias Sociais. - Ministério do Desenvolvimento Agrário e Agricultura Familiar;2026OB000623;Caixa Econômica Federal;104;580-0;580;569487325-0;569487325
09032026-097246;202643250001-COBALCHINI;78505591000146;MUNICIPIO DE UNIAO DO OESTE;4325;Cobalchini;497500.0;Pavimentação Urbana - Ministério das Cidades - Pavimentação Urbana - Ministério das Cidades;2026OB002836;Caixa Econômica Federal;104;580-0;580;569487326-9;569487326
09032023-034430;202322100001-Esperidião Amin;82892282000143;FLORIANÓPOLIS;2210;Esperidião Amin;300000.0;;2023OB808345;Caixa Econômica Federal;104;1877-5;1877;575858553-6;575858553
09032023-037086;202339320001-Caroline de Toni;82892282000143;FLORIANÓPOLIS;3932;Caroline de Toni;150000.0;;2023OB810523;Caixa Econômica Federal;104;1877-5;1877;575858553-6;575858553
09032023-037633;202340150002-Hélio Costa;82892282000143;FLORIANÓPOLIS;4015;Hélio Costa;1000000.0;;2023OB807759, 2023OB810800;Caixa Econômica Federal;104;1877-5;1877;575858553-6;575858553
09032024-068229;202439490003-Daniel Freitas;82892282000143;FLORIANÓPOLIS;3949;Daniel Freitas;1200000.0;;2024OB002401, 2024OB008572;Caixa Econômica Federal;104;1877-5;1877;575858556-0;575858556
09032023-2-041804;202322100001-Esperidião Amin;82892282000143;FLORIANÓPOLIS;2210;Esperidião Amin;300000.0;;2023OB815137, 2023OB815138;Caixa Econômica Federal;104;1877-5;1877;575858553-6;575858553
09032024-068724;202442510013-Ivete da Silveira;82892282000143;FLORIANÓPOLIS;4251;Ivete da Silveira;750000.0;;2024OB009989;Caixa Econômica Federal;104;1877-5;1877;575858558-7;575858558
09032024-069110;202422100016-Esperidião Amin;82892282000143;FLORIANÓPOLIS;2210;Esperidião Amin;1464000.0;;2024OB005630, 2024OB005632;Caixa Econômica Federal;104;1877-5;1877;575858555-2;575858555
09032024-072876;202439320001-Caroline de Toni;82892282000143;FLORIANÓPOLIS;3932;Caroline de Toni;300000.0;;2024OB002339;Caixa Econômica Federal;104;1877-5;1877;575858559-5;575858559
09032024-073531;202440620002-Ricardo Guidi;82892282000143;FLORIANÓPOLIS;4062;Ricardo Guidi;1100000.0;;2024OB009107;Caixa Econômica Federal;104;1877-5;1877;575858561-7;575858561
09032024-068841;202442510012-Ivete da Silveira;82892282000143;FLORIANÓPOLIS;4251;Ivete da Silveira;750000.0;;2024OB003550;Caixa Econômica Federal;104;1877-5;1877;575858554-4;575858554
09032024-069188;202428550022-Pedro Uczai;82892282000143;FLORIANÓPOLIS;2855;Pedro Uczai;400000.0;;2024OB001127;Caixa Econômica Federal;104;1877-5;1877;575858557-9;575858557
09032025-081814;202522100013-ESPERIDIÃO AMIN;82892282000143;FLORIANÓPOLIS;2210;Esperidião Amin;396000.0;Objeto Único Não Padronizado – Demais - MAQUINAS/EQUIPAMENTOS/ENTREPOSTO PESCA;2025OB004503;Caixa Econômica Federal;104;1877-5;1877;574516451-0;574516451
09032025-080647;202542510003-IVETE DA SILVEIRA;82892282000143;FLORIANÓPOLIS;4251;Ivete da Silveira;9900000.0;Objeto Único Não Padronizado – Obras e Serviços de Engenharia - Ação 10V0 - Ministério do Turismo;2025OB001919;Caixa Econômica Federal;104;1877-5;1877;574793542-5;574793542
09032025-083296;202539490006-DANIEL FREITAS;82892282000143;FLORIANÓPOLIS;3949;Daniel Freitas;792000.0;Inclusão Digital Dos Municípios - Inclusão Digital Dos Municípios;;Caixa Econômica Federal;104;1877-5;1877;;
09032025-081174;202543920009-ISMAEL;82892282000143;FLORIANÓPOLIS;4392;Ismael;396000.0;Construção De Ponto De Apoio E Reformas De Estruturas A Pescadores Artesanais (Ex: Trapiches, Pier, Ranchos, Etc..) - Construção De Ponto De Apoio E Reformas De Estruturas A Pescadores Artesanais (Ex: Trapiches, Pier, Ranchos, Etc..);;Caixa Econômica Federal;104;1877-5;1877;;
09032025-2-087999;202539490006-DANIEL FREITAS;82892282000143;FLORIANÓPOLIS;3949;Daniel Freitas;792000.0;Inclusão Digital Dos Municípios - Inclusão Digital Dos Municípios;;Caixa Econômica Federal;104;1877-5;1877;;
09032025-2-087001;202543920009-ISMAEL;82892282000143;FLORIANÓPOLIS;4392;Ismael;396000.0;Construção De Ponto De Apoio E Reformas De Estruturas A Pescadores Artesanais (Ex: Trapiches, Pier, Ranchos, Etc..) - Construção De Ponto De Apoio E Reformas De Estruturas A Pescadores Artesanais (Ex: Trapiches, Pier, Ranchos, Etc..);2025OB008908;Caixa Econômica Federal;104;1877-5;1877;573551469-1;573551469
09032026-095971;202639800001-FABIO SCHIOCHET;82892282000143;FLORIANÓPOLIS;3980;Fabio Schiochet;398000.0;Ampliação De Sistema De Videomonitoramento Urbano Pela Guarda Municipal - Ministério da Justiça e Segurança Pública - Ampliação De Sistema De Videomonitoramento Urbano Pela Guarda Municipal - Ministério da Justiça e Segurança Pública;2026OB004860;Caixa Econômica Federal;104;1877-5;1877;569171449-6;569171449
09032026-094214;202643920005-ISMAEL;82892282000143;FLORIANÓPOLIS;4392;Ismael;199000.0;Objeto Único Não Padronizado – Demais - 51101 - Ministério do Esporte - Ação Orçamentária 20JP - Desenvolvimento de atividades e apoio a programas, projetos e eventos de esporte amador, educacional, lazer e inclusão social.;;Caixa Econômica Federal;104;1877-5;1877;569339488-0;569339488
09032026-094215;202643920005-ISMAEL;82892282000143;FLORIANÓPOLIS;4392;Ismael;659731.77;Construção, Reforma Ou Ampliação De Infraestrutura Esportiva  - Ministério do Esporte - Construção, Reforma Ou Ampliação De Infraestrutura Esportiva  - Ministério do Esporte;2026OB005819;Caixa Econômica Federal;104;1877-5;1877;569260817-7;569260817
09032026-095972;202639800001-FABIO SCHIOCHET;82892282000143;FLORIANÓPOLIS;3980;Fabio Schiochet;248750.0;Aquisição de caminhões para coleta seletiva de resíduos sólidos urbanos - Ministério das Cidades - Aquisição de caminhões para coleta seletiva de resíduos sólidos urbanos - Ministério das Cidades;2026OB004858;Caixa Econômica Federal;104;1877-5;1877;569339487-1;569339487
09032026-096799;202642510003-IVETE DA SILVEIRA;82892282000143;FLORIANÓPOLIS;4251;Ivete da Silveira;9950000.0;Objeto Único Não Padronizado – Obras e Serviços de Engenharia - Ação 10V0 - Ministério do Turismo;2026OB002407;Caixa Econômica Federal;104;1877-5;1877;569487334-0;569487334
09032026-094126;202644480001-PEZENTI;82892282000143;FLORIANÓPOLIS;4448;Pezenti;398000.0;Reforma de Escola (Capital) - Fundo Nacional de Desenvolvimento da Educação - Reforma de Escola (Capital) - Fundo Nacional de Desenvolvimento da Educação;2026OB006331;Caixa Econômica Federal;104;1877-5;1877;569086352-8;569086352
09032026-089778;202639490005-DANIEL FREITAS;82892282000143;FLORIANÓPOLIS;3949;Daniel Freitas;1990000.0;Pavimentação Urbana - Ministério das Cidades - Pavimentação Urbana - Ministério das Cidades;;;;;;;
09032026-098054;202644930003-ZÉ TROVÃO;82892282000143;FLORIANÓPOLIS;4493;Zé Trovão;995000.0;Pavimentação Urbana - Ministério das Cidades - Pavimentação Urbana - Ministério das Cidades;;;;;;;
09032026-098052;202644930002-ZÉ TROVÃO;82892282000143;FLORIANÓPOLIS;4493;Zé Trovão;1990000.0;Pavimentação Urbana - Ministério das Cidades - Pavimentação Urbana - Ministério das Cidades;;;;;;;
09032026-098051;202644930001-ZÉ TROVÃO;82892282000143;FLORIANÓPOLIS;4493;Zé Trovão;1990000.0;Pavimentação Urbana - Ministério das Cidades - Pavimentação Urbana - Ministério das Cidades;;;;;;;
09032022-021856;202241850010-Jorginho Mello;82814260000165;MUNICIPIO DE IPIRA;4185;Jorginho Mello;200000.0;;2023OB804957;Caixa Econômica Federal;104;1071-5;1071;575996484-0;575996484
09032024-074033;202442730001-Jorge Seif;82814260000165;MUNICIPIO DE IPIRA;4273;Jorge Seif;200000.0;;2024OB003763;Caixa Econômica Federal;104;1071-5;1071;575996491-3;575996491
09032024-069100;202422100016-Esperidião Amin;82814260000165;MUNICIPIO DE IPIRA;2210;Esperidião Amin;500000.0;;2024OB005621;Caixa Econômica Federal;104;1071-5;1071;575996489-1;575996489
09032025-084684;202543250005-COBALCHINI;82814260000165;MUNICIPIO DE IPIRA;4325;Cobalchini;247500.0;Aquisição De Veículo - Aquisição De Veículo;2025OB006798;Caixa Econômica Federal;104;1071-5;1071;574347383-4;574347383
09032025-075751;202542730002-JORGE SEIF;82814260000165;MUNICIPIO DE IPIRA;4273;Jorge Seif;198000.0;Custeio Da Média E Alta Complexidade (Mac) - Custeio Da Média E Alta Complexidade (Mac);2025OB006653;Caixa Econômica Federal;104;1071-5;1071;574040192-1;574040192
09032021-011973;202139320005-Caroline de Toni;82815481000158;MUNICIPIO DE PIRATUBA;3932;Caroline de Toni;100000.0;;2021OB804350;Caixa Econômica Federal;104;1071-5;1071;575996483-2;575996483
09032023-037072;202339320001-Caroline de Toni;82815481000158;MUNICIPIO DE PIRATUBA;3932;Caroline de Toni;150000.0;;2023OB810545;Caixa Econômica Federal;104;1071-5;1071;575996485-9;575996485
09032024-068020;202444010006-Julia Zanatta;82815481000158;MUNICIPIO DE PIRATUBA;4401;Julia Zanatta;300000.0;;2024OB011565;Caixa Econômica Federal;104;1071-5;1071;575996486-7;575996486
09032024-069390;202439800001-Fabio Schiochet;82815481000158;MUNICIPIO DE PIRATUBA;3980;Fabio Schiochet;250000.0;;2024OB008728;Caixa Econômica Federal;104;1071-5;1071;575996493-0;575996493
09032024-072856;202439320001-Caroline de Toni;82815481000158;MUNICIPIO DE PIRATUBA;3932;Caroline de Toni;250000.0;;2024OB002361;Caixa Econômica Federal;104;1071-5;1071;575996492-1;575996492
09032025-084679;202543250005-COBALCHINI;82815481000158;MUNICIPIO DE PIRATUBA;4325;Cobalchini;396000.0;Construção E Reforma De Portais - Construção E Reforma De Portais;2025OB006786;Caixa Econômica Federal;104;1071-5;1071;574064314-3;574064314
09032026-094209;202643920005-ISMAEL;82815481000158;MUNICIPIO DE PIRATUBA;4392;Ismael;248750.0;Aquisição De Equipamento E Material Permanente Para Unidade Básica De Saúde - Ministério da Saúde - Aquisição De Equipamento E Material Permanente Para Unidade Básica De Saúde - Ministério da Saúde;;Caixa Econômica Federal;104;1071-5;1071;569260815-0;569260815
09032026-097346;202643390009-DANIELA REINEHR;82815481000158;MUNICIPIO DE PIRATUBA;4339;Daniela Reinehr;696500.0;Pavimentação Urbana - Ministério das Cidades - Pavimentação Urbana - Ministério das Cidades;2026OB002901;Caixa Econômica Federal;104;1071-5;1071;569563228-1;569563228
0903-003906;202041850004-Jorginho Mello;82777251000141;MUNICIPIO DE TREZE TILIAS;4185;Jorginho Mello;100000.0;;2020OB801718;Banco do Brasil;001;4632-9;4632;11465-0;11465
09032021-009938;202125690003-Celso Maldaner;82777251000141;MUNICIPIO DE TREZE TILIAS;2569;Celso Maldaner;200000.0;;2021OB800145;Banco do Brasil;001;4632-9;4632;11846-X;11846
09032022-017706;202225690003-Celso Maldaner;82777251000141;MUNICIPIO DE TREZE TILIAS;2569;Celso Maldaner;300000.0;;2023OB800688;Banco do Brasil;001;4632-9;4632;12142-8;12142
09032022-021836;202241850010-Jorginho Mello;82777251000141;MUNICIPIO DE TREZE TILIAS;4185;Jorginho Mello;200000.0;;2023OB804941;Banco do Brasil;001;4632-9;4632;12142-8;12142
09032023-034163;202318800004-Angela Amin;82777251000141;MUNICIPIO DE TREZE TILIAS;1880;Angela Amin;200000.0;;2023OB811815;Caixa Econômica Federal;104;418-9;418;576122241-4;576122241
09032023-037055;202339320001-Caroline de Toni;82777251000141;MUNICIPIO DE TREZE TILIAS;3932;Caroline de Toni;300000.0;;2023OB813628;Caixa Econômica Federal;104;418-9;418;576122241-4;576122241
09032023-2-041693;202342510010-Ivete da Silveira;82777251000141;MUNICIPIO DE TREZE TILIAS;4251;Ivete da Silveira;600000.0;;2023OB815946;Caixa Econômica Federal;104;418-9;418;576122241-4;576122241
09032024-068011;202444010006-Julia Zanatta;82777251000141;MUNICIPIO DE TREZE TILIAS;4401;Julia Zanatta;300000.0;;2024OB011570;Caixa Econômica Federal;104;418-9;418;576122247-3;576122247
09032024-072835;202439320001-Caroline de Toni;82777251000141;MUNICIPIO DE TREZE TILIAS;3932;Caroline de Toni;500000.0;;2024OB008495;Caixa Econômica Federal;104;418-9;418;576008062-4;576008062
09032025-081790;202522100013-ESPERIDIÃO AMIN;82777251000141;MUNICIPIO DE TREZE TILIAS;2210;Esperidião Amin;396000.0;Pavimentação: Adequação De Vias - Pavimentação: Adequação De Vias;2025OB000253;Caixa Econômica Federal;104;418-9;418;574810389-0;574810389
09032025-083228;202539320001-CAROLINE DE TONI;82777251000141;MUNICIPIO DE TREZE TILIAS;3932;Caroline de Toni;198000.0;Equipamentos Agrícolas E Agropecuários - Equipamentos Agrícolas E Agropecuários - Rotas De Integração Nacional;2025OB003435;Caixa Econômica Federal;104;418-9;418;574600829-6;574600829
09032026-094584;202622100012-ESPERIDIÃO AMIN;82777251000141;MUNICIPIO DE TREZE TILIAS;2210;Esperidião Amin;398000.0;Pavimentação Urbana - Ministério das Cidades - Pavimentação Urbana - Ministério das Cidades;;Banco do Brasil;001;4632-9;4632;13954-8;13954
09032026-095798;202639320001-CAROLINE DE TONI;82777251000141;MUNICIPIO DE TREZE TILIAS;3932;Caroline de Toni;398000.0;Pavimentação Urbana - Ministério das Cidades - Pavimentação Urbana - Ministério das Cidades;2026OB004822;Banco do Brasil;001;4632-9;4632;13952-1;13952
09032021-009658;202122100006-Esperidião Amin;82821208000136;MUNICIPIO DE ITAPIRANGA;2210;Esperidião Amin;200000.0;;2021OB802017;Banco do Brasil;001;798-6;798;39345-2;39345
09032021-010428;202128550001-Pedro Uczai;82821208000136;MUNICIPIO DE ITAPIRANGA;2855;Pedro Uczai;150000.0;;2021OB802117;Banco do Brasil;001;798-6;798;39345-2;39345
09032022-016136;202237860003-Dário Berger;82821208000136;MUNICIPIO DE ITAPIRANGA;3786;Dário Berger;200000.0;;2022OB802268;Banco do Brasil;001;798-6;798;40647-3;40647
09032023-033081;202328550022-Pedro Uczai;82821208000136;MUNICIPIO DE ITAPIRANGA;2855;Pedro Uczai;200000.0;;2023OB805536;Banco do Brasil;001;798-6;798;42394-7;42394
09032021-011520;202137860003-Dário Berger;82821208000136;MUNICIPIO DE ITAPIRANGA;3786;Dário Berger;100000.0;;2021OB802235;Banco do Brasil;001;798-6;798;39345-2;39345
09032024-074481;202443390001-Daniela Reinehr;82821208000136;MUNICIPIO DE ITAPIRANGA;4339;Daniela Reinehr;300000.0;;2024OB010936;Banco do Brasil;001;798-6;798;43577-5;43577
09032024-070555;202443250003-Cobalchini;82821208000136;MUNICIPIO DE ITAPIRANGA;4325;Cobalchini;400000.0;;2024OB004178;Banco do Brasil;001;798-6;798;43578-3;43578
09032025-083192;202539290001-CARLOS CHIODINI;82821208000136;MUNICIPIO DE ITAPIRANGA;3929;Carlos Chiodini;443512.08;Pavimentação - Pavimentação;2025OB001167;Banco do Brasil;001;798-6;798;45106-1;45106
09032025-084329;202542730001-JORGE SEIF;82821208000136;MUNICIPIO DE ITAPIRANGA;4273;Jorge Seif;396000.0;Construção, Reforma Ou Ampliação De Espaços De Esporte E Lazer - Construção, Reforma Ou Ampliação De Espaços De Esporte E Lazer;2025OB004921;Banco do Brasil;001;798-6;798;45164-9;45164
09032025-084677;202543250005-COBALCHINI;82821208000136;MUNICIPIO DE ITAPIRANGA;4325;Cobalchini;990000.0;Pavimentação De Estradas Vicinais - Pavimentação De Estradas Vicinais;2025OB002195;Banco do Brasil;001;798-6;798;45116-9;45116
09032026-096789;202642510003-IVETE DA SILVEIRA;82821208000136;MUNICIPIO DE ITAPIRANGA;4251;Ivete da Silveira;995000.0;Pavimentação Urbana - Ministério das Cidades - Pavimentação Urbana - Ministério das Cidades;;;;;;;
09032026-097249;202643250001-COBALCHINI;82821208000136;MUNICIPIO DE ITAPIRANGA;4325;Cobalchini;995000.0;Pavimentação Urbana - Ministério das Cidades - Pavimentação Urbana - Ministério das Cidades;;;;;;;
0903-003242;202025690009-Celso Maldaner;85361863000147;MUNICIPIO DE PALMITOS;2569;Celso Maldaner;300000.0;;2020OB801230;Banco do Brasil;001;736-6;736;19502-2;19502
09032021-011959;202139320005-Caroline de Toni;85361863000147;MUNICIPIO DE PALMITOS;3932;Caroline de Toni;300000.0;;2021OB804354;Banco do Brasil;001;736-6;736;20115-4;20115
09032022-016417;202228550021-Pedro Uczai;85361863000147;MUNICIPIO DE PALMITOS;2855;Pedro Uczai;250000.0;;2023OB801101;Banco do Brasil;001;736-6;736;20546-X;20546
09032023-033067;202328550022-Pedro Uczai;85361863000147;MUNICIPIO DE PALMITOS;2855;Pedro Uczai;200000.0;;2023OB809639;Banco do Brasil;001;736-6;736;21479-5;21479
09032023-037047;202339320001-Caroline de Toni;85361863000147;MUNICIPIO DE PALMITOS;3932;Caroline de Toni;250000.0;;2023OB813617;Banco do Brasil;001;736-6;736;21479-5;21479
09032024-068669;202442510013-Ivete da Silveira;85361863000147;MUNICIPIO DE PALMITOS;4251;Ivete da Silveira;125000.0;;2024OB010031;Banco do Brasil;001;736-6;736;21985-1;21985
09032024-068786;202442510012-Ivete da Silveira;85361863000147;MUNICIPIO DE PALMITOS;4251;Ivete da Silveira;125000.0;;2024OB003533;Banco do Brasil;001;736-6;736;21984-3;21984
09032024-070535;202443250003-Cobalchini;85361863000147;MUNICIPIO DE PALMITOS;4325;Cobalchini;1000000.0;;2024OB004183, 2024OB010754;Banco do Brasil;001;736-6;736;21982-7;21982
09032024-073974;202442730001-Jorge Seif;85361863000147;MUNICIPIO DE PALMITOS;4273;Jorge Seif;100000.0;;2024OB010230;Banco do Brasil;001;736-6;736;21980-0;21980
09032024-074454;202443390001-Daniela Reinehr;85361863000147;MUNICIPIO DE PALMITOS;4339;Daniela Reinehr;300000.0;;2024OB010900;Banco do Brasil;001;736-6;736;21981-9;21981
09032025-081153;202543920009-ISMAEL;85361863000147;MUNICIPIO DE PALMITOS;4392;Ismael;594000.0;Pavimentação: Adequação De Vias - Pavimentação: Adequação De Vias;2025OB002377;Caixa Econômica Federal;104;1080-4;1080;574776062-5;574776062
09032025-084312;202542730001-JORGE SEIF;85361863000147;MUNICIPIO DE PALMITOS;4273;Jorge Seif;396000.0;Pavimentação - Pavimentação;2025OB002018;Caixa Econômica Federal;104;1080-4;1080;574847028-0;574847028
09032026-095793;202639320001-CAROLINE DE TONI;85361863000147;MUNICIPIO DE PALMITOS;3932;Caroline de Toni;497500.0;Pavimentação Urbana - Ministério das Cidades - Pavimentação Urbana - Ministério das Cidades;2026OB001462;Caixa Econômica Federal;104;1080-4;1080;569372426-0;569372426
0903-004072;202025690009-Celso Maldaner;82836818000103;MUNICIPIO DE SAO MARTINHO;2569;Celso Maldaner;150000.0;;2020OB801181;Caixa Econômica Federal;104;410-3;410;6672012-7;6672012
09032021-011504;202137860003-Dário Berger;82836818000103;MUNICIPIO DE SAO MARTINHO;3786;Dário Berger;100000.0;;2021OB804238;Banco do Brasil;001;5342-2;5342;7364-4;7364
09032024-068794;202442510012-Ivete da Silveira;82836818000103;MUNICIPIO DE SAO MARTINHO;4251;Ivete da Silveira;75000.0;;2024OB003544;Caixa Econômica Federal;104;410-3;410;575864675-6;575864675
09032021-013417;202141850007-Jorginho Mello;82836818000103;MUNICIPIO DE SAO MARTINHO;4185;Jorginho Mello;200000.0;;2021OB803319;Banco do Brasil;001;5342-2;5342;7364-4;7364
09032022-021835;202241850010-Jorginho Mello;82836818000103;MUNICIPIO DE SAO MARTINHO;4185;Jorginho Mello;100000.0;;2023OB804960;Caixa Econômica Federal;104;410-3;410;575864668-3;575864668
09032023-2-041692;202342510010-Ivete da Silveira;82836818000103;MUNICIPIO DE SAO MARTINHO;4251;Ivete da Silveira;300000.0;;2023OB815933;Banco do Brasil;001;5342-2;5342;7834-4;7834
09032024-068677;202442510013-Ivete da Silveira;82836818000103;MUNICIPIO DE SAO MARTINHO;4251;Ivete da Silveira;75000.0;;2024OB010040;Caixa Econômica Federal;104;410-3;410;575864676-4;575864676
09032024-070423;202444010007-Julia Zanatta;82836818000103;MUNICIPIO DE SAO MARTINHO;4401;Julia Zanatta;300000.0;;2024OB011560;Caixa Econômica Federal;104;410-3;410;575864674-8;575864674
09032025-080745;202544010010-JULIA ZANATTA;82836818000103;MUNICIPIO DE SAO MARTINHO;4401;Julia Zanatta;990000.0;Pavimentação De Estradas Vicinais - Pavimentação De Estradas Vicinais;2025OB002408;Caixa Econômica Federal;104;410-3;410;574824047-1;574824047
09032026-091782;202644010005-JULIA ZANATTA;82836818000103;MUNICIPIO DE SAO MARTINHO;4401;Julia Zanatta;497500.0;Aquisição de Máquinas e Equipamentos (GND 4) - Ministério da Agricultura e Pecuária - Aquisição de Máquinas e Equipamentos (GND 4) - Ministério da Agricultura e Pecuária;;Caixa Econômica Federal;104;410-3;410;568927551-0;568927551
09032025-080637;202542510003-IVETE DA SILVEIRA;82836818000103;MUNICIPIO DE SAO MARTINHO;4251;Ivete da Silveira;297000.0;Aquisição De Equipamentos/Material Permanente - Aquisição De Equipamentos/Material Permanente;;Caixa Econômica Federal;104;410-3;410;;
09032025-2-087460;202542510003-IVETE DA SILVEIRA;82836818000103;MUNICIPIO DE SAO MARTINHO;4251;Ivete da Silveira;297000.0;Aquisição De Equipamentos/Material Permanente - Aquisição De Equipamentos/Material Permanente;;Caixa Econômica Federal;104;410-3;410;;
0903-004185;202025690009-Celso Maldaner;83021147000195;MUNICIPIO DE CUNHA PORA;2569;Celso Maldaner;250000.0;;2020OB801252;Caixa Econômica Federal;104;4438-5;4438;575994445-9;575994445
09032021-012238;202139800001-Fabio Schiochet;83021147000195;MUNICIPIO DE CUNHA PORA;3980;Fabio Schiochet;500000.0;;2021OB801664;Caixa Econômica Federal;104;4438-5;4438;575994446-7;575994446
09032023-037040;202339320001-Caroline de Toni;83021147000195;MUNICIPIO DE CUNHA PORA;3932;Caroline de Toni;40000.0;;2023OB813645;Caixa Econômica Federal;104;4438-5;4438;575994448-3;575994448
09032024-067040;202429250006-Carmen Zanotto;83021147000195;MUNICIPIO DE CUNHA PORA;2925;Carmen Zanotto;150000.0;;2024OB007338;Caixa Econômica Federal;104;4438-5;4438;575994451-3;575994451
09032024-070533;202443250003-Cobalchini;83021147000195;MUNICIPIO DE CUNHA PORA;4325;Cobalchini;350000.0;;2024OB004170;Caixa Econômica Federal;104;4438-5;4438;575994452-1;575994452
09032024-074441;202443390001-Daniela Reinehr;83021147000195;MUNICIPIO DE CUNHA PORA;4339;Daniela Reinehr;700000.0;;2024OB004272;Caixa Econômica Federal;104;4438-5;4438;575994449-1;575994449
09032024-074712;202443920007-Ismael;83021147000195;MUNICIPIO DE CUNHA PORA;4392;Ismael;200000.0;;2024OB011127;Caixa Econômica Federal;104;4438-5;4438;575994453-0;575994453
09032025-081774;202522100013-ESPERIDIÃO AMIN;83021147000195;MUNICIPIO DE CUNHA PORA;2210;Esperidião Amin;297000.0;Aquisição De Veiculos - Aquisição De Veiculos;;Caixa Econômica Federal;104;4438-5;4438;;
09032025-084663;202543250005-COBALCHINI;83021147000195;MUNICIPIO DE CUNHA PORA;4325;Cobalchini;396000.0;Pavimentação - Pavimentação;2025OB002190;Caixa Econômica Federal;104;4438-5;4438;574847023-0;574847023
09032025-2-087593;202522100013-ESPERIDIÃO AMIN;83021147000195;MUNICIPIO DE CUNHA PORA;2210;Esperidião Amin;297000.0;Veículo De Apoio À Produção - Veículo De Apoio À Produção - Rotas De Integração Nacional;2025OB007496;Caixa Econômica Federal;104;4438-5;4438;573636823-0;573636823
09032026-091772;202644010005-JULIA ZANATTA;83021147000195;MUNICIPIO DE CUNHA PORA;4401;Julia Zanatta;398000.0;Pavimentação Urbana - Ministério das Cidades - Pavimentação Urbana - Ministério das Cidades;2026OB003200;Caixa Econômica Federal;104;4438-5;4438;569487346-3;569487346
09032026-093901;202642090003-JORGE GOETTEN;83021147000195;MUNICIPIO DE CUNHA PORA;4209;Jorge Goetten;199000.0;Aquisição De Equipamentos Esportivos  - Ministério do Esporte - Aquisição De Equipamentos Esportivos  - Ministério do Esporte;;Caixa Econômica Federal;104;4438-5;4438;568812948-0;568812948
09032026-095787;202639320001-CAROLINE DE TONI;83021147000195;MUNICIPIO DE CUNHA PORA;3932;Caroline de Toni;248750.0;Aquisição de Máquinas e Equipamentos (GND 4) - Ministério da Agricultura e Pecuária - Aquisição de Máquinas e Equipamentos (GND 4) - Ministério da Agricultura e Pecuária;;Caixa Econômica Federal;104;4438-5;4438;569002286-8;569002286
09032026-089601;202632350004-GEOVANIA DE SÁ;83021147000195;MUNICIPIO DE CUNHA PORA;3235;Geovania De Sá;398000.0;Infraestrutura Turística - Ministério do Turismo - Infraestrutura Turística - Ministério do Turismo;2026OB000941;Caixa Econômica Federal;104;4438-5;4438;569446599-3;569446599
09032021-010969;202132350006-Geovania De Sá;82926551000145;MUNICIPIO DE BRACO DO NORTE;3235;Geovania De Sá;250000.0;;2021OB801964;Caixa Econômica Federal;104;1070-7;1070;575861772-1;575861772
09032022-015113;202229250013-Carmen Zanotto;82926551000145;MUNICIPIO DE BRACO DO NORTE;2925;Carmen Zanotto;100000.0;;2022OB801462;Caixa Econômica Federal;104;1070-7;1070;575861773-0;575861773
09032024-072772;202439290001-Carlos Chiodini;82926551000145;MUNICIPIO DE BRACO DO NORTE;3929;Carlos Chiodini;250000.0;;2024OB008445;Caixa Econômica Federal;104;1070-7;1070;575861775-6;575861775
09032022-020520;202240150005-Hélio Costa;82926551000145;MUNICIPIO DE BRACO DO NORTE;4015;Hélio Costa;250000.0;;2022OB803010;Caixa Econômica Federal;104;1070-7;1070;575861773-0;575861773
09032023-034170;202318800004-Angela Amin;82926551000145;MUNICIPIO DE BRACO DO NORTE;1880;Angela Amin;155003.0;;2023OB808429;Caixa Econômica Federal;104;1070-7;1070;575861774-8;575861774
09032023-038050;202340620003-Ricardo Guidi;82926551000145;MUNICIPIO DE BRACO DO NORTE;4062;Ricardo Guidi;500000.0;;2023OB814227;Caixa Econômica Federal;104;1070-7;1070;575861774-8;575861774
09032024-068017;202444010006-Julia Zanatta;82926551000145;MUNICIPIO DE BRACO DO NORTE;4401;Julia Zanatta;300000.0;;2024OB011593;Caixa Econômica Federal;104;1070-7;1070;575861783-7;575861783
09032024-068691;202442510013-Ivete da Silveira;82926551000145;MUNICIPIO DE BRACO DO NORTE;4251;Ivete da Silveira;125000.0;;2024OB009981;Caixa Econômica Federal;104;1070-7;1070;575861782-9;575861782
09032024-068808;202442510012-Ivete da Silveira;82926551000145;MUNICIPIO DE BRACO DO NORTE;4251;Ivete da Silveira;125000.0;;2024OB003559;Caixa Econômica Federal;104;1070-7;1070;575861781-0;575861781
09032024-069089;202422100016-Esperidião Amin;82926551000145;MUNICIPIO DE BRACO DO NORTE;2210;Esperidião Amin;300000.0;;2024OB005646;Caixa Econômica Federal;104;1070-7;1070;575861778-0;575861778
09032024-073521;202440620002-Ricardo Guidi;82926551000145;MUNICIPIO DE BRACO DO NORTE;4062;Ricardo Guidi;500000.0;;2024OB002872;Caixa Econômica Federal;104;1070-7;1070;575861777-2;575861777
09032024-073883;202442090002-Jorge Goetten;82926551000145;MUNICIPIO DE BRACO DO NORTE;4209;Jorge Goetten;100000.0;;2024OB009938;Caixa Econômica Federal;104;1070-7;1070;575861779-9;575861779
09032024-074011;202442730001-Jorge Seif;82926551000145;MUNICIPIO DE BRACO DO NORTE;4273;Jorge Seif;100000.0;;2024OB010185;Caixa Econômica Federal;104;1070-7;1070;575861776-4;575861776
09032026-096358;202640620003-RICARDO GUIDI;82926551000145;MUNICIPIO DE BRACO DO NORTE;4062;Ricardo Guidi;796000.0;Áreas De Lazer E Estruturas Para Atividades Físicas Em Espaços Públicos - Parques E Praças - Ministério das Cidades - Áreas De Lazer E Estruturas Para Atividades Físicas Em Espaços Públicos - Parques E Praças - Ministério das Cidades;2026OB001825;Caixa Econômica Federal;104;1070-7;1070;569528943-9;569528943
09032026-094591;202622100012-ESPERIDIÃO AMIN;82926551000145;MUNICIPIO DE BRACO DO NORTE;2210;Esperidião Amin;398000.0;Áreas De Lazer E Estruturas Para Atividades Físicas Em Espaços Públicos - Parques E Praças - Ministério das Cidades - Áreas De Lazer E Estruturas Para Atividades Físicas Em Espaços Públicos - Parques E Praças - Ministério das Cidades;2026OB000211;Caixa Econômica Federal;104;1070-7;1070;569528941-2;569528941
09032026-095953;202639800001-FABIO SCHIOCHET;82926551000145;MUNICIPIO DE BRACO DO NORTE;3980;Fabio Schiochet;398000.0;Pavimentação Urbana - Ministério das Cidades - Pavimentação Urbana - Ministério das Cidades;2026OB001603;Caixa Econômica Federal;104;1070-7;1070;569528942-0;569528942
09032026-093917;202642090003-JORGE GOETTEN;82926551000145;MUNICIPIO DE BRACO DO NORTE;4209;Jorge Goetten;726350.0;Pavimentação Urbana - Ministério das Cidades - Pavimentação Urbana - Ministério das Cidades;2026OB002378;Caixa Econômica Federal;104;1070-7;1070;569528944-7;569528944
09032025-080751;202544010010-JULIA ZANATTA;82926551000145;MUNICIPIO DE BRACO DO NORTE;4401;Julia Zanatta;990000.0;Pavimentação - Pavimentação;2025OB002409;Caixa Econômica Federal;104;1070-7;1070;574824048-0;574824048
09032025-081800;202522100013-ESPERIDIÃO AMIN;82926551000145;MUNICIPIO DE BRACO DO NORTE;2210;Esperidião Amin;297000.0;Caminhão Basculante/Caçamba - Caminhão Basculante/Caçamba - Infraestrutura Produtiva;2025OB000252;Caixa Econômica Federal;104;1070-7;1070;574824049-8;574824049
09032021-011970;202139320005-Caroline de Toni;82538851000157;MUNICIPIO DE IMARUI;3932;Caroline de Toni;100000.0;;2021OB802274;Banco do Brasil;001;5211-6;5211;10747-6;10747
09032021-010973;202132350006-Geovania De Sá;82538851000157;MUNICIPIO DE IMARUI;3235;Geovania De Sá;100000.0;;2021OB801972;Banco do Brasil;001;5211-6;5211;10747-6;10747
09032022-014141;202232350003-Geovania De Sá;82538851000157;MUNICIPIO DE IMARUI;3235;Geovania De Sá;200000.0;;2023OB801640;Banco do Brasil;001;5211-6;5211;11264-X;11264
09032022-016134;202237860003-Dário Berger;82538851000157;MUNICIPIO DE IMARUI;3786;Dário Berger;300000.0;;2022OB802264;Banco do Brasil;001;5211-6;5211;11264-X;11264
09032023-037067;202339320001-Caroline de Toni;82538851000157;MUNICIPIO DE IMARUI;3932;Caroline de Toni;150000.0;;2023OB810529;Banco do Brasil;001;5211-6;5211;12049-9;12049
09032023-038052;202340620003-Ricardo Guidi;82538851000157;MUNICIPIO DE IMARUI;4062;Ricardo Guidi;400000.0;;2023OB814212;Banco do Brasil;001;5211-6;5211;12049-9;12049
09032024-074019;202442730001-Jorge Seif;82538851000157;MUNICIPIO DE IMARUI;4273;Jorge Seif;100000.0;;2024OB010218;Caixa Econômica Federal;104;1075-8;1075;575996501-4;575996501
09032024-074726;202443920007-Ismael;82538851000157;MUNICIPIO DE IMARUI;4392;Ismael;200000.0;;2024OB011116;Caixa Econômica Federal;104;1075-8;1075;575996499-9;575996499
09032024-072852;202439320001-Caroline de Toni;82538851000157;MUNICIPIO DE IMARUI;3932;Caroline de Toni;100000.0;;2024OB002356;Caixa Econômica Federal;104;1075-8;1075;575996498-0;575996498
09032025-080642;202542510003-IVETE DA SILVEIRA;82538851000157;MUNICIPIO DE IMARUI;4251;Ivete da Silveira;297000.0;Aquisição De Equipamentos/Material Permanente - Aquisição De Equipamentos/Material Permanente;2025OB003842;Banco do Brasil;001;5211-6;5211;13952-1;13952
09032025-083896;202540620003-RICARDO GUIDI;82538851000157;MUNICIPIO DE IMARUI;4062;Ricardo Guidi;396000.0;Construção, Reforma Ou Ampliação De Espaços De Esporte E Lazer - Construção, Reforma Ou Ampliação De Espaços De Esporte E Lazer;2025OB004791;Banco do Brasil;001;5211-6;5211;13977-7;13977
09032025-083240;202539320001-CAROLINE DE TONI;82538851000157;MUNICIPIO DE IMARUI;3932;Caroline de Toni;396000.0;Pavimentação - Pavimentação;2025OB003452;Banco do Brasil;001;5211-6;5211;13951-3;13951
09032025-081161;202543920009-ISMAEL;82538851000157;MUNICIPIO DE IMARUI;4392;Ismael;247500.0;Aquisição De Unidade Móvel De Saúde - Aquisição De Unidade Móvel De Saúde;;Banco do Brasil;001;5211-6;5211;;
09032025-2-086995;202543920009-ISMAEL;82538851000157;MUNICIPIO DE IMARUI;4392;Ismael;247500.0;Aquisição De Equipamento E Material Permanente Para Unidade Básica De Saúde - Aquisição De Equipamento E Material Permanente Para Unidade Básica De Saúde;;Banco do Brasil;001;5211-6;5211;;
09032026-094208;202643920005-ISMAEL;82538851000157;MUNICIPIO DE IMARUI;4392;Ismael;398000.0;Pavimentação Urbana - Ministério das Cidades - Pavimentação Urbana - Ministério das Cidades;2026OB005822;Banco do Brasil;001;5211-6;5211;14396-0;14396
09032026-095958;202639800001-FABIO SCHIOCHET;82538851000157;MUNICIPIO DE IMARUI;3980;Fabio Schiochet;696500.0;Pavimentação Urbana - Ministério das Cidades - Pavimentação Urbana - Ministério das Cidades;2026OB001589;Banco do Brasil;001;5211-6;5211;14385-5;14385
09032026-097343;202643390009-DANIELA REINEHR;82538851000157;MUNICIPIO DE IMARUI;4339;Daniela Reinehr;398000.0;Pavimentação Urbana - Ministério das Cidades - Pavimentação Urbana - Ministério das Cidades;2026OB005697;Banco do Brasil;001;5211-6;5211;14391-X;14391
09032026-093922;202642090003-JORGE GOETTEN;82538851000157;MUNICIPIO DE IMARUI;4209;Jorge Goetten;398000.0;Ações E Serviços De Saneamento Básico Em Áreas Rurais - Ministério das Cidades - Ações E Serviços De Saneamento Básico Em Áreas Rurais - Ministério das Cidades;2026OB005445;Banco do Brasil;001;5211-6;5211;14429-0;14429
09032022-020243;202239800001-Fabio Schiochet;83102475000116;MUNICIPIO DE GUARAMIRIM;3980;Fabio Schiochet;3549682.0;;2022OB802834;Caixa Econômica Federal;104;1074-0;1074;575861809-4;575861809
09032024-074016;202442730001-Jorge Seif;83102475000116;MUNICIPIO DE GUARAMIRIM;4273;Jorge Seif;100000.0;;2024OB010258;Caixa Econômica Federal;104;1074-0;1074;575861813-2;575861813
09032024-072851;202439320001-Caroline de Toni;83102475000116;MUNICIPIO DE GUARAMIRIM;3932;Caroline de Toni;100000.0;;2024OB002344;Caixa Econômica Federal;104;1074-0;1074;575861812-4;575861812
09032021-012128;202139530003-Darci de Matos;83102475000116;MUNICIPIO DE GUARAMIRIM;3953;Darci de Matos;400000.0;;2021OB801316;Caixa Econômica Federal;104;1074-0;1074;575861808-6;575861808
09032024-072776;202439290001-Carlos Chiodini;83102475000116;MUNICIPIO DE GUARAMIRIM;3929;Carlos Chiodini;350000.0;;2024OB008437;Caixa Econômica Federal;104;1074-0;1074;575861811-6;575861811
09032025-079224;202544480001-PEZENTI;83102475000116;MUNICIPIO DE GUARAMIRIM;4448;Pezenti;198000.0;Aquisição De Equipamentos Esportivos - Aquisição De Equipamentos Esportivos;2025OB004272;Caixa Econômica Federal;104;1074-0;1074;574600859-8;574600859
09032025-083190;202539290001-CARLOS CHIODINI;83102475000116;MUNICIPIO DE GUARAMIRIM;3929;Carlos Chiodini;495000.0;Pavimentação - Pavimentação;2025OB001154;Caixa Econômica Federal;104;1074-0;1074;574695542-2;574695542
09032026-091788;202644010005-JULIA ZANATTA;83102475000116;MUNICIPIO DE GUARAMIRIM;4401;Julia Zanatta;597000.0;Pavimentação: Adequação De Vias, Pontes, Travessias e Obras de Artes Especiais em Área Urbana - Ministério das Cidades - Pavimentação: Adequação De Vias, Pontes, Travessias e Obras de Artes Especiais em Área Urbana - Ministério das Cidades;2026OB003196;Caixa Econômica Federal;104;1074-0;1074;569487353-6;569487353
09032025-084325;202542730001-JORGE SEIF;83102475000116;MUNICIPIO DE GUARAMIRIM;4273;Jorge Seif;396000.0;Pavimentação - Pavimentação;2025OB002010;Caixa Econômica Federal;104;1074-0;1074;574695539-2;574695539
09032025-083238;202539320001-CAROLINE DE TONI;83102475000116;MUNICIPIO DE GUARAMIRIM;3932;Caroline de Toni;396000.0;Pavimentação - Pavimentação;2025OB001176;Caixa Econômica Federal;104;1074-0;1074;574695541-4;574695541
09032026-089620;202632350004-GEOVANIA DE SÁ;83102475000116;MUNICIPIO DE GUARAMIRIM;3235;Geovania De Sá;298500.0;Aquisição De Unidade Móvel De Saúde - Ministério da Saúde - Aquisição De Unidade Móvel De Saúde - Ministério da Saúde;;Caixa Econômica Federal;104;1074-0;1074;568689122-9;568689122
09032026-094594;202622100012-ESPERIDIÃO AMIN;83102475000116;MUNICIPIO DE GUARAMIRIM;2210;Esperidião Amin;398000.0;Pavimentação Urbana - Ministério das Cidades - Pavimentação Urbana - Ministério das Cidades;2026OB003978;Caixa Econômica Federal;104;1074-0;1074;569260833-9;569260833
09032026-095748;202639290001-CARLOS CHIODINI;83102475000116;MUNICIPIO DE GUARAMIRIM;3929;Carlos Chiodini;497500.0;Aquisição de Máquinas e Equipamentos (GND 4) - Ministério da Agricultura e Pecuária - Aquisição de Máquinas e Equipamentos (GND 4) - Ministério da Agricultura e Pecuária;2026OB004802;Caixa Econômica Federal;104;1074-0;1074;569002293-0;569002293
09032026-095808;202639320001-CAROLINE DE TONI;83102475000116;MUNICIPIO DE GUARAMIRIM;3932;Caroline de Toni;398000.0;Pavimentação Urbana - Ministério das Cidades - Pavimentação Urbana - Ministério das Cidades;;Caixa Econômica Federal;104;1074-0;1074;569372403-0;569372403
09032026-094111;202644480001-PEZENTI;83102475000116;MUNICIPIO DE GUARAMIRIM;4448;Pezenti;298500.0;Aquisição De Veículo - Ministério do Desenvolvimento e Assistência Social, Família e Combate à Fome - Aquisição De Veículo - Ministério do Desenvolvimento e Assistência Social, Família e Combate à Fome;;Caixa Econômica Federal;104;1074-0;1074;569171469-0;569171469
09032022-014151;202232350003-Geovania De Sá;95995247000100;MUNICIPIO DE ARVOREDO;3235;Geovania De Sá;100000.0;;2023OB801636;Caixa Econômica Federal;104;1881-3;1881;575996148-5;575996148
09032024-072873;202439320001-Caroline de Toni;95995247000100;MUNICIPIO DE ARVOREDO;3932;Caroline de Toni;100000.0;;2024OB008502;Caixa Econômica Federal;104;1881-3;1881;575996151-5;575996151
09032024-074501;202443390001-Daniela Reinehr;95995247000100;MUNICIPIO DE ARVOREDO;4339;Daniela Reinehr;100000.0;;2024OB004266;Caixa Econômica Federal;104;1881-3;1881;575996152-3;575996152
09032025-083415;202539800001-FABIO SCHIOCHET;95995247000100;MUNICIPIO DE ARVOREDO;3980;Fabio Schiochet;396000.0;Infraestrutura Hídrica Para Abastecimento - Infraestrutura Hídrica Para Abastecimento;2025OB001283;Caixa Econômica Federal;104;1881-3;1881;574739342-8;574739342
09032025-084758;202543390010-DANIELA REINEHR;95995247000100;MUNICIPIO DE ARVOREDO;4339;Daniela Reinehr;1980000.0;Objeto Único Não Padronizado – Obras e Serviços de Engenharia - Construção de Ponte de Ligação com município de Xaxim para o escoamento da produção agropecuária;2025OB004966;Caixa Econômica Federal;104;1881-3;1881;574450206-4;574450206
09032021-010637;202129250018-Carmen Zanotto;82854670000130;MUNICIPIO DE XAXIM;2925;Carmen Zanotto;300000.0;;2021OB800648, 2021OB801776;Caixa Econômica Federal;104;1085-5;1085;575860803-0;575860803
09032021-011974;202139320005-Caroline de Toni;82854670000130;MUNICIPIO DE XAXIM;3932;Caroline de Toni;200000.0;;2021OB801240;Caixa Econômica Federal;104;1085-5;1085;575860803-0;575860803
09032022-015120;202229250013-Carmen Zanotto;82854670000130;MUNICIPIO DE XAXIM;2925;Carmen Zanotto;30000.0;;2023OB801304;Caixa Econômica Federal;104;1085-5;1085;575860805-6;575860805
09032022-021853;202241850010-Jorginho Mello;82854670000130;MUNICIPIO DE XAXIM;4185;Jorginho Mello;100000.0;;2023OB804948;Caixa Econômica Federal;104;1085-5;1085;575860805-6;575860805
09032024-066110;202442730002-Jorge Seif;82854670000130;MUNICIPIO DE XAXIM;4273;Jorge Seif;100000.0;;2024OB010248;Caixa Econômica Federal;104;1085-5;1085;575860808-0;575860808
09032024-068830;202442510012-Ivete da Silveira;82854670000130;MUNICIPIO DE XAXIM;4251;Ivete da Silveira;50000.0;;2024OB003546;Caixa Econômica Federal;104;1085-5;1085;575860807-2;575860807
09032024-072865;202439320001-Caroline de Toni;82854670000130;MUNICIPIO DE XAXIM;3932;Caroline de Toni;300000.0;;2024OB008494;Caixa Econômica Federal;104;1085-5;1085;575860806-4;575860806
09032025-081303;202542090003-JORGE GOETTEN;82854670000130;MUNICIPIO DE XAXIM;4209;Jorge Goetten;891000.0;Pavimentação - Pavimentação;2025OB001894;Caixa Econômica Federal;104;1085-5;1085;574644902-0;574644902
09032025-081302;202542090003-JORGE GOETTEN;82854670000130;MUNICIPIO DE XAXIM;4209;Jorge Goetten;396000.0;Áreas De Lazer E Estruturas Para Atividades Físicas Em Espaços Públicos - Áreas De Lazer E Estruturas Para Atividades Físicas Em Espaços Públicos - Parques E Praças;2025OB006568;Caixa Econômica Federal;104;1085-5;1085;574265119-4;574265119
09032025-083196;202539290001-CARLOS CHIODINI;82854670000130;MUNICIPIO DE XAXIM;3929;Carlos Chiodini;990000.0;Pavimentação - Pavimentação;2025OB001157;Caixa Econômica Federal;104;1085-5;1085;574776047-1;574776047
09032026-095753;202639290001-CARLOS CHIODINI;82854670000130;MUNICIPIO DE XAXIM;3929;Carlos Chiodini;497500.0;Pavimentação Urbana - Ministério das Cidades - Pavimentação Urbana - Ministério das Cidades;;Caixa Econômica Federal;104;1085-5;1085;569300188-8;569300188
09032026-095819;202639320001-CAROLINE DE TONI;82854670000130;MUNICIPIO DE XAXIM;3932;Caroline de Toni;398000.0;Pavimentação Urbana - Ministério das Cidades - Pavimentação Urbana - Ministério das Cidades;2026OB004815;Caixa Econômica Federal;104;1085-5;1085;569300189-6;569300189
09032022-014146;202232350003-Geovania De Sá;82915026000124;MUNICIPIO DE MARACAJA;3235;Geovania De Sá;400000.0;;2022OB801779;Caixa Econômica Federal;104;427-8;427;576008228-7;576008228
09032022-021042;202240620006-Ricardo Guidi;82915026000124;MUNICIPIO DE MARACAJA;4062;Ricardo Guidi;200000.0;;2023OB803718;Caixa Econômica Federal;104;427-8;427;576008228-7;576008228
09032023-037008;202339290002-Carlos Chiodini;82915026000124;MUNICIPIO DE MARACAJA;3929;Carlos Chiodini;300000.0;;2023OB810495;Caixa Econômica Federal;104;427-8;427;576008232-5;576008232
09032023-038056;202340620003-Ricardo Guidi;82915026000124;MUNICIPIO DE MARACAJA;4062;Ricardo Guidi;500000.0;;2023OB811031;Caixa Econômica Federal;104;427-8;427;576008232-5;576008232
09032024-069394;202439800001-Fabio Schiochet;82915026000124;MUNICIPIO DE MARACAJA;3980;Fabio Schiochet;2000000.0;;2024OB008732;Caixa Econômica Federal;104;427-8;427;576008233-3;576008233
09032024-073529;202440620002-Ricardo Guidi;82915026000124;MUNICIPIO DE MARACAJA;4062;Ricardo Guidi;114000.0;;2024OB002861;Caixa Econômica Federal;104;427-8;427;576008238-4;576008238
09032025-080644;202542510003-IVETE DA SILVEIRA;82915026000124;MUNICIPIO DE MARACAJA;4251;Ivete da Silveira;198000.0;Custeio De Serviços - Custeio De Serviços;2025OB006591;Caixa Econômica Federal;104;427-8;427;574150466-0;574150466
09032026-095756;202639290001-CARLOS CHIODINI;82915026000124;MUNICIPIO DE MARACAJA;3929;Carlos Chiodini;398000.0;Pavimentação De Estradas Vicinais - Ministério da Integração e do Desenvolvimento Regional - Pavimentação De Estradas Vicinais - Ministério da Integração e do Desenvolvimento Regional;2026OB001447;Caixa Econômica Federal;104;427-8;427;569446588-8;569446588
09032026-096370;202640620003-RICARDO GUIDI;82915026000124;MUNICIPIO DE MARACAJA;4062;Ricardo Guidi;398000.0;Pavimentação Urbana - Ministério das Cidades - Pavimentação Urbana - Ministério das Cidades;2026OB005074;Caixa Econômica Federal;104;427-8;427;569300194-2;569300194
09032026-089634;202632350004-GEOVANIA DE SÁ;82915026000124;MUNICIPIO DE MARACAJA;3235;Geovania De Sá;398000.0;Aquisição de Insumos (GND 3) - Ministério da Agricultura e Pecuária - Aquisição de Insumos (GND 3) - Ministério da Agricultura e Pecuária;2026OB004484;Caixa Econômica Federal;104;427-8;427;569002278-7;569002278
09032021-010423;202128550001-Pedro Uczai;95990198000104;MUNICIPIO DE CORDILHEIRA ALTA;2855;Pedro Uczai;250000.0;;2021OB803941;Banco do Brasil;001;321-2;321;114598-3;114598
09032022-016420;202228550021-Pedro Uczai;95990198000104;MUNICIPIO DE CORDILHEIRA ALTA;2855;Pedro Uczai;250000.0;;2022OB801256;Caixa Econômica Federal;104;3831-8;3831;575855272-7;575855272
09032022-017391;202222100001-Esperidião Amin;95990198000104;MUNICIPIO DE CORDILHEIRA ALTA;2210;Esperidião Amin;150000.0;;2022OB800663;Caixa Econômica Federal;104;3831-8;3831;575855272-7;575855272
09032023-034413;202322100001-Esperidião Amin;95990198000104;MUNICIPIO DE CORDILHEIRA ALTA;2210;Esperidião Amin;200000.0;;2023OB809270;Caixa Econômica Federal;104;3831-8;3831;575855273-5;575855273
09032024-074003;202442730001-Jorge Seif;95990198000104;MUNICIPIO DE CORDILHEIRA ALTA;4273;Jorge Seif;100000.0;;2024OB010259;Caixa Econômica Federal;104;3831-8;3831;575855274-3;575855274
09032025-084672;202543250005-COBALCHINI;95990198000104;MUNICIPIO DE CORDILHEIRA ALTA;4325;Cobalchini;495000.0;Pavimentação - Pavimentação;2025OB002202;Caixa Econômica Federal;104;3831-8;3831;574761805-5;574761805
09032026-089617;202632350004-GEOVANIA DE SÁ;95990198000104;MUNICIPIO DE CORDILHEIRA ALTA;3235;Geovania De Sá;199000.0;Aquisição de Máquinas e Equipamentos (GND 4) - Ministério da Agricultura e Pecuária - Aquisição de Máquinas e Equipamentos (GND 4) - Ministério da Agricultura e Pecuária;;Caixa Econômica Federal;104;3831-8;3831;569002361-9;569002361
09032026-097247;202643250001-COBALCHINI;95990198000104;MUNICIPIO DE CORDILHEIRA ALTA;4325;Cobalchini;398000.0;Pavimentação Urbana - Ministério das Cidades - Pavimentação Urbana - Ministério das Cidades;2026OB002849;Caixa Econômica Federal;104;3831-8;3831;569487467-2;569487467
09032022-014152;202232350003-Geovania De Sá;95996187000131;MUNICIPIO DE VARGEM BONITA;3235;Geovania De Sá;150000.0;;2023OB801642;Banco do Brasil;001;1760-4;1760;18505-1;18505
09032023-037085;202339320001-Caroline de Toni;95996187000131;MUNICIPIO DE VARGEM BONITA;3932;Caroline de Toni;100000.0;;2023OB813660;Banco do Brasil;001;1760-4;1760;19252-X;19252
09032024-072874;202439320001-Caroline de Toni;95996187000131;MUNICIPIO DE VARGEM BONITA;3932;Caroline de Toni;150000.0;;2024OB008501;Banco do Brasil;001;1760-4;1760;19802-1;19802
09032024-074733;202443920007-Ismael;95996187000131;MUNICIPIO DE VARGEM BONITA;4392;Ismael;200000.0;;2024OB011110;Banco do Brasil;001;1760-4;1760;19804-8;19804
09032025-083257;202539320001-CAROLINE DE TONI;95996187000131;MUNICIPIO DE VARGEM BONITA;3932;Caroline de Toni;405900.0;Retroescavadeira - Retroescavadeira - Infraestrutura Produtiva;2025OB001191;Banco do Brasil;001;1760-4;1760;20956-2;20956
09032025-075754;202542730002-JORGE SEIF;95996187000131;MUNICIPIO DE VARGEM BONITA;4273;Jorge Seif;198000.0;Objeto Único Não Padronizado – Demais - ÓRGÃO 51000 - Ministério do Esporte;;;;;;;
0903-004212;202041850004-Jorginho Mello;82939430000138;MUNICIPIO DE HERVAL D'OESTE;4185;Jorginho Mello;250000.0;;2020OB801745;Banco do Brasil;001;2103-2;2103;22772-2;22772
0903-004765;202022100018-Esperidião Amin;82939430000138;MUNICIPIO DE HERVAL D'OESTE;2210;Esperidião Amin;150000.0;;2020OB801231;Banco do Brasil;001;2103-2;2103;22772-2;22772
09032021-009652;202122100006-Esperidião Amin;82939430000138;MUNICIPIO DE HERVAL D'OESTE;2210;Esperidião Amin;200000.0;;2021OB800549;Banco do Brasil;001;2103-2;2103;23718-3;23718
09032021-011958;202139320005-Caroline de Toni;82939430000138;MUNICIPIO DE HERVAL D'OESTE;3932;Caroline de Toni;300000.0;;2021OB800655;Banco do Brasil;001;2103-2;2103;23718-3;23718
09032022-014122;202232350003-Geovania De Sá;82939430000138;MUNICIPIO DE HERVAL D'OESTE;3235;Geovania De Sá;200000.0;;2022OB801807;Banco do Brasil;001;2103-2;2103;24494-5;24494
09032022-016331;202239530001-Darci de Matos;82939430000138;MUNICIPIO DE HERVAL D'OESTE;3953;Darci de Matos;150000.0;;2022OB802726;Banco do Brasil;001;2103-2;2103;24494-5;24494
09032022-017136;202218800004-Angela Amin;82939430000138;MUNICIPIO DE HERVAL D'OESTE;1880;Angela Amin;250000.0;;2023OB800274;Banco do Brasil;001;2103-2;2103;24494-5;24494
09032022-017375;202222100001-Esperidião Amin;82939430000138;MUNICIPIO DE HERVAL D'OESTE;2210;Esperidião Amin;150000.0;;2022OB800670;Banco do Brasil;001;2103-2;2103;24494-5;24494
09032023-031241;202332350003-Geovania De Sá;82939430000138;MUNICIPIO DE HERVAL D'OESTE;3235;Geovania De Sá;200000.0;;2023OB809966;Caixa Econômica Federal;104;3833-4;3833;575855288-3;575855288
09032023-038997;202342510010-Ivete da Silveira;82939430000138;MUNICIPIO DE HERVAL D'OESTE;4251;Ivete da Silveira;1000000.0;;2023OB807969;Caixa Econômica Federal;104;3833-4;3833;575855288-3;575855288
09032023-037042;202339320001-Caroline de Toni;82939430000138;MUNICIPIO DE HERVAL D'OESTE;3932;Caroline de Toni;500000.0;;2023OB807894;Caixa Econômica Federal;104;3833-4;3833;575855288-3;575855288
09032024-069071;202422100016-Esperidião Amin;82939430000138;MUNICIPIO DE HERVAL D'OESTE;2210;Esperidião Amin;500000.0;;2024OB005625;Caixa Econômica Federal;104;3833-4;3833;575855293-0;575855293
09032024-072815;202439320001-Caroline de Toni;82939430000138;MUNICIPIO DE HERVAL D'OESTE;3932;Caroline de Toni;200000.0;;2024OB002355;Caixa Econômica Federal;104;3833-4;3833;575855292-1;575855292
09032024-073862;202442090002-Jorge Goetten;82939430000138;MUNICIPIO DE HERVAL D'OESTE;4209;Jorge Goetten;800000.0;;2024OB003490;Caixa Econômica Federal;104;3833-4;3833;575855294-8;575855294
09032024-073963;202442730001-Jorge Seif;82939430000138;MUNICIPIO DE HERVAL D'OESTE;4273;Jorge Seif;200000.0;;2024OB003743;Caixa Econômica Federal;104;3833-4;3833;575855291-3;575855291
09032024-074448;202443390001-Daniela Reinehr;82939430000138;MUNICIPIO DE HERVAL D'OESTE;4339;Daniela Reinehr;200000.0;;2024OB010887;Caixa Econômica Federal;104;3833-4;3833;575855289-1;575855289
09032025-084736;202543390010-DANIELA REINEHR;82939430000138;MUNICIPIO DE HERVAL D'OESTE;4339;Daniela Reinehr;396000.0;Pavimentação - Pavimentação;2025OB002233;Caixa Econômica Federal;104;3833-4;3833;574824052-8;574824052
09032026-095789;202639320001-CAROLINE DE TONI;82939430000138;MUNICIPIO DE HERVAL D'OESTE;3932;Caroline de Toni;398000.0;Pavimentação Urbana - Ministério das Cidades - Pavimentação Urbana - Ministério das Cidades;;Caixa Econômica Federal;104;3833-4;3833;569260827-4;569260827
09032026-097237;202643250001-COBALCHINI;82939430000138;MUNICIPIO DE HERVAL D'OESTE;4325;Cobalchini;497500.0;Pavimentação De Estradas Vicinais - Ministério da Integração e do Desenvolvimento Regional - Pavimentação De Estradas Vicinais - Ministério da Integração e do Desenvolvimento Regional;;Caixa Econômica Federal;104;3833-4;3833;569300198-5;569300198
09032026-097326;202643390009-DANIELA REINEHR;82939430000138;MUNICIPIO DE HERVAL D'OESTE;4339;Daniela Reinehr;398000.0;Pavimentação De Estradas Vicinais - Ministério da Integração e do Desenvolvimento Regional - Pavimentação De Estradas Vicinais - Ministério da Integração e do Desenvolvimento Regional;2026OB005687;Caixa Econômica Federal;104;3833-4;3833;569372392-1;569372392
0903-004473;202018800013-Angela Amin;95988309000148;MUNICIPIO DE RIQUEZA;1880;Angela Amin;150000.0;;2020OB801343;Banco do Brasil;001;3964-0;3964;9683-0;9683
09032022-015098;202229250013-Carmen Zanotto;95988309000148;MUNICIPIO DE RIQUEZA;2925;Carmen Zanotto;100000.0;;2022OB801452;Caixa Econômica Federal;104;4624-8;4624;575993729-0;575993729
09032022-021822;202241850010-Jorginho Mello;95988309000148;MUNICIPIO DE RIQUEZA;4185;Jorginho Mello;100000.0;;2023OB804949;Caixa Econômica Federal;104;4624-8;4624;575993729-0;575993729
09032023-038988;202342510010-Ivete da Silveira;95988309000148;MUNICIPIO DE RIQUEZA;4251;Ivete da Silveira;200000.0;;2023OB814994;Banco do Brasil;001;3964-0;3964;11081-7;11081
09032024-072805;202439320001-Caroline de Toni;95988309000148;MUNICIPIO DE RIQUEZA;3932;Caroline de Toni;100000.0;;2024OB008479;Banco do Brasil;001;3964-0;3964;11502-9;11502
09032024-073943;202442730001-Jorge Seif;95988309000148;MUNICIPIO DE RIQUEZA;4273;Jorge Seif;100000.0;;2024OB010221;Banco do Brasil;001;3964-0;3964;11503-7;11503
09032025-084661;202543250005-COBALCHINI;95988309000148;MUNICIPIO DE RIQUEZA;4325;Cobalchini;495000.0;Pavimentação - Pavimentação;2025OB004037;Caixa Econômica Federal;104;4624-8;4624;574599984-1;574599984
09032026-095932;202639800001-FABIO SCHIOCHET;95988309000148;MUNICIPIO DE RIQUEZA;3980;Fabio Schiochet;398000.0;Pavimentação De Estradas Vicinais - Ministério da Integração e do Desenvolvimento Regional - Pavimentação De Estradas Vicinais - Ministério da Integração e do Desenvolvimento Regional;;Caixa Econômica Federal;104;4624-8;4624;569170473-3;569170473
09032026-097232;202643250001-COBALCHINI;95988309000148;MUNICIPIO DE RIQUEZA;4325;Cobalchini;398000.0;Pavimentação Urbana - Ministério das Cidades - Pavimentação Urbana - Ministério das Cidades;;Caixa Econômica Federal;104;4624-8;4624;569300258-2;569300258
0903-003743;202018800013-Angela Amin;83000323000102;MUNICIPIO DE MORRO DA FUMACA;1880;Angela Amin;200000.0;;2020OB801241;Banco do Brasil;001;2329-9;2329;18036-X;18036
0903-003942;202022100018-Esperidião Amin;83000323000102;MUNICIPIO DE MORRO DA FUMACA;2210;Esperidião Amin;150000.0;;2020OB801243;Banco do Brasil;001;2329-9;2329;18036-X;18036
09032022-014126;202232350003-Geovania De Sá;83000323000102;MUNICIPIO DE MORRO DA FUMACA;3235;Geovania De Sá;400000.0;;2022OB801801;Banco do Brasil;001;2329-9;2329;20117-0;20117
09032023-034392;202322100001-Esperidião Amin;83000323000102;MUNICIPIO DE MORRO DA FUMACA;2210;Esperidião Amin;600000.0;;2023OB808310;Banco do Brasil;001;2329-9;2329;21394-2;21394
09032022-017138;202218800004-Angela Amin;83000323000102;MUNICIPIO DE MORRO DA FUMACA;1880;Angela Amin;300000.0;;2023OB800270;Banco do Brasil;001;2329-9;2329;20117-0;20117
09032023-034156;202318800004-Angela Amin;83000323000102;MUNICIPIO DE MORRO DA FUMACA;1880;Angela Amin;1000000.0;;2023OB806073, 2023OB809122;Banco do Brasil;001;2329-9;2329;21394-2;21394
09032023-037200;202339490001-Daniel Freitas;83000323000102;MUNICIPIO DE MORRO DA FUMACA;3949;Daniel Freitas;500000.0;;2023OB810600;Banco do Brasil;001;2329-9;2329;21394-2;21394
09032024-068785;202442510012-Ivete da Silveira;83000323000102;MUNICIPIO DE MORRO DA FUMACA;4251;Ivete da Silveira;75000.0;;2024OB003528;Caixa Econômica Federal;104;1788-4;1788;575996033-0;575996033
09032024-074715;202443920007-Ismael;83000323000102;MUNICIPIO DE MORRO DA FUMACA;4392;Ismael;400000.0;;2024OB004544;Caixa Econômica Federal;104;1788-4;1788;575996036-5;575996036
09032024-068668;202442510013-Ivete da Silveira;83000323000102;MUNICIPIO DE MORRO DA FUMACA;4251;Ivete da Silveira;75000.0;;2024OB010007;Caixa Econômica Federal;104;1788-4;1788;575996034-9;575996034
09032024-073971;202442730001-Jorge Seif;83000323000102;MUNICIPIO DE MORRO DA FUMACA;4273;Jorge Seif;100000.0;;2024OB010219;Caixa Econômica Federal;104;1788-4;1788;575996035-7;575996035
09032025-080742;202544010010-JULIA ZANATTA;83000323000102;MUNICIPIO DE MORRO DA FUMACA;4401;Julia Zanatta;396000.0;Objeto Único Não Padronizado – Obras e Serviços de Engenharia - Revitalização e requalificação de praça pública a cargo do Ministério das Cidades - Código UO 56000;;Caixa Econômica Federal;104;1788-4;1788;;
09032025-083881;202540620003-RICARDO GUIDI;83000323000102;MUNICIPIO DE MORRO DA FUMACA;4062;Ricardo Guidi;792000.0;Pavimentação: Adequação De Vias - Pavimentação: Adequação De Vias;2025OB001498;Caixa Econômica Federal;104;1788-4;1788;574909973-0;574909973
09032025-2-088461;202544010010-JULIA ZANATTA;83000323000102;MUNICIPIO DE MORRO DA FUMACA;4401;Julia Zanatta;396000.0;Áreas De Lazer E Estruturas Para Atividades Físicas Em Espaços Públicos - Áreas De Lazer E Estruturas Para Atividades Físicas Em Espaços Públicos - Parques E Praças;2025OB008930;Banco do Brasil;001;2329-9;2329;24158-X;24158
09032026-094574;202622100012-ESPERIDIÃO AMIN;83000323000102;MUNICIPIO DE MORRO DA FUMACA;2210;Esperidião Amin;398000.0;Áreas De Lazer E Estruturas Para Atividades Físicas Em Espaços Públicos - Parques E Praças - Ministério das Cidades - Áreas De Lazer E Estruturas Para Atividades Físicas Em Espaços Públicos - Parques E Praças - Ministério das Cidades;2026OB000217;Banco do Brasil;001;2329-9;2329;24652-2;24652
09032026-094188;202643920005-ISMAEL;83000323000102;MUNICIPIO DE MORRO DA FUMACA;4392;Ismael;398000.0;Construção, Reforma Ou Ampliação De Infraestrutura Esportiva  - Ministério do Esporte - Construção, Reforma Ou Ampliação De Infraestrutura Esportiva  - Ministério do Esporte;;Banco do Brasil;001;2329-9;2329;24682-4;24682
09032026-091777;202644010005-JULIA ZANATTA;83000323000102;MUNICIPIO DE MORRO DA FUMACA;4401;Julia Zanatta;1492500.0;Caminhão Basculante/Caçamba - Infraestrutura Produtiva  - Ministério da Integração e do Desenvolvimento Regional - Caminhão Basculante/Caçamba - Infraestrutura Produtiva  - Ministério da Integração e do Desenvolvimento Regional;2026OB003208;Caixa Econômica Federal;104;1788-4;1788;569446598-5;569446598
09032022-017155;202218800004-Angela Amin;95780458000117;MUNICIPIO DE SANGAO;1880;Angela Amin;250000.0;;2023OB800279;Caixa Econômica Federal;104;2891-6;2891;575856881-0;575856881
09032024-066118;202442730002-Jorge Seif;95780458000117;MUNICIPIO DE SANGAO;4273;Jorge Seif;100000.0;;2024OB010257;Caixa Econômica Federal;104;2891-6;2891;575856891-7;575856891
09032025-081813;202522100013-ESPERIDIÃO AMIN;95780458000117;MUNICIPIO DE SANGAO;2210;Esperidião Amin;396000.0;Retroescavadeira - Retroescavadeira - Infraestrutura Produtiva;2025OB002914;Banco do Brasil;001;2202-0;2202;31980-5;31980
09032025-083901;202540620003-RICARDO GUIDI;95780458000117;MUNICIPIO DE SANGAO;4062;Ricardo Guidi;396000.0;Construção, Reforma Ou Ampliação De Espaços De Esporte E Lazer - Construção, Reforma Ou Ampliação De Espaços De Esporte E Lazer;2025OB004790;Banco do Brasil;001;2202-0;2202;32004-8;32004
0903-004022;202018800013-Angela Amin;82815085000120;MUNICIPIO DE PERITIBA;1880;Angela Amin;250000.0;;2020OB801167;Banco do Brasil;001;5355-4;5355;6682-6;6682
09032021-011960;202139320005-Caroline de Toni;82815085000120;MUNICIPIO DE PERITIBA;3932;Caroline de Toni;150000.0;;2021OB804352;Banco do Brasil;001;5355-4;5355;6956-6;6956
09032021-013414;202141850007-Jorginho Mello;82815085000120;MUNICIPIO DE PERITIBA;4185;Jorginho Mello;200000.0;;2021OB803325;Caixa Econômica Federal;104;3886-5;3886;575995054-8;575995054
09032023-039002;202342510010-Ivete da Silveira;82815085000120;MUNICIPIO DE PERITIBA;4251;Ivete da Silveira;400000.0;;2023OB808951;Caixa Econômica Federal;104;3886-5;3886;575995055-6;575995055
09032024-068671;202442510013-Ivete da Silveira;82815085000120;MUNICIPIO DE PERITIBA;4251;Ivete da Silveira;125000.0;;2024OB010043;Caixa Econômica Federal;104;3886-5;3886;576120632-0;576120632
09032024-068788;202442510012-Ivete da Silveira;82815085000120;MUNICIPIO DE PERITIBA;4251;Ivete da Silveira;125000.0;;2024OB003538;Caixa Econômica Federal;104;3886-5;3886;576120631-1;576120631
09032024-072822;202439320001-Caroline de Toni;82815085000120;MUNICIPIO DE PERITIBA;3932;Caroline de Toni;200000.0;;2024OB008475;Caixa Econômica Federal;104;3886-5;3886;576120626-5;576120626
09032025-083220;202539320001-CAROLINE DE TONI;82815085000120;MUNICIPIO DE PERITIBA;3932;Caroline de Toni;396000.0;Pavimentação - Pavimentação;2025OB003441;Banco do Brasil;001;5355-4;5355;8128-0;8128
09032026-089610;202632350004-GEOVANIA DE SÁ;82815085000120;MUNICIPIO DE PERITIBA;3235;Geovania De Sá;199000.0;Aquisição de Máquinas e Equipamentos (GND 4) - Ministério da Agricultura e Pecuária - Aquisição de Máquinas e Equipamentos (GND 4) - Ministério da Agricultura e Pecuária;;Banco do Brasil;001;5355-4;5355;8245-7;8245
0903-003289;202041850004-Jorginho Mello;95991261000127;MUNICIPIO DE SAO CRISTOVAO DO SUL;4185;Jorginho Mello;60000.0;;2020OB801676;Caixa Econômica Federal;104;571-1;571;575864458-3;575864458
0903-003720;202029250015-Carmen Zanotto;95991261000127;MUNICIPIO DE SAO CRISTOVAO DO SUL;2925;Carmen Zanotto;150000.0;;2020OB801361;Banco do Brasil;001;1989-5;1989;6027-5;6027
09032023-031236;202332350003-Geovania De Sá;95991261000127;MUNICIPIO DE SAO CRISTOVAO DO SUL;3235;Geovania De Sá;300000.0;;2023OB812887;Banco do Brasil;001;1989-5;1989;6777-6;6777
09032024-066077;202442730002-Jorge Seif;95991261000127;MUNICIPIO DE SAO CRISTOVAO DO SUL;4273;Jorge Seif;100000.0;;2024OB010288;Banco do Brasil;001;1989-5;1989;7135-8;7135
0903-003861;202028550021-Pedro Uczai;95991261000127;MUNICIPIO DE SAO CRISTOVAO DO SUL;2855;Pedro Uczai;430000.0;;2020OB801358;Banco do Brasil;001;1989-5;1989;6027-5;6027
09032021-010956;202132350006-Geovania De Sá;95991261000127;MUNICIPIO DE SAO CRISTOVAO DO SUL;3235;Geovania De Sá;350000.0;;2021OB800454, 2021OB800858;Banco do Brasil;001;1989-5;1989;6256-1;6256
09032021-010956;202132350006-Geovania De Sá;95991261000127;MUNICIPIO DE SAO CRISTOVAO DO SUL;3235;Geovania De Sá;350000.0;;2021OB800454, 2021OB800858;Banco do Brasil;001;1989-5;1989;6256-1;6256
09032023-038987;202342510010-Ivete da Silveira;95991261000127;MUNICIPIO DE SAO CRISTOVAO DO SUL;4251;Ivete da Silveira;200000.0;;2023OB814996;Banco do Brasil;001;1989-5;1989;6777-6;6777
09032024-073852;202442090002-Jorge Goetten;95991261000127;MUNICIPIO DE SAO CRISTOVAO DO SUL;4209;Jorge Goetten;300000.0;;2024OB009917;Banco do Brasil;001;1989-5;1989;7134-X;7134
09032025-081772;202522100013-ESPERIDIÃO AMIN;95991261000127;MUNICIPIO DE SAO CRISTOVAO DO SUL;2210;Esperidião Amin;396000.0;Pavimentação: Adequação De Vias - Pavimentação: Adequação De Vias;2025OB000247;Caixa Econômica Federal;104;571-1;571;574776087-0;574776087
09032026-093894;202642090003-JORGE GOETTEN;95991261000127;MUNICIPIO DE SAO CRISTOVAO DO SUL;4209;Jorge Goetten;1990000.0;Pavimentação De Estradas Vicinais - Ministério da Integração e do Desenvolvimento Regional - Pavimentação De Estradas Vicinais - Ministério da Integração e do Desenvolvimento Regional;2026OB005439;Caixa Econômica Federal;104;571-1;571;569372513-4;569372513
09032026-096780;202642510003-IVETE DA SILVEIRA;95991261000127;MUNICIPIO DE SAO CRISTOVAO DO SUL;4251;Ivete da Silveira;398000.0;Objeto Único Não Padronizado – Obras e Serviços de Engenharia - Viabilização de infraestrutura viária e acesso logístico a empreendimentos empresariais no entrocamento das rodovias federais (BR 470 e br 116) no perímetro de Monte Alegre;2026OB002422;Caixa Econômica Federal;104;571-1;571;569610362-2;569610362
09032026-094564;202622100012-ESPERIDIÃO AMIN;95991261000127;MUNICIPIO DE SAO CRISTOVAO DO SUL;2210;Esperidião Amin;398000.0;Áreas De Lazer E Estruturas Para Atividades Físicas Em Espaços Públicos - Parques E Praças - Ministério das Cidades - Áreas De Lazer E Estruturas Para Atividades Físicas Em Espaços Públicos - Parques E Praças - Ministério das Cidades;2026OB000184;Caixa Econômica Federal;104;571-1;571;569529004-6;569529004
0903-004642;202025690009-Celso Maldaner;82814575000102;MUNICIPIO DE IPUMIRIM;2569;Celso Maldaner;250000.0;;2020OB801164;Caixa Econômica Federal;104;627-0;627;6672022-4;6672022
09032021-013412;202141850007-Jorginho Mello;82814575000102;MUNICIPIO DE IPUMIRIM;4185;Jorginho Mello;200000.0;;2021OB801927;Banco do Brasil;001;2834-7;2834;22124-4;22124
09032023-033065;202328550022-Pedro Uczai;82814575000102;MUNICIPIO DE IPUMIRIM;2855;Pedro Uczai;150000.0;;2023OB807009;Caixa Econômica Federal;104;627-0;627;575863664-5;575863664
09032023-038999;202342510010-Ivete da Silveira;82814575000102;MUNICIPIO DE IPUMIRIM;4251;Ivete da Silveira;300000.0;;2023OB807017;Caixa Econômica Federal;104;627-0;627;575863664-5;575863664
09032025-081778;202522100013-ESPERIDIÃO AMIN;82814575000102;MUNICIPIO DE IPUMIRIM;2210;Esperidião Amin;396000.0;Construção, Reforma Ou Ampliação De Espaços De Esporte E Lazer - Construção, Reforma Ou Ampliação De Espaços De Esporte E Lazer;;Caixa Econômica Federal;104;627-0;627;;
09032025-2-087458;202542510003-IVETE DA SILVEIRA;82814575000102;MUNICIPIO DE IPUMIRIM;4251;Ivete da Silveira;297000.0;Aquisição De Equipamentos/Material Permanente - Aquisição De Equipamentos/Material Permanente;;Caixa Econômica Federal;104;627-0;627;;
09032025-2-087595;202522100013-ESPERIDIÃO AMIN;82814575000102;MUNICIPIO DE IPUMIRIM;2210;Esperidião Amin;396000.0;Construção, Reforma Ou Ampliação De Espaços De Esporte E Lazer - Construção, Reforma Ou Ampliação De Espaços De Esporte E Lazer;2025OB009231;Caixa Econômica Federal;104;627-0;627;573443122-9;573443122
09032025-080634;202542510003-IVETE DA SILVEIRA;82814575000102;MUNICIPIO DE IPUMIRIM;4251;Ivete da Silveira;297000.0;Aquisição De Equipamentos/Material Permanente - Aquisição De Equipamentos/Material Permanente;;Caixa Econômica Federal;104;627-0;627;;
09032026-095939;202639800001-FABIO SCHIOCHET;82814575000102;MUNICIPIO DE IPUMIRIM;3980;Fabio Schiochet;398000.0;Pavimentação Urbana - Ministério das Cidades - Pavimentação Urbana - Ministério das Cidades;2026OB001593;Caixa Econômica Federal;104;627-0;627;569610327-4;569610327
0903-004094;202028550021-Pedro Uczai;83021832000111;MUNICIPIO DE MODELO;2855;Pedro Uczai;240227.0;;2020OB801256;Caixa Econômica Federal;104;2894-0;2894;575856907-7;575856907
09032022-019900;202239320002-Caroline de Toni;83021832000111;MUNICIPIO DE MODELO;3932;Caroline de Toni;500000.0;;2023OB802623;Caixa Econômica Federal;104;2894-0;2894;575856915-8;575856915
09032022-014125;202232350003-Geovania De Sá;83021832000111;MUNICIPIO DE MODELO;3235;Geovania De Sá;150000.0;;2022OB801784;Caixa Econômica Federal;104;2894-0;2894;575856915-8;575856915
09032024-069382;202439800001-Fabio Schiochet;83021832000111;MUNICIPIO DE MODELO;3980;Fabio Schiochet;500000.0;;2024OB008730;Banco do Brasil;001;5384-8;5384;10628-3;10628
09032025-081780;202522100013-ESPERIDIÃO AMIN;83021832000111;MUNICIPIO DE MODELO;2210;Esperidião Amin;396000.0;Pavimentação: Adequação De Vias - Pavimentação: Adequação De Vias;2025OB000249;Caixa Econômica Federal;104;2894-0;2894;574810398-9;574810398
09032025-084665;202543250005-COBALCHINI;83021832000111;MUNICIPIO DE MODELO;4325;Cobalchini;495000.0;Pavimentação De Estradas Vicinais - Pavimentação De Estradas Vicinais;2025OB002198;Caixa Econômica Federal;104;2894-0;2894;574793546-8;574793546
09032026-097240;202643250001-COBALCHINI;83021832000111;MUNICIPIO DE MODELO;4325;Cobalchini;497500.0;Pavimentação Urbana - Ministério das Cidades - Pavimentação Urbana - Ministério das Cidades;2026OB002845;Caixa Econômica Federal;104;2894-0;2894;569563232-0;569563232
09032022-018236;202228560001-Rogério Peninha Mendonça;83102665000133;MUNICIPIO DE LONTRAS;2856;Rogério Peninha Mendonça;300000.0;;2022OB801263, 2023OB801107;Caixa Econômica Federal;104;423-5;423;575864805-8;575864805
09032023-035168;202328560014-Rogério Peninha Mendonça;83102665000133;MUNICIPIO DE LONTRAS;2856;Rogério Peninha Mendonça;400000.0;;2023OB806992, 2023OB809645;Banco do Brasil;001;5406-2;5406;10538-4;10538
09032024-074041;202442730001-Jorge Seif;83102665000133;MUNICIPIO DE LONTRAS;4273;Jorge Seif;100000.0;;2024OB010212;Banco do Brasil;001;5406-2;5406;10936-3;10936
09032024-074498;202443390001-Daniela Reinehr;83102665000133;MUNICIPIO DE LONTRAS;4339;Daniela Reinehr;100000.0;;2024OB010904;Banco do Brasil;001;5406-2;5406;10937-1;10937
09032025-081309;202542090003-JORGE GOETTEN;83102665000133;MUNICIPIO DE LONTRAS;4209;Jorge Goetten;693000.0;Pavimentação - Pavimentação;2025OB001900;Banco do Brasil;001;5406-2;5406;11708-0;11708
09032026-093932;202642090003-JORGE GOETTEN;83102665000133;MUNICIPIO DE LONTRAS;4209;Jorge Goetten;398000.0;Pavimentação Urbana - Ministério das Cidades - Pavimentação Urbana - Ministério das Cidades;;Caixa Econômica Federal;104;423-5;423;569372415-4;569372415
09032026-094124;202644480001-PEZENTI;83102665000133;MUNICIPIO DE LONTRAS;4448;Pezenti;398000.0;Construção, Reforma Ou Ampliação De Infraestrutura Esportiva  - Ministério do Esporte - Construção, Reforma Ou Ampliação De Infraestrutura Esportiva  - Ministério do Esporte;2026OB003395;Caixa Econômica Federal;104;423-5;423;569446608-6;569446608
0903-003772;202039800001-Fabio Schiochet;82821216000182;MUNICIPIO DE GUARACIABA;3980;Fabio Schiochet;350000.0;;2020OB801818;Banco do Brasil;001;1388-9;1388;18774-7;18774
09032022-016416;202228550021-Pedro Uczai;82821216000182;MUNICIPIO DE GUARACIABA;2855;Pedro Uczai;250000.0;;2023OB801103;Caixa Econômica Federal;104;702-1;702;575864088-0;575864088
09032023-034745;202325690017-Celso Maldaner;82821216000182;MUNICIPIO DE GUARACIABA;2569;Celso Maldaner;3584260.0;;2023OB809393, 2023OB812145;Banco do Brasil;001;1388-9;1388;20284-3;20284
09032023-037419;202339800001-Fabio Schiochet;82821216000182;MUNICIPIO DE GUARACIABA;3980;Fabio Schiochet;1000000.0;;2023OB813833;Banco do Brasil;001;1388-9;1388;20284-3;20284
09032024-069381;202439800001-Fabio Schiochet;82821216000182;MUNICIPIO DE GUARACIABA;3980;Fabio Schiochet;500000.0;;2024OB008738;Banco do Brasil;001;1388-9;1388;20685-7;20685
09032024-072814;202439320001-Caroline de Toni;82821216000182;MUNICIPIO DE GUARACIABA;3932;Caroline de Toni;150000.0;;2024OB002351;Banco do Brasil;001;1388-9;1388;20683-0;20683
09032024-073961;202442730001-Jorge Seif;82821216000182;MUNICIPIO DE GUARACIABA;4273;Jorge Seif;100000.0;;2024OB010264;Banco do Brasil;001;1388-9;1388;20682-2;20682
09032024-074446;202443390001-Daniela Reinehr;82821216000182;MUNICIPIO DE GUARACIABA;4339;Daniela Reinehr;250000.0;;2024OB004277;Banco do Brasil;001;1388-9;1388;20684-9;20684
09032025-084306;202542730001-JORGE SEIF;82821216000182;MUNICIPIO DE GUARACIABA;4273;Jorge Seif;396000.0;Aquisição De Equipamento E Material Permanente Para Unidade De Atenção Especializada Em Saúde - Aquisição De Equipamento E Material Permanente Para Unidade De Atenção Especializada Em Saúde;;Banco do Brasil;001;1388-9;1388;;
09032026-095788;202639320001-CAROLINE DE TONI;82821216000182;MUNICIPIO DE GUARACIABA;3932;Caroline de Toni;228850.0;Aquisição de Máquinas e Equipamentos (GND 4) - Ministério da Agricultura e Pecuária - Aquisição de Máquinas e Equipamentos (GND 4) - Ministério da Agricultura e Pecuária;;Caixa Econômica Federal;104;702-1;702;568927549-9;568927549
09032025-2-088284;202542730001-JORGE SEIF;82821216000182;MUNICIPIO DE GUARACIABA;4273;Jorge Seif;396000.0;Aquisição De Equipamento E Material Permanente Para Unidade De Atenção Especializada Em Saúde - Aquisição De Equipamento E Material Permanente Para Unidade De Atenção Especializada Em Saúde;2025OB008627;Caixa Econômica Federal;104;702-1;702;573269655-1;573269655
09032025-084734;202543390010-DANIELA REINEHR;82821216000182;MUNICIPIO DE GUARACIABA;4339;Daniela Reinehr;396000.0;Pavimentação - Pavimentação;;Banco do Brasil;001;1388-9;1388;;
09032025-2-088357;202543390010-DANIELA REINEHR;82821216000182;MUNICIPIO DE GUARACIABA;4339;Daniela Reinehr;396000.0;Pavimentação De Estradas Vicinais - Pavimentação De Estradas Vicinais;2025OB008799;Caixa Econômica Federal;104;702-1;702;573601236-3;573601236
09032026-097236;202643250001-COBALCHINI;82821216000182;MUNICIPIO DE GUARACIABA;4325;Cobalchini;696500.0;Pavimentação Urbana - Ministério das Cidades - Pavimentação Urbana - Ministério das Cidades;2026OB005614;Caixa Econômica Federal;104;702-1;702;569300186-1;569300186
09032026-097325;202643390009-DANIELA REINEHR;82821216000182;MUNICIPIO DE GUARACIABA;4339;Daniela Reinehr;398000.0;Pavimentação Urbana - Ministério das Cidades - Pavimentação Urbana - Ministério das Cidades;2026OB005695;Caixa Econômica Federal;104;702-1;702;569300187-0;569300187
0903-004485;202028560001-Rogério Peninha Mendonça;83102376000134;MUNICIPIO DE VIDAL RAMOS;2856;Rogério Peninha Mendonça;250000.0;;2020OB801136;Caixa Econômica Federal;104;1102-9;1102;575996551-0;575996551
09032022-016125;202237860003-Dário Berger;83102376000134;MUNICIPIO DE VIDAL RAMOS;3786;Dário Berger;100000.0;;2023OB802169;Banco do Brasil;001;2775-8;2775;13469-4;13469
09032022-016339;202239530001-Darci de Matos;83102376000134;MUNICIPIO DE VIDAL RAMOS;3953;Darci de Matos;360000.0;;2023OB802842;Banco do Brasil;001;2775-8;2775;13469-4;13469
09032022-018226;202228560001-Rogério Peninha Mendonça;83102376000134;MUNICIPIO DE VIDAL RAMOS;2856;Rogério Peninha Mendonça;250000.0;;2023OB801117;Banco do Brasil;001;2775-8;2775;13469-4;13469
09032022-021036;202240620006-Ricardo Guidi;83102376000134;MUNICIPIO DE VIDAL RAMOS;4062;Ricardo Guidi;209365.0;;2023OB803716;Banco do Brasil;001;2775-8;2775;13469-4;13469
09032024-068013;202444010006-Julia Zanatta;83102376000134;MUNICIPIO DE VIDAL RAMOS;4401;Julia Zanatta;200000.0;;2024OB011578;Banco do Brasil;001;2775-8;2775;14080-5;14080
09032024-073985;202442730001-Jorge Seif;83102376000134;MUNICIPIO DE VIDAL RAMOS;4273;Jorge Seif;200000.0;;2024OB003745;Banco do Brasil;001;2775-8;2775;14081-3;14081
09032024-075081;202444480002-Pezenti;83102376000134;MUNICIPIO DE VIDAL RAMOS;4448;Pezenti;400000.0;;2024OB012022;Banco do Brasil;001;2775-8;2775;14085-6;14085
09032025-079212;202544480001-PEZENTI;83102376000134;MUNICIPIO DE VIDAL RAMOS;4448;Pezenti;495000.0;Caminhão Basculante/Caçamba - Caminhão Basculante/Caçamba - Infraestrutura Produtiva;2025OB002579;Banco do Brasil;001;2775-8;2775;14551-3;14551
09032025-081157;202543920009-ISMAEL;83102376000134;MUNICIPIO DE VIDAL RAMOS;4392;Ismael;198000.0;Aquisição De Máquinas, Implementos E Equipamentos Agrícolas Adaptados À Agricultura Familiar E Tecnologias Sociais - Aquisição De Máquinas, Implementos E Equipamentos Agrícolas Adaptados À Agricultura Familiar E Tecnologias Sociais.;2025OB005019;Banco do Brasil;001;2775-8;2775;14554-8;14554
09032025-081792;202522100013-ESPERIDIÃO AMIN;83102376000134;MUNICIPIO DE VIDAL RAMOS;2210;Esperidião Amin;297000.0;Trator - Trator - Infraestrutura Produtiva;2025OB000259;Banco do Brasil;001;2775-8;2775;14547-5;14547
09032026-094101;202644480001-PEZENTI;83102376000134;MUNICIPIO DE VIDAL RAMOS;4448;Pezenti;497500.0;Pavimentação Urbana - Ministério das Cidades - Pavimentação Urbana - Ministério das Cidades;2026OB005997;Caixa Econômica Federal;104;1102-9;1102;569300206-0;569300206
09032026-096351;202640620003-RICARDO GUIDI;83102376000134;MUNICIPIO DE VIDAL RAMOS;4062;Ricardo Guidi;199000.0;Aquisição de Máquinas e Equipamentos (GND 4) - Ministério da Agricultura e Pecuária - Aquisição de Máquinas e Equipamentos (GND 4) - Ministério da Agricultura e Pecuária;;Caixa Econômica Federal;104;1102-9;1102;568891839-6;568891839
0903-003915;202032350006-Geovania De Sá;83102798000100;MUNICIPIO DE INDAIAL;3235;Geovania De Sá;250000.0;;2020OB801205;Banco do Brasil;001;928-8;928;102653-4;102653
09032021-009471;202118800011-Angela Amin;83102798000100;MUNICIPIO DE INDAIAL;1880;Angela Amin;150000.0;;2021OB800239;Caixa Econômica Federal;104;852-4;852;575862918-5;575862918
09032022-016332;202239530001-Darci de Matos;83102798000100;MUNICIPIO DE INDAIAL;3953;Darci de Matos;300000.0;;2022OB802717;Caixa Econômica Federal;104;852-4;852;575862921-5;575862921
09032022-021951;202290550001-Gilson Marques;83102798000100;MUNICIPIO DE INDAIAL;9055;Gilson Marques;300000.0;;2022OB803244, 2023OB803525;Caixa Econômica Federal;104;852-4;852;575862921-5;575862921
09032023-031242;202332350003-Geovania De Sá;83102798000100;MUNICIPIO DE INDAIAL;3235;Geovania De Sá;186192.0;;2023OB809984;Caixa Econômica Federal;104;852-4;852;575862922-3;575862922
09032023-034155;202318800004-Angela Amin;83102798000100;MUNICIPIO DE INDAIAL;1880;Angela Amin;200000.0;;2023OB808033;Caixa Econômica Federal;104;852-4;852;575862922-3;575862922
09032023-036991;202339290002-Carlos Chiodini;83102798000100;MUNICIPIO DE INDAIAL;3929;Carlos Chiodini;400000.0;;2023OB810501;Caixa Econômica Federal;104;852-4;852;575862922-3;575862922
09032024-068003;202444010006-Julia Zanatta;83102798000100;MUNICIPIO DE INDAIAL;4401;Julia Zanatta;300000.0;;2024OB011558;Caixa Econômica Federal;104;852-4;852;575862926-6;575862926
09032024-069306;202490550002-Gilson Marques;83102798000100;MUNICIPIO DE INDAIAL;9055;Gilson Marques;150000.0;;2024OB011331;Caixa Econômica Federal;104;852-4;852;575862924-0;575862924
09032024-073965;202442730001-Jorge Seif;83102798000100;MUNICIPIO DE INDAIAL;4273;Jorge Seif;200000.0;;2024OB003757;Caixa Econômica Federal;104;852-4;852;575862923-1;575862923
09032024-075066;202444480002-Pezenti;83102798000100;MUNICIPIO DE INDAIAL;4448;Pezenti;300000.0;;2024OB012012;Caixa Econômica Federal;104;852-4;852;575862925-8;575862925
09032025-080469;202590550002-GILSON MARQUES;83102798000100;MUNICIPIO DE INDAIAL;9055;Gilson Marques;198000.0;Aquisição De Playgrounds Ou Parquinhos Infantis Em Espaços Esportivos Comunitários - Aquisição De Playgrounds Ou Parquinhos Infantis Em Espaços Esportivos Comunitários;2025OB005113;Caixa Econômica Federal;104;852-4;852;574450198-0;574450198
09032025-081150;202543920009-ISMAEL;83102798000100;MUNICIPIO DE INDAIAL;4392;Ismael;594000.0;Pavimentação: Adequação De Vias - Pavimentação: Adequação De Vias;2025OB005018;Caixa Econômica Federal;104;852-4;852;574600864-4;574600864
09032025-081284;202542090003-JORGE GOETTEN;83102798000100;MUNICIPIO DE INDAIAL;4209;Jorge Goetten;396000.0;Áreas De Lazer E Estruturas Para Atividades Físicas Em Espaços Públicos - Áreas De Lazer E Estruturas Para Atividades Físicas Em Espaços Públicos - Parques E Praças;2025OB006570;Caixa Econômica Federal;104;852-4;852;574347387-7;574347387
09032025-083217;202539320001-CAROLINE DE TONI;83102798000100;MUNICIPIO DE INDAIAL;3932;Caroline de Toni;425700.0;Trator - Trator - Infraestrutura Produtiva;2025OB001177;Caixa Econômica Federal;104;852-4;852;574793554-9;574793554
09032025-075729;202542730002-JORGE SEIF;83102798000100;MUNICIPIO DE INDAIAL;4273;Jorge Seif;198000.0;Custeio Da Média E Alta Complexidade (Mac) - Custeio Da Média E Alta Complexidade (Mac);2025OB006641;Caixa Econômica Federal;104;852-4;852;574024389-7;574024389
09032026-089605;202632350004-GEOVANIA DE SÁ;83102798000100;MUNICIPIO DE INDAIAL;3235;Geovania De Sá;398000.0;Reforma de Pré-Escola (Capital) - Fundo Nacional de Desenvolvimento da Educação - Reforma de Pré-Escola (Capital) - Fundo Nacional de Desenvolvimento da Educação;2026OB004486;Caixa Econômica Federal;104;852-4;852;569260836-3;569260836
09032026-094185;202643920005-ISMAEL;83102798000100;MUNICIPIO DE INDAIAL;4392;Ismael;646750.0;Pavimentação Urbana - Ministério das Cidades - Pavimentação Urbana - Ministério das Cidades;2026OB003141;Caixa Econômica Federal;104;852-4;852;569446609-4;569446609
09032026-095938;202639800001-FABIO SCHIOCHET;83102798000100;MUNICIPIO DE INDAIAL;3980;Fabio Schiochet;796000.0;Pavimentação Urbana - Ministério das Cidades - Pavimentação Urbana - Ministério das Cidades;2026OB001623;Caixa Econômica Federal;104;852-4;852;569650868-1;569650868
09032026-094090;202644480001-PEZENTI;83102798000100;MUNICIPIO DE INDAIAL;4448;Pezenti;398000.0;Reforma De Unidade Básica De Saúde - Ministério da Saúde - Reforma De Unidade Básica De Saúde - Ministério da Saúde;;Caixa Econômica Federal;104;852-4;852;;
09032026-095735;202639290001-CARLOS CHIODINI;83102798000100;MUNICIPIO DE INDAIAL;3929;Carlos Chiodini;497500.0;Pavimentação Urbana - Ministério das Cidades - Pavimentação Urbana - Ministério das Cidades;2026OB001445;Caixa Econômica Federal;104;852-4;852;569372416-2;569372416
0903-003374;202028560001-Rogério Peninha Mendonça;83102608000154;MUNICIPIO DE ALFREDO WAGNER;2856;Rogério Peninha Mendonça;300000.0;;2020OB801822;Banco do Brasil;001;1383-8;1383;16276-0;16276
09032023-031237;202332350003-Geovania De Sá;83102608000154;MUNICIPIO DE ALFREDO WAGNER;3235;Geovania De Sá;400000.0;;2023OB808852;Banco do Brasil;001;1383-8;1383;17512-9;17512
09032021-012113;202139530003-Darci de Matos;83102608000154;MUNICIPIO DE ALFREDO WAGNER;3953;Darci de Matos;400000.0;;2021OB803424;Caixa Econômica Federal;104;3684-6;3684;575994882-9;575994882
09032022-016110;202237860003-Dário Berger;83102608000154;MUNICIPIO DE ALFREDO WAGNER;3786;Dário Berger;150000.0;;2022OB802262;Caixa Econômica Federal;104;3684-6;3684;575994883-7;575994883
09032025-084300;202542730001-JORGE SEIF;83102608000154;MUNICIPIO DE ALFREDO WAGNER;4273;Jorge Seif;396000.0;Objeto Único Não Padronizado – Demais - Unidade Orçamentária 26298 - FNDE;;Banco do Brasil;001;1383-8;1383;;
09032025-079190;202544480001-PEZENTI;83102608000154;MUNICIPIO DE ALFREDO WAGNER;4448;Pezenti;297000.0;Aquisição De Veículo - Aquisição De Veículo;;Banco do Brasil;001;1383-8;1383;;
09032023-033060;202328550022-Pedro Uczai;83102608000154;MUNICIPIO DE ALFREDO WAGNER;2855;Pedro Uczai;200000.0;;2023OB812411;Banco do Brasil;001;1383-8;1383;17512-9;17512
09032024-073505;202440620002-Ricardo Guidi;83102608000154;MUNICIPIO DE ALFREDO WAGNER;4062;Ricardo Guidi;500000.0;;2024OB002878;Banco do Brasil;001;1383-8;1383;17932-9;17932
09032026-089597;202632350004-GEOVANIA DE SÁ;83102608000154;MUNICIPIO DE ALFREDO WAGNER;3235;Geovania De Sá;497500.0;Pavimentação Urbana - Ministério das Cidades - Pavimentação Urbana - Ministério das Cidades;2026OB000947;Banco do Brasil;001;1383-8;1383;18747-X;18747
09032025-2-086801;202544480001-PEZENTI;83102608000154;MUNICIPIO DE ALFREDO WAGNER;4448;Pezenti;297000.0;Aquisição De Veículo - Aquisição De Veículo;;Banco do Brasil;001;1383-8;1383;;
09032025-2-088282;202542730001-JORGE SEIF;83102608000154;MUNICIPIO DE ALFREDO WAGNER;4273;Jorge Seif;396000.0;Objeto Único Não Padronizado – Demais - Unidade Orçamentária 26298 - FNDE;;Banco do Brasil;001;1383-8;1383;;
09032026-095780;202639320001-CAROLINE DE TONI;83102608000154;MUNICIPIO DE ALFREDO WAGNER;3932;Caroline de Toni;398000.0;Pavimentação Urbana - Ministério das Cidades - Pavimentação Urbana - Ministério das Cidades;2026OB004818;Banco do Brasil;001;1383-8;1383;18752-6;18752
09032025-081809;202522100013-ESPERIDIÃO AMIN;82826462000127;MUNICIPIO DE ARROIO TRINTA;2210;Esperidião Amin;396000.0;Pavimentação: Adequação De Vias - Pavimentação: Adequação De Vias;;Caixa Econômica Federal;104;796-0;796;;
09032022-014145;202232350003-Geovania De Sá;82826462000127;MUNICIPIO DE ARROIO TRINTA;3235;Geovania De Sá;200000.0;;2023OB801643;Caixa Econômica Federal;104;796-0;796;575862708-5;575862708
09032023-039035;202342510010-Ivete da Silveira;82826462000127;MUNICIPIO DE ARROIO TRINTA;4251;Ivete da Silveira;200000.0;;2023OB806448;Caixa Econômica Federal;104;796-0;796;575862709-3;575862709
09032024-069101;202422100016-Esperidião Amin;82826462000127;MUNICIPIO DE ARROIO TRINTA;2210;Esperidião Amin;200000.0;;2024OB005642;Caixa Econômica Federal;104;796-0;796;575862717-4;575862717
09032024-072866;202439320001-Caroline de Toni;82826462000127;MUNICIPIO DE ARROIO TRINTA;3932;Caroline de Toni;100000.0;;2024OB008508;Caixa Econômica Federal;104;796-0;796;575862718-2;575862718
09032024-074491;202443390001-Daniela Reinehr;82826462000127;MUNICIPIO DE ARROIO TRINTA;4339;Daniela Reinehr;350000.0;;2024OB004297, 2024OB010871;Caixa Econômica Federal;104;796-0;796;575862719-0;575862719
09032026-095820;202639320001-CAROLINE DE TONI;82826462000127;MUNICIPIO DE ARROIO TRINTA;3932;Caroline de Toni;199000.0;Aquisição de Máquinas e Equipamentos (GND 4) - Ministério da Agricultura e Pecuária - Aquisição de Máquinas e Equipamentos (GND 4) - Ministério da Agricultura e Pecuária;;Caixa Econômica Federal;104;796-0;796;569002275-2;569002275
09032026-095966;202639800001-FABIO SCHIOCHET;82826462000127;MUNICIPIO DE ARROIO TRINTA;3980;Fabio Schiochet;248750.0;Aquisição de Máquinas e Equipamentos (GND 4) - Ministério da Agricultura e Pecuária - Aquisição de Máquinas e Equipamentos (GND 4) - Ministério da Agricultura e Pecuária;2026OB004854;Caixa Econômica Federal;104;796-0;796;569002274-4;569002274
09032025-2-087602;202522100013-ESPERIDIÃO AMIN;82826462000127;MUNICIPIO DE ARROIO TRINTA;2210;Esperidião Amin;396000.0;Pavimentação: Adequação De Vias - Pavimentação: Adequação De Vias;2025OB007495;Caixa Econômica Federal;104;796-0;796;573551467-5;573551467
09032026-094603;202622100012-ESPERIDIÃO AMIN;82826462000127;MUNICIPIO DE ARROIO TRINTA;2210;Esperidião Amin;398000.0;Escavadeira Hidráulica - Infraestrutura Produtiva  - Ministério da Integração e do Desenvolvimento Regional - Escavadeira Hidráulica - Infraestrutura Produtiva  - Ministério da Integração e do Desenvolvimento Regional;2026OB003966;Caixa Econômica Federal;104;796-0;796;569171448-8;569171448
09032021-010427;202128550001-Pedro Uczai;83021808000182;MUNICIPIO DE CHAPECO;2855;Pedro Uczai;500000.0;;2021OB800667;Caixa Econômica Federal;104;414-6;414;575864721-3;575864721
09032021-011516;202137860003-Dário Berger;83021808000182;MUNICIPIO DE CHAPECO;3786;Dário Berger;500000.0;;2021OB801093;Caixa Econômica Federal;104;414-6;414;575864721-3;575864721
09032021-011969;202139320005-Caroline de Toni;83021808000182;MUNICIPIO DE CHAPECO;3932;Caroline de Toni;1539993.0;;2021OB801244;Caixa Econômica Federal;104;414-6;414;575864721-3;575864721
09032022-019904;202239320002-Caroline de Toni;83021808000182;MUNICIPIO DE CHAPECO;3932;Caroline de Toni;4500000.0;;2022OB802594, 2023OB802622;Caixa Econômica Federal;104;414-6;414;575864722-1;575864722
09032022-2-022110;202222100001-Esperidião Amin;83021808000182;MUNICIPIO DE CHAPECO;2210;Esperidião Amin;100000.0;;2023OB805206;Caixa Econômica Federal;104;414-6;414;575864722-1;575864722
09032023-033079;202328550022-Pedro Uczai;83021808000182;MUNICIPIO DE CHAPECO;2855;Pedro Uczai;300000.0;;2023OB812393;Caixa Econômica Federal;104;414-6;414;575864723-0;575864723
09032023-037065;202339320001-Caroline de Toni;83021808000182;MUNICIPIO DE CHAPECO;3932;Caroline de Toni;200000.0;;2023OB813649;Caixa Econômica Federal;104;414-6;414;575864723-0;575864723
09032024-068694;202442510013-Ivete da Silveira;83021808000182;MUNICIPIO DE CHAPECO;4251;Ivete da Silveira;225000.0;;2024OB009991;Caixa Econômica Federal;104;414-6;414;575864732-9;575864732
09032024-068811;202442510012-Ivete da Silveira;83021808000182;MUNICIPIO DE CHAPECO;4251;Ivete da Silveira;225000.0;;2024OB003601;Caixa Econômica Federal;104;414-6;414;575864731-0;575864731
09032024-069091;202422100016-Esperidião Amin;83021808000182;MUNICIPIO DE CHAPECO;2210;Esperidião Amin;600000.0;;2024OB006401;Caixa Econômica Federal;104;414-6;414;575864725-6;575864725
09032024-069183;202428550022-Pedro Uczai;83021808000182;MUNICIPIO DE CHAPECO;2855;Pedro Uczai;300000.0;;2024OB001124, 2024OB001130;Caixa Econômica Federal;104;414-6;414;575864727-2;575864727
09032024-072848;202439320001-Caroline de Toni;83021808000182;MUNICIPIO DE CHAPECO;3932;Caroline de Toni;250000.0;;2024OB002343;Caixa Econômica Federal;104;414-6;414;575864726-4;575864726
09032025-081559;202528550023-PEDRO UCZAI;83021808000182;MUNICIPIO DE CHAPECO;2855;Pedro Uczai;396000.0;Objeto Único Não Padronizado – Demais - UO 49000 MDA - Ação 210X - Apoio ao Desenvolvimento Territorial Sustentável - Aquisição de máquinas e equipamentos agrícolas;2025OB005511;Caixa Econômica Federal;104;414-6;414;574040193-0;574040193
09032022-3-022312;202222100001-Esperidião Amin;83021808000182;MUNICIPIO DE CHAPECO;2210;Esperidião Amin;100000.0;;;;;;;;
09032025-083236;202539320001-CAROLINE DE TONI;83021808000182;MUNICIPIO DE CHAPECO;3932;Caroline de Toni;594000.0;Cemitérios E Espaços Públicos Associados Ao Cemitério Como Capela Mortuária - Cemitérios E Espaços Públicos Associados Ao Cemitério Como Capela Mortuária;2025OB006038;Caixa Econômica Federal;104;414-6;414;574265124-0;574265124
09032026-094297;202628550010-PEDRO UCZAI;83021808000182;MUNICIPIO DE CHAPECO;2855;Pedro Uczai;199000.0;Aquisição De Máquinas, Implementos E Equipamentos Agrícolas Adaptados À Agricultura Familiar E Tecnologias Sociais. - Ministério do Desenvolvimento Agrário e Agricultura Familiar - Aquisição De Máquinas, Implementos E Equipamentos Agrícolas Adaptados À Agricultura Familiar E Tecnologias Sociais. - Ministério do Desenvolvimento Agrário e Agricultura Familiar;;Caixa Econômica Federal;104;414-6;414;568812949-9;568812949
09032022-017150;202218800004-Angela Amin;78509072000156;MUNICIPIO DE MAREMA;1880;Angela Amin;200000.0;;2022OB800492;Caixa Econômica Federal;104;1085-5;1085;575996528-6;575996528
09032023-034422;202322100001-Esperidião Amin;78509072000156;MUNICIPIO DE MAREMA;2210;Esperidião Amin;250000.0;;2023OB808322;Banco do Brasil;001;5428-3;5428;7646-5;7646
09032024-073895;202442090002-Jorge Goetten;78509072000156;MUNICIPIO DE MAREMA;4209;Jorge Goetten;200000.0;;2024OB009946;Caixa Econômica Federal;104;1085-5;1085;575996531-6;575996531
09032024-074488;202443390001-Daniela Reinehr;78509072000156;MUNICIPIO DE MAREMA;4339;Daniela Reinehr;100000.0;;2024OB010899;Caixa Econômica Federal;104;1085-5;1085;575996532-4;575996532
09032025-083251;202539320001-CAROLINE DE TONI;78509072000156;MUNICIPIO DE MAREMA;3932;Caroline de Toni;297000.0;Aquisição De Veículo - Aquisição De Veículo;2025OB003436;Caixa Econômica Federal;104;1085-5;1085;574600822-9;574600822
09032025-075750;202542730002-JORGE SEIF;78509072000156;MUNICIPIO DE MAREMA;4273;Jorge Seif;198000.0;Custeio Ao Piso Da Atenção Primária - Custeio Ao Piso Da Atenção Primária;2025OB006661;Caixa Econômica Federal;104;1085-5;1085;574024383-8;574024383
0903-004781;202041850004-Jorginho Mello;80912124000182;MUNICIPIO DE SAO MIGUEL DA BOA VISTA;4185;Jorginho Mello;100000.0;;2020OB801681;Banco do Brasil;001;858-3;858;34537-7;34537
09032021-010957;202132350006-Geovania De Sá;80912124000182;MUNICIPIO DE SAO MIGUEL DA BOA VISTA;3235;Geovania De Sá;100000.0;;2021OB800453;Banco do Brasil;001;858-3;858;36057-0;36057
09032021-013406;202141850007-Jorginho Mello;80912124000182;MUNICIPIO DE SAO MIGUEL DA BOA VISTA;4185;Jorginho Mello;200000.0;;2021OB801867;Banco do Brasil;001;858-3;858;36057-0;36057
09032022-021823;202241850010-Jorginho Mello;80912124000182;MUNICIPIO DE SAO MIGUEL DA BOA VISTA;4185;Jorginho Mello;200000.0;;2023OB804959;Caixa Econômica Federal;104;1077-4;1077;575861826-4;575861826
09032023-033058;202328550022-Pedro Uczai;80912124000182;MUNICIPIO DE SAO MIGUEL DA BOA VISTA;2855;Pedro Uczai;200000.0;;2023OB809636;Caixa Econômica Federal;104;1077-4;1077;575861831-0;575861831
09032023-034748;202325690022-Celso Maldaner;80912124000182;MUNICIPIO DE SAO MIGUEL DA BOA VISTA;2569;Celso Maldaner;325841.0;;2023OB812181;Caixa Econômica Federal;104;1077-4;1077;575861831-0;575861831
09032023-2-041688;202342510010-Ivete da Silveira;80912124000182;MUNICIPIO DE SAO MIGUEL DA BOA VISTA;4251;Ivete da Silveira;300000.0;;2023OB815943;Caixa Econômica Federal;104;1077-4;1077;575861831-0;575861831
09032024-073944;202442730001-Jorge Seif;80912124000182;MUNICIPIO DE SAO MIGUEL DA BOA VISTA;4273;Jorge Seif;200000.0;;2024OB003710;Caixa Econômica Federal;104;1077-4;1077;575861842-6;575861842
09032024-074434;202443390001-Daniela Reinehr;80912124000182;MUNICIPIO DE SAO MIGUEL DA BOA VISTA;4339;Daniela Reinehr;300000.0;;2024OB004281;Caixa Econômica Federal;104;1077-4;1077;575861841-8;575861841
09032025-081277;202542090003-JORGE GOETTEN;80912124000182;MUNICIPIO DE SAO MIGUEL DA BOA VISTA;4209;Jorge Goetten;495000.0;Objeto Único Não Padronizado – Obras e Serviços de Engenharia - CONSTRUÇÃO DE RUA COBERTA - A CARGO DO MINISTÉRIO DAS CIDADES - MCID (CÓDIGO 56000);2025OB006563;Caixa Econômica Federal;104;1077-4;1077;574347381-8;574347381
09032023-037087;202339320001-Caroline de Toni;83102855000150;NAVEGANTES;3932;Caroline de Toni;350000.0;;2023OB810540;Caixa Econômica Federal;104;1879-1;1879;575858562-5;575858562
09032024-068725;202442510013-Ivete da Silveira;83102855000150;NAVEGANTES;4251;Ivete da Silveira;350000.0;;2024OB003585, 2024OB010010;Caixa Econômica Federal;104;1879-1;1879;575858566-8;575858566
09032024-068725;202442510013-Ivete da Silveira;83102855000150;NAVEGANTES;4251;Ivete da Silveira;350000.0;;2024OB003585, 2024OB010010;Caixa Econômica Federal;104;1879-1;1879;575858566-8;575858566
09032024-068842;202442510012-Ivete da Silveira;83102855000150;NAVEGANTES;4251;Ivete da Silveira;350000.0;;2024OB003530, 2024OB003574;Caixa Econômica Federal;104;1879-1;1879;575858565-0;575858565
09032024-068842;202442510012-Ivete da Silveira;83102855000150;NAVEGANTES;4251;Ivete da Silveira;350000.0;;2024OB003530, 2024OB003574;Caixa Econômica Federal;104;1879-1;1879;575858565-0;575858565
09032024-068031;202444010006-Julia Zanatta;83102855000150;NAVEGANTES;4401;Julia Zanatta;850000.0;;2024OB004643, 2024OB011596;Caixa Econômica Federal;104;1879-1;1879;575858563-3;575858563
09032024-068031;202444010006-Julia Zanatta;83102855000150;NAVEGANTES;4401;Julia Zanatta;850000.0;;2024OB004643, 2024OB011596;Caixa Econômica Federal;104;1879-1;1879;575858563-3;575858563
09032024-073902;202442090002-Jorge Goetten;83102855000150;NAVEGANTES;4209;Jorge Goetten;450000.0;;2024OB009937;Caixa Econômica Federal;104;1879-1;1879;575858564-1;575858564
09032025-083297;202539490006-DANIEL FREITAS;83102855000150;NAVEGANTES;3949;Daniel Freitas;495000.0;Construção, Reforma Ou Ampliação De Espaços De Esporte E Lazer - Construção, Reforma Ou Ampliação De Espaços De Esporte E Lazer;2025OB003443;Banco do Brasil;001;4229-3;4229;52195-7;52195
09032026-089640;202632350004-GEOVANIA DE SÁ;83102855000150;NAVEGANTES;3235;Geovania De Sá;497500.0;Aquisição De Máquinas Específicas E/Ou Horas-Máquina, Que Facilitem O Apoio Na Construção De Tanques, Vias De Acesso Para O Escoamento E O Transporte Da Produção Aquícola, Para O Atendimento Mínimo 15 Famílias, política voltada às ações do Ministério da Pesca e Aquicultura. - Ministério da Pesca e Aquicultura - Aquisição De Máquinas Específicas E/Ou Horas-Máquina, Que Facilitem O Apoio Na Construção De Tanques, Vias De Acesso Para O Escoamento E O Transporte Da Produção Aquícola, Para O Atendimento Mínimo 15 Famílias, política voltada às ações do Ministério da Pesca e Aquicultura. - Ministério da Pesca e Aquicultura;2026OB004482;Caixa Econômica Federal;104;1879-1;1879;569372418-9;569372418
09032026-091803;202644010005-JULIA ZANATTA;83102855000150;NAVEGANTES;4401;Julia Zanatta;199000.0;Objeto Único Não Padronizado – Demais - Capacitação e Treinamento e Aquisição de Munição Para Polícia Militar - Ministério da Justiça e Segurança Pública;;Caixa Econômica Federal;104;1879-1;1879;569171474-7;569171474
09032026-094216;202643920005-ISMAEL;83102855000150;NAVEGANTES;4392;Ismael;398000.0;Construção, Reforma Ou Ampliação De Infraestrutura Esportiva  - Ministério do Esporte - Construção, Reforma Ou Ampliação De Infraestrutura Esportiva  - Ministério do Esporte;;Caixa Econômica Federal;104;1879-1;1879;569171473-9;569171473
09032026-097352;202643390009-DANIELA REINEHR;83102855000150;NAVEGANTES;4339;Daniela Reinehr;497500.0;Ampliação de Escola (Capital) - Fundo Nacional de Desenvolvimento da Educação - Ampliação de Escola (Capital) - Fundo Nacional de Desenvolvimento da Educação;;Caixa Econômica Federal;104;1879-1;1879;569260837-1;569260837
0903-003531;202018800013-Angela Amin;82548983000160;MUNICIPIO DE TURVO;1880;Angela Amin;150000.0;;2020OB801124;Caixa Econômica Federal;104;1084-7;1084;575860791-2;575860791
09032022-017141;202218800004-Angela Amin;82548983000160;MUNICIPIO DE TURVO;1880;Angela Amin;250000.0;;2023OB804406;Caixa Econômica Federal;104;1084-7;1084;575860792-0;575860792
09032022-017384;202222100001-Esperidião Amin;82548983000160;MUNICIPIO DE TURVO;2210;Esperidião Amin;150000.0;;2023OB800458;Caixa Econômica Federal;104;1084-7;1084;575860792-0;575860792
09032023-034405;202322100001-Esperidião Amin;82548983000160;MUNICIPIO DE TURVO;2210;Esperidião Amin;450000.0;;2023OB811989;Caixa Econômica Federal;104;1084-7;1084;575860793-9;575860793
09032023-031253;202332350003-Geovania De Sá;82548983000160;MUNICIPIO DE TURVO;3235;Geovania De Sá;100000.0;;2023OB812899;Caixa Econômica Federal;104;1084-7;1084;575860793-9;575860793
09032024-066089;202442730002-Jorge Seif;82548983000160;MUNICIPIO DE TURVO;4273;Jorge Seif;100000.0;;2024OB010276;Caixa Econômica Federal;104;1084-7;1084;575860796-3;575860796
09032024-068679;202442510013-Ivete da Silveira;82548983000160;MUNICIPIO DE TURVO;4251;Ivete da Silveira;150000.0;;2024OB010045;Caixa Econômica Federal;104;1084-7;1084;575860795-5;575860795
09032024-068796;202442510012-Ivete da Silveira;82548983000160;MUNICIPIO DE TURVO;4251;Ivete da Silveira;150000.0;;2024OB003521;Caixa Econômica Federal;104;1084-7;1084;575860794-7;575860794
09032025-081292;202542090003-JORGE GOETTEN;82548983000160;MUNICIPIO DE TURVO;4209;Jorge Goetten;247500.0;Objeto Único Não Padronizado – Demais - AQUISIÇÃO DE EQUIPAMENTOS PARA SECRETARIA DE AGRICULTURA DO MUNICÍPIO - A CARGO DO MINISTÉRIO DA AGRICULTURA E PECUÁRIA - MAPA (22000);;Caixa Econômica Federal;104;1084-7;1084;;
09032025-2-086812;202544480001-PEZENTI;82548983000160;MUNICIPIO DE TURVO;4448;Pezenti;198000.0;Capacitação Em Atenção À Saúde Da Mulher - Capacitação Em Atenção À Saúde Da Mulher;2025OB009028;Banco do Brasil;001;993-8;993;21819-7;21819
09032025-083889;202540620003-RICARDO GUIDI;82548983000160;MUNICIPIO DE TURVO;4062;Ricardo Guidi;693000.0;Pavimentação De Estradas Vicinais - Pavimentação De Estradas Vicinais;2025OB001505;Caixa Econômica Federal;104;1084-7;1084;574793537-9;574793537
09032026-089613;202632350004-GEOVANIA DE SÁ;82548983000160;MUNICIPIO DE TURVO;3235;Geovania De Sá;213925.0;Aquisição De Veiculos - Ministério do Desenvolvimento e Assistência Social, Família e Combate à Fome - Aquisição De Veiculos - Ministério do Desenvolvimento e Assistência Social, Família e Combate à Fome;;Banco do Brasil;001;993-8;993;22173-2;22173
09032025-2-087291;202542090003-JORGE GOETTEN;82548983000160;MUNICIPIO DE TURVO;4209;Jorge Goetten;247500.0;Retroescavadeira - Retroescavadeira - Infraestrutura Produtiva;2025OB008560;Banco do Brasil;001;993-8;993;21808-1;21808
09032025-079211;202544480001-PEZENTI;82548983000160;MUNICIPIO DE TURVO;4448;Pezenti;198000.0;Capacitação Em Atenção À Saúde Da Mulher - Capacitação Em Atenção À Saúde Da Mulher;;Caixa Econômica Federal;104;1084-7;1084;;
09032026-095740;202639290001-CARLOS CHIODINI;82548983000160;MUNICIPIO DE TURVO;3929;Carlos Chiodini;497500.0;Pavimentação De Estradas Vicinais - Ministério da Integração e do Desenvolvimento Regional - Pavimentação De Estradas Vicinais - Ministério da Integração e do Desenvolvimento Regional;2026OB001450;Caixa Econômica Federal;104;1084-7;1084;569487328-5;569487328
09032021-010975;202132350006-Geovania De Sá;83102558000105;MUNICIPIO DE IRINEOPOLIS;3235;Geovania De Sá;400000.0;;2021OB800871;Banco do Brasil;001;2143-1;2143;16052-0;16052
09032023-034416;202322100001-Esperidião Amin;83102558000105;MUNICIPIO DE IRINEOPOLIS;2210;Esperidião Amin;1000000.0;;2023OB808301;Banco do Brasil;001;2143-1;2143;17378-9;17378
09032022-016421;202228550021-Pedro Uczai;83102558000105;MUNICIPIO DE IRINEOPOLIS;2855;Pedro Uczai;150000.0;;2023OB801100;Banco do Brasil;001;2143-1;2143;16441-0;16441
09032022-019867;202239290005-Carlos Chiodini;83102558000105;MUNICIPIO DE IRINEOPOLIS;3929;Carlos Chiodini;700000.0;;2023OB802602;Banco do Brasil;001;2143-1;2143;16441-0;16441
09032023-031260;202332350003-Geovania De Sá;83102558000105;MUNICIPIO DE IRINEOPOLIS;3235;Geovania De Sá;500000.0;;2023OB809959;Banco do Brasil;001;2143-1;2143;17378-9;17378
09032023-034174;202318800004-Angela Amin;83102558000105;MUNICIPIO DE IRINEOPOLIS;1880;Angela Amin;300000.0;;2023OB806560;Banco do Brasil;001;2143-1;2143;17378-9;17378
09032023-037069;202339320001-Caroline de Toni;83102558000105;MUNICIPIO DE IRINEOPOLIS;3932;Caroline de Toni;300000.0;;2023OB810532;Banco do Brasil;001;2143-1;2143;17378-9;17378
09032023-039026;202342510010-Ivete da Silveira;83102558000105;MUNICIPIO DE IRINEOPOLIS;4251;Ivete da Silveira;200000.0;;2023OB811504;Banco do Brasil;001;2143-1;2143;17378-9;17378
09032024-066099;202442730002-Jorge Seif;83102558000105;MUNICIPIO DE IRINEOPOLIS;4273;Jorge Seif;87000.0;;2024OB010301;Caixa Econômica Federal;104;422-7;422;576008128-0;576008128
09032024-068699;202442510013-Ivete da Silveira;83102558000105;MUNICIPIO DE IRINEOPOLIS;4251;Ivete da Silveira;100000.0;;2024OB010005;Caixa Econômica Federal;104;422-7;422;576008122-1;576008122
09032024-068816;202442510012-Ivete da Silveira;83102558000105;MUNICIPIO DE IRINEOPOLIS;4251;Ivete da Silveira;100000.0;;2024OB003624;Caixa Econômica Federal;104;422-7;422;576008121-3;576008121
09032024-072853;202439320001-Caroline de Toni;83102558000105;MUNICIPIO DE IRINEOPOLIS;3932;Caroline de Toni;200000.0;;2024OB008504;Caixa Econômica Federal;104;422-7;422;576008116-7;576008116
09032025-083242;202539320001-CAROLINE DE TONI;83102558000105;MUNICIPIO DE IRINEOPOLIS;3932;Caroline de Toni;207900.0;Equipamentos Agrícolas E Agropecuários - Equipamentos Agrícolas E Agropecuários - Rotas De Integração Nacional;2025OB001192;Caixa Econômica Federal;104;422-7;422;574847026-4;574847026
09032026-095959;202639800001-FABIO SCHIOCHET;83102558000105;MUNICIPIO DE IRINEOPOLIS;3980;Fabio Schiochet;398000.0;Construção, Reforma Ou Ampliação De Infraestrutura Esportiva  - Ministério do Esporte - Construção, Reforma Ou Ampliação De Infraestrutura Esportiva  - Ministério do Esporte;2026OB001619;Banco do Brasil;001;2143-1;2143;18937-5;18937
09032023-031261;202332350003-Geovania De Sá;83102525000165;MUNICIPIO DE MONTE CASTELO;3235;Geovania De Sá;400000.0;;2023OB809972;Caixa Econômica Federal;104;4451-2;4451;576124829-4;576124829
09032023-037070;202339320001-Caroline de Toni;83102525000165;MUNICIPIO DE MONTE CASTELO;3932;Caroline de Toni;75000.0;;2023OB813659;Caixa Econômica Federal;104;4451-2;4451;576124829-4;576124829
09032023-039029;202342510010-Ivete da Silveira;83102525000165;MUNICIPIO DE MONTE CASTELO;4251;Ivete da Silveira;100000.0;;2023OB811502;Caixa Econômica Federal;104;4451-2;4451;576124829-4;576124829
09032021-010977;202132350006-Geovania De Sá;83102525000165;MUNICIPIO DE MONTE CASTELO;3235;Geovania De Sá;500000.0;;2021OB800751;Banco do Brasil;001;2323-X;2323;13167-9;13167
09032024-068703;202442510013-Ivete da Silveira;83102525000165;MUNICIPIO DE MONTE CASTELO;4251;Ivete da Silveira;150000.0;;2024OB010012;Caixa Econômica Federal;104;4451-2;4451;576124917-7;576124917
09032024-074729;202443920007-Ismael;83102525000165;MUNICIPIO DE MONTE CASTELO;4392;Ismael;250000.0;;2024OB011125;Caixa Econômica Federal;104;4451-2;4451;576125026-4;576125026
09032024-068820;202442510012-Ivete da Silveira;83102525000165;MUNICIPIO DE MONTE CASTELO;4251;Ivete da Silveira;150000.0;;2024OB003526;Caixa Econômica Federal;104;4451-2;4451;576125012-4;576125012
09032025-083193;202539290001-CARLOS CHIODINI;83102525000165;MUNICIPIO DE MONTE CASTELO;3929;Carlos Chiodini;594000.0;Pavimentação - Pavimentação;2025OB001168;Banco do Brasil;001;2323-X;2323;15714-7;15714
09032021-011526;202137860003-Dário Berger;83102673000180;MUNICIPIO DE PETROLANDIA;3786;Dário Berger;100000.0;;2021OB803535;Banco do Brasil;001;5305-8;5305;325-5;325
09032022-016139;202237860003-Dário Berger;83102673000180;MUNICIPIO DE PETROLANDIA;3786;Dário Berger;150000.0;;2023OB802158;Banco do Brasil;001;2775-8;2775;13467-8;13467
09032022-017393;202222100001-Esperidião Amin;83102673000180;MUNICIPIO DE PETROLANDIA;2210;Esperidião Amin;150000.0;;2023OB800453;Banco do Brasil;001;2775-8;2775;13467-8;13467
09032023-039031;202342510010-Ivete da Silveira;83102673000180;MUNICIPIO DE PETROLANDIA;4251;Ivete da Silveira;100000.0;;2023OB811511;Banco do Brasil;001;5305-8;5305;697-1;697
09032024-069310;202490550002-Gilson Marques;83102673000180;MUNICIPIO DE PETROLANDIA;9055;Gilson Marques;550000.0;;2024OB005313;Banco do Brasil;001;5305-8;5305;846-X;846
09032023-034419;202322100001-Esperidião Amin;83102673000180;MUNICIPIO DE PETROLANDIA;2210;Esperidião Amin;450000.0;;2023OB809268;Banco do Brasil;001;5305-8;5305;697-1;697
09032024-066102;202442730002-Jorge Seif;83102673000180;MUNICIPIO DE PETROLANDIA;4273;Jorge Seif;87000.0;;2024OB010270;Banco do Brasil;001;5305-8;5305;847-8;847
09032025-083898;202540620003-RICARDO GUIDI;83102673000180;MUNICIPIO DE PETROLANDIA;4062;Ricardo Guidi;594000.0;Caminhão Pipa - Caminhão Pipa - Infraestrutura Produtiva;2025OB001500;Caixa Econômica Federal;104;1102-9;1102;574810402-0;574810402
09032025-079226;202544480001-PEZENTI;83102673000180;MUNICIPIO DE PETROLANDIA;4448;Pezenti;594000.0;Ampliação De Unidade Básica De Saúde - Ampliação De Unidade Básica De Saúde;;Caixa Econômica Federal;104;1102-9;1102;;
09032025-2-086821;202544480001-PEZENTI;83102673000180;MUNICIPIO DE PETROLANDIA;4448;Pezenti;594000.0;Ampliação De Unidade Básica De Saúde - Ampliação De Unidade Básica De Saúde;2025OB009025;Caixa Econômica Federal;104;1102-9;1102;573269662-4;573269662
09032026-094115;202644480001-PEZENTI;83102673000180;MUNICIPIO DE PETROLANDIA;4448;Pezenti;497500.0;Cemitérios E Espaços Públicos Associados Ao Cemitério Como Capela Mortuária - Ministério das Cidades - Cemitérios E Espaços Públicos Associados Ao Cemitério Como Capela Mortuária - Ministério das Cidades;2026OB003398;Caixa Econômica Federal;104;1102-9;1102;569698677-0;569698677
0903-003920;202018800013-Angela Amin;83102590000190;MUNICIPIO DE AGRONOMICA;1880;Angela Amin;200000.0;;2020OB801821;Caixa Econômica Federal;104;423-5;423;575864796-5;575864796
0903-003917;202041850004-Jorginho Mello;83102590000190;MUNICIPIO DE AGRONOMICA;4185;Jorginho Mello;100000.0;;2020OB801727;Caixa Econômica Federal;104;423-5;423;575864796-5;575864796
09032021-013407;202141850007-Jorginho Mello;83102590000190;MUNICIPIO DE AGRONOMICA;4185;Jorginho Mello;207993.0;;2021OB801928;Caixa Econômica Federal;104;423-5;423;575864798-1;575864798
09032021-012112;202139530003-Darci de Matos;83102590000190;MUNICIPIO DE AGRONOMICA;3953;Darci de Matos;200000.0;;2021OB801328;Caixa Econômica Federal;104;423-5;423;575864798-1;575864798
09032022-016326;202239530001-Darci de Matos;83102590000190;MUNICIPIO DE AGRONOMICA;3953;Darci de Matos;400000.0;;2022OB802729;Caixa Econômica Federal;104;423-5;423;575864804-0;575864804
09032022-021824;202241850010-Jorginho Mello;83102590000190;MUNICIPIO DE AGRONOMICA;4185;Jorginho Mello;200000.0;;2022OB804094;Caixa Econômica Federal;104;423-5;423;575864804-0;575864804
09032023-038989;202342510010-Ivete da Silveira;83102590000190;MUNICIPIO DE AGRONOMICA;4251;Ivete da Silveira;400000.0;;2023OB811509;Caixa Econômica Federal;104;423-5;423;575864806-6;575864806
09032022-017134;202218800004-Angela Amin;83102590000190;MUNICIPIO DE AGRONOMICA;1880;Angela Amin;200000.0;;2022OB800488;Caixa Econômica Federal;104;423-5;423;575864804-0;575864804
09032025-079189;202544480001-PEZENTI;83102590000190;MUNICIPIO DE AGRONOMICA;4448;Pezenti;265312.08;Adquirir Mobiliário De Sala De Aula (Capital) - Adquirir Mobiliário De Sala De Aula (Capital);2025OB007151;Caixa Econômica Federal;104;423-5;423;574064324-0;574064324
09032025-083871;202540620003-RICARDO GUIDI;83102590000190;MUNICIPIO DE AGRONOMICA;4062;Ricardo Guidi;495000.0;Caminhão Basculante/Caçamba - Caminhão Basculante/Caçamba - Infraestrutura Produtiva;2025OB001502;Caixa Econômica Federal;104;423-5;423;574824061-7;574824061
09032026-094178;202643920005-ISMAEL;83102590000190;MUNICIPIO DE AGRONOMICA;4392;Ismael;398000.0;Aquisição de Máquinas e Equipamentos (GND 4) - Ministério da Agricultura e Pecuária - Aquisição de Máquinas e Equipamentos (GND 4) - Ministério da Agricultura e Pecuária;;Caixa Econômica Federal;104;423-5;423;569002294-9;569002294
09032026-095933;202639800001-FABIO SCHIOCHET;83102590000190;MUNICIPIO DE AGRONOMICA;3980;Fabio Schiochet;497500.0;Pavimentação Urbana - Ministério das Cidades - Pavimentação Urbana - Ministério das Cidades;;Caixa Econômica Federal;104;423-5;423;569372412-0;569372412
09032026-091770;202644010005-JULIA ZANATTA;83102590000190;MUNICIPIO DE AGRONOMICA;4401;Julia Zanatta;398000.0;Pavimentação: Adequação De Vias, Pontes, Travessias e Obras de Artes Especiais em Área Urbana - Ministério das Cidades - Pavimentação: Adequação De Vias, Pontes, Travessias e Obras de Artes Especiais em Área Urbana - Ministério das Cidades;2026OB005862;Caixa Econômica Federal;104;423-5;423;569372413-8;569372413
09032026-094565;202622100012-ESPERIDIÃO AMIN;83102590000190;MUNICIPIO DE AGRONOMICA;2210;Esperidião Amin;398000.0;Pavimentação Urbana - Ministério das Cidades - Pavimentação Urbana - Ministério das Cidades;2026OB003967;Caixa Econômica Federal;104;423-5;423;569372414-6;569372414
0903-003979;202025690009-Celso Maldaner;80623606000112;MUNICIPIO DE IRACEMINHA;2569;Celso Maldaner;250000.0;;2020OB801097;Banco do Brasil;001;5424-0;5424;6638-9;6638
0903-004447;202041850004-Jorginho Mello;80623606000112;MUNICIPIO DE IRACEMINHA;4185;Jorginho Mello;200000.0;;2020OB801748;Banco do Brasil;001;5424-0;5424;6638-9;6638
09032021-009940;202125690003-Celso Maldaner;80623606000112;MUNICIPIO DE IRACEMINHA;2569;Celso Maldaner;400000.0;;2021OB800421;Banco do Brasil;001;5424-0;5424;6918-3;6918
09032021-011508;202137860003-Dário Berger;80623606000112;MUNICIPIO DE IRACEMINHA;3786;Dário Berger;250000.0;;2021OB801094;Banco do Brasil;001;5424-0;5424;6918-3;6918
09032021-012122;202139530003-Darci de Matos;80623606000112;MUNICIPIO DE IRACEMINHA;3953;Darci de Matos;89993.0;;2021OB801300;Banco do Brasil;001;5424-0;5424;6918-3;6918
09032021-013419;202141850007-Jorginho Mello;80623606000112;MUNICIPIO DE IRACEMINHA;4185;Jorginho Mello;100000.0;;2021OB801938;Banco do Brasil;001;5424-0;5424;6918-3;6918
09032022-017707;202225690003-Celso Maldaner;80623606000112;MUNICIPIO DE IRACEMINHA;2569;Celso Maldaner;100000.0;;2023OB800690;Banco do Brasil;001;5424-0;5424;7168-4;7168
09032022-021837;202241850010-Jorginho Mello;80623606000112;MUNICIPIO DE IRACEMINHA;4185;Jorginho Mello;100000.0;;2022OB804088;Banco do Brasil;001;5424-0;5424;7168-4;7168
09032023-034741;202325690004-Celso Maldaner;80623606000112;MUNICIPIO DE IRACEMINHA;2569;Celso Maldaner;407302.0;;2023OB806739, 2023OB809389;Banco do Brasil;001;858-3;858;38374-0;38374
09032023-039012;202342510010-Ivete da Silveira;80623606000112;MUNICIPIO DE IRACEMINHA;4251;Ivete da Silveira;200000.0;;2023OB814992;Banco do Brasil;001;858-3;858;38374-0;38374
09032024-068799;202442510012-Ivete da Silveira;80623606000112;MUNICIPIO DE IRACEMINHA;4251;Ivete da Silveira;150000.0;;2024OB003517;Banco do Brasil;001;5424-0;5424;7889-1;7889
09032024-068682;202442510013-Ivete da Silveira;80623606000112;MUNICIPIO DE IRACEMINHA;4251;Ivete da Silveira;150000.0;;2024OB010006;Banco do Brasil;001;5424-0;5424;7885-9;7885
09032024-073875;202442090002-Jorge Goetten;80623606000112;MUNICIPIO DE IRACEMINHA;4209;Jorge Goetten;600000.0;;2024OB009944;Banco do Brasil;001;5424-0;5424;7886-7;7886
09032024-074460;202443390001-Daniela Reinehr;80623606000112;MUNICIPIO DE IRACEMINHA;4339;Daniela Reinehr;600000.0;;2024OB004278;Banco do Brasil;001;5424-0;5424;7888-3;7888
09032024-073990;202442730001-Jorge Seif;80623606000112;MUNICIPIO DE IRACEMINHA;4273;Jorge Seif;200000.0;;2024OB003749;Banco do Brasil;001;5424-0;5424;7887-5;7887
09032025-083232;202539320001-CAROLINE DE TONI;80623606000112;MUNICIPIO DE IRACEMINHA;3932;Caroline de Toni;207900.0;Equipamentos Agrícolas E Agropecuários - Equipamentos Agrícolas E Agropecuários - Rotas De Integração Nacional;2025OB001193;Banco do Brasil;001;5424-0;5424;8277-5;8277
09032025-084743;202543390010-DANIELA REINEHR;80623606000112;MUNICIPIO DE IRACEMINHA;4339;Daniela Reinehr;495000.0;Pavimentação De Estradas Vicinais - Pavimentação De Estradas Vicinais;2025OB002232;Banco do Brasil;001;5424-0;5424;8278-3;8278
09032025-075736;202542730002-JORGE SEIF;80623606000112;MUNICIPIO DE IRACEMINHA;4273;Jorge Seif;198000.0;Custeio Ao Piso Da Atenção Primária - Custeio Ao Piso Da Atenção Primária;;Banco do Brasil;001;5424-0;5424;;
09032025-2-085714;202542730002-JORGE SEIF;80623606000112;MUNICIPIO DE IRACEMINHA;4273;Jorge Seif;198000.0;Custeio Ao Piso Da Atenção Primária - Custeio Ao Piso Da Atenção Primária;2025OB008633;Banco do Brasil;001;5424-0;5424;8318-6;8318
09032026-097245;202643250001-COBALCHINI;80623606000112;MUNICIPIO DE IRACEMINHA;4325;Cobalchini;398000.0;Construção, Reforma Ou Ampliação De Infraestrutura Esportiva  - Ministério do Esporte - Construção, Reforma Ou Ampliação De Infraestrutura Esportiva  - Ministério do Esporte;2026OB002837;Banco do Brasil;001;5424-0;5424;8382-8;8382
09032026-097337;202643390009-DANIELA REINEHR;80623606000112;MUNICIPIO DE IRACEMINHA;4339;Daniela Reinehr;497500.0;Pavimentação Urbana - Ministério das Cidades - Pavimentação Urbana - Ministério das Cidades;;Banco do Brasil;001;5424-0;5424;;
0903-003901;202018800013-Angela Amin;79372553000125;MUNICIPIO DE JOSE BOITEUX;1880;Angela Amin;150000.0;;2020OB801093;Banco do Brasil;001;696-3;696;27718-5;27718
09032021-010966;202132350006-Geovania De Sá;79372553000125;MUNICIPIO DE JOSE BOITEUX;3235;Geovania De Sá;150000.0;;2021OB800868;Banco do Brasil;001;5437-2;5437;7523-X;7523
09032022-017388;202222100001-Esperidião Amin;79372553000125;MUNICIPIO DE JOSE BOITEUX;2210;Esperidião Amin;150000.0;;2022OB800655;Banco do Brasil;001;5437-2;5437;7710-0;7710
09032022-018227;202228560001-Rogério Peninha Mendonça;79372553000125;MUNICIPIO DE JOSE BOITEUX;2856;Rogério Peninha Mendonça;250000.0;;2022OB801278;Banco do Brasil;001;5437-2;5437;7710-0;7710
09032022-016342;202239530001-Darci de Matos;79372553000125;MUNICIPIO DE JOSE BOITEUX;3953;Darci de Matos;150000.0;;2022OB802720;Banco do Brasil;001;5437-2;5437;7710-0;7710
09032023-032869;202329250001-Carmen Zanotto;79372553000125;MUNICIPIO DE JOSE BOITEUX;2925;Carmen Zanotto;100000.0;;2023OB812591;Caixa Econômica Federal;104;2775-8;2775;575996442-5;575996442
09032023-034411;202322100001-Esperidião Amin;79372553000125;MUNICIPIO DE JOSE BOITEUX;2210;Esperidião Amin;400000.0;;2023OB808303, 2023OB809258;Caixa Econômica Federal;104;2775-8;2775;575996442-5;575996442
09032024-066091;202442730002-Jorge Seif;79372553000125;MUNICIPIO DE JOSE BOITEUX;4273;Jorge Seif;87000.0;;2024OB010294;Banco do Brasil;001;5437-2;5437;8274-0;8274
09032024-074722;202443920007-Ismael;79372553000125;MUNICIPIO DE JOSE BOITEUX;4392;Ismael;250000.0;;2024OB011112;Banco do Brasil;001;5437-2;5437;8272-4;8272
09032024-075082;202444480002-Pezenti;79372553000125;MUNICIPIO DE JOSE BOITEUX;4448;Pezenti;300000.0;;2024OB012005;Banco do Brasil;001;5437-2;5437;8273-2;8273
09032025-081293;202542090003-JORGE GOETTEN;79372553000125;MUNICIPIO DE JOSE BOITEUX;4209;Jorge Goetten;396000.0;Pavimentação - Pavimentação;2025OB001908;Banco do Brasil;001;5437-2;5437;8702-5;8702
09032025-079216;202544480001-PEZENTI;79372553000125;MUNICIPIO DE JOSE BOITEUX;4448;Pezenti;495000.0;Construção, Reforma Ou Ampliação De Infraestrutura Esportiva - Construção, Reforma Ou Ampliação De Infraestrutura Esportiva;2025OB004270;Banco do Brasil;001;5437-2;5437;8704-1;8704
09032026-094104;202644480001-PEZENTI;79372553000125;MUNICIPIO DE JOSE BOITEUX;4448;Pezenti;497500.0;Aquisição de Máquinas e Equipamentos (GND 4) - Ministério da Agricultura e Pecuária - Aquisição de Máquinas e Equipamentos (GND 4) - Ministério da Agricultura e Pecuária;;Banco do Brasil;001;5437-2;5437;8845-5;8845
09032021-011532;202137860003-Dário Berger;83102491000109;MUNICIPIO DE SCHROEDER;3786;Dário Berger;100000.0;;2021OB804246;Caixa Econômica Federal;104;3598-0;3598;575855919-5;575855919
09032021-011953;202139290005-Carlos Chiodini;83102491000109;MUNICIPIO DE SCHROEDER;3929;Carlos Chiodini;1000000.0;;2021OB803046;Caixa Econômica Federal;104;3598-0;3598;575855919-5;575855919
09032022-014143;202232350003-Geovania De Sá;83102491000109;MUNICIPIO DE SCHROEDER;3235;Geovania De Sá;250000.0;;2023OB801637;Caixa Econômica Federal;104;3598-0;3598;575855921-7;575855921
09032022-019871;202239290005-Carlos Chiodini;83102491000109;MUNICIPIO DE SCHROEDER;3929;Carlos Chiodini;800000.0;;2022OB802623;Caixa Econômica Federal;104;3598-0;3598;575855921-7;575855921
09032022-017395;202222100001-Esperidião Amin;83102491000109;MUNICIPIO DE SCHROEDER;2210;Esperidião Amin;150000.0;;2023OB804122;Caixa Econômica Federal;104;3598-0;3598;575855921-7;575855921
09032023-037005;202339290002-Carlos Chiodini;83102491000109;MUNICIPIO DE SCHROEDER;3929;Carlos Chiodini;1800000.0;;2023OB807709;Caixa Econômica Federal;104;3598-0;3598;575855922-5;575855922
09032023-037179;202339440011-Coronel Armando;83102491000109;MUNICIPIO DE SCHROEDER;3944;Coronel Armando;1303367.0;;2023OB810586, 2023OB813706;Caixa Econômica Federal;104;3598-0;3598;575855922-5;575855922
09032024-066108;202442730002-Jorge Seif;83102491000109;MUNICIPIO DE SCHROEDER;4273;Jorge Seif;100000.0;;2024OB010280;Caixa Econômica Federal;104;3598-0;3598;575855923-3;575855923
09032024-068826;202442510012-Ivete da Silveira;83102491000109;MUNICIPIO DE SCHROEDER;4251;Ivete da Silveira;200000.0;;2024OB003553;Caixa Econômica Federal;104;3598-0;3598;575855927-6;575855927
09032024-069098;202422100016-Esperidião Amin;83102491000109;MUNICIPIO DE SCHROEDER;2210;Esperidião Amin;700000.0;;2024OB005612;Caixa Econômica Federal;104;3598-0;3598;575855925-0;575855925
09032024-072778;202439290001-Carlos Chiodini;83102491000109;MUNICIPIO DE SCHROEDER;3929;Carlos Chiodini;685000.0;;2024OB002320;Caixa Econômica Federal;104;3598-0;3598;575855926-8;575855926
09032024-068709;202442510013-Ivete da Silveira;83102491000109;MUNICIPIO DE SCHROEDER;4251;Ivete da Silveira;200000.0;;2024OB010039;Caixa Econômica Federal;104;3598-0;3598;575855924-1;575855924
09032025-083247;202539320001-CAROLINE DE TONI;83102491000109;MUNICIPIO DE SCHROEDER;3932;Caroline de Toni;396000.0;Pavimentação - Pavimentação;2025OB001185;Caixa Econômica Federal;104;3598-0;3598;574776056-0;574776056
09032025-084751;202543390010-DANIELA REINEHR;83102491000109;MUNICIPIO DE SCHROEDER;4339;Daniela Reinehr;693000.0;Construção, Reforma Ou Ampliação De Infraestrutura Esportiva - Construção, Reforma Ou Ampliação De Infraestrutura Esportiva;2025OB004059;Caixa Econômica Federal;104;3598-0;3598;574600861-0;574600861
09032026-089625;202632350004-GEOVANIA DE SÁ;83102491000109;MUNICIPIO DE SCHROEDER;3235;Geovania De Sá;398000.0;Pavimentação Urbana - Ministério das Cidades - Pavimentação Urbana - Ministério das Cidades;2026OB000953;Banco do Brasil;001;5410-0;5410;14513-0;14513
09032025-2-088290;202542730001-JORGE SEIF;83102491000109;MUNICIPIO DE SCHROEDER;4273;Jorge Seif;396000.0;Pavimentação - Pavimentação;2025OB009962;Banco do Brasil;001;5410-0;5410;14176-3;14176
09032026-091794;202644010005-JULIA ZANATTA;83102491000109;MUNICIPIO DE SCHROEDER;4401;Julia Zanatta;497500.0;Pavimentação Urbana - Ministério das Cidades - Pavimentação Urbana - Ministério das Cidades;2026OB003192;Banco do Brasil;001;5410-0;5410;14519-X;14519
09032026-095752;202639290001-CARLOS CHIODINI;83102491000109;MUNICIPIO DE SCHROEDER;3929;Carlos Chiodini;597000.0;Pavimentação Urbana - Ministério das Cidades - Pavimentação Urbana - Ministério das Cidades;2026OB001439;Banco do Brasil;001;5410-0;5410;14527-0;14527
09032026-097348;202643390009-DANIELA REINEHR;83102491000109;MUNICIPIO DE SCHROEDER;4339;Daniela Reinehr;447750.0;Pavimentação Urbana - Ministério das Cidades - Pavimentação Urbana - Ministério das Cidades;2026OB002916;Banco do Brasil;001;5410-0;5410;14512-2;14512
09032026-096791;202642510003-IVETE DA SILVEIRA;83102491000109;MUNICIPIO DE SCHROEDER;4251;Ivete da Silveira;398000.0;Aquisição De Veiculos - Ministério do Desenvolvimento e Assistência Social, Família e Combate à Fome - Aquisição De Veiculos - Ministério do Desenvolvimento e Assistência Social, Família e Combate à Fome;;;;;;;
09032025-084334;202542730001-JORGE SEIF;83102491000109;MUNICIPIO DE SCHROEDER;4273;Jorge Seif;396000.0;Custeio Da Média E Alta Complexidade (Mac) - Custeio Da Média E Alta Complexidade (Mac);;;;;;;
09032021-010445;202128560001-Rogério Peninha Mendonça;83102368000198;MUNICIPIO DE GUABIRUBA;2856;Rogério Peninha Mendonça;300000.0;;2021OB800684;Caixa Econômica Federal;104;4873-9;4873;575994077-1;575994077
09032022-017146;202218800004-Angela Amin;83102368000198;MUNICIPIO DE GUABIRUBA;1880;Angela Amin;200000.0;;2022OB800496;Banco do Brasil;001;5409-7;5409;11315-8;11315
09032022-017392;202222100001-Esperidião Amin;83102368000198;MUNICIPIO DE GUABIRUBA;2210;Esperidião Amin;150000.0;;2022OB800653;Banco do Brasil;001;5409-7;5409;11315-8;11315
09032022-018232;202228560001-Rogério Peninha Mendonça;83102368000198;MUNICIPIO DE GUABIRUBA;2856;Rogério Peninha Mendonça;250000.0;;2022OB801265;Banco do Brasil;001;5409-7;5409;11315-8;11315
09032023-034172;202318800004-Angela Amin;83102368000198;MUNICIPIO DE GUABIRUBA;1880;Angela Amin;300000.0;;2023OB805851;Caixa Econômica Federal;104;4873-9;4873;575994078-0;575994078
09032023-039024;202342510010-Ivete da Silveira;83102368000198;MUNICIPIO DE GUABIRUBA;4251;Ivete da Silveira;100000.0;;2023OB814984;Caixa Econômica Federal;104;4873-9;4873;575994078-0;575994078
09032024-069094;202422100016-Esperidião Amin;83102368000198;MUNICIPIO DE GUABIRUBA;2210;Esperidião Amin;300000.0;;2024OB006404;Banco do Brasil;001;5409-7;5409;13092-3;13092
09032024-074015;202442730001-Jorge Seif;83102368000198;MUNICIPIO DE GUABIRUBA;4273;Jorge Seif;100000.0;;2024OB010236;Banco do Brasil;001;5409-7;5409;13094-X;13094
09032024-074478;202443390001-Daniela Reinehr;83102368000198;MUNICIPIO DE GUABIRUBA;4339;Daniela Reinehr;200000.0;;2024OB010892;Banco do Brasil;001;5409-7;5409;13093-1;13093
09032025-2-086819;202544480001-PEZENTI;83102368000198;MUNICIPIO DE GUABIRUBA;4448;Pezenti;198000.0;Produtos E Serviços (Aquisições, Locações, Apoio Técnico-Operacional, Estudos, Pesquisas, Planos E Instrumentos Congêneres Etc.) Para O Fortalecimento Dos Órgãos Estaduais, Distrital E Municipais De Proteção E Defesa Civil - Produtos E Serviços (Aquisições, Locações, Apoio Técnico-Operacional, Estudos, Pesquisas, Planos E Instrumentos Congêneres Etc.) Para O Fortalecimento Dos Órgãos Estaduais, Distrital E Municipais De Proteção E Defesa Civil;2025OB009017;Caixa Econômica Federal;104;4873-9;4873;573503654-4;573503654
09032025-079223;202544480001-PEZENTI;83102368000198;MUNICIPIO DE GUABIRUBA;4448;Pezenti;198000.0;Produtos E Serviços (Aquisições, Locações, Apoio Técnico-Operacional, Estudos, Pesquisas, Planos E Instrumentos Congêneres Etc.) Para O Fortalecimento Dos Órgãos Estaduais, Distrital E Municipais De Proteção E Defesa Civil - Produtos E Serviços (Aquisições, Locações, Apoio Técnico-Operacional, Estudos, Pesquisas, Planos E Instrumentos Congêneres Etc.) Para O Fortalecimento Dos Órgãos Estaduais, Distrital E Municipais De Proteção E Defesa Civil;;Caixa Econômica Federal;104;4873-9;4873;;
09032026-094110;202644480001-PEZENTI;83102368000198;MUNICIPIO DE GUABIRUBA;4448;Pezenti;298500.0;Aquisição De Unidade Móvel De Saúde - Ministério da Saúde - Aquisição De Unidade Móvel De Saúde - Ministério da Saúde;;Caixa Econômica Federal;104;4873-9;4873;;
09032026-091787;202644010005-JULIA ZANATTA;83102368000198;MUNICIPIO DE GUABIRUBA;4401;Julia Zanatta;497500.0;Construção De Centro De Público De Convivência - Ministério do Desenvolvimento e Assistência Social, Família e Combate à Fome - Construção De Centro De Público De Convivência - Ministério do Desenvolvimento e Assistência Social, Família e Combate à Fome;2026OB005863;Caixa Econômica Federal;104;4873-9;4873;569300203-5;569300203
09032026-094206;202643920005-ISMAEL;83102368000198;MUNICIPIO DE GUABIRUBA;4392;Ismael;372694.17;Aquisição De Unidade Móvel De Saúde - Ministério da Saúde - Aquisição De Unidade Móvel De Saúde - Ministério da Saúde;2026OB005820;Caixa Econômica Federal;104;4873-9;4873;569171467-4;569171467
09032026-095955;202639800001-FABIO SCHIOCHET;83102368000198;MUNICIPIO DE GUABIRUBA;3980;Fabio Schiochet;497500.0;Pavimentação Urbana - Ministério das Cidades - Pavimentação Urbana - Ministério das Cidades;2026OB001615;Caixa Econômica Federal;104;4873-9;4873;569610337-1;569610337
09032026-094593;202622100012-ESPERIDIÃO AMIN;83102368000198;MUNICIPIO DE GUABIRUBA;2210;Esperidião Amin;398000.0;Construção De Centro De Referência De Assistência Social - Cras - Ministério do Desenvolvimento e Assistência Social, Família e Combate à Fome - Construção De Centro De Referência De Assistência Social - Cras - Ministério do Desenvolvimento e Assistência Social, Família e Combate à Fome;;Caixa Econômica Federal;104;4873-9;4873;569300202-7;569300202
09032024-068813;202442510012-Ivete da Silveira;83754044000134;MUNICIPIO DE CURITIBANOS;4251;Ivete da Silveira;150000.0;;2024OB003609;Caixa Econômica Federal;104;571-1;571;576001394-3;576001394
09032021-012127;202139530003-Darci de Matos;83754044000134;MUNICIPIO DE CURITIBANOS;3953;Darci de Matos;100000.0;;2021OB802291;Banco do Brasil;001;517-7;517;47780-X;47780
09032022-014138;202232350003-Geovania De Sá;83754044000134;MUNICIPIO DE CURITIBANOS;3235;Geovania De Sá;200000.0;;2022OB801790;Banco do Brasil;001;517-7;517;49777-0;49777
09032022-015115;202229250013-Carmen Zanotto;83754044000134;MUNICIPIO DE CURITIBANOS;2925;Carmen Zanotto;100000.0;;2023OB801308;Banco do Brasil;001;517-7;517;49777-0;49777
09032022-021039;202240620006-Ricardo Guidi;83754044000134;MUNICIPIO DE CURITIBANOS;4062;Ricardo Guidi;300000.0;;2023OB803714;Banco do Brasil;001;517-7;517;49777-0;49777
09032022-016132;202237860003-Dário Berger;83754044000134;MUNICIPIO DE CURITIBANOS;3786;Dário Berger;150000.0;;2023OB802152;Banco do Brasil;001;517-7;517;49777-0;49777
09032023-032874;202329250001-Carmen Zanotto;83754044000134;MUNICIPIO DE CURITIBANOS;2925;Carmen Zanotto;100000.0;;2023OB805878;Caixa Econômica Federal;104;571-1;571;576001385-4;576001385
09032024-070553;202443250003-Cobalchini;83754044000134;MUNICIPIO DE CURITIBANOS;4325;Cobalchini;500000.0;;2024OB004172;Caixa Econômica Federal;104;571-1;571;576001399-4;576001399
09032024-072849;202439320001-Caroline de Toni;83754044000134;MUNICIPIO DE CURITIBANOS;3932;Caroline de Toni;350000.0;;2024OB002342;Caixa Econômica Federal;104;571-1;571;576001391-9;576001391
09032024-074725;202443920007-Ismael;83754044000134;MUNICIPIO DE CURITIBANOS;4392;Ismael;200000.0;;2024OB011109;Caixa Econômica Federal;104;571-1;571;576001402-8;576001402
09032024-068696;202442510013-Ivete da Silveira;83754044000134;MUNICIPIO DE CURITIBANOS;4251;Ivete da Silveira;150000.0;;2024OB009986;Caixa Econômica Federal;104;571-1;571;576001398-6;576001398
09032024-073886;202442090002-Jorge Goetten;83754044000134;MUNICIPIO DE CURITIBANOS;4209;Jorge Goetten;700000.0;;2024OB003469;Caixa Econômica Federal;104;571-1;571;576001393-5;576001393
09032026-089618;202632350004-GEOVANIA DE SÁ;83754044000134;MUNICIPIO DE CURITIBANOS;3235;Geovania De Sá;298500.0;Estradas Vicinais e Obras (GND 3/4) - Ministério da Agricultura e Pecuária - Estradas Vicinais e Obras (GND 3/4) - Ministério da Agricultura e Pecuária;2026OB004488;Banco do Brasil;001;517-7;517;59706-6;59706
09032025-084676;202543250005-COBALCHINI;83754044000134;MUNICIPIO DE CURITIBANOS;4325;Cobalchini;495000.0;Construção, Revitalização E Reforma De Infraestrutura Turística De Parques Naturais, Urbanos Ou De Exposições - Construção, Revitalização E Reforma De Infraestrutura Turística De Parques Naturais, Urbanos Ou De Exposições;;Caixa Econômica Federal;104;571-1;571;;
09032025-2-088342;202543250005-COBALCHINI;83754044000134;MUNICIPIO DE CURITIBANOS;4325;Cobalchini;495000.0;Construção, Revitalização E Reforma De Infraestrutura Turística De Parques Naturais, Urbanos Ou De Exposições - Construção, Revitalização E Reforma De Infraestrutura Turística De Parques Naturais, Urbanos Ou De Exposições;2025OB008768;Caixa Econômica Federal;104;571-1;571;573650337-5;573650337
09032026-093920;202642090003-JORGE GOETTEN;83754044000134;MUNICIPIO DE CURITIBANOS;4209;Jorge Goetten;497500.0;Pavimentação De Estradas Vicinais - Ministério da Integração e do Desenvolvimento Regional - Pavimentação De Estradas Vicinais - Ministério da Integração e do Desenvolvimento Regional;2026OB005441;Banco do Brasil;001;517-7;517;59666-3;59666
0903-003634;202022100018-Esperidião Amin;83074302000131;MUNICIPIO DE CACADOR;2210;Esperidião Amin;120000.0;;2020OB801115;Caixa Econômica Federal;104;572-0;572;575864461-3;575864461
0903-003730;202028560001-Rogério Peninha Mendonça;83074302000131;MUNICIPIO DE CACADOR;2856;Rogério Peninha Mendonça;200000.0;;2020OB801118;Caixa Econômica Federal;104;572-0;572;575864461-3;575864461
09032021-011957;202139320005-Caroline de Toni;83074302000131;MUNICIPIO DE CACADOR;3932;Caroline de Toni;400000.0;;2021OB803050;Caixa Econômica Federal;104;572-0;572;575864462-1;575864462
09032023-037038;202339320001-Caroline de Toni;83074302000131;MUNICIPIO DE CACADOR;3932;Caroline de Toni;150000.0;;2023OB806387;Caixa Econômica Federal;104;572-0;572;575864465-6;575864465
09032024-070532;202443250003-Cobalchini;83074302000131;MUNICIPIO DE CACADOR;4325;Cobalchini;2385000.0;;2024OB004165;Caixa Econômica Federal;104;572-0;572;575864467-2;575864467
09032024-073857;202442090002-Jorge Goetten;83074302000131;MUNICIPIO DE CACADOR;4209;Jorge Goetten;200000.0;;2024OB009934;Caixa Econômica Federal;104;572-0;572;575864466-4;575864466
09032025-2-088283;202542730001-JORGE SEIF;83074302000131;MUNICIPIO DE CACADOR;4273;Jorge Seif;396000.0;Aquisição De Unidade Móvel De Saúde - Aquisição De Unidade Móvel De Saúde;;Caixa Econômica Federal;104;572-0;572;;
09032025-084301;202542730001-JORGE SEIF;83074302000131;MUNICIPIO DE CACADOR;4273;Jorge Seif;396000.0;Custeio Da Média E Alta Complexidade (Mac) - Custeio Da Média E Alta Complexidade (Mac);;Caixa Econômica Federal;104;572-0;572;;
09032026-095783;202639320001-CAROLINE DE TONI;83074302000131;MUNICIPIO DE CACADOR;3932;Caroline de Toni;716400.0;Aquisição De Veículo - Ministério do Desenvolvimento e Assistência Social, Família e Combate à Fome - Aquisição De Veículo - Ministério do Desenvolvimento e Assistência Social, Família e Combate à Fome;2026OB004814;Caixa Econômica Federal;104;572-0;572;569372398-0;569372398
09032026-097234;202643250001-COBALCHINI;83074302000131;MUNICIPIO DE CACADOR;4325;Cobalchini;398000.0;Áreas De Lazer E Estruturas Para Atividades Físicas Em Espaços Públicos - Parques E Praças - Ministério das Cidades - Áreas De Lazer E Estruturas Para Atividades Físicas Em Espaços Públicos - Parques E Praças - Ministério das Cidades;2026OB002848;Caixa Econômica Federal;104;572-0;572;569610336-3;569610336
09032022-017399;202222100001-Esperidião Amin;83039842000184;MUNICIPIO DE VIDEIRA;2210;Esperidião Amin;169682.0;;2023OB804121;Banco do Brasil;001;403-0;403;50963-9;50963
09032023-034183;202318800004-Angela Amin;83039842000184;MUNICIPIO DE VIDEIRA;1880;Angela Amin;200000.0;;2023OB811818;Caixa Econômica Federal;104;796-0;796;575862713-1;575862713
09032022-015124;202229250013-Carmen Zanotto;83039842000184;MUNICIPIO DE VIDEIRA;2925;Carmen Zanotto;50000.0;;2022OB801459;Banco do Brasil;001;403-0;403;50963-9;50963
09032024-070561;202443250003-Cobalchini;83039842000184;MUNICIPIO DE VIDEIRA;4325;Cobalchini;1000000.0;;2024OB010774;Banco do Brasil;001;403-0;403;58997-7;58997
09032024-072868;202439320001-Caroline de Toni;83039842000184;MUNICIPIO DE VIDEIRA;3932;Caroline de Toni;400000.0;;2024OB002340;Banco do Brasil;001;403-0;403;58995-0;58995
09032024-074495;202443390001-Daniela Reinehr;83039842000184;MUNICIPIO DE VIDEIRA;4339;Daniela Reinehr;500000.0;;2024OB010910;Banco do Brasil;001;403-0;403;58996-9;58996
09032024-069314;202490550002-Gilson Marques;83039842000184;MUNICIPIO DE VIDEIRA;9055;Gilson Marques;300000.0;;2024OB011327;Banco do Brasil;001;403-0;403;58994-2;58994
09032025-084686;202543250005-COBALCHINI;83039842000184;MUNICIPIO DE VIDEIRA;4325;Cobalchini;742500.0;Pavimentação - Pavimentação;2025OB002186;Banco do Brasil;001;403-0;403;83284-7;83284
09032026-094120;202644480001-PEZENTI;83039842000184;MUNICIPIO DE VIDEIRA;4448;Pezenti;398000.0;Ampliação de Escola (Capital) - Fundo Nacional de Desenvolvimento da Educação - Ampliação de Escola (Capital) - Fundo Nacional de Desenvolvimento da Educação;;Banco do Brasil;001;403-0;403;86228-2;86228
09032026-097262;202643250001-COBALCHINI;83039842000184;MUNICIPIO DE VIDEIRA;4325;Cobalchini;497500.0;Pavimentação Urbana - Ministério das Cidades - Pavimentação Urbana - Ministério das Cidades;;Banco do Brasil;001;403-0;403;86210-X;86210
09032021-011966;202139320005-Caroline de Toni;95996104000104;MUNICIPIO DE MONTE CARLO;3932;Caroline de Toni;250000.0;;2021OB804351;Banco do Brasil;001;1982-8;1982;7258-3;7258
09032023-037059;202339320001-Caroline de Toni;95996104000104;MUNICIPIO DE MONTE CARLO;3932;Caroline de Toni;200000.0;;2023OB813657;Caixa Econômica Federal;104;1791-4;1791;575996038-1;575996038
09032024-073881;202442090002-Jorge Goetten;95996104000104;MUNICIPIO DE MONTE CARLO;4209;Jorge Goetten;100000.0;;2024OB009925;Caixa Econômica Federal;104;1791-4;1791;575996041-1;575996041
09032024-072840;202439320001-Caroline de Toni;95996104000104;MUNICIPIO DE MONTE CARLO;3932;Caroline de Toni;200000.0;;2024OB002366, 2024OB008467;Caixa Econômica Federal;104;1791-4;1791;575996039-0;575996039
09032025-083234;202539320001-CAROLINE DE TONI;95996104000104;MUNICIPIO DE MONTE CARLO;3932;Caroline de Toni;207900.0;Equipamentos Agrícolas E Agropecuários - Equipamentos Agrícolas E Agropecuários - Rotas De Integração Nacional;2025OB001190;Banco do Brasil;001;1982-8;1982;9915-5;9915
09032026-096355;202640620003-RICARDO GUIDI;95996104000104;MUNICIPIO DE MONTE CARLO;4062;Ricardo Guidi;398000.0;Estradas Vicinais e Obras (GND 3/4) - Ministério da Agricultura e Pecuária - Estradas Vicinais e Obras (GND 3/4) - Ministério da Agricultura e Pecuária;;Banco do Brasil;001;1982-8;1982;10271-7;10271
09032026-095802;202639320001-CAROLINE DE TONI;95996104000104;MUNICIPIO DE MONTE CARLO;3932;Caroline de Toni;199000.0;Aquisição de Máquinas e Equipamentos (GND 4) - Ministério da Agricultura e Pecuária - Aquisição de Máquinas e Equipamentos (GND 4) - Ministério da Agricultura e Pecuária;;Banco do Brasil;001;1982-8;1982;10269-5;10269
0903-003597;202041850004-Jorginho Mello;82926585000130;MUNICIPIO DE RIO FORTUNA;4185;Jorginho Mello;130454.0;;2020OB801673;Banco do Brasil;001;5301-5;5301;6560-9;6560
09032021-013415;202141850007-Jorginho Mello;82926585000130;MUNICIPIO DE RIO FORTUNA;4185;Jorginho Mello;200000.0;;2021OB803321;Banco do Brasil;001;5301-5;5301;6763-6;6763
09032023-034399;202322100001-Esperidião Amin;82926585000130;MUNICIPIO DE RIO FORTUNA;2210;Esperidião Amin;200000.0;;2023OB809266;Caixa Econômica Federal;104;1070-7;1070;575996477-8;575996477
09032023-031250;202332350003-Geovania De Sá;82926585000130;MUNICIPIO DE RIO FORTUNA;3235;Geovania De Sá;150000.0;;2023OB812892;Caixa Econômica Federal;104;1070-7;1070;575996477-8;575996477
09032023-038045;202340620003-Ricardo Guidi;82926585000130;MUNICIPIO DE RIO FORTUNA;4062;Ricardo Guidi;500000.0;;2023OB814238;Caixa Econômica Federal;104;1070-7;1070;575996477-8;575996477
09032023-039005;202342510010-Ivete da Silveira;82926585000130;MUNICIPIO DE RIO FORTUNA;4251;Ivete da Silveira;400000.0;;2023OB808418;Caixa Econômica Federal;104;1070-7;1070;575996477-8;575996477
09032024-068009;202444010006-Julia Zanatta;82926585000130;MUNICIPIO DE RIO FORTUNA;4401;Julia Zanatta;500000.0;;2024OB004651;Caixa Econômica Federal;104;1070-7;1070;575996482-4;575996482
09032024-069078;202422100016-Esperidião Amin;82926585000130;MUNICIPIO DE RIO FORTUNA;2210;Esperidião Amin;300000.0;;2024OB006417;Caixa Econômica Federal;104;1070-7;1070;575996481-6;575996481
09032026-094579;202622100012-ESPERIDIÃO AMIN;82926585000130;MUNICIPIO DE RIO FORTUNA;2210;Esperidião Amin;398000.0;Pavimentação De Estradas Vicinais - Ministério da Integração e do Desenvolvimento Regional - Pavimentação De Estradas Vicinais - Ministério da Integração e do Desenvolvimento Regional;2026OB000190;Caixa Econômica Federal;104;1070-7;1070;569446589-6;569446589
09032026-094099;202644480001-PEZENTI;82926585000130;MUNICIPIO DE RIO FORTUNA;4448;Pezenti;298500.0;Aquisição De Unidade Móvel De Saúde - Ministério da Saúde - Aquisição De Unidade Móvel De Saúde - Ministério da Saúde;2026OB005994;Caixa Econômica Federal;104;1070-7;1070;569339491-0;569339491
09032025-081785;202522100013-ESPERIDIÃO AMIN;82926585000130;MUNICIPIO DE RIO FORTUNA;2210;Esperidião Amin;396000.0;Pavimentação: Adequação De Vias - Pavimentação: Adequação De Vias;;Caixa Econômica Federal;104;1070-7;1070;;
09032025-079207;202544480001-PEZENTI;82926585000130;MUNICIPIO DE RIO FORTUNA;4448;Pezenti;198000.0;Objeto Único Não Padronizado – Demais - Aquisição e implantação de balança de pesagem de caminhão - 39000 Ministério dos Transportes;;Caixa Econômica Federal;104;1070-7;1070;;
09032025-2-086811;202544480001-PEZENTI;82926585000130;MUNICIPIO DE RIO FORTUNA;4448;Pezenti;198000.0;Aquisição De Playgrounds Ou Parquinhos Infantis Em Espaços Esportivos Comunitários - Aquisição De Playgrounds Ou Parquinhos Infantis Em Espaços Esportivos Comunitários;2025OB010035;Caixa Econômica Federal;104;1070-7;1070;573084506-1;573084506
09032025-2-087598;202522100013-ESPERIDIÃO AMIN;82926585000130;MUNICIPIO DE RIO FORTUNA;2210;Esperidião Amin;396000.0;Pavimentação De Estradas Vicinais - Pavimentação De Estradas Vicinais;2025OB007498;Caixa Econômica Federal;104;1070-7;1070;573551471-3;573551471
0903-003883;202022100018-Esperidião Amin;83102517000119;MUNICIPIO DE ITAIOPOLIS;2210;Esperidião Amin;150000.0;;2020OB801148;Caixa Econômica Federal;104;3646-3;3646;575856034-7;575856034
09032021-009472;202118800011-Angela Amin;83102517000119;MUNICIPIO DE ITAIOPOLIS;1880;Angela Amin;150000.0;;2021OB803383;Caixa Econômica Federal;104;3646-3;3646;575856035-5;575856035
09032022-014123;202232350003-Geovania De Sá;83102517000119;MUNICIPIO DE ITAIOPOLIS;3235;Geovania De Sá;150000.0;;2022OB801811;Caixa Econômica Federal;104;3646-3;3646;575856037-1;575856037
09032022-016333;202239530001-Darci de Matos;83102517000119;MUNICIPIO DE ITAIOPOLIS;3953;Darci de Matos;300000.0;;2022OB802728;Caixa Econômica Federal;104;3646-3;3646;575856037-1;575856037
09032023-034391;202322100001-Esperidião Amin;83102517000119;MUNICIPIO DE ITAIOPOLIS;2210;Esperidião Amin;800000.0;;2023OB808314;Caixa Econômica Federal;104;3646-3;3646;575856038-0;575856038
09032022-020234;202239800001-Fabio Schiochet;83102517000119;MUNICIPIO DE ITAIOPOLIS;3980;Fabio Schiochet;200000.0;;2023OB802999;Caixa Econômica Federal;104;3646-3;3646;575856037-1;575856037
09032023-3-042547;202339530009-Darci de Matos;83102517000119;MUNICIPIO DE ITAIOPOLIS;3953;Darci de Matos;221751.0;;2023OB816053;Caixa Econômica Federal;104;3646-3;3646;575856038-0;575856038
09032022-020514;202240150005-Hélio Costa;83102517000119;MUNICIPIO DE ITAIOPOLIS;4015;Hélio Costa;400000.0;;2023OB803179;Caixa Econômica Federal;104;3646-3;3646;575856037-1;575856037
09032024-068780;202442510012-Ivete da Silveira;83102517000119;MUNICIPIO DE ITAIOPOLIS;4251;Ivete da Silveira;100000.0;;2024OB003626;Caixa Econômica Federal;104;3646-3;3646;575856041-0;575856041
09032024-066080;202442730002-Jorge Seif;83102517000119;MUNICIPIO DE ITAIOPOLIS;4273;Jorge Seif;87000.0;;2024OB010297;Caixa Econômica Federal;104;3646-3;3646;575856039-8;575856039
09032024-068663;202442510013-Ivete da Silveira;83102517000119;MUNICIPIO DE ITAIOPOLIS;4251;Ivete da Silveira;100000.0;;2024OB010009;Caixa Econômica Federal;104;3646-3;3646;575856042-8;575856042
09032024-074449;202443390001-Daniela Reinehr;83102517000119;MUNICIPIO DE ITAIOPOLIS;4339;Daniela Reinehr;150000.0;;2024OB010889;Caixa Econômica Federal;104;3646-3;3646;575856044-4;575856044
09032025-079200;202544480001-PEZENTI;83102517000119;MUNICIPIO DE ITAIOPOLIS;4448;Pezenti;396000.0;Pavimentação - Pavimentação;2025OB002577;Caixa Econômica Federal;104;3646-3;3646;574695543-0;574695543
09032025-080635;202542510003-IVETE DA SILVEIRA;83102517000119;MUNICIPIO DE ITAIOPOLIS;4251;Ivete da Silveira;198000.0;Custeio De Serviços - Custeio De Serviços;2025OB006581;Caixa Econômica Federal;104;3646-3;3646;574380055-0;574380055
09032025-080737;202544010010-JULIA ZANATTA;83102517000119;MUNICIPIO DE ITAIOPOLIS;4401;Julia Zanatta;247500.0;Contratação De Serviços Esterilização Cirúrgica E Microchipagem De Cães E Gatos - Contratação De Serviços Esterilização Cirúrgica E Microchipagem De Cães E Gatos.;2025OB005026;Caixa Econômica Federal;104;3646-3;3646;574393673-7;574393673
09032025-084308;202542730001-JORGE SEIF;83102517000119;MUNICIPIO DE ITAIOPOLIS;4273;Jorge Seif;396000.0;Pavimentação - Pavimentação;2025OB002012;Caixa Econômica Federal;104;3646-3;3646;574776057-9;574776057
09032025-081285;202542090003-JORGE GOETTEN;83102517000119;MUNICIPIO DE ITAIOPOLIS;4209;Jorge Goetten;742500.0;Pavimentação - Pavimentação;2025OB001898;Caixa Econômica Federal;104;3646-3;3646;574793552-2;574793552
09032025-083178;202539290001-CARLOS CHIODINI;83102517000119;MUNICIPIO DE ITAIOPOLIS;3929;Carlos Chiodini;495000.0;Pá-Carregadeira - Pá-Carregadeira - Infraestrutura Produtiva;2025OB001153;Caixa Econômica Federal;104;3646-3;3646;574810401-2;574810401
09032026-091774;202644010005-JULIA ZANATTA;83102517000119;MUNICIPIO DE ITAIOPOLIS;4401;Julia Zanatta;298500.0;Contratação De Serviços Esterilização Cirúrgica E Microchipagem De Cães E Gatos - Ministério do Meio Ambiente e Mudança do Clima - Contratação De Serviços Esterilização Cirúrgica E Microchipagem De Cães E Gatos - Ministério do Meio Ambiente e Mudança do Clima;2026OB005865;Caixa Econômica Federal;104;3646-3;3646;568689123-7;568689123
09032026-094091;202644480001-PEZENTI;83102517000119;MUNICIPIO DE ITAIOPOLIS;4448;Pezenti;298500.0;Aquisição de Máquinas e Equipamentos (GND 4) - Ministério da Agricultura e Pecuária - Aquisição de Máquinas e Equipamentos (GND 4) - Ministério da Agricultura e Pecuária;2026OB005991;Caixa Econômica Federal;104;3646-3;3646;568927555-3;568927555
09032026-095736;202639290001-CARLOS CHIODINI;83102517000119;MUNICIPIO DE ITAIOPOLIS;3929;Carlos Chiodini;497500.0;Pavimentação Urbana - Ministério das Cidades - Pavimentação Urbana - Ministério das Cidades;2026OB001442;Caixa Econômica Federal;104;3646-3;3646;569446606-0;569446606
09032026-095791;202639320001-CAROLINE DE TONI;83102517000119;MUNICIPIO DE ITAIOPOLIS;3932;Caroline de Toni;398000.0;Pavimentação Urbana - Ministério das Cidades - Pavimentação Urbana - Ministério das Cidades;2026OB001472;Caixa Econômica Federal;104;3646-3;3646;569446605-1;569446605
09032021-011519;202137860003-Dário Berger;83102277000152;MUNICIPIO DE ITAJAI;3786;Dário Berger;500000.0;;2021OB802233;Caixa Econômica Federal;104;416-2;416;575864741-8;575864741
09032024-068225;202439490003-Daniel Freitas;83102277000152;MUNICIPIO DE ITAJAI;3949;Daniel Freitas;1005585.0;;2024OB002400;Caixa Econômica Federal;104;416-2;416;575864743-4;575864743
09032024-068700;202442510013-Ivete da Silveira;83102277000152;MUNICIPIO DE ITAJAI;4251;Ivete da Silveira;300000.0;;2024OB003579, 2024OB010018;Caixa Econômica Federal;104;416-2;416;575864749-3;575864749
09032024-072777;202439290001-Carlos Chiodini;83102277000152;MUNICIPIO DE ITAJAI;3929;Carlos Chiodini;1100000.0;;2024OB002299;Caixa Econômica Federal;104;416-2;416;575864751-5;575864751
09032024-074480;202443390001-Daniela Reinehr;83102277000152;MUNICIPIO DE ITAJAI;4339;Daniela Reinehr;100000.0;;2024OB010901;Caixa Econômica Federal;104;416-2;416;575864747-7;575864747
09032024-068817;202442510012-Ivete da Silveira;83102277000152;MUNICIPIO DE ITAJAI;4251;Ivete da Silveira;300000.0;;2024OB003568, 2024OB003628;Caixa Econômica Federal;104;416-2;416;575864748-5;575864748
09032023-034175;202318800004-Angela Amin;83102277000152;MUNICIPIO DE ITAJAI;1880;Angela Amin;250000.0;;2023OB808662;Caixa Econômica Federal;104;416-2;416;575864742-6;575864742
09032021-010447;202128560001-Rogério Peninha Mendonça;83102277000152;MUNICIPIO DE ITAJAI;2856;Rogério Peninha Mendonça;500000.0;;2021OB802127;Caixa Econômica Federal;104;416-2;416;575864741-8;575864741
09032024-073889;202442090002-Jorge Goetten;83102277000152;MUNICIPIO DE ITAJAI;4209;Jorge Goetten;300000.0;;2024OB009939;Caixa Econômica Federal;104;416-2;416;575864745-0;575864745
09032024-067057;202429250006-Carmen Zanotto;83102277000152;MUNICIPIO DE ITAJAI;2925;Carmen Zanotto;200000.0;;2024OB001384;Caixa Econômica Federal;104;416-2;416;575864744-2;575864744
09032025-081162;202543920009-ISMAEL;83102277000152;MUNICIPIO DE ITAJAI;4392;Ismael;297000.0;Adquirir Equipamento De Climatização (Capital) - Adquirir Equipamento De Climatização (Capital);2025OB006991;Caixa Econômica Federal;104;416-2;416;574064321-6;574064321
09032025-083294;202539490006-DANIEL FREITAS;83102277000152;MUNICIPIO DE ITAJAI;3949;Daniel Freitas;990000.0;Pavimentação - Pavimentação;2025OB001219;Caixa Econômica Federal;104;416-2;416;574776053-6;574776053
09032025-084328;202542730001-JORGE SEIF;83102277000152;MUNICIPIO DE ITAJAI;4273;Jorge Seif;495000.0;Pavimentação - Pavimentação;2025OB001997;Caixa Econômica Federal;104;416-2;416;574847025-6;574847025
09032026-089621;202632350004-GEOVANIA DE SÁ;83102277000152;MUNICIPIO DE ITAJAI;3235;Geovania De Sá;199000.0;Custeio De Serviços - Ministério do Desenvolvimento e Assistência Social, Família e Combate à Fome - Custeio De Serviços - Ministério do Desenvolvimento e Assistência Social, Família e Combate à Fome;2026OB004491;Caixa Econômica Federal;104;416-2;416;569372399-9;569372399
09032026-098053;202644930003-ZÉ TROVÃO;83102277000152;MUNICIPIO DE ITAJAI;4493;Zé Trovão;995000.0;Pavimentação Urbana - Ministério das Cidades - Pavimentação Urbana - Ministério das Cidades;2026OB003619;Caixa Econômica Federal;104;416-2;416;569879398-7;569879398
09032026-098055;202644930004-ZÉ TROVÃO;83102277000152;MUNICIPIO DE ITAJAI;4493;Zé Trovão;1990000.0;Pavimentação Urbana - Ministério das Cidades - Pavimentação Urbana - Ministério das Cidades;2026OB003620;Caixa Econômica Federal;104;416-2;416;569879399-5;569879399
0903-004588;202041850004-Jorginho Mello;83026765000128;MUNICIPIO DE CAMPO ERE;4185;Jorginho Mello;100000.0;;2020OB801700;Banco do Brasil;001;1718-3;1718;4551-9;4551
09032021-010418;202128550001-Pedro Uczai;83026765000128;MUNICIPIO DE CAMPO ERE;2855;Pedro Uczai;250000.0;;2021OB800668;Banco do Brasil;001;1718-3;1718;14938-1;14938
09032023-033061;202328550022-Pedro Uczai;83026765000128;MUNICIPIO DE CAMPO ERE;2855;Pedro Uczai;350000.0;;2023OB807741;Caixa Econômica Federal;104;414-6;414;575864724-8;575864724
09032023-036990;202339290002-Carlos Chiodini;83026765000128;MUNICIPIO DE CAMPO ERE;3929;Carlos Chiodini;250000.0;;2023OB813612;Caixa Econômica Federal;104;414-6;414;575864724-8;575864724
09032024-069175;202428550022-Pedro Uczai;83026765000128;MUNICIPIO DE CAMPO ERE;2855;Pedro Uczai;100000.0;;2024OB001136;Caixa Econômica Federal;104;1884-8;1884;575858599-4;575858599
09032024-072810;202439320001-Caroline de Toni;83026765000128;MUNICIPIO DE CAMPO ERE;3932;Caroline de Toni;200000.0;;2024OB002348;Caixa Econômica Federal;104;1884-8;1884;575858601-0;575858601
09032024-073858;202442090002-Jorge Goetten;83026765000128;MUNICIPIO DE CAMPO ERE;4209;Jorge Goetten;250000.0;;2024OB003483;Caixa Econômica Federal;104;1884-8;1884;575858602-8;575858602
09032024-074440;202443390001-Daniela Reinehr;83026765000128;MUNICIPIO DE CAMPO ERE;4339;Daniela Reinehr;200000.0;;2024OB004288;Caixa Econômica Federal;104;1884-8;1884;575858604-4;575858604
09032021-010632;202129250018-Carmen Zanotto;83026765000128;MUNICIPIO DE CAMPO ERE;2925;Carmen Zanotto;200000.0;;2021OB800645;Banco do Brasil;001;1718-3;1718;14938-1;14938
09032022-018198;202228550020-Pedro Uczai;83026765000128;MUNICIPIO DE CAMPO ERE;2855;Pedro Uczai;200000.0;;2022OB801250;Caixa Econômica Federal;104;1884-8;1884;575858583-8;575858583
09032024-073956;202442730001-Jorge Seif;83026765000128;MUNICIPIO DE CAMPO ERE;4273;Jorge Seif;100000.0;;2024OB010186;Caixa Econômica Federal;104;1884-8;1884;575858603-6;575858603
09032025-081149;202543920009-ISMAEL;83026765000128;MUNICIPIO DE CAMPO ERE;4392;Ismael;198000.0;Aquisição De Máquinas, Implementos E Equipamentos Agrícolas Adaptados À Agricultura Familiar E Tecnologias Sociais - Aquisição De Máquinas, Implementos E Equipamentos Agrícolas Adaptados À Agricultura Familiar E Tecnologias Sociais.;2025OB006970;Caixa Econômica Federal;104;1884-8;1884;574064319-4;574064319
09032026-095936;202639800001-FABIO SCHIOCHET;83026765000128;MUNICIPIO DE CAMPO ERE;3980;Fabio Schiochet;398000.0;Pavimentação Urbana - Ministério das Cidades - Pavimentação Urbana - Ministério das Cidades;2026OB001611;Caixa Econômica Federal;104;1884-8;1884;569879397-9;569879397
09032026-095784;202639320001-CAROLINE DE TONI;83026765000128;MUNICIPIO DE CAMPO ERE;3932;Caroline de Toni;398000.0;Pavimentação Urbana - Ministério das Cidades - Pavimentação Urbana - Ministério das Cidades;2026OB001471;Caixa Econômica Federal;104;1884-8;1884;569879396-0;569879396
0903-003967;202039800001-Fabio Schiochet;82913211000180;MUNICIPIO DE PRAIA GRANDE;3980;Fabio Schiochet;1175227.0;;2020OB801197;Banco do Brasil;001;4631-0;4631;15061-4;15061
09032021-010964;202132350006-Geovania De Sá;82913211000180;MUNICIPIO DE PRAIA GRANDE;3235;Geovania De Sá;250000.0;;2021OB800855;Banco do Brasil;001;4631-0;4631;15705-8;15705
09032022-014130;202232350003-Geovania De Sá;82913211000180;MUNICIPIO DE PRAIA GRANDE;3235;Geovania De Sá;500000.0;;2023OB801645;Banco do Brasil;001;4631-0;4631;16311-2;16311
09032022-017377;202222100001-Esperidião Amin;82913211000180;MUNICIPIO DE PRAIA GRANDE;2210;Esperidião Amin;150000.0;;2023OB800450;Banco do Brasil;001;4631-0;4631;16311-2;16311
09032023-037421;202339800001-Fabio Schiochet;82913211000180;MUNICIPIO DE PRAIA GRANDE;3980;Fabio Schiochet;3200000.0;;2023OB808833, 2023OB810682;Banco do Brasil;001;4631-0;4631;17292-8;17292
09032023-039003;202342510010-Ivete da Silveira;82913211000180;MUNICIPIO DE PRAIA GRANDE;4251;Ivete da Silveira;100000.0;;2023OB808952;Banco do Brasil;001;4631-0;4631;17292-8;17292
09032023-031248;202332350003-Geovania De Sá;82913211000180;MUNICIPIO DE PRAIA GRANDE;3235;Geovania De Sá;2000000.0;;2023OB808932;Banco do Brasil;001;4631-0;4631;17292-8;17292
09032024-066081;202442730002-Jorge Seif;82913211000180;MUNICIPIO DE PRAIA GRANDE;4273;Jorge Seif;87000.0;;2024OB010296;Banco do Brasil;001;4631-0;4631;17964-7;17964
09032024-069076;202422100016-Esperidião Amin;82913211000180;MUNICIPIO DE PRAIA GRANDE;2210;Esperidião Amin;400000.0;;2024OB005623;Banco do Brasil;001;4631-0;4631;17965-5;17965
09032024-069383;202439800001-Fabio Schiochet;82913211000180;MUNICIPIO DE PRAIA GRANDE;3980;Fabio Schiochet;500000.0;;2024OB008729;Banco do Brasil;001;4631-0;4631;17966-3;17966
09032025-083884;202540620003-RICARDO GUIDI;82913211000180;MUNICIPIO DE PRAIA GRANDE;4062;Ricardo Guidi;742500.0;Pavimentação De Estradas Vicinais - Pavimentação De Estradas Vicinais;2025OB001495;Caixa Econômica Federal;104;2892-4;2892;574761785-7;574761785
09032025-2-087596;202522100013-ESPERIDIÃO AMIN;82913211000180;MUNICIPIO DE PRAIA GRANDE;2210;Esperidião Amin;396000.0;Objeto Único Não Padronizado – Demais - Aquisição de Ônibus Escolar;2025OB009733;Caixa Econômica Federal;104;2892-4;2892;573029103-1;573029103
09032025-081782;202522100013-ESPERIDIÃO AMIN;82913211000180;MUNICIPIO DE PRAIA GRANDE;2210;Esperidião Amin;396000.0;Objeto Único Não Padronizado – Demais - Aquisição de Ônibus Escolar;;Caixa Econômica Federal;104;2892-4;2892;;
09032026-094292;202628550010-PEDRO UCZAI;82913211000180;MUNICIPIO DE PRAIA GRANDE;2855;Pedro Uczai;199000.0;Objeto Único Não Padronizado – Demais - UO 44000 MEIO AMBIENTE. Ação 21A9 Implementação de Programas, Planos e Ações para Melhoria da Qualidade Ambiental - Aquisição de Equipamentos;;Caixa Econômica Federal;104;2892-4;2892;569372387-5;569372387
0903-003560;202025690009-Celso Maldaner;01612116000144;MUNICIPIO DE CUNHATAI;2569;Celso Maldaner;200000.0;;2020OB800148;Caixa Econômica Federal;104;1080-4;1080;575861853-1;575861853
09032025-084657;202543250005-COBALCHINI;01612116000144;MUNICIPIO DE CUNHATAI;4325;Cobalchini;495000.0;Pavimentação De Estradas Vicinais - Pavimentação De Estradas Vicinais;2025OB002191;Caixa Econômica Federal;104;414-6;414;574881236-0;574881236
09032024-074431;202443390001-Daniela Reinehr;01612116000144;MUNICIPIO DE CUNHATAI;4339;Daniela Reinehr;100000.0;;2024OB004273;Caixa Econômica Federal;104;1080-4;1080;575861864-7;575861864
09032024-070527;202443250003-Cobalchini;01612116000144;MUNICIPIO DE CUNHATAI;4325;Cobalchini;400000.0;;2024OB004171;Caixa Econômica Federal;104;1080-4;1080;575861863-9;575861863
09032026-097228;202643250001-COBALCHINI;01612116000144;MUNICIPIO DE CUNHATAI;4325;Cobalchini;398000.0;Pavimentação De Estradas Vicinais - Ministério da Integração e do Desenvolvimento Regional - Pavimentação De Estradas Vicinais - Ministério da Integração e do Desenvolvimento Regional;2026OB005666;Caixa Econômica Federal;104;4438-5;4438;569299978-8;569299978
09032026-094557;202622100012-ESPERIDIÃO AMIN;01612116000144;MUNICIPIO DE CUNHATAI;2210;Esperidião Amin;298500.0;Retroescavadeira - Infraestrutura Produtiva  - Ministério da Integração e do Desenvolvimento Regional - Retroescavadeira - Infraestrutura Produtiva  - Ministério da Integração e do Desenvolvimento Regional;2026OB000181;Caixa Econômica Federal;104;4438-5;4438;569486956-3;569486956
09032021-011529;202137860003-Dário Berger;82892324000146;MUNICIPIO DE SANTO AMARO DA IMPERATRIZ;3786;Dário Berger;300000.0;;2021OB804244;Caixa Econômica Federal;104;3684-6;3684;575856127-0;575856127
09032022-016141;202237860003-Dário Berger;82892324000146;MUNICIPIO DE SANTO AMARO DA IMPERATRIZ;3786;Dário Berger;200000.0;;2022OB802266;Caixa Econômica Federal;104;3684-6;3684;575856128-9;575856128
09032022-016348;202239530001-Darci de Matos;82892324000146;MUNICIPIO DE SANTO AMARO DA IMPERATRIZ;3953;Darci de Matos;100000.0;;2023OB802817;Caixa Econômica Federal;104;3684-6;3684;575856128-9;575856128
09032023-034178;202318800004-Angela Amin;82892324000146;MUNICIPIO DE SANTO AMARO DA IMPERATRIZ;1880;Angela Amin;564033.0;;2023OB811826;Caixa Econômica Federal;104;3684-6;3684;575856131-9;575856131
09032023-034420;202322100001-Esperidião Amin;82892324000146;MUNICIPIO DE SANTO AMARO DA IMPERATRIZ;2210;Esperidião Amin;300000.0;;2023OB811974;Caixa Econômica Federal;104;3684-6;3684;575856131-9;575856131
09032024-066105;202442730002-Jorge Seif;82892324000146;MUNICIPIO DE SANTO AMARO DA IMPERATRIZ;4273;Jorge Seif;100000.0;;2024OB010284;Caixa Econômica Federal;104;3684-6;3684;575856145-9;575856145
09032024-068824;202442510012-Ivete da Silveira;82892324000146;MUNICIPIO DE SANTO AMARO DA IMPERATRIZ;4251;Ivete da Silveira;250000.0;;2024OB003554;Caixa Econômica Federal;104;3684-6;3684;575856143-2;575856143
09032024-073525;202440620002-Ricardo Guidi;82892324000146;MUNICIPIO DE SANTO AMARO DA IMPERATRIZ;4062;Ricardo Guidi;400000.0;;2024OB009103;Caixa Econômica Federal;104;3684-6;3684;575856141-6;575856141
09032024-073891;202442090002-Jorge Goetten;82892324000146;MUNICIPIO DE SANTO AMARO DA IMPERATRIZ;4209;Jorge Goetten;380000.0;;2024OB003475;Caixa Econômica Federal;104;3684-6;3684;575856142-4;575856142
09032024-068707;202442510013-Ivete da Silveira;82892324000146;MUNICIPIO DE SANTO AMARO DA IMPERATRIZ;4251;Ivete da Silveira;250000.0;;2024OB010022;Caixa Econômica Federal;104;3684-6;3684;575856144-0;575856144
09032025-080754;202544010010-JULIA ZANATTA;82892324000146;MUNICIPIO DE SANTO AMARO DA IMPERATRIZ;4401;Julia Zanatta;495000.0;Pavimentação - Pavimentação;2025OB004149;Caixa Econômica Federal;104;3684-6;3684;574600833-4;574600833
09032025-083244;202539320001-CAROLINE DE TONI;82892324000146;MUNICIPIO DE SANTO AMARO DA IMPERATRIZ;3932;Caroline de Toni;396000.0;Pavimentação - Pavimentação;2025OB006033;Caixa Econômica Federal;104;3684-6;3684;574024388-9;574024388
09032025-084332;202542730001-JORGE SEIF;82892324000146;MUNICIPIO DE SANTO AMARO DA IMPERATRIZ;4273;Jorge Seif;396000.0;Construção, Reforma Ou Ampliação De Espaços De Esporte E Lazer - Construção, Reforma Ou Ampliação De Espaços De Esporte E Lazer;;Caixa Econômica Federal;104;3684-6;3684;;
09032025-081300;202542090003-JORGE GOETTEN;82892324000146;MUNICIPIO DE SANTO AMARO DA IMPERATRIZ;4209;Jorge Goetten;495000.0;Objeto Único Não Padronizado – Obras e Serviços de Engenharia - CONSTRUÇÃO DE PRAÇA COBERTA A CARGO DO MINISTERIO DAS CIDADES - MCID (CÓDIGO 56000);2025OB006565;Caixa Econômica Federal;104;3684-6;3684;574265121-6;574265121
09032025-2-088289;202542730001-JORGE SEIF;82892324000146;MUNICIPIO DE SANTO AMARO DA IMPERATRIZ;4273;Jorge Seif;396000.0;Aquisição De Equipamento E Material Permanente Para Unidade Básica De Saúde - Aquisição De Equipamento E Material Permanente Para Unidade Básica De Saúde;2025OB008632;Caixa Econômica Federal;104;3684-6;3684;573269657-8;573269657
09032026-096366;202640620003-RICARDO GUIDI;82892324000146;MUNICIPIO DE SANTO AMARO DA IMPERATRIZ;4062;Ricardo Guidi;746250.0;Áreas De Lazer E Estruturas Para Atividades Físicas Em Espaços Públicos - Parques E Praças - Ministério das Cidades - Áreas De Lazer E Estruturas Para Atividades Físicas Em Espaços Públicos - Parques E Praças - Ministério das Cidades;2026OB005078;Caixa Econômica Federal;104;3684-6;3684;569339489-8;569339489
09032026-098056;202644930005-ZÉ TROVÃO;82892324000146;MUNICIPIO DE SANTO AMARO DA IMPERATRIZ;4493;Zé Trovão;1990000.0;Pavimentação Urbana - Ministério das Cidades - Pavimentação Urbana - Ministério das Cidades;;Caixa Econômica Federal;104;3684-6;3684;569300193-4;569300193
09032026-097263;202643250001-COBALCHINI;83102566000151;MUNICIPIO DE MATOS COSTA;4325;Cobalchini;398000.0;Pavimentação Urbana - Ministério das Cidades - Pavimentação Urbana - Ministério das Cidades;;Banco do Brasil;001;2490-2;2490;;
09032022-020245;202239800001-Fabio Schiochet;82845744000171;MUNICIPIO DE MAJOR GERCINO;3980;Fabio Schiochet;1000000.0;;2022OB802837, 2023OB802997;Banco do Brasil;001;5325-2;5325;7562-0;7562
09032021-011522;202137860003-Dário Berger;82845744000171;MUNICIPIO DE MAJOR GERCINO;3786;Dário Berger;250000.0;;2021OB804243;Banco do Brasil;001;5325-2;5325;7398-9;7398
09032023-034177;202318800004-Angela Amin;82845744000171;MUNICIPIO DE MAJOR GERCINO;1880;Angela Amin;300000.0;;2023OB808081;Banco do Brasil;001;401-4;401;92827-5;92827
09032024-066101;202442730002-Jorge Seif;82845744000171;MUNICIPIO DE MAJOR GERCINO;4273;Jorge Seif;87000.0;;2024OB010305;Caixa Econômica Federal;104;3533-5;3533;575856801-1;575856801
09032024-069389;202439800001-Fabio Schiochet;82845744000171;MUNICIPIO DE MAJOR GERCINO;3980;Fabio Schiochet;500000.0;;2024OB008725;Caixa Econômica Federal;104;3533-5;3533;575856799-6;575856799
09032025-081804;202522100013-ESPERIDIÃO AMIN;82845744000171;MUNICIPIO DE MAJOR GERCINO;2210;Esperidião Amin;396000.0;Pavimentação: Adequação De Vias - Pavimentação: Adequação De Vias;2025OB000244;Caixa Econômica Federal;104;3533-5;3533;574695537-6;574695537
09032026-094598;202622100012-ESPERIDIÃO AMIN;82845744000171;MUNICIPIO DE MAJOR GERCINO;2210;Esperidião Amin;398000.0;Caminhão Basculante/Caçamba - Infraestrutura Produtiva  - Ministério da Integração e do Desenvolvimento Regional - Caminhão Basculante/Caçamba - Infraestrutura Produtiva  - Ministério da Integração e do Desenvolvimento Regional;2026OB003974;Caixa Econômica Federal;104;3533-5;3533;569372384-0;569372384
09032026-095811;202639320001-CAROLINE DE TONI;82845744000171;MUNICIPIO DE MAJOR GERCINO;3932;Caroline de Toni;203975.0;Aquisição de Máquinas e Equipamentos (GND 4) - Ministério da Agricultura e Pecuária - Aquisição de Máquinas e Equipamentos (GND 4) - Ministério da Agricultura e Pecuária;;Caixa Econômica Federal;104;3533-5;3533;568927553-7;568927553
09032026-096362;202640620003-RICARDO GUIDI;82845744000171;MUNICIPIO DE MAJOR GERCINO;4062;Ricardo Guidi;398000.0;Pavimentação Urbana - Ministério das Cidades - Pavimentação Urbana - Ministério das Cidades;2026OB001829;Caixa Econômica Federal;104;3533-5;3533;569610331-2;569610331
09032022-018203;202228550020-Pedro Uczai;83102756000179;MUNICIPIO DE RIO NEGRINHO;2855;Pedro Uczai;200000.0;;2022OB801252;Banco do Brasil;001;1394-3;1394;35853-3;35853
09032022-014148;202232350003-Geovania De Sá;83102756000179;MUNICIPIO DE RIO NEGRINHO;3235;Geovania De Sá;200000.0;;2022OB801788;Banco do Brasil;001;1394-3;1394;35853-3;35853
09032022-019874;202239290005-Carlos Chiodini;83102756000179;MUNICIPIO DE RIO NEGRINHO;3929;Carlos Chiodini;1000000.0;;2022OB802567;Banco do Brasil;001;1394-3;1394;35853-3;35853
09032023-037012;202339290002-Carlos Chiodini;83102756000179;MUNICIPIO DE RIO NEGRINHO;3929;Carlos Chiodini;1000000.0;;2023OB806409;Banco do Brasil;001;1394-3;1394;37856-9;37856
09032024-072781;202439290001-Carlos Chiodini;83102756000179;MUNICIPIO DE RIO NEGRINHO;3929;Carlos Chiodini;800000.0;;2024OB008438;Banco do Brasil;001;1394-3;1394;39366-5;39366
09032024-073899;202442090002-Jorge Goetten;83102756000179;MUNICIPIO DE RIO NEGRINHO;4209;Jorge Goetten;400000.0;;2024OB003470;Banco do Brasil;001;1394-3;1394;39309-6;39309
09032024-074499;202443390001-Daniela Reinehr;83102756000179;MUNICIPIO DE RIO NEGRINHO;4339;Daniela Reinehr;400000.0;;2024OB010908;Banco do Brasil;001;1394-3;1394;39365-7;39365
09032025-084340;202542730001-JORGE SEIF;83102756000179;MUNICIPIO DE RIO NEGRINHO;4273;Jorge Seif;396000.0;Objeto Único Não Padronizado – Demais - Órgão 53000 - MIDR;2025OB002026;Banco do Brasil;001;1394-3;1394;42374-2;42374
0903-004182;202025690009-Celso Maldaner;78485554000113;MUNICIPIO DE IPORA DO OESTE;2569;Celso Maldaner;200000.0;;2020OB801076;Caixa Econômica Federal;104;702-1;702;575864081-2;575864081
09032023-033072;202328550022-Pedro Uczai;78485554000113;MUNICIPIO DE IPORA DO OESTE;2855;Pedro Uczai;200000.0;;2023OB809642;Banco do Brasil;001;3735-4;3735;15246-3;15246
09032023-034410;202322100001-Esperidião Amin;78485554000113;MUNICIPIO DE IPORA DO OESTE;2210;Esperidião Amin;150000.0;;2023OB808297;Banco do Brasil;001;3735-4;3735;15246-3;15246
09032024-074459;202443390001-Daniela Reinehr;78485554000113;MUNICIPIO DE IPORA DO OESTE;4339;Daniela Reinehr;150000.0;;2024OB010902;Caixa Econômica Federal;104;4624-8;4624;575854653-0;575854653
09032024-074721;202443920007-Ismael;78485554000113;MUNICIPIO DE IPORA DO OESTE;4392;Ismael;250000.0;;2024OB011111;Caixa Econômica Federal;104;4624-8;4624;575854652-2;575854652
09032025-083231;202539320001-CAROLINE DE TONI;78485554000113;MUNICIPIO DE IPORA DO OESTE;3932;Caroline de Toni;207900.0;Equipamentos Agrícolas E Agropecuários - Equipamentos Agrícolas E Agropecuários - Rotas De Integração Nacional;2025OB001194;Caixa Econômica Federal;104;4624-8;4624;574644897-0;574644897
09032026-097244;202643250001-COBALCHINI;78485554000113;MUNICIPIO DE IPORA DO OESTE;4325;Cobalchini;995000.0;Construção de Creche (Capital) - Fundo Nacional de Desenvolvimento da Educação - Construção de Creche (Capital) - Fundo Nacional de Desenvolvimento da Educação;2026OB005675;Caixa Econômica Federal;104;4624-8;4624;568689119-9;568689119
0903-003481;202022100018-Esperidião Amin;83102533000101;MUNICIPIO DE PAPANDUVA;2210;Esperidião Amin;200000.0;;2020OB801151;Caixa Econômica Federal;104;4451-2;4451;576124686-0;576124686
09032024-072763;202439290001-Carlos Chiodini;83102533000101;MUNICIPIO DE PAPANDUVA;3929;Carlos Chiodini;400000.0;;2024OB008442;Caixa Econômica Federal;104;4451-2;4451;575994501-3;575994501
09032022-019863;202239290005-Carlos Chiodini;83102533000101;MUNICIPIO DE PAPANDUVA;3929;Carlos Chiodini;300000.0;;2022OB802626;Caixa Econômica Federal;104;4451-2;4451;576124825-1;576124825
09032022-016120;202237860003-Dário Berger;83102533000101;MUNICIPIO DE PAPANDUVA;3786;Dário Berger;150000.0;;2022OB802272;Caixa Econômica Federal;104;4451-2;4451;576124825-1;576124825
09032021-009474;202118800011-Angela Amin;83102533000101;MUNICIPIO DE PAPANDUVA;1880;Angela Amin;200000.0;;2021OB802602;Caixa Econômica Federal;104;4451-2;4451;576124693-3;576124693
09032024-072820;202439320001-Caroline de Toni;83102533000101;MUNICIPIO DE PAPANDUVA;3932;Caroline de Toni;150000.0;;2024OB008473;Caixa Econômica Federal;104;4451-2;4451;576124837-5;576124837
09032025-080743;202544010010-JULIA ZANATTA;83102533000101;MUNICIPIO DE PAPANDUVA;4401;Julia Zanatta;594000.0;Pavimentação - Pavimentação;2025OB002410;Caixa Econômica Federal;104;4451-2;4451;574881335-8;574881335
09032025-083181;202539290001-CARLOS CHIODINI;83102533000101;MUNICIPIO DE PAPANDUVA;3929;Carlos Chiodini;990000.0;Motoniveladora - Motoniveladora - Infraestrutura Produtiva;2025OB001159;Caixa Econômica Federal;104;4451-2;4451;574824058-7;574824058
09032025-075732;202542730002-JORGE SEIF;83102533000101;MUNICIPIO DE PAPANDUVA;4273;Jorge Seif;346500.0;Objeto Único Não Padronizado – Demais - ÓRGÃO 53000 - MIDR;2025OB003898;Caixa Econômica Federal;104;4451-2;4451;574793553-0;574793553
09032026-094097;202644480001-PEZENTI;83102533000101;MUNICIPIO DE PAPANDUVA;4448;Pezenti;398000.0;Pavimentação Urbana - Ministério das Cidades - Pavimentação Urbana - Ministério das Cidades;2026OB005992;Caixa Econômica Federal;104;4451-2;4451;569171472-0;569171472
09032026-095794;202639320001-CAROLINE DE TONI;83102533000101;MUNICIPIO DE PAPANDUVA;3932;Caroline de Toni;746250.0;Pavimentação Urbana - Ministério das Cidades - Pavimentação Urbana - Ministério das Cidades;2026OB006289;Caixa Econômica Federal;104;4451-2;4451;569086353-6;569086353
0903-004251;202025690009-Celso Maldaner;82960758000136;MUNICIPIO DE JACINTO MACHADO;2569;Celso Maldaner;300000.0;;2020OB801239;Caixa Econômica Federal;104;1084-7;1084;6672019-6;6672019
09032024-068664;202442510013-Ivete da Silveira;82960758000136;MUNICIPIO DE JACINTO MACHADO;4251;Ivete da Silveira;75000.0;;2024OB003581;Caixa Econômica Federal;104;1084-7;1084;575860799-8;575860799
09032024-068781;202442510012-Ivete da Silveira;82960758000136;MUNICIPIO DE JACINTO MACHADO;4251;Ivete da Silveira;75000.0;;2024OB003570;Caixa Econômica Federal;104;1084-7;1084;575860798-0;575860798
09032024-073967;202442730001-Jorge Seif;82960758000136;MUNICIPIO DE JACINTO MACHADO;4273;Jorge Seif;100000.0;;2024OB010214;Caixa Econômica Federal;104;1084-7;1084;575860801-3;575860801
09032025-079202;202544480001-PEZENTI;82960758000136;MUNICIPIO DE JACINTO MACHADO;4448;Pezenti;396000.0;Pavimentação - Pavimentação;2025OB002580;Banco do Brasil;001;2192-X;2192;22349-2;22349
09032025-080739;202544010010-JULIA ZANATTA;82960758000136;MUNICIPIO DE JACINTO MACHADO;4401;Julia Zanatta;495000.0;Pavimentação De Estradas Vicinais - Pavimentação De Estradas Vicinais;2025OB002413;Banco do Brasil;001;2192-X;2192;22348-4;22348
09032025-081779;202522100013-ESPERIDIÃO AMIN;82960758000136;MUNICIPIO DE JACINTO MACHADO;2210;Esperidião Amin;297000.0;Objeto Único Não Padronizado – Demais - Aquisição de Ônibus Escolar;2025OB005256;Banco do Brasil;001;2192-X;2192;22431-6;22431
09032026-089606;202632350004-GEOVANIA DE SÁ;82960758000136;MUNICIPIO DE JACINTO MACHADO;3235;Geovania De Sá;497500.0;Pavimentação Urbana - Ministério das Cidades - Pavimentação Urbana - Ministério das Cidades;2026OB000946;Caixa Econômica Federal;104;1084-7;1084;569528945-5;569528945
09032026-096342;202640620003-RICARDO GUIDI;82960758000136;MUNICIPIO DE JACINTO MACHADO;4062;Ricardo Guidi;497500.0;Infraestrutura Turística - Ministério do Turismo - Infraestrutura Turística - Ministério do Turismo;2026OB001832;Caixa Econômica Federal;104;1084-7;1084;569446596-9;569446596
09032026-094094;202644480001-PEZENTI;82960758000136;MUNICIPIO DE JACINTO MACHADO;4448;Pezenti;398000.0;Pavimentação De Estradas Vicinais - Ministério da Integração e do Desenvolvimento Regional - Pavimentação De Estradas Vicinais - Ministério da Integração e do Desenvolvimento Regional;2026OB003406;Caixa Econômica Federal;104;1084-7;1084;569446597-7;569446597
09032026-091775;202644010005-JULIA ZANATTA;82960758000136;MUNICIPIO DE JACINTO MACHADO;4401;Julia Zanatta;368150.0;Aquisição de Máquinas e Equipamentos (GND 4) - Ministério da Agricultura e Pecuária - Aquisição de Máquinas e Equipamentos (GND 4) - Ministério da Agricultura e Pecuária;2026OB005866;Caixa Econômica Federal;104;1084-7;1084;569002283-3;569002283
0903-003581;202018800013-Angela Amin;82916826000160;MUNICIPIO DE NOVA VENEZA;1880;Angela Amin;400000.0;;2020OB801208;Caixa Econômica Federal;104;4878-0;4878;575994102-6;575994102
0903-003843;202032350006-Geovania De Sá;82916826000160;MUNICIPIO DE NOVA VENEZA;3235;Geovania De Sá;980636.0;;2020OB801209;Caixa Econômica Federal;104;4878-0;4878;575994102-6;575994102
09032022-014127;202232350003-Geovania De Sá;82916826000160;MUNICIPIO DE NOVA VENEZA;3235;Geovania De Sá;300000.0;;2023OB801639;Caixa Econômica Federal;104;4878-0;4878;575994103-4;575994103
09032023-034394;202322100001-Esperidião Amin;82916826000160;MUNICIPIO DE NOVA VENEZA;2210;Esperidião Amin;200000.0;;2023OB809284;Caixa Econômica Federal;104;4878-0;4878;575994104-2;575994104
09032023-031244;202332350003-Geovania De Sá;82916826000160;MUNICIPIO DE NOVA VENEZA;3235;Geovania De Sá;500000.0;;2023OB809983;Caixa Econômica Federal;104;4878-0;4878;575994104-2;575994104
09032023-038043;202340620003-Ricardo Guidi;82916826000160;MUNICIPIO DE NOVA VENEZA;4062;Ricardo Guidi;1500000.0;;2023OB807841;Caixa Econômica Federal;104;4878-0;4878;575994104-2;575994104
09032024-073973;202442730001-Jorge Seif;82916826000160;MUNICIPIO DE NOVA VENEZA;4273;Jorge Seif;100000.0;;2024OB010243;Caixa Econômica Federal;104;4878-0;4878;575994106-9;575994106
09032024-068222;202439490003-Daniel Freitas;82916826000160;MUNICIPIO DE NOVA VENEZA;3949;Daniel Freitas;500000.0;;;Caixa Econômica Federal;104;4878-0;4878;6672008-5;6672008
09032025-083882;202540620003-RICARDO GUIDI;82916826000160;MUNICIPIO DE NOVA VENEZA;4062;Ricardo Guidi;742500.0;Áreas De Lazer E Estruturas Para Atividades Físicas Em Espaços Públicos - Áreas De Lazer E Estruturas Para Atividades Físicas Em Espaços Públicos - Parques E Praças;2025OB006268;Banco do Brasil;001;2357-4;2357;31588-5;31588
09032026-089771;202639490005-DANIEL FREITAS;82916826000160;MUNICIPIO DE NOVA VENEZA;3949;Daniel Freitas;995000.0;Pavimentação Urbana - Ministério das Cidades - Pavimentação Urbana - Ministério das Cidades;2026OB001508;Banco do Brasil;001;2357-4;2357;32106-0;32106
09032026-094575;202622100012-ESPERIDIÃO AMIN;82916826000160;MUNICIPIO DE NOVA VENEZA;2210;Esperidião Amin;398000.0;Revitalização, Construção De Calçadas E Passeios Públicos: Acessibilidade De Calçadas E  Passeios Públicos    - Ministério das Cidades - Revitalização, Construção De Calçadas E Passeios Públicos: Acessibilidade De Calçadas E  Passeios Públicos    - Ministério das Cidades;2026OB003979;Banco do Brasil;001;2357-4;2357;32132-X;32132
09032022-017152;202218800004-Angela Amin;82843582000132;MUNICIPIO DE URUBICI;1880;Angela Amin;250000.0;;2023OB800281;Banco do Brasil;001;2754-5;2754;15379-6;15379
09032022-020247;202239800001-Fabio Schiochet;82843582000132;MUNICIPIO DE URUBICI;3980;Fabio Schiochet;300000.0;;2023OB803001;Banco do Brasil;001;2754-5;2754;15379-6;15379
09032022-021041;202240620006-Ricardo Guidi;82843582000132;MUNICIPIO DE URUBICI;4062;Ricardo Guidi;700000.0;;2023OB803717;Banco do Brasil;001;2754-5;2754;15379-6;15379
09032023-032878;202329250001-Carmen Zanotto;82843582000132;MUNICIPIO DE URUBICI;2925;Carmen Zanotto;150000.0;;2023OB812603;Caixa Econômica Federal;104;1082-0;1082;575860772-6;575860772
09032023-034423;202322100001-Esperidião Amin;82843582000132;MUNICIPIO DE URUBICI;2210;Esperidião Amin;200000.0;;2023OB811987;Caixa Econômica Federal;104;1082-0;1082;575860772-6;575860772
09032024-066114;202442730002-Jorge Seif;82843582000132;MUNICIPIO DE URUBICI;4273;Jorge Seif;87000.0;;2024OB010289;Caixa Econômica Federal;104;1082-0;1082;575860775-0;575860775
09032024-067061;202429250006-Carmen Zanotto;82843582000132;MUNICIPIO DE URUBICI;2925;Carmen Zanotto;300000.0;;2024OB007332;Caixa Econômica Federal;104;1082-0;1082;575860774-2;575860774
09032024-068027;202444010006-Julia Zanatta;82843582000132;MUNICIPIO DE URUBICI;4401;Julia Zanatta;250000.0;;2024OB011579;Caixa Econômica Federal;104;1082-0;1082;575860777-7;575860777
09032024-069103;202422100016-Esperidião Amin;82843582000132;MUNICIPIO DE URUBICI;2210;Esperidião Amin;500000.0;;2024OB006409;Caixa Econômica Federal;104;1082-0;1082;575860776-9;575860776
09032025-083412;202539800001-FABIO SCHIOCHET;82843582000132;MUNICIPIO DE URUBICI;3980;Fabio Schiochet;495000.0;Pavimentação De Estradas Vicinais - Pavimentação De Estradas Vicinais;2025OB001291;Caixa Econômica Federal;104;1082-0;1082;574761784-9;574761784
09032025-2-086824;202544480001-PEZENTI;82843582000132;MUNICIPIO DE URUBICI;4448;Pezenti;396000.0;Aquisição de Máquinas e Equipamentos (GND 4) - Aquisição de Máquinas e Equipamentos (GND 4);2025OB009643;Caixa Econômica Federal;104;1082-0;1082;573443123-7;573443123
09032025-079229;202544480001-PEZENTI;82843582000132;MUNICIPIO DE URUBICI;4448;Pezenti;396000.0;Objeto Único Não Padronizado – Demais - Construção da secretaria de obras - 56000 Ministério das Cidades;;Caixa Econômica Federal;104;1082-0;1082;;
09032026-095967;202639800001-FABIO SCHIOCHET;82843582000132;MUNICIPIO DE URUBICI;3980;Fabio Schiochet;423872.99;Pavimentação De Estradas Vicinais - Ministério da Integração e do Desenvolvimento Regional - Pavimentação De Estradas Vicinais - Ministério da Integração e do Desenvolvimento Regional;2026OB001597;Banco do Brasil;001;2754-5;2754;18117-X;18117
09032026-093927;202642090003-JORGE GOETTEN;82843582000132;MUNICIPIO DE URUBICI;4209;Jorge Goetten;398000.0;Pavimentação De Estradas Vicinais - Ministério da Integração e do Desenvolvimento Regional - Pavimentação De Estradas Vicinais - Ministério da Integração e do Desenvolvimento Regional;2026OB005451;Banco do Brasil;001;2754-5;2754;18137-4;18137
09032026-094119;202644480001-PEZENTI;82843582000132;MUNICIPIO DE URUBICI;4448;Pezenti;497500.0;Aquisição de Máquinas e Equipamentos (GND 4) - Ministério da Agricultura e Pecuária - Aquisição de Máquinas e Equipamentos (GND 4) - Ministério da Agricultura e Pecuária;;Banco do Brasil;001;2754-5;2754;18156-0;18156
09032021-011948;202139290005-Carlos Chiodini;95954442000183;MUNICIPIO DE SAO JOAO DO ITAPERIU;3929;Carlos Chiodini;400000.0;;2021OB803045;Caixa Econômica Federal;104;2816-9;2816;575857677-4;575857677
09032022-019859;202239290005-Carlos Chiodini;95954442000183;MUNICIPIO DE SAO JOAO DO ITAPERIU;3929;Carlos Chiodini;500000.0;;2022OB802573, 2023OB802606;Caixa Econômica Federal;104;2816-9;2816;575857679-0;575857679
09032023-036988;202339290002-Carlos Chiodini;95954442000183;MUNICIPIO DE SAO JOAO DO ITAPERIU;3929;Carlos Chiodini;500000.0;;2023OB810503, 2023OB813594;Caixa Econômica Federal;104;2816-9;2816;575857681-2;575857681
09032023-038985;202342510010-Ivete da Silveira;95954442000183;MUNICIPIO DE SAO JOAO DO ITAPERIU;4251;Ivete da Silveira;400000.0;;2023OB814979;Caixa Econômica Federal;104;2816-9;2816;575857681-2;575857681
0903-004086;202041850004-Jorginho Mello;95954442000183;MUNICIPIO DE SAO JOAO DO ITAPERIU;4185;Jorginho Mello;200000.0;;2020OB801735;Caixa Econômica Federal;104;2816-9;2816;575857676-6;575857676
09032024-068643;202442510013-Ivete da Silveira;95954442000183;MUNICIPIO DE SAO JOAO DO ITAPERIU;4251;Ivete da Silveira;200000.0;;2024OB010036;Caixa Econômica Federal;104;2816-9;2816;575857689-8;575857689
09032024-069064;202422100016-Esperidião Amin;95954442000183;MUNICIPIO DE SAO JOAO DO ITAPERIU;2210;Esperidião Amin;250000.0;;2024OB006420;Caixa Econômica Federal;104;2816-9;2816;575857687-1;575857687
09032024-068760;202442510012-Ivete da Silveira;95954442000183;MUNICIPIO DE SAO JOAO DO ITAPERIU;4251;Ivete da Silveira;200000.0;;2024OB003549;Caixa Econômica Federal;104;2816-9;2816;575857686-3;575857686
09032024-072757;202439290001-Carlos Chiodini;95954442000183;MUNICIPIO DE SAO JOAO DO ITAPERIU;3929;Carlos Chiodini;500792.0;;2024OB002331;Caixa Econômica Federal;104;2816-9;2816;575857692-8;575857692
09032024-072803;202439320001-Caroline de Toni;95954442000183;MUNICIPIO DE SAO JOAO DO ITAPERIU;3932;Caroline de Toni;100000.0;;2024OB008503;Caixa Econômica Federal;104;2816-9;2816;575857691-0;575857691
09032024-073850;202442090002-Jorge Goetten;95954442000183;MUNICIPIO DE SAO JOAO DO ITAPERIU;4209;Jorge Goetten;400000.0;;2024OB003474;Caixa Econômica Federal;104;2816-9;2816;575857688-0;575857688
09032024-073938;202442730001-Jorge Seif;95954442000183;MUNICIPIO DE SAO JOAO DO ITAPERIU;4273;Jorge Seif;200000.0;;2024OB003727;Caixa Econômica Federal;104;2816-9;2816;575857693-6;575857693
09032024-075054;202444480002-Pezenti;95954442000183;MUNICIPIO DE SAO JOAO DO ITAPERIU;4448;Pezenti;300000.0;;2024OB012027;Caixa Econômica Federal;104;2816-9;2816;575857685-5;575857685
09032021-011491;202137860003-Dário Berger;95954442000183;MUNICIPIO DE SAO JOAO DO ITAPERIU;3786;Dário Berger;150000.0;;2021OB802940;Caixa Econômica Federal;104;2816-9;2816;575857677-4;575857677
09032022-021819;202241850010-Jorginho Mello;95954442000183;MUNICIPIO DE SAO JOAO DO ITAPERIU;4185;Jorginho Mello;100000.0;;2023OB804944;Caixa Econômica Federal;104;2816-9;2816;575857679-0;575857679
09032025-081276;202542090003-JORGE GOETTEN;95954442000183;MUNICIPIO DE SAO JOAO DO ITAPERIU;4209;Jorge Goetten;495000.0;Pavimentação - Pavimentação;2025OB001904;Caixa Econômica Federal;104;2816-9;2816;574793578-6;574793578
09032026-094080;202644480001-PEZENTI;95954442000183;MUNICIPIO DE SAO JOAO DO ITAPERIU;4448;Pezenti;497500.0;Mobilidade Urbana: Infraestruturas para pedestres e ciclistas - Ministério das Cidades - Mobilidade Urbana: Infraestruturas para pedestres e ciclistas - Ministério das Cidades;;Caixa Econômica Federal;104;2816-9;2816;569170472-5;569170472
09032022-015123;202229250013-Carmen Zanotto;82939380000199;MUNICIPIO DE JOACABA;2925;Carmen Zanotto;50000.0;;2022OB801448;Banco do Brasil;001;137-6;137;40707-0;40707
09032023-037075;202339320001-Caroline de Toni;82939380000199;MUNICIPIO DE JOACABA;3932;Caroline de Toni;400000.0;;2023OB808553;Caixa Econômica Federal;104;418-9;418;575864753-1;575864753
09032024-069106;202422100016-Esperidião Amin;82939380000199;MUNICIPIO DE JOACABA;2210;Esperidião Amin;200000.0;;2024OB006408;Caixa Econômica Federal;104;418-9;418;575864756-6;575864756
09032024-070560;202443250003-Cobalchini;82939380000199;MUNICIPIO DE JOACABA;4325;Cobalchini;500000.0;;2024OB004180;Caixa Econômica Federal;104;418-9;418;575864755-8;575864755
09032024-072867;202439320001-Caroline de Toni;82939380000199;MUNICIPIO DE JOACABA;3932;Caroline de Toni;350000.0;;2024OB002341;Caixa Econômica Federal;104;418-9;418;575864754-0;575864754
09032025-081307;202542090003-JORGE GOETTEN;82939380000199;MUNICIPIO DE JOACABA;4209;Jorge Goetten;396000.0;Construção, Reforma Ou Ampliação De Espaços De Esporte E Lazer - Construção, Reforma Ou Ampliação De Espaços De Esporte E Lazer;2025OB003848;Caixa Econômica Federal;104;418-9;418;574600841-5;574600841
09032025-2-087987;202539320001-CAROLINE DE TONI;82939380000199;MUNICIPIO DE JOACABA;3932;Caroline de Toni;396000.0;Áreas De Lazer E Estruturas Para Atividades Físicas Em Espaços Públicos - Áreas De Lazer E Estruturas Para Atividades Físicas Em Espaços Públicos - Parques E Praças;2025OB008119;Caixa Econômica Federal;104;418-9;418;573529102-1;573529102
09032026-095969;202639800001-FABIO SCHIOCHET;82939380000199;MUNICIPIO DE JOACABA;3980;Fabio Schiochet;398000.0;Pavimentação Urbana - Ministério das Cidades - Pavimentação Urbana - Ministério das Cidades;2026OB001605;Caixa Econômica Federal;104;418-9;418;569446593-4;569446593
09032025-083253;202539320001-CAROLINE DE TONI;82939380000199;MUNICIPIO DE JOACABA;3932;Caroline de Toni;396000.0;Objeto Único Não Padronizado – Demais - Construção de Unidade de Apoio a Desastres Naturais;;;;;;;
0903-003550;202028560001-Rogério Peninha Mendonça;83102582000144;MUNICIPIO DE AGROLANDIA;2856;Rogério Peninha Mendonça;200000.0;;2020OB801154;Caixa Econômica Federal;104;423-5;423;575864795-7;575864795
0903-004458;202041850004-Jorginho Mello;83102582000144;MUNICIPIO DE AGROLANDIA;4185;Jorginho Mello;100000.0;;2020OB801710;Caixa Econômica Federal;104;423-5;423;575864795-7;575864795
09032022-017133;202218800004-Angela Amin;83102582000144;MUNICIPIO DE AGROLANDIA;1880;Angela Amin;250000.0;;2022OB800486;Caixa Econômica Federal;104;423-5;423;575864803-1;575864803
09032022-017370;202222100001-Esperidião Amin;83102582000144;MUNICIPIO DE AGROLANDIA;2210;Esperidião Amin;150000.0;;2022OB800660;Caixa Econômica Federal;104;423-5;423;575864803-1;575864803
09032024-069304;202490550002-Gilson Marques;83102582000144;MUNICIPIO DE AGROLANDIA;9055;Gilson Marques;100000.0;;2024OB011324;Caixa Econômica Federal;104;423-5;423;575864812-0;575864812
09032024-073946;202442730001-Jorge Seif;83102582000144;MUNICIPIO DE AGROLANDIA;4273;Jorge Seif;100000.0;;2024OB010227;Caixa Econômica Federal;104;423-5;423;575864813-9;575864813
09032025-079188;202544480001-PEZENTI;83102582000144;MUNICIPIO DE AGROLANDIA;4448;Pezenti;396000.0;Objeto Único Não Padronizado – Demais - Cobertura de escolas - 26000 Ministério da Educação.;2025OB007154;Banco do Brasil;001;3633-1;3633;19080-2;19080
09032026-095779;202639320001-CAROLINE DE TONI;83102582000144;MUNICIPIO DE AGROLANDIA;3932;Caroline de Toni;363175.0;Aquisição De Unidade Móvel De Saúde - Ministério da Saúde - Aquisição De Unidade Móvel De Saúde - Ministério da Saúde;;Banco do Brasil;001;3633-1;3633;19902-8;19902
09032025-084728;202543390010-DANIELA REINEHR;83102582000144;MUNICIPIO DE AGROLANDIA;4339;Daniela Reinehr;396000.0;Objeto Único Não Padronizado – Obras e Serviços de Engenharia - Obras de infraestrutura Turística;2025OB006822;Banco do Brasil;001;3633-1;3633;19057-8;19057
09032025-084299;202542730001-JORGE SEIF;83102582000144;MUNICIPIO DE AGROLANDIA;4273;Jorge Seif;396000.0;Objeto Único Não Padronizado – Demais - Órgão 22000 - Ação 20ZV;2025OB006638;Banco do Brasil;001;3633-1;3633;19086-1;19086
09032025-080466;202590550002-GILSON MARQUES;83102582000144;MUNICIPIO DE AGROLANDIA;9055;Gilson Marques;297000.0;Adquirir Mobiliário De Sala De Aula (Capital) - Adquirir Mobiliário De Sala De Aula (Capital);;Banco do Brasil;001;3633-1;3633;;
09032026-096334;202640620003-RICARDO GUIDI;83102582000144;MUNICIPIO DE AGROLANDIA;4062;Ricardo Guidi;398000.0;Estradas Vicinais e Obras (GND 3/4) - Ministério da Agricultura e Pecuária - Estradas Vicinais e Obras (GND 3/4) - Ministério da Agricultura e Pecuária;2026OB006252;Banco do Brasil;001;3633-1;3633;19908-7;19908
09032025-2-086830;202590550002-GILSON MARQUES;83102582000144;MUNICIPIO DE AGROLANDIA;9055;Gilson Marques;297000.0;Adquirir Mobiliário De Sala De Aula (Capital) - Adquirir Mobiliário De Sala De Aula (Capital);2025OB009184;Banco do Brasil;001;3633-1;3633;19127-2;19127
0903-004175;202022100018-Esperidião Amin;82777343000121;MUNICIPIO DE BOM RETIRO;2210;Esperidião Amin;100000.0;;2020OB801159;Banco do Brasil;001;901-6;901;16495-X;16495
0903-004502;202029250015-Carmen Zanotto;82777343000121;MUNICIPIO DE BOM RETIRO;2925;Carmen Zanotto;50000.0;;2020OB801161;Banco do Brasil;001;901-6;901;16495-X;16495
09032021-010630;202129250018-Carmen Zanotto;82777343000121;MUNICIPIO DE BOM RETIRO;2925;Carmen Zanotto;60000.0;;2021OB801768;Caixa Econômica Federal;104;1663-2;1663;575997007-7;575997007
09032021-011496;202137860003-Dário Berger;82777343000121;MUNICIPIO DE BOM RETIRO;3786;Dário Berger;200000.0;;2021OB801107;Caixa Econômica Federal;104;1663-2;1663;575997007-7;575997007
09032021-012237;202139800001-Fabio Schiochet;82777343000121;MUNICIPIO DE BOM RETIRO;3980;Fabio Schiochet;100000.0;;2021OB801682;Caixa Econômica Federal;104;1663-2;1663;575997007-7;575997007
09032021-012423;202140150011-Hélio Costa;82777343000121;MUNICIPIO DE BOM RETIRO;4015;Hélio Costa;250000.0;;2021OB801743;Caixa Econômica Federal;104;1663-2;1663;575997007-7;575997007
09032022-014118;202232350003-Geovania De Sá;82777343000121;MUNICIPIO DE BOM RETIRO;3235;Geovania De Sá;200000.0;;2022OB801796;Banco do Brasil;001;901-6;901;17203-0;17203
09032022-015101;202229250013-Carmen Zanotto;82777343000121;MUNICIPIO DE BOM RETIRO;2925;Carmen Zanotto;200000.0;;2023OB801309;Banco do Brasil;001;901-6;901;17203-0;17203
09032023-037037;202339320001-Caroline de Toni;82777343000121;MUNICIPIO DE BOM RETIRO;3932;Caroline de Toni;250000.0;;2023OB806097;Banco do Brasil;001;901-6;901;17634-6;17634
09032023-2-041962;202329250001-Carmen Zanotto;82777343000121;MUNICIPIO DE BOM RETIRO;2925;Carmen Zanotto;500000.0;;2023OB815295;Banco do Brasil;001;901-6;901;17634-6;17634
09032024-067039;202429250006-Carmen Zanotto;82777343000121;MUNICIPIO DE BOM RETIRO;2925;Carmen Zanotto;400000.0;;2024OB001356;Caixa Econômica Federal;104;1663-2;1663;575995904-9;575995904
09032024-067998;202444010006-Julia Zanatta;82777343000121;MUNICIPIO DE BOM RETIRO;4401;Julia Zanatta;300000.0;;2024OB011572;Caixa Econômica Federal;104;1663-2;1663;575995902-2;575995902
09032024-068653;202442510013-Ivete da Silveira;82777343000121;MUNICIPIO DE BOM RETIRO;4251;Ivete da Silveira;150000.0;;2024OB009979;Banco do Brasil;001;901-6;901;17917-5;17917
09032024-068770;202442510012-Ivete da Silveira;82777343000121;MUNICIPIO DE BOM RETIRO;4251;Ivete da Silveira;150000.0;;2024OB003536;Banco do Brasil;001;901-6;901;17916-7;17916
09032024-073954;202442730001-Jorge Seif;82777343000121;MUNICIPIO DE BOM RETIRO;4273;Jorge Seif;200000.0;;2024OB003723;Banco do Brasil;001;901-6;901;17915-9;17915
09032025-083392;202539800001-FABIO SCHIOCHET;82777343000121;MUNICIPIO DE BOM RETIRO;3980;Fabio Schiochet;396000.0;Pavimentação - Pavimentação;2025OB003505;Banco do Brasil;001;901-6;901;18747-X;18747
09032025-2-086805;202544480001-PEZENTI;82777343000121;MUNICIPIO DE BOM RETIRO;4448;Pezenti;297000.0;Objeto Único Não Padronizado – Demais - Veículo(s) para transporte de pacientes - 36000 Ministério da Saúde;2025OB010031;Caixa Econômica Federal;104;1663-2;1663;573107625-8;573107625
09032023-032860;202329250001-Carmen Zanotto;82777343000121;MUNICIPIO DE BOM RETIRO;2925;Carmen Zanotto;500000.0;;;;;;;;
09032025-079194;202544480001-PEZENTI;82777343000121;MUNICIPIO DE BOM RETIRO;4448;Pezenti;297000.0;Objeto Único Não Padronizado – Demais - Veículo(s) para transporte de pacientes - 36000 Ministério da Saúde;;Banco do Brasil;001;901-6;901;;
09032026-093900;202642090003-JORGE GOETTEN;82777343000121;MUNICIPIO DE BOM RETIRO;4209;Jorge Goetten;398000.0;Pavimentação Urbana - Ministério das Cidades - Pavimentação Urbana - Ministério das Cidades;2026OB002385;Caixa Econômica Federal;104;1663-2;1663;569487331-5;569487331
09032026-095935;202639800001-FABIO SCHIOCHET;82777343000121;MUNICIPIO DE BOM RETIRO;3980;Fabio Schiochet;398000.0;Pavimentação Urbana - Ministério das Cidades - Pavimentação Urbana - Ministério das Cidades;2026OB004944;Caixa Econômica Federal;104;1663-2;1663;569372383-2;569372383
0903-004668;202028560001-Rogério Peninha Mendonça;83102806000118;MUNICIPIO DE RIO DOS CEDROS;2856;Rogério Peninha Mendonça;200000.0;;2020OB801207;Caixa Econômica Federal;104;809-5;809;575862839-1;575862839
09032023-037422;202339800001-Fabio Schiochet;83102806000118;MUNICIPIO DE RIO DOS CEDROS;3980;Fabio Schiochet;5000000.0;;2023OB810686, 2023OB813826;Banco do Brasil;001;3316-2;3316;17993-0;17993
09032023-037422;202339800001-Fabio Schiochet;83102806000118;MUNICIPIO DE RIO DOS CEDROS;3980;Fabio Schiochet;5000000.0;;2023OB810686, 2023OB813826;Banco do Brasil;001;3316-2;3316;17993-0;17993
09032021-012242;202139800001-Fabio Schiochet;83102806000118;MUNICIPIO DE RIO DOS CEDROS;3980;Fabio Schiochet;1000000.0;;2021OB801663;Banco do Brasil;001;3316-2;3316;16918-8;16918
09032021-011503;202137860003-Dário Berger;83102806000118;MUNICIPIO DE RIO DOS CEDROS;3786;Dário Berger;300000.0;;2021OB801099;Banco do Brasil;001;3316-2;3316;16918-8;16918
09032022-017379;202222100001-Esperidião Amin;83102806000118;MUNICIPIO DE RIO DOS CEDROS;2210;Esperidião Amin;150000.0;;2023OB800460;Banco do Brasil;001;3316-2;3316;17460-2;17460
09032022-018221;202228560001-Rogério Peninha Mendonça;83102806000118;MUNICIPIO DE RIO DOS CEDROS;2856;Rogério Peninha Mendonça;250000.0;;2023OB801114;Banco do Brasil;001;3316-2;3316;17460-2;17460
09032022-020236;202239800001-Fabio Schiochet;83102806000118;MUNICIPIO DE RIO DOS CEDROS;3980;Fabio Schiochet;300000.0;;2023OB803000;Banco do Brasil;001;3316-2;3316;17460-2;17460
09032023-036996;202339290002-Carlos Chiodini;83102806000118;MUNICIPIO DE RIO DOS CEDROS;3929;Carlos Chiodini;400000.0;;2023OB813595;Banco do Brasil;001;3316-2;3316;17993-0;17993
09032023-034398;202322100001-Esperidião Amin;83102806000118;MUNICIPIO DE RIO DOS CEDROS;2210;Esperidião Amin;150000.0;;2023OB811983;Banco do Brasil;001;3316-2;3316;17993-0;17993
09032024-068674;202442510013-Ivete da Silveira;83102806000118;MUNICIPIO DE RIO DOS CEDROS;4251;Ivete da Silveira;325000.0;;2024OB010042;Caixa Econômica Federal;104;809-5;809;575862846-4;575862846
09032024-068791;202442510012-Ivete da Silveira;83102806000118;MUNICIPIO DE RIO DOS CEDROS;4251;Ivete da Silveira;325000.0;;2024OB003543;Caixa Econômica Federal;104;809-5;809;575862845-6;575862845
09032024-069077;202422100016-Esperidião Amin;83102806000118;MUNICIPIO DE RIO DOS CEDROS;2210;Esperidião Amin;300000.0;;2024OB006415;Banco do Brasil;001;3316-2;3316;18440-3;18440
09032024-069385;202439800001-Fabio Schiochet;83102806000118;MUNICIPIO DE RIO DOS CEDROS;3980;Fabio Schiochet;1300000.0;;2024OB002496, 2024OB008735;Banco do Brasil;001;3316-2;3316;18441-1;18441
09032024-072766;202439290001-Carlos Chiodini;83102806000118;MUNICIPIO DE RIO DOS CEDROS;3929;Carlos Chiodini;500000.0;;2024OB008441;Caixa Econômica Federal;104;809-5;809;575862847-2;575862847
09032024-075073;202444480002-Pezenti;83102806000118;MUNICIPIO DE RIO DOS CEDROS;4448;Pezenti;2000000.0;;2024OB004928;Caixa Econômica Federal;104;809-5;809;575862848-0;575862848
09032025-083399;202539800001-FABIO SCHIOCHET;83102806000118;MUNICIPIO DE RIO DOS CEDROS;3980;Fabio Schiochet;1473112.08;Pavimentação - Pavimentação;2025OB003495;Caixa Econômica Federal;104;809-5;809;574600865-2;574600865
09032025-084317;202542730001-JORGE SEIF;83102806000118;MUNICIPIO DE RIO DOS CEDROS;4273;Jorge Seif;396000.0;Pavimentação - Pavimentação;2025OB002024;Caixa Econômica Federal;104;809-5;809;574824062-5;574824062
09032025-084738;202543390010-DANIELA REINEHR;83102806000118;MUNICIPIO DE RIO DOS CEDROS;4339;Daniela Reinehr;495000.0;Pavimentação - Pavimentação;2025OB002238;Caixa Econômica Federal;104;809-5;809;574668541-7;574668541
0903-003356;202041850004-Jorginho Mello;01612744000120;MUNICIPIO DE IOMERE;4185;Jorginho Mello;200000.0;;2020OB801667;Banco do Brasil;001;403-0;403;44567-3;44567
0903-004097;202025690009-Celso Maldaner;01612744000120;MUNICIPIO DE IOMERE;2569;Celso Maldaner;250000.0;;2020OB800223;Banco do Brasil;001;403-0;403;44567-3;44567
09032021-009647;202122100006-Esperidião Amin;01612744000120;MUNICIPIO DE IOMERE;2210;Esperidião Amin;200000.0;;2021OB802609;Banco do Brasil;001;403-0;403;47919-5;47919
09032022-017132;202218800004-Angela Amin;01612744000120;MUNICIPIO DE IOMERE;1880;Angela Amin;200000.0;;2022OB800484, 2023OB800278;Banco do Brasil;001;403-0;403;50924-8;50924
09032023-034379;202322100001-Esperidião Amin;01612744000120;MUNICIPIO DE IOMERE;2210;Esperidião Amin;200000.0;;2023OB808342;Caixa Econômica Federal;104;4444-0;4444;575994474-2;575994474
09032022-015095;202229250013-Carmen Zanotto;01612744000120;MUNICIPIO DE IOMERE;2925;Carmen Zanotto;100000.0;;2023OB801301;Banco do Brasil;001;403-0;403;50924-8;50924
09032025-084658;202543250005-COBALCHINI;01612744000120;MUNICIPIO DE IOMERE;4325;Cobalchini;297000.0;Aquisição De Unidade Móvel De Saúde - Aquisição De Unidade Móvel De Saúde;2025OB006787;Caixa Econômica Federal;104;796-0;796;574024185-1;574024185
09032025-081766;202522100013-ESPERIDIÃO AMIN;01612744000120;MUNICIPIO DE IOMERE;2210;Esperidião Amin;495000.0;Pá-Carregadeira - Pá-Carregadeira - Infraestrutura Produtiva;2025OB000242;Caixa Econômica Federal;104;796-0;796;574846974-6;574846974
09032026-094559;202622100012-ESPERIDIÃO AMIN;01612744000120;MUNICIPIO DE IOMERE;2210;Esperidião Amin;398000.0;Objeto Único Não Padronizado – Demais - Construção de Centro de Eventos Municipal;2026OB003976;Banco do Brasil;001;403-0;403;86260-6;86260
09032021-009942;202125690003-Celso Maldaner;01612781000138;MUNICIPIO DE SANTIAGO DO SUL;2569;Celso Maldaner;250000.0;;2021OB800444;Banco do Brasil;001;1393-5;1393;36996-9;36996
09032022-016129;202237860003-Dário Berger;01612781000138;MUNICIPIO DE SANTIAGO DO SUL;3786;Dário Berger;200000.0;;2023OB802171;Banco do Brasil;001;1393-5;1393;37592-6;37592
09032022-017709;202225690003-Celso Maldaner;01612781000138;MUNICIPIO DE SANTIAGO DO SUL;2569;Celso Maldaner;200000.0;;2023OB800699;Banco do Brasil;001;1393-5;1393;37592-6;37592
09032023-034740;202325690002-Celso Maldaner;01612781000138;MUNICIPIO DE SANTIAGO DO SUL;2569;Celso Maldaner;407302.0;;2023OB805580;Caixa Econômica Federal;104;4626-4;4626;575993737-1;575993737
09032024-073994;202442730001-Jorge Seif;01612781000138;MUNICIPIO DE SANTIAGO DO SUL;4273;Jorge Seif;150000.0;;2024OB003770;Caixa Econômica Federal;104;4626-4;4626;575993742-8;575993742
09032021-011509;202137860003-Dário Berger;01612781000138;MUNICIPIO DE SANTIAGO DO SUL;3786;Dário Berger;100000.0;;2021OB801098;Banco do Brasil;001;1393-5;1393;36996-9;36996
09032025-080639;202542510003-IVETE DA SILVEIRA;01612781000138;MUNICIPIO DE SANTIAGO DO SUL;4251;Ivete da Silveira;198000.0;Aquisição De Equipamentos/Material Permanente - Aquisição De Equipamentos/Material Permanente;2025OB006576;Caixa Econômica Federal;104;4626-4;4626;574379998-5;574379998
09032021-011950;202139290005-Carlos Chiodini;83102848000159;MUNICIPIO DE GARUVA;3929;Carlos Chiodini;400000.0;;2021OB803044;Caixa Econômica Federal;104;3282-4;3282;575857314-7;575857314
09032023-037182;202339440021-Coronel Armando;83102848000159;MUNICIPIO DE GARUVA;3944;Coronel Armando;1629209.0;;2023OB813697;Caixa Econômica Federal;104;3282-4;3282;575857315-5;575857315
09032023-038433;202341290007-Rodrigo Coelho;83102848000159;MUNICIPIO DE GARUVA;4129;Rodrigo Coelho;162920.0;;2023OB814559;Caixa Econômica Federal;104;3282-4;3282;575857315-5;575857315
09032023-039023;202342510010-Ivete da Silveira;83102848000159;MUNICIPIO DE GARUVA;4251;Ivete da Silveira;300000.0;;2023OB811517;Caixa Econômica Federal;104;3282-4;3282;575857315-5;575857315
09032024-068697;202442510013-Ivete da Silveira;83102848000159;MUNICIPIO DE GARUVA;4251;Ivete da Silveira;175000.0;;2024OB009992;Banco do Brasil;001;4648-5;4648;19308-9;19308
09032024-068814;202442510012-Ivete da Silveira;83102848000159;MUNICIPIO DE GARUVA;4251;Ivete da Silveira;175000.0;;2024OB003613;Banco do Brasil;001;4648-5;4648;19307-0;19307
09032024-073888;202442090002-Jorge Goetten;83102848000159;MUNICIPIO DE GARUVA;4209;Jorge Goetten;300000.0;;2024OB003489;Banco do Brasil;001;4648-5;4648;19309-7;19309
09032024-074477;202443390001-Daniela Reinehr;83102848000159;MUNICIPIO DE GARUVA;4339;Daniela Reinehr;300000.0;;2024OB004293;Banco do Brasil;001;4648-5;4648;19310-0;19310
09032024-072775;202439290001-Carlos Chiodini;83102848000159;MUNICIPIO DE GARUVA;3929;Carlos Chiodini;1000000.0;;2024OB002328;Banco do Brasil;001;4648-5;4648;19306-2;19306
09032025-084324;202542730001-JORGE SEIF;83102848000159;MUNICIPIO DE GARUVA;4273;Jorge Seif;396000.0;Pavimentação - Pavimentação;2025OB002007;Banco do Brasil;001;4648-5;4648;20834-5;20834
09032025-083189;202539290001-CARLOS CHIODINI;83102848000159;MUNICIPIO DE GARUVA;3929;Carlos Chiodini;297000.0;Escavadeira Hidráulica - Escavadeira Hidráulica - Infraestrutura Produtiva;2025OB001152;Banco do Brasil;001;4648-5;4648;20847-7;20847
09032025-2-086994;202543920009-ISMAEL;83102848000159;MUNICIPIO DE GARUVA;4392;Ismael;396000.0;Drenagem Urbana: Sistemas Para Aproveitamento Das Águas Pluviais - Drenagem Urbana: Sistemas Para Aproveitamento Das Águas Pluviais;2025OB009581;Caixa Econômica Federal;104;3282-4;3282;573443129-6;573443129
09032025-081160;202543920009-ISMAEL;83102848000159;MUNICIPIO DE GARUVA;4392;Ismael;396000.0;Drenagem Urbana: Sistemas Para Aproveitamento Das Águas Pluviais - Drenagem Urbana: Sistemas Para Aproveitamento Das Águas Pluviais;;Caixa Econômica Federal;104;3282-4;3282;;
09032026-089619;202632350004-GEOVANIA DE SÁ;83102848000159;MUNICIPIO DE GARUVA;3235;Geovania De Sá;248750.0;Aquisição de Máquinas e Equipamentos (GND 4) - Ministério da Agricultura e Pecuária - Aquisição de Máquinas e Equipamentos (GND 4) - Ministério da Agricultura e Pecuária;;Caixa Econômica Federal;104;3282-4;3282;568927559-6;568927559
09032026-095747;202639290001-CARLOS CHIODINI;83102848000159;MUNICIPIO DE GARUVA;3929;Carlos Chiodini;716400.0;Pavimentação Urbana - Ministério das Cidades - Pavimentação Urbana - Ministério das Cidades;2026OB001437;Caixa Econômica Federal;104;3282-4;3282;569563238-9;569563238
09032026-095746;202639290001-CARLOS CHIODINI;83102848000159;MUNICIPIO DE GARUVA;3929;Carlos Chiodini;398000.0;Construção, Reforma Ou Ampliação De Infraestrutura Esportiva  - Ministério do Esporte - Construção, Reforma Ou Ampliação De Infraestrutura Esportiva  - Ministério do Esporte;2026OB004801;Caixa Econômica Federal;104;3282-4;3282;569372417-0;569372417
09032026-093921;202642090003-JORGE GOETTEN;83102848000159;MUNICIPIO DE GARUVA;4209;Jorge Goetten;298500.0;Adquirir Mobiliário Para Outros Ambientes Escolares (Capital) - Fundo Nacional de Desenvolvimento da Educação - Adquirir Mobiliário Para Outros Ambientes Escolares (Capital) - Fundo Nacional de Desenvolvimento da Educação;;Caixa Econômica Federal;104;3282-4;3282;569300209-4;569300209
09032021-009954;202125690003-Celso Maldaner;82558909000124;MUNICIPIO DE LAURO MULLER;2569;Celso Maldaner;300000.0;;2021OB800144;Banco do Brasil;001;2247-0;2247;16236-1;16236
09032022-015117;202229250013-Carmen Zanotto;82558909000124;MUNICIPIO DE LAURO MULLER;2925;Carmen Zanotto;100000.0;;2022OB801457;Caixa Econômica Federal;104;4453-9;4453;576125091-4;576125091
09032022-020039;202239490001-Daniel Freitas;82558909000124;MUNICIPIO DE LAURO MULLER;3949;Daniel Freitas;1000000.0;;2023OB802782;Caixa Econômica Federal;104;4453-9;4453;576125091-4;576125091
09032023-034176;202318800004-Angela Amin;82558909000124;MUNICIPIO DE LAURO MULLER;1880;Angela Amin;150000.0;;2023OB807488;Caixa Econômica Federal;104;4453-9;4453;576125123-6;576125123
09032024-073523;202440620002-Ricardo Guidi;82558909000124;MUNICIPIO DE LAURO MULLER;4062;Ricardo Guidi;2000000.0;;2024OB002882, 2024OB009097;Caixa Econômica Federal;104;4453-9;4453;575994509-9;575994509
09032024-074021;202442730001-Jorge Seif;82558909000124;MUNICIPIO DE LAURO MULLER;4273;Jorge Seif;100000.0;;2024OB010224;Caixa Econômica Federal;104;4453-9;4453;576125164-3;576125164
09032025-084330;202542730001-JORGE SEIF;82558909000124;MUNICIPIO DE LAURO MULLER;4273;Jorge Seif;396000.0;Objeto Único Não Padronizado – Demais - Aquisição de britador;2025OB004922;Banco do Brasil;001;2247-0;2247;18538-8;18538
09032026-089622;202632350004-GEOVANIA DE SÁ;82558909000124;MUNICIPIO DE LAURO MULLER;3235;Geovania De Sá;497500.0;Construção, Reforma Ou Ampliação De Infraestrutura Esportiva  - Ministério do Esporte - Construção, Reforma Ou Ampliação De Infraestrutura Esportiva  - Ministério do Esporte;;Caixa Econômica Federal;104;4453-9;4453;;
09032023-031269;202332350003-Geovania De Sá;80912108000190;BELMONTE;3235;Geovania De Sá;100000.0;;2023OB808464;Caixa Econômica Federal;104;414-6;414;576008018-7;576008018
09032025-075755;202542730002-JORGE SEIF;80912108000190;BELMONTE;4273;Jorge Seif;198000.0;Objeto Único Não Padronizado – Demais - MAPA - 22000;2025OB006628;Banco do Brasil;001;1385-4;1385;20163-4;20163
09032024-068726;202442510013-Ivete da Silveira;80912108000190;BELMONTE;4251;Ivete da Silveira;125000.0;;2024OB009990;Caixa Econômica Federal;104;702-1;702;576002902-5;576002902
09032024-068843;202442510012-Ivete da Silveira;80912108000190;BELMONTE;4251;Ivete da Silveira;125000.0;;2024OB003519;Caixa Econômica Federal;104;702-1;702;576002883-5;576002883
09032024-074502;202443390001-Daniela Reinehr;80912108000190;BELMONTE;4339;Daniela Reinehr;100000.0;;2024OB004270;Caixa Econômica Federal;104;702-1;702;576002885-1;576002885
09032022-017153;202218800004-Angela Amin;82939422000191;MUNICIPIO DE ERVAL VELHO;1880;Angela Amin;250000.0;;2023OB800271;Banco do Brasil;001;5378-3;5378;7585-X;7585
09032023-034747;202325690020-Celso Maldaner;82939422000191;MUNICIPIO DE ERVAL VELHO;2569;Celso Maldaner;814604.0;;2023OB812143;Banco do Brasil;001;5378-3;5378;7932-4;7932
09032023-034425;202322100001-Esperidião Amin;82939422000191;MUNICIPIO DE ERVAL VELHO;2210;Esperidião Amin;300000.0;;2023OB808338;Banco do Brasil;001;5378-3;5378;7932-4;7932
09032024-073898;202442090002-Jorge Goetten;82939422000191;MUNICIPIO DE ERVAL VELHO;4209;Jorge Goetten;200000.0;;2024OB003487;Banco do Brasil;001;5378-3;5378;8185-X;8185
09032025-2-088358;202543390010-DANIELA REINEHR;82939422000191;MUNICIPIO DE ERVAL VELHO;4339;Daniela Reinehr;198000.0;Aquisição De Máquinas, Implementos E Equipamentos Agrícolas Adaptados À Agricultura Familiar E Tecnologias Sociais - Aquisição De Máquinas, Implementos E Equipamentos Agrícolas Adaptados À Agricultura Familiar E Tecnologias Sociais.;2025OB009567;Caixa Econômica Federal;104;3833-4;3833;573443127-0;573443127
09032025-084685;202543250005-COBALCHINI;82939422000191;MUNICIPIO DE ERVAL VELHO;4325;Cobalchini;495000.0;Pavimentação De Estradas Vicinais - Pavimentação De Estradas Vicinais;2025OB002193;Caixa Econômica Federal;104;418-9;418;574810396-2;574810396
09032025-084755;202543390010-DANIELA REINEHR;82939422000191;MUNICIPIO DE ERVAL VELHO;4339;Daniela Reinehr;198000.0;Aquisição De Máquinas, Implementos E Equipamentos Agrícolas Adaptados À Agricultura Familiar E Tecnologias Sociais - Aquisição De Máquinas, Implementos E Equipamentos Agrícolas Adaptados À Agricultura Familiar E Tecnologias Sociais.;;Caixa Econômica Federal;104;418-9;418;;
09032026-094606;202622100012-ESPERIDIÃO AMIN;82939422000191;MUNICIPIO DE ERVAL VELHO;2210;Esperidião Amin;398000.0;Pavimentação De Estradas Vicinais - Ministério da Integração e do Desenvolvimento Regional - Pavimentação De Estradas Vicinais - Ministério da Integração e do Desenvolvimento Regional;;Caixa Econômica Federal;104;3833-4;3833;569260826-6;569260826
09032026-097259;202643250001-COBALCHINI;82939422000191;MUNICIPIO DE ERVAL VELHO;4325;Cobalchini;497500.0;Pavimentação Urbana - Ministério das Cidades - Pavimentação Urbana - Ministério das Cidades;2026OB002841;Caixa Econômica Federal;104;3833-4;3833;569610334-7;569610334
0903-003596;202022100018-Esperidião Amin;01612745000174;MUNICIPIO DE IBIAM;2210;Esperidião Amin;150000.0;;2020OB800225;Banco do Brasil;001;737-4;737;25022-8;25022
09032024-066072;202442730002-Jorge Seif;01612745000174;MUNICIPIO DE IBIAM;4273;Jorge Seif;87000.0;;2024OB010287;Caixa Econômica Federal;104;4444-0;4444;575994482-3;575994482
09032022-015094;202229250013-Carmen Zanotto;01612745000174;MUNICIPIO DE IBIAM;2925;Carmen Zanotto;150000.0;;2023OB801303;Caixa Econômica Federal;104;796-0;796;575862706-9;575862706
09032022-014112;202232350003-Geovania De Sá;01612745000174;MUNICIPIO DE IBIAM;3235;Geovania De Sá;100000.0;;2023OB801633;Caixa Econômica Federal;104;796-0;796;575862706-9;575862706
09032024-070529;202443250003-Cobalchini;01612745000174;MUNICIPIO DE IBIAM;4325;Cobalchini;250000.0;;2024OB004173;Caixa Econômica Federal;104;4444-0;4444;575994483-1;575994483
09032024-067032;202429250006-Carmen Zanotto;01612745000174;MUNICIPIO DE IBIAM;2925;Carmen Zanotto;200000.0;;2024OB001366;Caixa Econômica Federal;104;4444-0;4444;575994481-5;575994481
09032025-075719;202542730002-JORGE SEIF;01612745000174;MUNICIPIO DE IBIAM;4273;Jorge Seif;198000.0;Custeio Ao Piso Da Atenção Primária - Custeio Ao Piso Da Atenção Primária;;Caixa Econômica Federal;104;4444-0;4444;;
09032025-2-085701;202542730002-JORGE SEIF;01612745000174;MUNICIPIO DE IBIAM;4273;Jorge Seif;198000.0;Custeio Ao Piso Da Atenção Primária - Custeio Ao Piso Da Atenção Primária;2025OB008642;Caixa Econômica Federal;104;796-0;796;573269508-3;573269508
0903-003863;202041850004-Jorginho Mello;82928664000180;MUNICIPIO DE ARMAZEM;4185;Jorginho Mello;100000.0;;2020OB801704;Caixa Econômica Federal;104;410-3;410;575864663-2;575864663
09032021-010958;202132350006-Geovania De Sá;82928664000180;MUNICIPIO DE ARMAZEM;3235;Geovania De Sá;100000.0;;2021OB800469;Caixa Econômica Federal;104;410-3;410;575864664-0;575864664
09032021-012776;202140620004-Ricardo Guidi;82928664000180;MUNICIPIO DE ARMAZEM;4062;Ricardo Guidi;1500000.0;;2021OB801420;Caixa Econômica Federal;104;410-3;410;575864664-0;575864664
09032022-014116;202232350003-Geovania De Sá;82928664000180;MUNICIPIO DE ARMAZEM;3235;Geovania De Sá;130000.0;;2022OB801813;Caixa Econômica Federal;104;410-3;410;575864666-7;575864666
09032022-021029;202240620006-Ricardo Guidi;82928664000180;MUNICIPIO DE ARMAZEM;4062;Ricardo Guidi;500000.0;;2022OB803371;Caixa Econômica Federal;104;410-3;410;575864666-7;575864666
09032022-020017;202239440009-Coronel Armando;82928664000180;MUNICIPIO DE ARMAZEM;3944;Coronel Armando;250000.0;;2022OB802678;Caixa Econômica Federal;104;410-3;410;575864666-7;575864666
09032022-021829;202241850010-Jorginho Mello;82928664000180;MUNICIPIO DE ARMAZEM;4185;Jorginho Mello;100000.0;;2022OB804096;Caixa Econômica Federal;104;410-3;410;575864666-7;575864666
09032023-037625;202340150002-Hélio Costa;82928664000180;MUNICIPIO DE ARMAZEM;4015;Hélio Costa;1436190.0;;2023OB813949;Caixa Econômica Federal;104;410-3;410;575864669-1;575864669
09032023-038038;202340620003-Ricardo Guidi;82928664000180;MUNICIPIO DE ARMAZEM;4062;Ricardo Guidi;1300000.0;;2023OB806685, 2023OB811030;Caixa Econômica Federal;104;410-3;410;575864669-1;575864669
09032023-038994;202342510010-Ivete da Silveira;82928664000180;MUNICIPIO DE ARMAZEM;4251;Ivete da Silveira;200000.0;;2023OB807878;Caixa Econômica Federal;104;410-3;410;575864669-1;575864669
09032024-073950;202442730001-Jorge Seif;82928664000180;MUNICIPIO DE ARMAZEM;4273;Jorge Seif;200000.0;;2024OB003766;Caixa Econômica Federal;104;410-3;410;575864672-1;575864672
09032024-074437;202443390001-Daniela Reinehr;82928664000180;MUNICIPIO DE ARMAZEM;4339;Daniela Reinehr;150000.0;;2024OB004265;Caixa Econômica Federal;104;410-3;410;575864673-0;575864673
09032025-083872;202540620003-RICARDO GUIDI;82928664000180;MUNICIPIO DE ARMAZEM;4062;Ricardo Guidi;495000.0;Pavimentação: Adequação De Vias - Pavimentação: Adequação De Vias;2025OB001492;Caixa Econômica Federal;104;410-3;410;574727255-8;574727255
09032025-084730;202543390010-DANIELA REINEHR;82928664000180;MUNICIPIO DE ARMAZEM;4339;Daniela Reinehr;396000.0;Objeto Único Não Padronizado – Obras e Serviços de Engenharia - Construção de quadra poliesportiva;2025OB004970;Caixa Econômica Federal;104;410-3;410;574565998-6;574565998
09032025-075724;202542730002-JORGE SEIF;82928664000180;MUNICIPIO DE ARMAZEM;4273;Jorge Seif;198000.0;Custeio Ao Piso Da Atenção Primária - Custeio Ao Piso Da Atenção Primária;;Caixa Econômica Federal;104;410-3;410;;
09032025-2-085706;202542730002-JORGE SEIF;82928664000180;MUNICIPIO DE ARMAZEM;4273;Jorge Seif;198000.0;Custeio Ao Piso Da Atenção Primária - Custeio Ao Piso Da Atenção Primária;2025OB009964;Caixa Econômica Federal;104;410-3;410;573063075-8;573063075
0903-003820;202025690009-Celso Maldaner;83102350000196;MUNICIPIO DE BOTUVERA;2569;Celso Maldaner;150000.0;;2020OB801131;Banco do Brasil;001;5345-7;5345;8826-9;8826
0903-003270;202028560001-Rogério Peninha Mendonça;83102350000196;MUNICIPIO DE BOTUVERA;2856;Rogério Peninha Mendonça;300000.0;;2020OB801134;Banco do Brasil;001;5345-7;5345;8826-9;8826
09032021-010433;202128560001-Rogério Peninha Mendonça;83102350000196;MUNICIPIO DE BOTUVERA;2856;Rogério Peninha Mendonça;300000.0;;2021OB800675;Banco do Brasil;001;5345-7;5345;9238-X;9238
09032022-018208;202228560001-Rogério Peninha Mendonça;83102350000196;MUNICIPIO DE BOTUVERA;2856;Rogério Peninha Mendonça;300000.0;;2022OB801275;Banco do Brasil;001;5345-7;5345;9582-6;9582
09032024-068654;202442510013-Ivete da Silveira;83102350000196;MUNICIPIO DE BOTUVERA;4251;Ivete da Silveira;50000.0;;2024OB010000;Banco do Brasil;001;5345-7;5345;10424-8;10424
09032023-035162;202328560007-Rogério Peninha Mendonça;83102350000196;MUNICIPIO DE BOTUVERA;2856;Rogério Peninha Mendonça;400000.0;;2023OB805869;Banco do Brasil;001;401-4;401;92853-4;92853
09032024-073955;202442730001-Jorge Seif;83102350000196;MUNICIPIO DE BOTUVERA;4273;Jorge Seif;200000.0;;2024OB003747;Banco do Brasil;001;5345-7;5345;10426-4;10426
09032024-075061;202444480002-Pezenti;83102350000196;MUNICIPIO DE BOTUVERA;4448;Pezenti;500000.0;;2024OB004934;Banco do Brasil;001;5345-7;5345;10428-0;10428
09032024-067999;202444010006-Julia Zanatta;83102350000196;MUNICIPIO DE BOTUVERA;4401;Julia Zanatta;100000.0;;2024OB011585;Banco do Brasil;001;5345-7;5345;10427-2;10427
09032024-072759;202439290001-Carlos Chiodini;83102350000196;MUNICIPIO DE BOTUVERA;3929;Carlos Chiodini;300000.0;;2024OB008449;Banco do Brasil;001;5345-7;5345;10423-X;10423
09032024-068771;202442510012-Ivete da Silveira;83102350000196;MUNICIPIO DE BOTUVERA;4251;Ivete da Silveira;50000.0;;2024OB003592;Banco do Brasil;001;5345-7;5345;10425-6;10425
09032025-2-086806;202544480001-PEZENTI;83102350000196;MUNICIPIO DE BOTUVERA;4448;Pezenti;198000.0;Objeto Único Não Padronizado – Demais - Veículo(s) para transporte de pacientes - 36000 Ministério da Saúde;2025OB010033;Banco do Brasil;001;5345-7;5345;11252-6;11252
09032025-079195;202544480001-PEZENTI;83102350000196;MUNICIPIO DE BOTUVERA;4448;Pezenti;198000.0;Objeto Único Não Padronizado – Demais - Veículo(s) para transporte de pacientes - 36000 Ministério da Saúde;;Banco do Brasil;001;5345-7;5345;;
09032022-021839;202241850010-Jorginho Mello;01610566000106;MUNICIPIO DE PALMEIRA;4185;Jorginho Mello;200000.0;;2023OB804940;Caixa Econômica Federal;104;3082-1;3082;575857085-7;575857085
09032024-073879;202442090002-Jorge Goetten;01610566000106;MUNICIPIO DE PALMEIRA;4209;Jorge Goetten;200000.0;;2024OB003491;Caixa Econômica Federal;104;3082-1;3082;575857097-0;575857097
09032021-010636;202129250018-Carmen Zanotto;01610566000106;MUNICIPIO DE PALMEIRA;2925;Carmen Zanotto;100000.0;;2021OB800676;Banco do Brasil;001;4019-3;4019;17558-7;17558
09032021-013422;202141850007-Jorginho Mello;01610566000106;MUNICIPIO DE PALMEIRA;4185;Jorginho Mello;200000.0;;2021OB801786;Banco do Brasil;001;4019-3;4019;17558-7;17558
09032022-015111;202229250013-Carmen Zanotto;01610566000106;MUNICIPIO DE PALMEIRA;2925;Carmen Zanotto;50000.0;;2023OB801300;Caixa Econômica Federal;104;3082-1;3082;575857085-7;575857085
09032022-017390;202222100001-Esperidião Amin;01610566000106;MUNICIPIO DE PALMEIRA;2210;Esperidião Amin;150000.0;;2023OB800452;Caixa Econômica Federal;104;3082-1;3082;575857085-7;575857085
09032023-032873;202329250001-Carmen Zanotto;01610566000106;MUNICIPIO DE PALMEIRA;2925;Carmen Zanotto;150000.0;;2023OB809793, 2023OB812598;Caixa Econômica Federal;104;3082-1;3082;575857088-1;575857088
09032023-039015;202342510010-Ivete da Silveira;01610566000106;MUNICIPIO DE PALMEIRA;4251;Ivete da Silveira;400000.0;;2023OB808383;Caixa Econômica Federal;104;3082-1;3082;575857088-1;575857088
09032024-067054;202429250006-Carmen Zanotto;01610566000106;MUNICIPIO DE PALMEIRA;2925;Carmen Zanotto;400000.0;;2024OB007331;Caixa Econômica Federal;104;3082-1;3082;575857096-2;575857096
09032024-068015;202444010006-Julia Zanatta;01610566000106;MUNICIPIO DE PALMEIRA;4401;Julia Zanatta;300000.0;;2024OB011571;Caixa Econômica Federal;104;3082-1;3082;575857099-7;575857099
09032024-074001;202442730001-Jorge Seif;01610566000106;MUNICIPIO DE PALMEIRA;4273;Jorge Seif;200000.0;;2024OB003756;Caixa Econômica Federal;104;3082-1;3082;575857098-9;575857098
09032025-083890;202540620003-RICARDO GUIDI;01610566000106;MUNICIPIO DE PALMEIRA;4062;Ricardo Guidi;198000.0;Aquisição De Veículo - Aquisição De Veículo;2025OB003608;Caixa Econômica Federal;104;3082-1;3082;574601024-0;574601024
09032025-075742;202542730002-JORGE SEIF;01610566000106;MUNICIPIO DE PALMEIRA;4273;Jorge Seif;198000.0;Custeio Da Média E Alta Complexidade (Mac) - Custeio Da Média E Alta Complexidade (Mac);2025OB003896;Caixa Econômica Federal;104;3082-1;3082;574601023-1;574601023
09032021-009656;202122100006-Esperidião Amin;82836057000190;MUNICIPIO DE GAROPABA;2210;Esperidião Amin;200000.0;;2021OB802038;Caixa Econômica Federal;104;4721-0;4721;575854725-1;575854725
09032021-011517;202137860003-Dário Berger;82836057000190;MUNICIPIO DE GAROPABA;3786;Dário Berger;200000.0;;2021OB802232;Caixa Econômica Federal;104;4721-0;4721;575854725-1;575854725
09032022-017145;202218800004-Angela Amin;82836057000190;MUNICIPIO DE GAROPABA;1880;Angela Amin;250000.0;;2022OB800511;Caixa Econômica Federal;104;4721-0;4721;575854726-0;575854726
09032022-016133;202237860003-Dário Berger;82836057000190;MUNICIPIO DE GAROPABA;3786;Dário Berger;200000.0;;2022OB802259;Caixa Econômica Federal;104;4721-0;4721;575854726-0;575854726
09032022-020037;202239490001-Daniel Freitas;82836057000190;MUNICIPIO DE GAROPABA;3949;Daniel Freitas;200000.0;;2023OB802785;Caixa Econômica Federal;104;4721-0;4721;575854726-0;575854726
09032022-021520;202241290001-Rodrigo Coelho;82836057000190;MUNICIPIO DE GAROPABA;4129;Rodrigo Coelho;400000.0;;2022OB803766;Caixa Econômica Federal;104;4721-0;4721;575854726-0;575854726
09032023-037234;202339530009-Darci de Matos;82836057000190;MUNICIPIO DE GAROPABA;3953;Darci de Matos;629209.0;;2023OB813726;Caixa Econômica Federal;104;4721-0;4721;575854727-8;575854727
09032023-037233;202339530004-Darci de Matos;82836057000190;MUNICIPIO DE GAROPABA;3953;Darci de Matos;3258418.0;;;Caixa Econômica Federal;104;4721-0;4721;575854727-8;575854727
09032023-037632;202340150002-Hélio Costa;82836057000190;MUNICIPIO DE GAROPABA;4015;Hélio Costa;2500000.0;;;Caixa Econômica Federal;104;4721-0;4721;575854727-8;575854727
09032024-069093;202422100016-Esperidião Amin;82836057000190;MUNICIPIO DE GAROPABA;2210;Esperidião Amin;500000.0;;2024OB005620;Caixa Econômica Federal;104;4721-0;4721;575854731-6;575854731
09032024-075296;202444930001-Zé Trovão;82836057000190;MUNICIPIO DE GAROPABA;4493;Zé Trovão;6000000.0;;2024OB005168, 2024OB012317;Caixa Econômica Federal;104;4721-0;4721;575854734-0;575854734
09032024-074014;202442730001-Jorge Seif;82836057000190;MUNICIPIO DE GAROPABA;4273;Jorge Seif;100000.0;;2024OB010251;Caixa Econômica Federal;104;4721-0;4721;575854728-6;575854728
09032024-068224;202439490003-Daniel Freitas;82836057000190;MUNICIPIO DE GAROPABA;3949;Daniel Freitas;3000000.0;;2024OB008576;Caixa Econômica Federal;104;4721-0;4721;575854732-4;575854732
09032024-074761;202444010009-Julia Zanatta;82836057000190;MUNICIPIO DE GAROPABA;4401;Julia Zanatta;1500000.0;;2024OB004633;Caixa Econômica Federal;104;4721-0;4721;575854733-2;575854733
09032024-074709;202443920002-Ismael;82836057000190;MUNICIPIO DE GAROPABA;4392;Ismael;2000000.0;;2024OB004562, 2024OB011121;Caixa Econômica Federal;104;4721-0;4721;575854729-4;575854729
09032025-081803;202522100013-ESPERIDIÃO AMIN;82836057000190;MUNICIPIO DE GAROPABA;2210;Esperidião Amin;396000.0;Pavimentação: Adequação De Vias - Pavimentação: Adequação De Vias;2025OB000239;Caixa Econômica Federal;104;4721-0;4721;574810391-1;574810391
09032025-2-088540;202544930004-ZÉ TROVÃO;82836057000190;MUNICIPIO DE GAROPABA;4493;Zé Trovão;495000.0;Pavimentação - Pavimentação;2025OB009118;Caixa Econômica Federal;104;4721-0;4721;573636821-4;573636821
09032025-083188;202539290001-CARLOS CHIODINI;82836057000190;MUNICIPIO DE GAROPABA;3929;Carlos Chiodini;990000.0;Pavimentação - Pavimentação;2025OB001165;Caixa Econômica Federal;104;4721-0;4721;574727253-1;574727253
09032025-083299;202539490009-DANIEL FREITAS;82836057000190;MUNICIPIO DE GAROPABA;3949;Daniel Freitas;1980000.0;Pavimentação - Pavimentação;2025OB001217;Caixa Econômica Federal;104;4721-0;4721;574727252-3;574727252
09032025-085003;202543920005-ISMAEL;82836057000190;MUNICIPIO DE GAROPABA;4392;Ismael;990000.0;Pavimentação: Adequação De Vias - Pavimentação: Adequação De Vias;2025OB002371;Caixa Econômica Federal;104;4721-0;4721;574793539-5;574793539
09032025-083893;202540620003-RICARDO GUIDI;82836057000190;MUNICIPIO DE GAROPABA;4062;Ricardo Guidi;990000.0;Pavimentação: Adequação De Vias - Pavimentação: Adequação De Vias;2025OB001494;Caixa Econômica Federal;104;4721-0;4721;574644901-2;574644901
09032025-2-088541;202544930006-ZÉ TROVÃO;82836057000190;MUNICIPIO DE GAROPABA;4493;Zé Trovão;1980000.0;Pavimentação - Pavimentação;2025OB009119;Caixa Econômica Federal;104;4721-0;4721;573636822-2;573636822
09032025-2-087997;202539490006-DANIEL FREITAS;82836057000190;MUNICIPIO DE GAROPABA;3949;Daniel Freitas;396000.0;Pavimentação - Pavimentação;2025OB008131;Caixa Econômica Federal;104;4721-0;4721;573601237-1;573601237
0903-004786;202041850004-Jorginho Mello;82837741000196;MUNICIPIO DE MELEIRO;4185;Jorginho Mello;100000.0;;2020OB801655;Banco do Brasil;001;2294-2;2294;19021-7;19021
09032021-013413;202141850007-Jorginho Mello;82837741000196;MUNICIPIO DE MELEIRO;4185;Jorginho Mello;200000.0;;2021OB803320;Banco do Brasil;001;2294-2;2294;19783-1;19783
09032022-016335;202239530001-Darci de Matos;82837741000196;MUNICIPIO DE MELEIRO;3953;Darci de Matos;100000.0;;2023OB802821;Banco do Brasil;001;2294-2;2294;20270-3;20270
09032022-020033;202239490001-Daniel Freitas;82837741000196;MUNICIPIO DE MELEIRO;3949;Daniel Freitas;500000.0;;2023OB802780;Banco do Brasil;001;2294-2;2294;20270-3;20270
09032022-021831;202241850010-Jorginho Mello;82837741000196;MUNICIPIO DE MELEIRO;4185;Jorginho Mello;200000.0;;2022OB804127;Banco do Brasil;001;2294-2;2294;20270-3;20270
09032023-031243;202332350003-Geovania De Sá;82837741000196;MUNICIPIO DE MELEIRO;3235;Geovania De Sá;300000.0;;2023OB809975;Banco do Brasil;001;2294-2;2294;20858-2;20858
09032023-2-041690;202342510010-Ivete da Silveira;82837741000196;MUNICIPIO DE MELEIRO;4251;Ivete da Silveira;400000.0;;2023OB815923, 2023OB815931;Banco do Brasil;001;2294-2;2294;20858-2;20858
09032024-073510;202440620002-Ricardo Guidi;82837741000196;MUNICIPIO DE MELEIRO;4062;Ricardo Guidi;500000.0;;2024OB009102;Banco do Brasil;001;2294-2;2294;21268-7;21268
09032025-083880;202540620003-RICARDO GUIDI;82837741000196;MUNICIPIO DE MELEIRO;4062;Ricardo Guidi;495000.0;Caminhão Basculante/Caçamba - Caminhão Basculante/Caçamba - Infraestrutura Produtiva;2025OB001497;Banco do Brasil;001;2294-2;2294;22081-7;22081
09032025-080741;202544010010-JULIA ZANATTA;82837741000196;MUNICIPIO DE MELEIRO;4401;Julia Zanatta;495000.0;Pavimentação De Estradas Vicinais - Pavimentação De Estradas Vicinais;2025OB002417;Banco do Brasil;001;2294-2;2294;22098-1;22098
09032025-075730;202542730002-JORGE SEIF;82837741000196;MUNICIPIO DE MELEIRO;4273;Jorge Seif;198000.0;Custeio Ao Piso Da Atenção Primária - Custeio Ao Piso Da Atenção Primária;;Banco do Brasil;001;2294-2;2294;;
09032025-2-085710;202542730002-JORGE SEIF;82837741000196;MUNICIPIO DE MELEIRO;4273;Jorge Seif;198000.0;Custeio Ao Piso Da Atenção Primária - Custeio Ao Piso Da Atenção Primária;;;;;;;
0903-004430;202029250015-Carmen Zanotto;82561093000198;MUNICIPIO DE SAO JOAQUIM;2925;Carmen Zanotto;200000.0;;2020OB801130;Banco do Brasil;001;656-4;656;27983-8;27983
09032023-031252;202332350003-Geovania De Sá;82561093000198;MUNICIPIO DE SAO JOAQUIM;3235;Geovania De Sá;500000.0;;2023OB812893;Caixa Econômica Federal;104;1082-0;1082;575860771-8;575860771
09032022-015106;202229250013-Carmen Zanotto;82561093000198;MUNICIPIO DE SAO JOAQUIM;2925;Carmen Zanotto;100000.0;;2023OB801307;Caixa Econômica Federal;104;1082-0;1082;575860769-6;575860769
09032024-075076;202444480002-Pezenti;82561093000198;MUNICIPIO DE SAO JOAQUIM;4448;Pezenti;300000.0;;2024OB011989;Caixa Econômica Federal;104;1082-0;1082;575860773-4;575860773
09032024-067045;202429250006-Carmen Zanotto;82561093000198;MUNICIPIO DE SAO JOAQUIM;2925;Carmen Zanotto;400000.0;;2024OB007330;Caixa Econômica Federal;104;1082-0;1082;575860783-1;575860783
09032024-068676;202442510013-Ivete da Silveira;82561093000198;MUNICIPIO DE SAO JOAQUIM;4251;Ivete da Silveira;75000.0;;2024OB010020;Caixa Econômica Federal;104;1082-0;1082;575860781-5;575860781
09032024-068793;202442510012-Ivete da Silveira;82561093000198;MUNICIPIO DE SAO JOAQUIM;4251;Ivete da Silveira;75000.0;;2024OB003525;Caixa Econômica Federal;104;1082-0;1082;575860779-3;575860779
09032024-069080;202422100016-Esperidião Amin;82561093000198;MUNICIPIO DE SAO JOAQUIM;2210;Esperidião Amin;353425.0;;2024OB006421, 2024OB006422;Caixa Econômica Federal;104;1082-0;1082;575860778-5;575860778
09032021-010634;202129250018-Carmen Zanotto;82561093000198;MUNICIPIO DE SAO JOAQUIM;2925;Carmen Zanotto;100000.0;;2021OB802778;Banco do Brasil;001;656-4;656;29204-4;29204
09032024-073984;202442730001-Jorge Seif;82561093000198;MUNICIPIO DE SAO JOAQUIM;4273;Jorge Seif;200000.0;;2024OB003708;Caixa Econômica Federal;104;1082-0;1082;575860782-3;575860782
09032022-014132;202232350003-Geovania De Sá;82561093000198;MUNICIPIO DE SAO JOAQUIM;3235;Geovania De Sá;500000.0;;2023OB803598;Caixa Econômica Federal;104;1082-0;1082;575860769-6;575860769
09032022-016124;202237860003-Dário Berger;82561093000198;MUNICIPIO DE SAO JOAQUIM;3786;Dário Berger;250000.0;;2023OB802161;Caixa Econômica Federal;104;1082-0;1082;575860769-6;575860769
09032022-020035;202239490001-Daniel Freitas;82561093000198;MUNICIPIO DE SAO JOAQUIM;3949;Daniel Freitas;500000.0;;2023OB802784;Caixa Econômica Federal;104;1082-0;1082;575860769-6;575860769
09032025-079209;202544480001-PEZENTI;82561093000198;MUNICIPIO DE SAO JOAQUIM;4448;Pezenti;396000.0;Pavimentação - Pavimentação;2025OB004284;Caixa Econômica Federal;104;1082-0;1082;574600825-3;574600825
09032026-093910;202642090003-JORGE GOETTEN;82561093000198;MUNICIPIO DE SAO JOAQUIM;4209;Jorge Goetten;398000.0;Pavimentação Urbana - Ministério das Cidades - Pavimentação Urbana - Ministério das Cidades;2026OB005447;Banco do Brasil;001;656-4;656;36070-8;36070
09032026-094194;202643920005-ISMAEL;82561093000198;MUNICIPIO DE SAO JOAQUIM;4392;Ismael;199000.0;Aquisição De Veiculos - Ministério do Desenvolvimento e Assistência Social, Família e Combate à Fome - Aquisição De Veiculos - Ministério do Desenvolvimento e Assistência Social, Família e Combate à Fome;;Banco do Brasil;001;656-4;656;36047-3;36047
0903-004496;202028560001-Rogério Peninha Mendonça;83102418000137;MUNICIPIO DE IBIRAMA;2856;Rogério Peninha Mendonça;400000.0;;2020OB801139;Banco do Brasil;001;696-3;696;27717-7;27717
09032021-010435;202128560001-Rogério Peninha Mendonça;83102418000137;MUNICIPIO DE IBIRAMA;2856;Rogério Peninha Mendonça;300000.0;;2021OB803946;Caixa Econômica Federal;104;2775-8;2775;575857442-9;575857442
09032022-018212;202228560001-Rogério Peninha Mendonça;83102418000137;MUNICIPIO DE IBIRAMA;2856;Rogério Peninha Mendonça;100000.0;;2022OB801266;Banco do Brasil;001;696-3;696;29521-3;29521
09032022-019899;202239320002-Caroline de Toni;83102418000137;MUNICIPIO DE IBIRAMA;3932;Caroline de Toni;100000.0;;2023OB802627;Banco do Brasil;001;696-3;696;29521-3;29521
09032023-035160;202328560005-Rogério Peninha Mendonça;83102418000137;MUNICIPIO DE IBIRAMA;2856;Rogério Peninha Mendonça;450000.0;;2023OB806223;Banco do Brasil;001;696-3;696;30900-1;30900
09032023-037044;202339320001-Caroline de Toni;83102418000137;MUNICIPIO DE IBIRAMA;3932;Caroline de Toni;500000.0;;2023OB807325;Banco do Brasil;001;696-3;696;30900-1;30900
09032024-068002;202444010006-Julia Zanatta;83102418000137;MUNICIPIO DE IBIRAMA;4401;Julia Zanatta;200000.0;;2024OB011592;Caixa Econômica Federal;104;2775-8;2775;575857443-7;575857443
09032024-072817;202439320001-Caroline de Toni;83102418000137;MUNICIPIO DE IBIRAMA;3932;Caroline de Toni;250000.0;;2024OB002370;Caixa Econômica Federal;104;2775-8;2775;575857444-5;575857444
09032024-069072;202422100016-Esperidião Amin;83102418000137;MUNICIPIO DE IBIRAMA;2210;Esperidião Amin;250000.0;;2024OB005613;Caixa Econômica Federal;104;2775-8;2775;575857445-3;575857445
09032024-068778;202442510012-Ivete da Silveira;83102418000137;MUNICIPIO DE IBIRAMA;4251;Ivete da Silveira;200000.0;;2024OB003618;Caixa Econômica Federal;104;2775-8;2775;575857446-1;575857446
09032024-068661;202442510013-Ivete da Silveira;83102418000137;MUNICIPIO DE IBIRAMA;4251;Ivete da Silveira;200000.0;;2024OB009978;Caixa Econômica Federal;104;2775-8;2775;575857447-0;575857447
09032024-075064;202444480002-Pezenti;83102418000137;MUNICIPIO DE IBIRAMA;4448;Pezenti;300000.0;;2024OB004935;Caixa Econômica Federal;104;2775-8;2775;575857448-8;575857448
09032022-021518;202241290001-Rodrigo Coelho;83102418000137;MUNICIPIO DE IBIRAMA;4129;Rodrigo Coelho;100000.0;;2023OB804597;Banco do Brasil;001;696-3;696;29521-3;29521
09032025-083216;202539320001-CAROLINE DE TONI;83102418000137;MUNICIPIO DE IBIRAMA;3932;Caroline de Toni;396000.0;Construção, Reforma Ou Ampliação De Infraestrutura Esportiva - Construção, Reforma Ou Ampliação De Infraestrutura Esportiva;2025OB003453;Caixa Econômica Federal;104;2775-8;2775;574600858-0;574600858
09032025-2-086833;202590550002-GILSON MARQUES;83102418000137;MUNICIPIO DE IBIRAMA;9055;Gilson Marques;198000.0;Adquirir Mobiliário Para Outros Ambientes Escolares (Capital) - Adquirir Mobiliário Para Outros Ambientes Escolares (Capital);2025OB009185;Caixa Econômica Federal;104;2775-8;2775;573478189-0;573478189
09032025-2-088285;202542730001-JORGE SEIF;83102418000137;MUNICIPIO DE IBIRAMA;4273;Jorge Seif;396000.0;Aquisição De Equipamento E Material Permanente Para Unidade Básica De Saúde - Aquisição De Equipamento E Material Permanente Para Unidade Básica De Saúde;2025OB008629;Caixa Econômica Federal;104;2775-8;2775;573551472-1;573551472
09032025-084307;202542730001-JORGE SEIF;83102418000137;MUNICIPIO DE IBIRAMA;4273;Jorge Seif;396000.0;Custeio Ao Piso Da Atenção Primária - Custeio Ao Piso Da Atenção Primária;;Caixa Econômica Federal;104;2775-8;2775;;
09032025-080468;202590550002-GILSON MARQUES;83102418000137;MUNICIPIO DE IBIRAMA;9055;Gilson Marques;198000.0;Adquirir Mobiliário Para Outros Ambientes Escolares (Capital) - Adquirir Mobiliário Para Outros Ambientes Escolares (Capital);;Caixa Econômica Federal;104;2775-8;2775;;
0903-004766;202028560001-Rogério Peninha Mendonça;82765488000102;MUNICIPIO DE TAIO;2856;Rogério Peninha Mendonça;300000.0;;2020OB801144;Caixa Econômica Federal;104;2815-0;2815;575857662-6;575857662
09032022-021034;202240620006-Ricardo Guidi;82765488000102;MUNICIPIO DE TAIO;4062;Ricardo Guidi;400000.0;;2022OB803421;Caixa Econômica Federal;104;2815-0;2815;575857666-9;575857666
09032021-011505;202137860003-Dário Berger;82765488000102;MUNICIPIO DE TAIO;3786;Dário Berger;150000.0;;2021OB802208;Caixa Econômica Federal;104;2815-0;2815;575857664-2;575857664
09032023-035176;202328560022-Rogério Peninha Mendonça;82765488000102;MUNICIPIO DE TAIO;2856;Rogério Peninha Mendonça;400000.0;;2023OB809650, 2023OB812431;Caixa Econômica Federal;104;2815-0;2815;575857669-3;575857669
09032021-010441;202128560001-Rogério Peninha Mendonça;82765488000102;MUNICIPIO DE TAIO;2856;Rogério Peninha Mendonça;300000.0;;2021OB802112;Caixa Econômica Federal;104;2815-0;2815;575857664-2;575857664
09032023-032866;202329250001-Carmen Zanotto;82765488000102;MUNICIPIO DE TAIO;2925;Carmen Zanotto;100000.0;;2023OB812609;Caixa Econômica Federal;104;2815-0;2815;575857669-3;575857669
09032023-038046;202340620003-Ricardo Guidi;82765488000102;MUNICIPIO DE TAIO;4062;Ricardo Guidi;200000.0;;2023OB814214;Caixa Econômica Federal;104;2815-0;2815;575857669-3;575857669
09032024-066087;202442730002-Jorge Seif;82765488000102;MUNICIPIO DE TAIO;4273;Jorge Seif;87000.0;;2024OB010298;Caixa Econômica Federal;104;2815-0;2815;575857674-0;575857674
09032024-072833;202439320001-Caroline de Toni;82765488000102;MUNICIPIO DE TAIO;3932;Caroline de Toni;300000.0;;2024OB002335;Caixa Econômica Federal;104;2815-0;2815;575857672-3;575857672
09032024-073512;202440620002-Ricardo Guidi;82765488000102;MUNICIPIO DE TAIO;4062;Ricardo Guidi;400000.0;;2024OB002868;Caixa Econômica Federal;104;2815-0;2815;575857675-8;575857675
09032024-075078;202444480002-Pezenti;82765488000102;MUNICIPIO DE TAIO;4448;Pezenti;400000.0;;2024OB004939;Caixa Econômica Federal;104;2815-0;2815;575857673-1;575857673
09032025-080746;202544010010-JULIA ZANATTA;82765488000102;MUNICIPIO DE TAIO;4401;Julia Zanatta;495000.0;Objeto Único Não Padronizado – Demais - Aquisição de Caminhão Caçamba a cargo do Ministério da Agricultura e Pecuária - código 22000;2025OB007019;Caixa Econômica Federal;104;2815-0;2815;574347382-6;574347382
09032025-081291;202542090003-JORGE GOETTEN;82765488000102;MUNICIPIO DE TAIO;4209;Jorge Goetten;1188000.0;Implantação De Pontes Em Estradas Vicinais - Implantação De Pontes Em Estradas Vicinais;2025OB001895;Caixa Econômica Federal;104;2815-0;2815;574739307-0;574739307
09032025-084319;202542730001-JORGE SEIF;82765488000102;MUNICIPIO DE TAIO;4273;Jorge Seif;396000.0;Custeio Da Média E Alta Complexidade (Mac) - Custeio Da Média E Alta Complexidade (Mac);;Caixa Econômica Federal;104;2815-0;2815;;
09032025-2-088287;202542730001-JORGE SEIF;82765488000102;MUNICIPIO DE TAIO;4273;Jorge Seif;396000.0;Aquisição De Equipamento E Material Permanente Para Unidade Básica De Saúde - Aquisição De Equipamento E Material Permanente Para Unidade Básica De Saúde;2025OB010119;Caixa Econômica Federal;104;2815-0;2815;572850577-1;572850577
09032026-094195;202643920005-ISMAEL;82765488000102;MUNICIPIO DE TAIO;4392;Ismael;398000.0;Áreas De Lazer E Estruturas Para Atividades Físicas Em Espaços Públicos - Parques E Praças - Ministério das Cidades - Áreas De Lazer E Estruturas Para Atividades Físicas Em Espaços Públicos - Parques E Praças - Ministério das Cidades;2026OB005826;Caixa Econômica Federal;104;2815-0;2815;569339485-5;569339485
09032026-097336;202643390009-DANIELA REINEHR;82765488000102;MUNICIPIO DE TAIO;4339;Daniela Reinehr;497500.0;Caminhão Basculante/Caçamba - Infraestrutura Produtiva  - Ministério da Integração e do Desenvolvimento Regional - Caminhão Basculante/Caçamba - Infraestrutura Produtiva  - Ministério da Integração e do Desenvolvimento Regional;;Caixa Econômica Federal;104;2815-0;2815;569300185-3;569300185
09032022-014133;202232350003-Geovania De Sá;83102442000176;MUNICIPIO DE WITMARSUM;3235;Geovania De Sá;200000.0;;2023OB801649;Caixa Econômica Federal;104;4441-5;4441;575994468-8;575994468
0903-004560;202041850004-Jorginho Mello;83102442000176;MUNICIPIO DE WITMARSUM;4185;Jorginho Mello;100000.0;;2020OB801698;Caixa Econômica Federal;104;4441-5;4441;575994465-3;575994465
09032022-020238;202239800001-Fabio Schiochet;83102442000176;MUNICIPIO DE WITMARSUM;3980;Fabio Schiochet;200000.0;;2023OB802998;Caixa Econômica Federal;104;4441-5;4441;575994468-8;575994468
09032022-016340;202239530001-Darci de Matos;83102442000176;MUNICIPIO DE WITMARSUM;3953;Darci de Matos;500000.0;;2022OB802716, 2023OB802818;Caixa Econômica Federal;104;4441-5;4441;575994468-8;575994468
09032023-034166;202318800004-Angela Amin;83102442000176;MUNICIPIO DE WITMARSUM;1880;Angela Amin;200000.0;;2023OB811822;Caixa Econômica Federal;104;4441-5;4441;575994469-6;575994469
09032023-038048;202340620003-Ricardo Guidi;83102442000176;MUNICIPIO DE WITMARSUM;4062;Ricardo Guidi;150000.0;;2023OB814229;Caixa Econômica Federal;104;4441-5;4441;575994469-6;575994469
09032023-2-041694;202342510010-Ivete da Silveira;83102442000176;MUNICIPIO DE WITMARSUM;4251;Ivete da Silveira;200000.0;;2023OB815934;Caixa Econômica Federal;104;4441-5;4441;575994469-6;575994469
09032025-2-086813;202544480001-PEZENTI;83102442000176;MUNICIPIO DE WITMARSUM;4448;Pezenti;396000.0;Aquisição de Máquinas e Equipamentos (GND 4) - Aquisição de Máquinas e Equipamentos (GND 4);2025OB009027;Caixa Econômica Federal;104;4441-5;4441;573395349-3;573395349
09032025-079213;202544480001-PEZENTI;83102442000176;MUNICIPIO DE WITMARSUM;4448;Pezenti;396000.0;Aquisição De Máquinas, Implementos E Equipamentos Agrícolas Adaptados À Agricultura Familiar E Tecnologias Sociais - Aquisição De Máquinas, Implementos E Equipamentos Agrícolas Adaptados À Agricultura Familiar E Tecnologias Sociais.;;Caixa Econômica Federal;104;4441-5;4441;;
09032026-094102;202644480001-PEZENTI;83102442000176;MUNICIPIO DE WITMARSUM;4448;Pezenti;398000.0;Pavimentação De Estradas Vicinais - Ministério da Integração e do Desenvolvimento Regional - Pavimentação De Estradas Vicinais - Ministério da Integração e do Desenvolvimento Regional;2026OB003394;Caixa Econômica Federal;104;4441-5;4441;569446604-3;569446604
09032021-009941;202125690003-Celso Maldaner;01612836000100;MUNICIPIO DE PRINCESA;2569;Celso Maldaner;250000.0;;2021OB800429;Banco do Brasil;001;776-5;776;18788-7;18788
09032024-074463;202443390001-Daniela Reinehr;01612836000100;MUNICIPIO DE PRINCESA;4339;Daniela Reinehr;150000.0;;2024OB010909;Banco do Brasil;001;776-5;776;20919-8;20919
09032022-017708;202225690003-Celso Maldaner;01612836000100;MUNICIPIO DE PRINCESA;2569;Celso Maldaner;200000.0;;2023OB800687;Banco do Brasil;001;776-5;776;19111-6;19111
09032024-070543;202443250003-Cobalchini;01612836000100;MUNICIPIO DE PRINCESA;4325;Cobalchini;250000.0;;2024OB010767;Banco do Brasil;001;776-5;776;20907-4;20907
09032022-015126;202229250013-Carmen Zanotto;95992020000100;MUNICIPIO DE MACIEIRA;2925;Carmen Zanotto;80000.0;;2022OB801460;Caixa Econômica Federal;104;572-0;572;575864463-0;575864463
09032022-016426;202228550021-Pedro Uczai;95992020000100;MUNICIPIO DE MACIEIRA;2855;Pedro Uczai;200000.0;;2023OB801098;Caixa Econômica Federal;104;572-0;572;575864463-0;575864463
09032022-017724;202225690003-Celso Maldaner;95992020000100;MUNICIPIO DE MACIEIRA;2569;Celso Maldaner;250000.0;;2023OB800693;Caixa Econômica Federal;104;572-0;572;575864463-0;575864463
09032025-075753;202542730002-JORGE SEIF;95992020000100;MUNICIPIO DE MACIEIRA;4273;Jorge Seif;198000.0;Custeio Ao Piso Da Atenção Primária - Custeio Ao Piso Da Atenção Primária;2025OB006621;Banco do Brasil;001;5322-8;5322;9946-5;9946
09032025-2-088359;202543390010-DANIELA REINEHR;95992020000100;MUNICIPIO DE MACIEIRA;4339;Daniela Reinehr;396000.0;Retroescavadeira - Retroescavadeira - Infraestrutura Produtiva;2025OB008798;Banco do Brasil;001;5322-8;5322;9966-X;9966
09032025-084757;202543390010-DANIELA REINEHR;95992020000100;MUNICIPIO DE MACIEIRA;4339;Daniela Reinehr;396000.0;Aquisição De Máquinas, Implementos E Equipamentos Agrícolas Adaptados À Agricultura Familiar E Tecnologias Sociais - Aquisição De Máquinas, Implementos E Equipamentos Agrícolas Adaptados À Agricultura Familiar E Tecnologias Sociais.;;Banco do Brasil;001;5322-8;5322;;
0903-003946;202029250015-Carmen Zanotto;95991097000158;MUNICIPIO DE CERRO NEGRO;2925;Carmen Zanotto;100000.0;;2020OB801356;Banco do Brasil;001;1716-7;1716;11727-7;11727
0903-003293;202022100018-Esperidião Amin;95991097000158;MUNICIPIO DE CERRO NEGRO;2210;Esperidião Amin;100000.0;;2020OB801354;Banco do Brasil;001;1716-7;1716;11727-7;11727
09032022-015096;202229250013-Carmen Zanotto;95991097000158;MUNICIPIO DE CERRO NEGRO;2925;Carmen Zanotto;300000.0;;2022OB801458, 2023OB804359;Banco do Brasil;001;1716-7;1716;12289-0;12289
09032023-032856;202329250001-Carmen Zanotto;95991097000158;MUNICIPIO DE CERRO NEGRO;2925;Carmen Zanotto;100000.0;;2023OB808606;Caixa Econômica Federal;104;420-0;420;576008089-6;576008089
09032024-067034;202429250006-Carmen Zanotto;95991097000158;MUNICIPIO DE CERRO NEGRO;2925;Carmen Zanotto;400000.0;;2024OB001371, 2024OB001381;Banco do Brasil;001;1716-7;1716;13011-7;13011
09032025-2-087591;202522100013-ESPERIDIÃO AMIN;95991097000158;MUNICIPIO DE CERRO NEGRO;2210;Esperidião Amin;396000.0;Escavadeira Hidráulica - Escavadeira Hidráulica - Infraestrutura Produtiva;2025OB007492;Banco do Brasil;001;1716-7;1716;13802-9;13802
09032025-081770;202522100013-ESPERIDIÃO AMIN;95991097000158;MUNICIPIO DE CERRO NEGRO;2210;Esperidião Amin;396000.0;Escavadeira Hidráulica - Escavadeira Hidráulica - Infraestrutura Produtiva;;Banco do Brasil;001;1716-7;1716;;
09032025-083870;202540620003-RICARDO GUIDI;95991097000158;MUNICIPIO DE CERRO NEGRO;4062;Ricardo Guidi;594000.0;Retroescavadeira - Retroescavadeira - Infraestrutura Produtiva;;Banco do Brasil;001;1716-7;1716;;
09032025-2-088151;202540620003-RICARDO GUIDI;95991097000158;MUNICIPIO DE CERRO NEGRO;4062;Ricardo Guidi;594000.0;Retroescavadeira - Retroescavadeira - Infraestrutura Produtiva;2025OB008348;Banco do Brasil;001;1716-7;1716;13801-0;13801
09032021-012123;202139530003-Darci de Matos;95995221000153;MUNICIPIO DE ARABUTA;3953;Darci de Matos;100000.0;;2021OB804395;Caixa Econômica Federal;104;627-0;627;576002042-7;576002042
09032021-013423;202141850007-Jorginho Mello;95995221000153;MUNICIPIO DE ARABUTA;4185;Jorginho Mello;200000.0;;2021OB803323;Caixa Econômica Federal;104;627-0;627;576002042-7;576002042
09032022-014136;202232350003-Geovania De Sá;95995221000153;MUNICIPIO DE ARABUTA;3235;Geovania De Sá;100000.0;;2022OB801803;Caixa Econômica Federal;104;627-0;627;576002056-7;576002056
09032022-021841;202241850010-Jorginho Mello;95995221000153;MUNICIPIO DE ARABUTA;4185;Jorginho Mello;200000.0;;2022OB804090;Caixa Econômica Federal;104;627-0;627;576002056-7;576002056
09032023-037061;202339320001-Caroline de Toni;95995221000153;MUNICIPIO DE ARABUTA;3932;Caroline de Toni;200000.0;;2023OB808256;Caixa Econômica Federal;104;627-0;627;576002067-2;576002067
09032023-039017;202342510010-Ivete da Silveira;95995221000153;MUNICIPIO DE ARABUTA;4251;Ivete da Silveira;300000.0;;2023OB814989;Caixa Econômica Federal;104;627-0;627;576002067-2;576002067
09032024-073882;202442090002-Jorge Goetten;95995221000153;MUNICIPIO DE ARABUTA;4209;Jorge Goetten;100000.0;;2024OB009930;Caixa Econômica Federal;104;627-0;627;576002068-0;576002068
09032024-074006;202442730001-Jorge Seif;95995221000153;MUNICIPIO DE ARABUTA;4273;Jorge Seif;200000.0;;2024OB003759;Caixa Econômica Federal;104;627-0;627;576002071-0;576002071
09032024-074470;202443390001-Daniela Reinehr;95995221000153;MUNICIPIO DE ARABUTA;4339;Daniela Reinehr;150000.0;;2024OB010916;Caixa Econômica Federal;104;627-0;627;576002076-1;576002076
09032025-2-085719;202542730002-JORGE SEIF;95995221000153;MUNICIPIO DE ARABUTA;4273;Jorge Seif;198000.0;Custeio Ao Piso Da Atenção Primária - Custeio Ao Piso Da Atenção Primária;2025OB008634;Caixa Econômica Federal;104;627-0;627;573269679-9;573269679
09032025-081799;202522100013-ESPERIDIÃO AMIN;95995221000153;MUNICIPIO DE ARABUTA;2210;Esperidião Amin;297000.0;Aquisição De Veiculos - Aquisição De Veiculos;2025OB005255;Caixa Econômica Federal;104;3886-5;3886;574282014-0;574282014
09032025-084745;202543390010-DANIELA REINEHR;95995221000153;MUNICIPIO DE ARABUTA;4339;Daniela Reinehr;396000.0;Objeto Único Não Padronizado – Demais - Construção de Galpão para Exposições Agropecuárias;2025OB006845;Caixa Econômica Federal;104;3886-5;3886;574024442-7;574024442
09032025-075744;202542730002-JORGE SEIF;95995221000153;MUNICIPIO DE ARABUTA;4273;Jorge Seif;198000.0;Custeio Ao Piso Da Atenção Primária - Custeio Ao Piso Da Atenção Primária;;Caixa Econômica Federal;104;3886-5;3886;;
09032026-095803;202639320001-CAROLINE DE TONI;95995221000153;MUNICIPIO DE ARABUTA;3932;Caroline de Toni;398000.0;Pavimentação Urbana - Ministério das Cidades - Pavimentação Urbana - Ministério das Cidades;2026OB001474;Caixa Econômica Federal;104;627-0;627;569446681-7;569446681
09032026-095951;202639800001-FABIO SCHIOCHET;95995221000153;MUNICIPIO DE ARABUTA;3980;Fabio Schiochet;248750.0;Caminhão Basculante/Caçamba - Infraestrutura Produtiva  - Ministério da Integração e do Desenvolvimento Regional - Caminhão Basculante/Caçamba - Infraestrutura Produtiva  - Ministério da Integração e do Desenvolvimento Regional;;Caixa Econômica Federal;104;627-0;627;569170474-1;569170474
0903-003320;202028560001-Rogério Peninha Mendonça;95952230000167;MUNICIPIO DE BRACO DO TROMBUDO;2856;Rogério Peninha Mendonça;300000.0;;2020OB801339;Caixa Econômica Federal;104;4440-7;4440;575994461-0;575994461
09032021-010430;202128560001-Rogério Peninha Mendonça;95952230000167;MUNICIPIO DE BRACO DO TROMBUDO;2856;Rogério Peninha Mendonça;300000.0;;2021OB802729;Caixa Econômica Federal;104;4440-7;4440;575994462-9;575994462
09032022-018204;202228560001-Rogério Peninha Mendonça;95952230000167;MUNICIPIO DE BRACO DO TROMBUDO;2856;Rogério Peninha Mendonça;200000.0;;2022OB801267;Caixa Econômica Federal;104;4440-7;4440;575994463-7;575994463
09032023-035170;202328560016-Rogério Peninha Mendonça;95952230000167;MUNICIPIO DE BRACO DO TROMBUDO;2856;Rogério Peninha Mendonça;400000.0;;2023OB807953;Banco do Brasil;001;3965-9;3965;10607-0;10607
09032023-2-041956;202328560016-Rogério Peninha Mendonça;95952230000167;MUNICIPIO DE BRACO DO TROMBUDO;2856;Rogério Peninha Mendonça;629208.0;;2023OB815269;Banco do Brasil;001;3965-9;3965;10607-0;10607
09032024-069065;202422100016-Esperidião Amin;95952230000167;MUNICIPIO DE BRACO DO TROMBUDO;2210;Esperidião Amin;300000.0;;2024OB006397;Banco do Brasil;001;3965-9;3965;10817-0;10817
09032024-074711;202443920007-Ismael;95952230000167;MUNICIPIO DE BRACO DO TROMBUDO;4392;Ismael;100000.0;;2024OB011117;Banco do Brasil;001;3965-9;3965;10820-0;10820
09032024-073504;202440620002-Ricardo Guidi;95952230000167;MUNICIPIO DE BRACO DO TROMBUDO;4062;Ricardo Guidi;150000.0;;2024OB009101;Banco do Brasil;001;3965-9;3965;10818-9;10818
09032024-073940;202442730001-Jorge Seif;95952230000167;MUNICIPIO DE BRACO DO TROMBUDO;4273;Jorge Seif;100000.0;;2024OB010216;Banco do Brasil;001;3965-9;3965;10821-9;10821
09032024-075055;202444480002-Pezenti;95952230000167;MUNICIPIO DE BRACO DO TROMBUDO;4448;Pezenti;400000.0;;2024OB004938;Banco do Brasil;001;3965-9;3965;10819-7;10819
09032025-2-088281;202542730001-JORGE SEIF;95952230000167;MUNICIPIO DE BRACO DO TROMBUDO;4273;Jorge Seif;396000.0;Pavimentação - Pavimentação;2025OB008630;Banco do Brasil;001;3965-9;3965;11227-5;11227
0903-004684;202041850004-Jorginho Mello;95952230000167;MUNICIPIO DE BRACO DO TROMBUDO;4185;Jorginho Mello;100000.0;;2020OB801763;Caixa Econômica Federal;104;4440-7;4440;575994461-0;575994461
09032026-091769;202644010005-JULIA ZANATTA;95952230000167;MUNICIPIO DE BRACO DO TROMBUDO;4401;Julia Zanatta;597000.0;Pavimentação: Adequação De Vias, Pontes, Travessias e Obras de Artes Especiais em Área Urbana - Ministério das Cidades - Pavimentação: Adequação De Vias, Pontes, Travessias e Obras de Artes Especiais em Área Urbana - Ministério das Cidades;2026OB003190;Banco do Brasil;001;3965-9;3965;11324-7;11324
09032026-094081;202644480001-PEZENTI;95952230000167;MUNICIPIO DE BRACO DO TROMBUDO;4448;Pezenti;257705.0;Aquisição De Unidade Móvel De Saúde - Ministério da Saúde - Aquisição De Unidade Móvel De Saúde - Ministério da Saúde;2026OB005987;Banco do Brasil;001;3965-9;3965;11328-X;11328
09032025-084298;202542730001-JORGE SEIF;95952230000167;MUNICIPIO DE BRACO DO TROMBUDO;4273;Jorge Seif;396000.0;Custeio Da Média E Alta Complexidade (Mac) - Custeio Da Média E Alta Complexidade (Mac);;;;;;;
09032023-031268;202332350003-Geovania De Sá;95782785000108;MORRO GRANDE;3235;Geovania De Sá;350000.0;;2023OB809963;Caixa Econômica Federal;104;1084-7;1084;575996522-7;575996522
09032024-074045;202442730001-Jorge Seif;95782785000108;MORRO GRANDE;4273;Jorge Seif;100000.0;;2024OB010207;Caixa Econômica Federal;104;1084-7;1084;575996527-8;575996527
09032025-081815;202522100013-ESPERIDIÃO AMIN;95782785000108;MORRO GRANDE;2210;Esperidião Amin;396000.0;Pavimentação: Adequação De Vias - Pavimentação: Adequação De Vias;2025OB005257;Caixa Econômica Federal;104;1084-7;1084;574064349-6;574064349
09032026-091804;202644010005-JULIA ZANATTA;95782785000108;MORRO GRANDE;4401;Julia Zanatta;497500.0;Estradas Vicinais e Obras (GND 3/4) - Ministério da Agricultura e Pecuária - Estradas Vicinais e Obras (GND 3/4) - Ministério da Agricultura e Pecuária;2026OB005867;Banco do Brasil;001;2294-2;2294;22495-2;22495
0903-004363;202032350006-Geovania De Sá;82926569000147;MUNICIPIO DE GRAVATAL;3235;Geovania De Sá;250000.0;;2020OB801217;Caixa Econômica Federal;104;410-3;410;575864662-4;575864662
09032021-009651;202122100006-Esperidião Amin;82926569000147;MUNICIPIO DE GRAVATAL;2210;Esperidião Amin;200000.0;;2021OB803738;Caixa Econômica Federal;104;410-3;410;575864665-9;575864665
09032022-016116;202237860003-Dário Berger;82926569000147;MUNICIPIO DE GRAVATAL;3786;Dário Berger;350000.0;;2023OB802151, 2023OB802154;Caixa Econômica Federal;104;410-3;410;575864667-5;575864667
09032022-017374;202222100001-Esperidião Amin;82926569000147;MUNICIPIO DE GRAVATAL;2210;Esperidião Amin;150000.0;;2022OB800665;Caixa Econômica Federal;104;410-3;410;575864667-5;575864667
09032023-031240;202332350003-Geovania De Sá;82926569000147;MUNICIPIO DE GRAVATAL;3235;Geovania De Sá;350000.0;;2023OB808427, 2023OB809988;Caixa Econômica Federal;104;410-3;410;575864671-3;575864671
09032023-038042;202340620003-Ricardo Guidi;82926569000147;MUNICIPIO DE GRAVATAL;4062;Ricardo Guidi;600000.0;;2023OB814237;Caixa Econômica Federal;104;410-3;410;575864671-3;575864671
09032025-081283;202542090003-JORGE GOETTEN;82926569000147;MUNICIPIO DE GRAVATAL;4209;Jorge Goetten;396000.0;Pavimentação - Pavimentação;2025OB001911;Caixa Econômica Federal;104;410-3;410;574644903-9;574644903
09032025-083877;202540620003-RICARDO GUIDI;82926569000147;MUNICIPIO DE GRAVATAL;4062;Ricardo Guidi;495000.0;Pavimentação De Estradas Vicinais - Pavimentação De Estradas Vicinais;2025OB001503;Caixa Econômica Federal;104;410-3;410;574810394-6;574810394
09032026-096340;202640620003-RICARDO GUIDI;82926569000147;MUNICIPIO DE GRAVATAL;4062;Ricardo Guidi;796000.0;Estradas Vicinais e Obras (GND 3/4) - Ministério da Agricultura e Pecuária - Estradas Vicinais e Obras (GND 3/4) - Ministério da Agricultura e Pecuária;2026OB005073;Caixa Econômica Federal;104;410-3;410;568891837-0;568891837
09032026-093902;202642090003-JORGE GOETTEN;82926569000147;MUNICIPIO DE GRAVATAL;4209;Jorge Goetten;398000.0;Pavimentação Urbana - Ministério das Cidades - Pavimentação Urbana - Ministério das Cidades;2026OB002393;Caixa Econômica Federal;104;410-3;410;569487339-0;569487339
09032026-094088;202644480001-PEZENTI;82926569000147;MUNICIPIO DE GRAVATAL;4448;Pezenti;398000.0;Pavimentação Urbana - Ministério das Cidades - Pavimentação Urbana - Ministério das Cidades;;Caixa Econômica Federal;104;410-3;410;569372388-3;569372388
09032025-083395;202539800001-FABIO SCHIOCHET;82926569000147;MUNICIPIO DE GRAVATAL;3980;Fabio Schiochet;346500.0;Aquisição De Veiculos - Aquisição De Veiculos;;Caixa Econômica Federal;104;410-3;410;;
09032021-011515;202137860003-Dário Berger;83102830000157;MUNICIPIO DE BARRA VELHA;3786;Dário Berger;100000.0;;2021OB801091;Banco do Brasil;001;1498-2;1498;25812-1;25812
09032022-018230;202228560001-Rogério Peninha Mendonça;83102830000157;MUNICIPIO DE BARRA VELHA;2856;Rogério Peninha Mendonça;150000.0;;2022OB801264;Banco do Brasil;001;1498-2;1498;26891-7;26891
09032022-021519;202241290001-Rodrigo Coelho;83102830000157;MUNICIPIO DE BARRA VELHA;4129;Rodrigo Coelho;400000.0;;2023OB804599;Banco do Brasil;001;1498-2;1498;26891-7;26891
09032022-021843;202241850010-Jorginho Mello;83102830000157;MUNICIPIO DE BARRA VELHA;4185;Jorginho Mello;200000.0;;2022OB804117;Banco do Brasil;001;1498-2;1498;26891-7;26891
09032023-039020;202342510010-Ivete da Silveira;83102830000157;MUNICIPIO DE BARRA VELHA;4251;Ivete da Silveira;400000.0;;2023OB811515;Banco do Brasil;001;1498-2;1498;28453-X;28453
09032024-074474;202443390001-Daniela Reinehr;83102830000157;MUNICIPIO DE BARRA VELHA;4339;Daniela Reinehr;100000.0;;2024OB004269;Caixa Econômica Federal;104;2816-9;2816;575857683-9;575857683
09032024-075085;202444480002-Pezenti;83102830000157;MUNICIPIO DE BARRA VELHA;4448;Pezenti;200000.0;;2024OB011990;Caixa Econômica Federal;104;2816-9;2816;575857684-7;575857684
09032024-072771;202439290001-Carlos Chiodini;83102830000157;MUNICIPIO DE BARRA VELHA;3929;Carlos Chiodini;400000.0;;2024OB008439;Caixa Econômica Federal;104;2816-9;2816;575857682-0;575857682
09032025-081299;202542090003-JORGE GOETTEN;83102830000157;MUNICIPIO DE BARRA VELHA;4209;Jorge Goetten;495000.0;Pavimentação - Pavimentação;2025OB003846;Banco do Brasil;001;1498-2;1498;32741-7;32741
09032025-083185;202539290001-CARLOS CHIODINI;83102830000157;MUNICIPIO DE BARRA VELHA;3929;Carlos Chiodini;495000.0;Construção, Reforma Ou Ampliação De Espaços De Esporte E Lazer - Construção, Reforma Ou Ampliação De Espaços De Esporte E Lazer;2025OB003460;Banco do Brasil;001;1498-2;1498;32754-9;32754
09032025-079220;202544480001-PEZENTI;83102830000157;MUNICIPIO DE BARRA VELHA;4448;Pezenti;247500.0;Objeto Único Não Padronizado – Demais - Aquisição de Hidrojato - 56000 Ministério das Cidades;;Banco do Brasil;001;1498-2;1498;;
09032025-2-086817;202544480001-PEZENTI;83102830000157;MUNICIPIO DE BARRA VELHA;4448;Pezenti;247500.0;Aquisição de Máquinas e Equipamentos (GND 4) - Aquisição de Máquinas e Equipamentos (GND 4);2025OB009016;Banco do Brasil;001;1498-2;1498;33299-2;33299
09032026-094108;202644480001-PEZENTI;83102830000157;MUNICIPIO DE BARRA VELHA;4448;Pezenti;248750.0;Aquisição de Máquinas e Equipamentos (GND 4) - Ministério da Agricultura e Pecuária - Aquisição de Máquinas e Equipamentos (GND 4) - Ministério da Agricultura e Pecuária;2026OB005982;Banco do Brasil;001;1498-2;1498;34414-1;34414
09032026-095744;202639290001-CARLOS CHIODINI;83102830000157;MUNICIPIO DE BARRA VELHA;3929;Carlos Chiodini;497500.0;Pavimentação Urbana - Ministério das Cidades - Pavimentação Urbana - Ministério das Cidades;2026OB001441;Banco do Brasil;001;1498-2;1498;34286-6;34286
0903-003202;202018800013-Angela Amin;82547274000160;MUNICIPIO DE SAO JOAO DO SUL;1880;Angela Amin;300000.0;;2020OB801117;Caixa Econômica Federal;104;2892-4;2892;575995407-1;575995407
0903-004490;202032350006-Geovania De Sá;82547274000160;MUNICIPIO DE SAO JOAO DO SUL;3235;Geovania De Sá;300000.0;;2020OB801120;Caixa Econômica Federal;104;2892-4;2892;575995407-1;575995407
09032023-034401;202322100001-Esperidião Amin;82547274000160;MUNICIPIO DE SAO JOAO DO SUL;2210;Esperidião Amin;200000.0;;2023OB811976;Caixa Econômica Federal;104;2892-4;2892;575995411-0;575995411
09032023-039010;202342510010-Ivete da Silveira;82547274000160;MUNICIPIO DE SAO JOAO DO SUL;4251;Ivete da Silveira;200000.0;;2023OB814982;Caixa Econômica Federal;104;2892-4;2892;575995411-0;575995411
09032024-066085;202442730002-Jorge Seif;82547274000160;MUNICIPIO DE SAO JOAO DO SUL;4273;Jorge Seif;100000.0;;2024OB010277;Caixa Econômica Federal;104;2892-4;2892;575995415-2;575995415
09032024-068010;202444010006-Julia Zanatta;82547274000160;MUNICIPIO DE SAO JOAO DO SUL;4401;Julia Zanatta;200000.0;;2024OB011582;Caixa Econômica Federal;104;2892-4;2892;575995416-0;575995416
09032025-081156;202543920009-ISMAEL;82547274000160;MUNICIPIO DE SAO JOAO DO SUL;4392;Ismael;396000.0;Pavimentação: Adequação De Vias - Pavimentação: Adequação De Vias;2025OB002375;Caixa Econômica Federal;104;2892-4;2892;574793536-0;574793536
09032025-081290;202542090003-JORGE GOETTEN;82547274000160;MUNICIPIO DE SAO JOAO DO SUL;4209;Jorge Goetten;396000.0;Pavimentação - Pavimentação;2025OB004902;Caixa Econômica Federal;104;2892-4;2892;574499822-1;574499822
09032025-081787;202522100013-ESPERIDIÃO AMIN;82547274000160;MUNICIPIO DE SAO JOAO DO SUL;2210;Esperidião Amin;396000.0;Pavimentação: Adequação De Vias - Pavimentação: Adequação De Vias;2025OB004505;Caixa Econômica Federal;104;2892-4;2892;574499823-0;574499823
09032026-094293;202628550010-PEDRO UCZAI;82547274000160;MUNICIPIO DE SAO JOAO DO SUL;2855;Pedro Uczai;199000.0;Aquisição De Máquinas, Implementos E Equipamentos Agrícolas Adaptados À Agricultura Familiar E Tecnologias Sociais. - Ministério do Desenvolvimento Agrário e Agricultura Familiar - Aquisição De Máquinas, Implementos E Equipamentos Agrícolas Adaptados À Agricultura Familiar E Tecnologias Sociais. - Ministério do Desenvolvimento Agrário e Agricultura Familiar;;Banco do Brasil;001;5369-4;5369;11381-6;11381
09032026-094581;202622100012-ESPERIDIÃO AMIN;82547274000160;MUNICIPIO DE SAO JOAO DO SUL;2210;Esperidião Amin;398000.0;Construção, Reforma Ou Ampliação De Espaços De Esporte E Lazer  - Ministério do Esporte - Construção, Reforma Ou Ampliação De Espaços De Esporte E Lazer  - Ministério do Esporte;;Banco do Brasil;001;5369-4;5369;11383-2;11383
09032022-015114;202229250013-Carmen Zanotto;82939232000174;MUNICIPIO DE CAMPOS NOVOS;2925;Carmen Zanotto;50000.0;;2022OB801456;Caixa Econômica Federal;104;851-6;851;575862908-8;575862908
09032022-018202;202228550020-Pedro Uczai;82939232000174;MUNICIPIO DE CAMPOS NOVOS;2855;Pedro Uczai;250000.0;;2022OB801253;Caixa Econômica Federal;104;851-6;851;575862908-8;575862908
09032022-019903;202239320002-Caroline de Toni;82939232000174;MUNICIPIO DE CAMPOS NOVOS;3932;Caroline de Toni;300000.0;;2023OB802625;Caixa Econômica Federal;104;851-6;851;575862908-8;575862908
09032022-016345;202239530001-Darci de Matos;82939232000174;MUNICIPIO DE CAMPOS NOVOS;3953;Darci de Matos;300000.0;;2022OB802723;Caixa Econômica Federal;104;851-6;851;575862908-8;575862908
09032025-2-088341;202543250005-COBALCHINI;82939232000174;MUNICIPIO DE CAMPOS NOVOS;4325;Cobalchini;1485000.0;Objeto Único Não Padronizado – Obras e Serviços de Engenharia - Construção de Creche - FNDE;2025OB008767;Caixa Econômica Federal;104;851-6;851;573503653-6;573503653
09032021-012124;202139530003-Darci de Matos;82939232000174;MUNICIPIO DE CAMPOS NOVOS;3953;Darci de Matos;200000.0;;2021OB801297;Banco do Brasil;001;685-8;685;44050-7;44050
09032024-066097;202442730002-Jorge Seif;82939232000174;MUNICIPIO DE CAMPOS NOVOS;4273;Jorge Seif;87000.0;;2024OB010269;Caixa Econômica Federal;104;851-6;851;575862912-6;575862912
09032024-069090;202422100016-Esperidião Amin;82939232000174;MUNICIPIO DE CAMPOS NOVOS;2210;Esperidião Amin;300000.0;;2024OB006400;Caixa Econômica Federal;104;851-6;851;575862915-0;575862915
09032024-070550;202443250003-Cobalchini;82939232000174;MUNICIPIO DE CAMPOS NOVOS;4325;Cobalchini;300000.0;;2024OB004166;Caixa Econômica Federal;104;851-6;851;575862917-7;575862917
09032025-081558;202528550023-PEDRO UCZAI;82939232000174;MUNICIPIO DE CAMPOS NOVOS;2855;Pedro Uczai;241560.0;Objeto Único Não Padronizado – Demais - UO 49000 MDA - Ação 210X - Apoio ao Desenvolvimento Territorial Sustentável - Aquisição de máquinas e equipamentos agrícolas;;Caixa Econômica Federal;104;851-6;851;;
09032024-073884;202442090002-Jorge Goetten;82939232000174;MUNICIPIO DE CAMPOS NOVOS;4209;Jorge Goetten;100000.0;;2024OB009928;Caixa Econômica Federal;104;851-6;851;575862911-8;575862911
09032023-037064;202339320001-Caroline de Toni;82939232000174;MUNICIPIO DE CAMPOS NOVOS;3932;Caroline de Toni;400000.0;;2023OB807821;Caixa Econômica Federal;104;851-6;851;575862909-6;575862909
09032024-072846;202439320001-Caroline de Toni;82939232000174;MUNICIPIO DE CAMPOS NOVOS;3932;Caroline de Toni;250000.0;;2024OB002337;Caixa Econômica Federal;104;851-6;851;575862916-9;575862916
09032025-2-087711;202528550023-PEDRO UCZAI;82939232000174;MUNICIPIO DE CAMPOS NOVOS;2855;Pedro Uczai;241560.0;Objeto Único Não Padronizado – Demais - UO 49000 MDA - Ação 210X - Apoio ao Desenvolvimento Territorial Sustentável - Aquisição de máquinas e equipamentos agrícolas;2025OB007672;Caixa Econômica Federal;104;851-6;851;573478186-6;573478186
09032025-080641;202542510003-IVETE DA SILVEIRA;82939232000174;MUNICIPIO DE CAMPOS NOVOS;4251;Ivete da Silveira;297000.0;Aquisição De Equipamentos/Material Permanente - Aquisição De Equipamentos/Material Permanente;2025OB003861;Caixa Econômica Federal;104;851-6;851;574600839-3;574600839
09032026-093918;202642090003-JORGE GOETTEN;82939232000174;MUNICIPIO DE CAMPOS NOVOS;4209;Jorge Goetten;398000.0;Pavimentação Urbana - Ministério das Cidades - Pavimentação Urbana - Ministério das Cidades;2026OB002395;Caixa Econômica Federal;104;851-6;851;569794478-7;569794478
09032025-084674;202543250005-COBALCHINI;82939232000174;MUNICIPIO DE CAMPOS NOVOS;4325;Cobalchini;990000.0;Pavimentação De Estradas Vicinais - Pavimentação De Estradas Vicinais;2025OB002188;Caixa Econômica Federal;104;851-6;851;574824051-0;574824051
09032025-084675;202543250005-COBALCHINI;82939232000174;MUNICIPIO DE CAMPOS NOVOS;4325;Cobalchini;1485000.0;Objeto Único Não Padronizado – Obras e Serviços de Engenharia - Construção de Creche - FNDE;;Caixa Econômica Federal;104;851-6;851;;
09032025-083235;202539320001-CAROLINE DE TONI;82939232000174;MUNICIPIO DE CAMPOS NOVOS;3932;Caroline de Toni;396000.0;Áreas De Lazer E Estruturas Para Atividades Físicas Em Espaços Públicos - Áreas De Lazer E Estruturas Para Atividades Físicas Em Espaços Públicos - Parques E Praças;2025OB006029;Caixa Econômica Federal;104;851-6;851;574265123-2;574265123
09032024-069182;202428550022-Pedro Uczai;95990131000170;MUNICIPIO DE NOVA ITABERABA;2855;Pedro Uczai;400000.0;;2024OB001132, 2024OB007077;Caixa Econômica Federal;104;3831-8;3831;575995016-5;575995016
09032021-011967;202139320005-Caroline de Toni;95990131000170;MUNICIPIO DE NOVA ITABERABA;3932;Caroline de Toni;100000.0;;2021OB804353;Banco do Brasil;001;1983-6;1983;6952-3;6952
09032022-017714;202225690003-Celso Maldaner;95990131000170;MUNICIPIO DE NOVA ITABERABA;2569;Celso Maldaner;250000.0;;2023OB800691;Banco do Brasil;001;1983-6;1983;7196-X;7196
09032023-037060;202339320001-Caroline de Toni;95990131000170;MUNICIPIO DE NOVA ITABERABA;3932;Caroline de Toni;200000.0;;2023OB810542;Caixa Econômica Federal;104;3831-8;3831;575995013-0;575995013
09032023-033076;202328550022-Pedro Uczai;95990131000170;MUNICIPIO DE NOVA ITABERABA;2855;Pedro Uczai;220000.0;;2023OB812405;Caixa Econômica Federal;104;3831-8;3831;575995013-0;575995013
09032024-072841;202439320001-Caroline de Toni;95990131000170;MUNICIPIO DE NOVA ITABERABA;3932;Caroline de Toni;200000.0;;2024OB008469;Banco do Brasil;001;1983-6;1983;7960-X;7960
09032024-074005;202442730001-Jorge Seif;95990131000170;MUNICIPIO DE NOVA ITABERABA;4273;Jorge Seif;100000.0;;2024OB010238;Caixa Econômica Federal;104;3831-8;3831;575995014-9;575995014
09032024-074469;202443390001-Daniela Reinehr;95990131000170;MUNICIPIO DE NOVA ITABERABA;4339;Daniela Reinehr;100000.0;;2024OB004285;Caixa Econômica Federal;104;3831-8;3831;575995015-7;575995015
09032025-083891;202540620003-RICARDO GUIDI;95990131000170;MUNICIPIO DE NOVA ITABERABA;4062;Ricardo Guidi;396000.0;Pavimentação De Estradas Vicinais - Pavimentação De Estradas Vicinais;2025OB001506;Caixa Econômica Federal;104;3831-8;3831;574881356-0;574881356
09032025-081798;202522100013-ESPERIDIÃO AMIN;95990131000170;MUNICIPIO DE NOVA ITABERABA;2210;Esperidião Amin;297000.0;Aquisição De Veiculos - Aquisição De Veiculos;;Caixa Econômica Federal;104;3831-8;3831;;
09032025-2-087601;202522100013-ESPERIDIÃO AMIN;95990131000170;MUNICIPIO DE NOVA ITABERABA;2210;Esperidião Amin;297000.0;Aquisição De Veiculos - Aquisição De Veiculos;2025OB007490;Caixa Econômica Federal;104;3831-8;3831;573269677-2;573269677
09032026-094202;202643920005-ISMAEL;95990131000170;MUNICIPIO DE NOVA ITABERABA;4392;Ismael;398000.0;Estradas Vicinais e Obras (GND 3/4) - Ministério da Agricultura e Pecuária - Estradas Vicinais e Obras (GND 3/4) - Ministério da Agricultura e Pecuária;2026OB006327;Caixa Econômica Federal;104;3831-8;3831;569086383-8;569086383
09032026-094589;202622100012-ESPERIDIÃO AMIN;95990131000170;MUNICIPIO DE NOVA ITABERABA;2210;Esperidião Amin;398000.0;Ampliação de Creche (Capital) - Fundo Nacional de Desenvolvimento da Educação - Ampliação de Creche (Capital) - Fundo Nacional de Desenvolvimento da Educação;2026OB003980;Caixa Econômica Federal;104;3831-8;3831;569260933-5;569260933
0903-003378;202022100018-Esperidião Amin;79372520000185;MUNICIPIO DE VITOR MEIRELES;2210;Esperidião Amin;150000.0;;2020OB801091;Caixa Econômica Federal;104;4441-5;4441;6672006-2;6672006
09032022-018228;202228560001-Rogério Peninha Mendonça;79372520000185;MUNICIPIO DE VITOR MEIRELES;2856;Rogério Peninha Mendonça;250000.0;;2023OB801110;Caixa Econômica Federal;104;4441-5;4441;575855651-0;575855651
09032022-016344;202239530001-Darci de Matos;79372520000185;MUNICIPIO DE VITOR MEIRELES;3953;Darci de Matos;100000.0;;2023OB802822;Caixa Econômica Federal;104;4441-5;4441;575855651-0;575855651
09032022-017389;202222100001-Esperidião Amin;79372520000185;MUNICIPIO DE VITOR MEIRELES;2210;Esperidião Amin;150000.0;;2023OB804123;Caixa Econômica Federal;104;4441-5;4441;575855651-0;575855651
09032023-034169;202318800004-Angela Amin;79372520000185;MUNICIPIO DE VITOR MEIRELES;1880;Angela Amin;500000.0;;2023OB811820;Caixa Econômica Federal;104;4441-5;4441;575855652-8;575855652
09032023-034412;202322100001-Esperidião Amin;79372520000185;MUNICIPIO DE VITOR MEIRELES;2210;Esperidião Amin;300000.0;;2023OB811979;Caixa Econômica Federal;104;4441-5;4441;575855652-8;575855652
09032023-2-041695;202342510010-Ivete da Silveira;79372520000185;MUNICIPIO DE VITOR MEIRELES;4251;Ivete da Silveira;100000.0;;2023OB815938;Caixa Econômica Federal;104;4441-5;4441;575855652-8;575855652
09032024-069085;202422100016-Esperidião Amin;79372520000185;MUNICIPIO DE VITOR MEIRELES;2210;Esperidião Amin;300000.0;;2024OB006416;Caixa Econômica Federal;104;4441-5;4441;575855657-9;575855657
09032024-075083;202444480002-Pezenti;79372520000185;MUNICIPIO DE VITOR MEIRELES;4448;Pezenti;300000.0;;2024OB012017;Caixa Econômica Federal;104;4441-5;4441;575855659-5;575855659
09032024-066093;202442730002-Jorge Seif;79372520000185;MUNICIPIO DE VITOR MEIRELES;4273;Jorge Seif;100000.0;;2024OB010266;Caixa Econômica Federal;104;4441-5;4441;575855658-7;575855658
09032025-075738;202542730002-JORGE SEIF;79372520000185;MUNICIPIO DE VITOR MEIRELES;4273;Jorge Seif;198000.0;Custeio Ao Piso Da Atenção Primária - Custeio Ao Piso Da Atenção Primária;;Caixa Econômica Federal;104;4441-5;4441;;
09032025-2-086815;202544480001-PEZENTI;79372520000185;MUNICIPIO DE VITOR MEIRELES;4448;Pezenti;396000.0;Objeto Único Não Padronizado – Demais - Veículo(s) para transporte de pacientes - 36000 Ministério da Saúde;2025OB009026;Banco do Brasil;001;5438-0;5438;8576-6;8576
09032025-2-085716;202542730002-JORGE SEIF;79372520000185;MUNICIPIO DE VITOR MEIRELES;4273;Jorge Seif;198000.0;Custeio Ao Piso Da Atenção Primária - Custeio Ao Piso Da Atenção Primária;;Banco do Brasil;001;5438-0;5438;;
09032025-079217;202544480001-PEZENTI;79372520000185;MUNICIPIO DE VITOR MEIRELES;4448;Pezenti;396000.0;Objeto Único Não Padronizado – Demais - Veículo(s) para transporte de pacientes - 36000 Ministério da Saúde;;Caixa Econômica Federal;104;4441-5;4441;;
09032026-094105;202644480001-PEZENTI;79372520000185;MUNICIPIO DE VITOR MEIRELES;4448;Pezenti;497500.0;Pavimentação Urbana - Ministério das Cidades - Pavimentação Urbana - Ministério das Cidades;;Caixa Econômica Federal;104;4441-5;4441;569002271-0;569002271
09032026-095800;202639320001-CAROLINE DE TONI;79372520000185;MUNICIPIO DE VITOR MEIRELES;3932;Caroline de Toni;199000.0;Aquisição de Máquinas e Equipamentos (GND 4) - Ministério da Agricultura e Pecuária - Aquisição de Máquinas e Equipamentos (GND 4) - Ministério da Agricultura e Pecuária;;Caixa Econômica Federal;104;4441-5;4441;568891835-3;568891835
09032026-096352;202640620003-RICARDO GUIDI;79372520000185;MUNICIPIO DE VITOR MEIRELES;4062;Ricardo Guidi;199000.0;Aquisição de Máquinas e Equipamentos (GND 4) - Ministério da Agricultura e Pecuária - Aquisição de Máquinas e Equipamentos (GND 4) - Ministério da Agricultura e Pecuária;2026OB005080;Caixa Econômica Federal;104;4441-5;4441;568891836-1;568891836
0903-003297;202039800001-Fabio Schiochet;95991071000100;MUNICIPIO DE RIO RUFINO;3980;Fabio Schiochet;100000.0;;2020OB801352;Banco do Brasil;001;2754-5;2754;14136-4;14136
0903-003617;202041850004-Jorginho Mello;95991071000100;MUNICIPIO DE RIO RUFINO;4185;Jorginho Mello;100000.0;;2020OB801757;Banco do Brasil;001;2754-5;2754;14136-4;14136
0903-004194;202022100018-Esperidião Amin;95991071000100;MUNICIPIO DE RIO RUFINO;2210;Esperidião Amin;100000.0;;2020OB801734;Banco do Brasil;001;2754-5;2754;14136-4;14136
0903-004784;202018800013-Angela Amin;95991071000100;MUNICIPIO DE RIO RUFINO;1880;Angela Amin;200000.0;;2020OB801350;Banco do Brasil;001;2754-5;2754;14136-4;14136
09032021-012236;202139800001-Fabio Schiochet;95991071000100;MUNICIPIO DE RIO RUFINO;3980;Fabio Schiochet;150000.0;;2021OB802298;Banco do Brasil;001;2754-5;2754;14901-2;14901
09032022-015097;202229250013-Carmen Zanotto;95991071000100;MUNICIPIO DE RIO RUFINO;2925;Carmen Zanotto;235904.0;;2023OB801306;Caixa Econômica Federal;104;1663-2;1663;575995898-0;575995898
09032023-031235;202332350003-Geovania De Sá;95991071000100;MUNICIPIO DE RIO RUFINO;3235;Geovania De Sá;150000.0;;2023OB812896;Banco do Brasil;001;2754-5;2754;16045-8;16045
09032023-038986;202342510010-Ivete da Silveira;95991071000100;MUNICIPIO DE RIO RUFINO;4251;Ivete da Silveira;100000.0;;2023OB814974;Banco do Brasil;001;2754-5;2754;16045-8;16045
09032022-020513;202240150005-Hélio Costa;95991071000100;MUNICIPIO DE RIO RUFINO;4015;Hélio Costa;250000.0;;2023OB803181;Caixa Econômica Federal;104;1663-2;1663;575995898-0;575995898
09032024-069172;202428550022-Pedro Uczai;95991071000100;MUNICIPIO DE RIO RUFINO;2855;Pedro Uczai;100000.0;;2024OB007082;Banco do Brasil;001;2754-5;2754;16562-X;16562
09032023-032857;202329250001-Carmen Zanotto;95991071000100;MUNICIPIO DE RIO RUFINO;2925;Carmen Zanotto;100000.0;;2023OB812599;Banco do Brasil;001;2754-5;2754;16045-8;16045
09032024-073941;202442730001-Jorge Seif;95991071000100;MUNICIPIO DE RIO RUFINO;4273;Jorge Seif;100000.0;;2024OB003782;Banco do Brasil;001;2754-5;2754;16564-6;16564
09032024-067035;202429250006-Carmen Zanotto;95991071000100;MUNICIPIO DE RIO RUFINO;2925;Carmen Zanotto;350000.0;;2024OB001364;Banco do Brasil;001;2754-5;2754;16563-8;16563
09032026-094563;202622100012-ESPERIDIÃO AMIN;95991071000100;MUNICIPIO DE RIO RUFINO;2210;Esperidião Amin;398000.0;Pavimentação De Estradas Vicinais - Ministério da Integração e do Desenvolvimento Regional - Pavimentação De Estradas Vicinais - Ministério da Integração e do Desenvolvimento Regional;2026OB000196;Banco do Brasil;001;2754-5;2754;18116-1;18116
09032026-089596;202632350004-GEOVANIA DE SÁ;95991071000100;MUNICIPIO DE RIO RUFINO;3235;Geovania De Sá;398000.0;Pavimentação Urbana - Ministério das Cidades - Pavimentação Urbana - Ministério das Cidades;2026OB000951;Banco do Brasil;001;2754-5;2754;18111-0;18111
09032025-2-087592;202522100013-ESPERIDIÃO AMIN;95991071000100;MUNICIPIO DE RIO RUFINO;2210;Esperidião Amin;396000.0;Abastecimento De Água - Abastecimento De Água;2025OB007493;Banco do Brasil;001;2754-5;2754;17853-5;17853
09032025-2-086800;202544480001-PEZENTI;95991071000100;MUNICIPIO DE RIO RUFINO;4448;Pezenti;396000.0;Aquisição de Máquinas e Equipamentos (GND 4) - Aquisição de Máquinas e Equipamentos (GND 4);2025OB009641;Banco do Brasil;001;2754-5;2754;17851-9;17851
09032025-081771;202522100013-ESPERIDIÃO AMIN;95991071000100;MUNICIPIO DE RIO RUFINO;2210;Esperidião Amin;396000.0;Abastecimento De Água - Abastecimento De Água;;Banco do Brasil;001;2754-5;2754;;
09032025-079185;202544480001-PEZENTI;95991071000100;MUNICIPIO DE RIO RUFINO;4448;Pezenti;198000.0;Aquisição De Máquinas, Implementos E Equipamentos Agrícolas Adaptados À Agricultura Familiar E Tecnologias Sociais - Aquisição De Máquinas, Implementos E Equipamentos Agrícolas Adaptados À Agricultura Familiar E Tecnologias Sociais.;;Banco do Brasil;001;2754-5;2754;;
09032025-079186;202544480001-PEZENTI;95991071000100;MUNICIPIO DE RIO RUFINO;4448;Pezenti;198000.0;Objeto Único Não Padronizado – Demais - Veículo(s) para transporte de pacientes - 36000 Ministério da Saúde;;Banco do Brasil;001;2754-5;2754;;
09032021-012125;202139530003-Darci de Matos;83102384000180;MUNICIPIO DE CANOINHAS;3953;Darci de Matos;100000.0;;2021OB802290;Caixa Econômica Federal;104;413-8;413;575864703-5;575864703
09032022-021845;202241850010-Jorginho Mello;83102384000180;MUNICIPIO DE CANOINHAS;4185;Jorginho Mello;200000.0;;2022OB804123;Caixa Econômica Federal;104;413-8;413;575864706-0;575864706
09032024-073522;202440620002-Ricardo Guidi;83102384000180;MUNICIPIO DE CANOINHAS;4062;Ricardo Guidi;150000.0;;2024OB009099;Caixa Econômica Federal;104;413-8;413;575864709-4;575864709
09032024-068692;202442510013-Ivete da Silveira;83102384000180;MUNICIPIO DE CANOINHAS;4251;Ivete da Silveira;150000.0;;2024OB010002;Caixa Econômica Federal;104;413-8;413;575864716-7;575864716
09032022-020242;202239800001-Fabio Schiochet;83102384000180;MUNICIPIO DE CANOINHAS;3980;Fabio Schiochet;500000.0;;2023OB802992;Caixa Econômica Federal;104;413-8;413;575864706-0;575864706
09032024-070551;202443250003-Cobalchini;83102384000180;MUNICIPIO DE CANOINHAS;4325;Cobalchini;100000.0;;2024OB004167;Caixa Econômica Federal;104;413-8;413;575864711-6;575864711
09032021-010970;202132350006-Geovania De Sá;83102384000180;MUNICIPIO DE CANOINHAS;3235;Geovania De Sá;249986.0;;2021OB802184;Caixa Econômica Federal;104;413-8;413;575864703-5;575864703
09032024-073885;202442090002-Jorge Goetten;83102384000180;MUNICIPIO DE CANOINHAS;4209;Jorge Goetten;500000.0;;2024OB003484;Caixa Econômica Federal;104;413-8;413;575864708-6;575864708
09032024-068809;202442510012-Ivete da Silveira;83102384000180;MUNICIPIO DE CANOINHAS;4251;Ivete da Silveira;150000.0;;2024OB003595;Caixa Econômica Federal;104;413-8;413;575864715-9;575864715
09032025-080753;202544010010-JULIA ZANATTA;83102384000180;MUNICIPIO DE CANOINHAS;4401;Julia Zanatta;495000.0;Objeto Único Não Padronizado – Obras e Serviços de Engenharia - Construção de Centro da Juventude a cargo do Ministério das Cidades - código UO 56000;2025OB007014;Caixa Econômica Federal;104;413-8;413;574040195-6;574040195
09032025-083408;202539800001-FABIO SCHIOCHET;83102384000180;MUNICIPIO DE CANOINHAS;3980;Fabio Schiochet;396000.0;Construção, Reforma Ou Ampliação De Espaços De Esporte E Lazer - Construção, Reforma Ou Ampliação De Espaços De Esporte E Lazer;2025OB004754;Banco do Brasil;001;343-3;343;54613-5;54613
09032025-084323;202542730001-JORGE SEIF;83102384000180;MUNICIPIO DE CANOINHAS;4273;Jorge Seif;396000.0;Reforma De Unidade Básica De Saúde - Reforma De Unidade Básica De Saúde;;Caixa Econômica Federal;104;413-8;413;;
09032025-083186;202539290001-CARLOS CHIODINI;83102384000180;MUNICIPIO DE CANOINHAS;3929;Carlos Chiodini;435600.0;Pavimentação - Pavimentação;2025OB001164;Caixa Econômica Federal;104;413-8;413;574776054-4;574776054
09032025-2-088288;202542730001-JORGE SEIF;83102384000180;MUNICIPIO DE CANOINHAS;4273;Jorge Seif;396000.0;Aquisição De Unidade Odontológica Móvel - Aquisição De Unidade Odontológica Móvel;2025OB008631;Caixa Econômica Federal;104;413-8;413;573269659-4;573269659
09032026-095954;202639800001-FABIO SCHIOCHET;83102384000180;MUNICIPIO DE CANOINHAS;3980;Fabio Schiochet;398000.0;Áreas De Lazer E Estruturas Para Atividades Físicas Em Espaços Públicos - Parques E Praças - Ministério das Cidades - Áreas De Lazer E Estruturas Para Atividades Físicas Em Espaços Públicos - Parques E Praças - Ministério das Cidades;2026OB001617;Banco do Brasil;001;343-3;343;56345-5;56345
09032025-080475;202590550002-GILSON MARQUES;83102384000180;MUNICIPIO DE CANOINHAS;9055;Gilson Marques;310860.0;Aquisição De Veiculos - Aquisição De Veiculos;;;;;;;
09032021-009483;202118800011-Angela Amin;82844754000192;MUNICIPIO DE BOM JARDIM DA SERRA;1880;Angela Amin;400000.0;;2021OB802019;Banco do Brasil;001;5257-4;5257;7444-6;7444
09032022-016350;202239530001-Darci de Matos;82844754000192;MUNICIPIO DE BOM JARDIM DA SERRA;3953;Darci de Matos;300000.0;;2022OB802721;Caixa Econômica Federal;104;1082-0;1082;575996509-0;575996509
09032022-017149;202218800004-Angela Amin;82844754000192;MUNICIPIO DE BOM JARDIM DA SERRA;1880;Angela Amin;150000.0;;2022OB800509;Caixa Econômica Federal;104;1082-0;1082;575996509-0;575996509
09032023-034180;202318800004-Angela Amin;82844754000192;MUNICIPIO DE BOM JARDIM DA SERRA;1880;Angela Amin;200000.0;;2023OB807172;Caixa Econômica Federal;104;1082-0;1082;575996511-1;575996511
09032022-021040;202240620006-Ricardo Guidi;82844754000192;MUNICIPIO DE BOM JARDIM DA SERRA;4062;Ricardo Guidi;400000.0;;2023OB803713;Caixa Econômica Federal;104;1082-0;1082;575996509-0;575996509
09032023-031263;202332350003-Geovania De Sá;82844754000192;MUNICIPIO DE BOM JARDIM DA SERRA;3235;Geovania De Sá;300000.0;;2023OB807173;Caixa Econômica Federal;104;1082-0;1082;575996511-1;575996511
09032024-067059;202429250006-Carmen Zanotto;82844754000192;MUNICIPIO DE BOM JARDIM DA SERRA;2925;Carmen Zanotto;350000.0;;2024OB001365;Caixa Econômica Federal;104;1082-0;1082;575996517-0;575996517
09032024-068024;202444010006-Julia Zanatta;82844754000192;MUNICIPIO DE BOM JARDIM DA SERRA;4401;Julia Zanatta;502000.0;;2024OB004645;Caixa Econômica Federal;104;1082-0;1082;575996512-0;575996512
09032024-069099;202422100016-Esperidião Amin;82844754000192;MUNICIPIO DE BOM JARDIM DA SERRA;2210;Esperidião Amin;250000.0;;2024OB005644;Caixa Econômica Federal;104;1082-0;1082;575996518-9;575996518
09032024-073527;202440620002-Ricardo Guidi;82844754000192;MUNICIPIO DE BOM JARDIM DA SERRA;4062;Ricardo Guidi;200000.0;;2024OB009108;Caixa Econômica Federal;104;1082-0;1082;575996516-2;575996516
09032024-073894;202442090002-Jorge Goetten;82844754000192;MUNICIPIO DE BOM JARDIM DA SERRA;4209;Jorge Goetten;400000.0;;2024OB009932;Caixa Econômica Federal;104;1082-0;1082;575996515-4;575996515
09032024-074029;202442730001-Jorge Seif;82844754000192;MUNICIPIO DE BOM JARDIM DA SERRA;4273;Jorge Seif;200000.0;;2024OB003768;Caixa Econômica Federal;104;1082-0;1082;575996514-6;575996514
09032024-074486;202443390001-Daniela Reinehr;82844754000192;MUNICIPIO DE BOM JARDIM DA SERRA;4339;Daniela Reinehr;100000.0;;2024OB010885;Caixa Econômica Federal;104;1082-0;1082;575996513-8;575996513
09032025-2-086999;202543920009-ISMAEL;82844754000192;MUNICIPIO DE BOM JARDIM DA SERRA;4392;Ismael;198000.0;Aquisição De Veiculos - Aquisição De Veiculos;2025OB008903;Caixa Econômica Federal;104;1082-0;1082;573478185-8;573478185
09032025-2-088291;202542730001-JORGE SEIF;82844754000192;MUNICIPIO DE BOM JARDIM DA SERRA;4273;Jorge Seif;396000.0;Construção, Reforma Ou Ampliação De Espaços De Esporte E Lazer - Construção, Reforma Ou Ampliação De Espaços De Esporte E Lazer;2025OB008628;Caixa Econômica Federal;104;1082-0;1082;573478184-0;573478184
09032025-081304;202542090003-JORGE GOETTEN;82844754000192;MUNICIPIO DE BOM JARDIM DA SERRA;4209;Jorge Goetten;594000.0;Objeto Único Não Padronizado – Obras e Serviços de Engenharia - REVITALIZAÇÃO,CONSTRUÇÃO DE CALÇADAS E URBANIZAÇÃO DE ÁREAS PÚBLICAS NO BAIRRO COHAB A  CARGO DO MINISTÉRIO DAS CIDADES - MCID (CÓDIGO56000);2025OB001902;Caixa Econômica Federal;104;1082-0;1082;574695536-8;574695536
09032025-082365;202529250007-CARMEN ZANOTTO;82844754000192;MUNICIPIO DE BOM JARDIM DA SERRA;2925;Carmen Zanotto;396000.0;Pavimentação - Pavimentação;2025OB000669;Caixa Econômica Federal;104;1082-0;1082;574739309-6;574739309
09032026-094211;202643920005-ISMAEL;82844754000192;MUNICIPIO DE BOM JARDIM DA SERRA;4392;Ismael;199000.0;Adquirir Equipamento De Climatização (Capital) - Fundo Nacional de Desenvolvimento da Educação - Adquirir Equipamento De Climatização (Capital) - Fundo Nacional de Desenvolvimento da Educação;2026OB003148;Caixa Econômica Federal;104;1082-0;1082;569487333-1;569487333
09032026-089627;202632350004-GEOVANIA DE SÁ;82844754000192;MUNICIPIO DE BOM JARDIM DA SERRA;3235;Geovania De Sá;398000.0;Obra - Galpões (Máquinas) - Infraestrutura Produtiva - Ministério da Integração e do Desenvolvimento Regional - Obra - Galpões (Máquinas) - Infraestrutura Produtiva - Ministério da Integração e do Desenvolvimento Regional;2026OB000950;Caixa Econômica Federal;104;1082-0;1082;569487332-3;569487332
09032025-084335;202542730001-JORGE SEIF;82844754000192;MUNICIPIO DE BOM JARDIM DA SERRA;4273;Jorge Seif;396000.0;Construção, Reforma Ou Ampliação De Espaços De Esporte E Lazer - Construção, Reforma Ou Ampliação De Espaços De Esporte E Lazer;;Caixa Econômica Federal;104;1082-0;1082;;
09032025-081167;202543920009-ISMAEL;82844754000192;MUNICIPIO DE BOM JARDIM DA SERRA;4392;Ismael;198000.0;Aquisição De Unidade Móvel De Saúde - Aquisição De Unidade Móvel De Saúde;;Caixa Econômica Federal;104;1082-0;1082;;
09032021-009957;202125690003-Celso Maldaner;78510112000180;MUNICIPIO DE LINDOIA DO SUL;2569;Celso Maldaner;300000.0;;2021OB803814;Caixa Econômica Federal;104;627-0;627;576002055-9;576002055
09032022-015121;202229250013-Carmen Zanotto;78510112000180;MUNICIPIO DE LINDOIA DO SUL;2925;Carmen Zanotto;250000.0;;2023OB801297;Caixa Econômica Federal;104;627-0;627;576002065-6;576002065
09032022-017720;202225690003-Celso Maldaner;78510112000180;MUNICIPIO DE LINDOIA DO SUL;2569;Celso Maldaner;500000.0;;2022OB800887;Caixa Econômica Federal;104;627-0;627;576002065-6;576002065
09032023-032877;202329250001-Carmen Zanotto;78510112000180;MUNICIPIO DE LINDOIA DO SUL;2925;Carmen Zanotto;100000.0;;2023OB812611;Caixa Econômica Federal;104;627-0;627;575863663-7;575863663
09032025-080756;202544010010-JULIA ZANATTA;78510112000180;MUNICIPIO DE LINDOIA DO SUL;4401;Julia Zanatta;198000.0;Aquisição De Unidade Móvel De Saúde - Aquisição De Unidade Móvel De Saúde;2025OB007034;Caixa Econômica Federal;104;627-0;627;574064311-9;574064311
09032025-082366;202529250007-CARMEN ZANOTTO;78510112000180;MUNICIPIO DE LINDOIA DO SUL;2925;Carmen Zanotto;198000.0;Equipamentos Agrícolas E Agropecuários - Equipamentos Agrícolas E Agropecuários - Rotas De Integração Nacional;2025OB000670;Caixa Econômica Federal;104;627-0;627;574711184-8;574711184
09032025-075749;202542730002-JORGE SEIF;78510112000180;MUNICIPIO DE LINDOIA DO SUL;4273;Jorge Seif;198000.0;Custeio Da Média E Alta Complexidade (Mac) - Custeio Da Média E Alta Complexidade (Mac);;Caixa Econômica Federal;104;627-0;627;;
09032025-2-085720;202542730002-JORGE SEIF;78510112000180;MUNICIPIO DE LINDOIA DO SUL;4273;Jorge Seif;198000.0;Custeio Da Média E Alta Complexidade (Mac) - Custeio Da Média E Alta Complexidade (Mac);2025OB008640;Caixa Econômica Federal;104;627-0;627;573269653-5;573269653
09032026-096367;202640620003-RICARDO GUIDI;78510112000180;MUNICIPIO DE LINDOIA DO SUL;4062;Ricardo Guidi;398000.0;Pavimentação Urbana - Ministério das Cidades - Pavimentação Urbana - Ministério das Cidades;2026OB001821;Caixa Econômica Federal;104;627-0;627;569836095-9;569836095
09032026-091798;202644010005-JULIA ZANATTA;78510112000180;MUNICIPIO DE LINDOIA DO SUL;4401;Julia Zanatta;497500.0;Pavimentação: Adequação De Vias, Pontes, Travessias e Obras de Artes Especiais em Área Urbana - Ministério das Cidades - Pavimentação: Adequação De Vias, Pontes, Travessias e Obras de Artes Especiais em Área Urbana - Ministério das Cidades;2026OB003198;Caixa Econômica Federal;104;627-0;627;569836094-0;569836094
0903-003321;202018800013-Angela Amin;82821190000172;MUNICIPIO DE MARAVILHA;1880;Angela Amin;150000.0;;2020OB801176;Caixa Econômica Federal;104;1077-4;1077;575861823-0;575861823
09032023-033066;202328550022-Pedro Uczai;82821190000172;MUNICIPIO DE MARAVILHA;2855;Pedro Uczai;489365.0;;2023OB809643;Caixa Econômica Federal;104;1077-4;1077;575861827-2;575861827
09032023-034751;202325690025-Celso Maldaner;82821190000172;MUNICIPIO DE MARAVILHA;2569;Celso Maldaner;5547289.0;;2023OB806752;Caixa Econômica Federal;104;1077-4;1077;575861827-2;575861827
09032024-069073;202422100016-Esperidião Amin;82821190000172;MUNICIPIO DE MARAVILHA;2210;Esperidião Amin;600000.0;;2024OB005628;Caixa Econômica Federal;104;1077-4;1077;575861839-6;575861839
09032024-072818;202439320001-Caroline de Toni;82821190000172;MUNICIPIO DE MARAVILHA;3932;Caroline de Toni;130000.0;;2024OB002358;Caixa Econômica Federal;104;1077-4;1077;575861834-5;575861834
09032024-073969;202442730001-Jorge Seif;82821190000172;MUNICIPIO DE MARAVILHA;4273;Jorge Seif;100000.0;;2024OB003779;Caixa Econômica Federal;104;1077-4;1077;575861835-3;575861835
09032024-074451;202443390001-Daniela Reinehr;82821190000172;MUNICIPIO DE MARAVILHA;4339;Daniela Reinehr;1330000.0;;2024OB004287;Caixa Econômica Federal;104;1077-4;1077;575861836-1;575861836
09032023-037045;202339320001-Caroline de Toni;82821190000172;MUNICIPIO DE MARAVILHA;3932;Caroline de Toni;100000.0;;2023OB810536;Caixa Econômica Federal;104;1077-4;1077;575861827-2;575861827
09032024-068667;202442510013-Ivete da Silveira;82821190000172;MUNICIPIO DE MARAVILHA;4251;Ivete da Silveira;210000.0;;2024OB010013;Caixa Econômica Federal;104;1077-4;1077;575861838-8;575861838
09032024-068784;202442510012-Ivete da Silveira;82821190000172;MUNICIPIO DE MARAVILHA;4251;Ivete da Silveira;210000.0;;2024OB003540;Caixa Econômica Federal;104;1077-4;1077;575861837-0;575861837
09032025-084664;202543250005-COBALCHINI;82821190000172;MUNICIPIO DE MARAVILHA;4325;Cobalchini;495000.0;Pavimentação - Pavimentação;2025OB002187;Caixa Econômica Federal;104;1077-4;1077;574847021-3;574847021
09032026-097239;202643250001-COBALCHINI;82821190000172;MUNICIPIO DE MARAVILHA;4325;Cobalchini;398000.0;Pavimentação Urbana - Ministério das Cidades - Pavimentação Urbana - Ministério das Cidades;2026OB002839;Caixa Econômica Federal;104;1077-4;1077;569563231-1;569563231
09032026-094573;202622100012-ESPERIDIÃO AMIN;82821190000172;MUNICIPIO DE MARAVILHA;2210;Esperidião Amin;398000.0;Reforma de Pré-Escola (Capital) - Fundo Nacional de Desenvolvimento da Educação - Reforma de Pré-Escola (Capital) - Fundo Nacional de Desenvolvimento da Educação;2026OB003977;Caixa Econômica Federal;104;1077-4;1077;569171447-0;569171447
09032026-097238;202643250001-COBALCHINI;82821190000172;MUNICIPIO DE MARAVILHA;4325;Cobalchini;398000.0;Pavimentação De Estradas Vicinais - Ministério da Integração e do Desenvolvimento Regional - Pavimentação De Estradas Vicinais - Ministério da Integração e do Desenvolvimento Regional;2026OB002840;Caixa Econômica Federal;104;1077-4;1077;569446585-3;569446585
09032026-097329;202643390009-DANIELA REINEHR;82821190000172;MUNICIPIO DE MARAVILHA;4339;Daniela Reinehr;2985000.0;Pavimentação Urbana - Ministério das Cidades - Pavimentação Urbana - Ministério das Cidades;2026OB002897;Caixa Econômica Federal;104;1077-4;1077;569563229-0;569563229
09032022-016149;202237860003-Dário Berger;83102681000126;MUNICIPIO DE POUSO REDONDO;3786;Dário Berger;150000.0;;2023OB802155;Caixa Econômica Federal;104;4440-7;4440;576123338-6;576123338
09032022-018237;202228560001-Rogério Peninha Mendonça;83102681000126;MUNICIPIO DE POUSO REDONDO;2856;Rogério Peninha Mendonça;250000.0;;2023OB801118;Caixa Econômica Federal;104;4440-7;4440;576123338-6;576123338
09032022-021861;202241850010-Jorginho Mello;83102681000126;MUNICIPIO DE POUSO REDONDO;4185;Jorginho Mello;200000.0;;2023OB804953;Caixa Econômica Federal;104;4440-7;4440;576123338-6;576123338
09032023-2-041701;202342510010-Ivete da Silveira;83102681000126;MUNICIPIO DE POUSO REDONDO;4251;Ivete da Silveira;500000.0;;2023OB815927;Caixa Econômica Federal;104;4440-7;4440;576124208-3;576124208
09032024-074042;202442730001-Jorge Seif;83102681000126;MUNICIPIO DE POUSO REDONDO;4273;Jorge Seif;200000.0;;2024OB003718;Caixa Econômica Federal;104;4440-7;4440;576124238-5;576124238
09032025-080477;202590550002-GILSON MARQUES;83102681000126;MUNICIPIO DE POUSO REDONDO;9055;Gilson Marques;247500.0;Aquisição De Equipamentos Esportivos - Aquisição De Equipamentos Esportivos;2025OB005114;Caixa Econômica Federal;104;4440-7;4440;574600863-6;574600863
09032025-075752;202542730002-JORGE SEIF;83102681000126;MUNICIPIO DE POUSO REDONDO;4273;Jorge Seif;198000.0;Objeto Único Não Padronizado – Demais - ÓRGÃO 51000 - ESPORTE;;Caixa Econômica Federal;104;4440-7;4440;;
09032025-2-085721;202542730002-JORGE SEIF;83102681000126;MUNICIPIO DE POUSO REDONDO;4273;Jorge Seif;198000.0;Custeio Ao Piso Da Atenção Primária - Custeio Ao Piso Da Atenção Primária;;Caixa Econômica Federal;104;4440-7;4440;;
09032026-089637;202632350004-GEOVANIA DE SÁ;83102681000126;MUNICIPIO DE POUSO REDONDO;3235;Geovania De Sá;447750.0;Aquisição de Máquinas e Equipamentos (GND 4) - Ministério da Agricultura e Pecuária - Aquisição de Máquinas e Equipamentos (GND 4) - Ministério da Agricultura e Pecuária;;Caixa Econômica Federal;104;4440-7;4440;568927557-0;568927557
09032023-034184;202318800004-Angela Amin;83024257000100;CONCÓRDIA;1880;Angela Amin;250000.0;;2023OB807978;Caixa Econômica Federal;104;627-0;627;575863665-3;575863665
09032023-034743;202325690013-Celso Maldaner;83024257000100;CONCÓRDIA;2569;Celso Maldaner;814604.0;;2023OB809391;Caixa Econômica Federal;104;627-0;627;575863665-3;575863665
09032023-037088;202339320001-Caroline de Toni;83024257000100;CONCÓRDIA;3932;Caroline de Toni;900000.0;;2023OB808009;Caixa Econômica Federal;104;627-0;627;575863665-3;575863665
09032025-079236;202544480001-PEZENTI;83024257000100;CONCÓRDIA;4448;Pezenti;297000.0;Objeto Único Não Padronizado – Demais - 265 - Construção, Reforma Ou Ampliação De Infraestrutura Esportiva;;Caixa Econômica Federal;104;627-0;627;;
09032025-084343;202542730001-JORGE SEIF;83024257000100;CONCÓRDIA;4273;Jorge Seif;396000.0;Pavimentação - Pavimentação;2025OB002005;Caixa Econômica Federal;104;627-0;627;574824054-4;574824054
09032025-080761;202544010010-JULIA ZANATTA;83024257000100;CONCÓRDIA;4401;Julia Zanatta;495000.0;Pavimentação - Pavimentação;2025OB002415;Caixa Econômica Federal;104;627-0;627;574824053-6;574824053
09032025-2-086827;202544480001-PEZENTI;83024257000100;CONCÓRDIA;4448;Pezenti;297000.0;Aquisição De Equipamentos Esportivos - Aquisição De Equipamentos Esportivos;2025OB010026;Caixa Econômica Federal;104;627-0;627;573084507-0;573084507
09032026-094127;202644480001-PEZENTI;83024257000100;CONCÓRDIA;4448;Pezenti;215915.0;Aquisição De Viatura Para A Polícia Militar - Ministério da Justiça e Segurança Pública - Aquisição De Viatura Para A Polícia Militar - Ministério da Justiça e Segurança Pública;2026OB005989;Caixa Econômica Federal;104;627-0;627;569043853-3;569043853
09032026-094217;202643920005-ISMAEL;83024257000100;CONCÓRDIA;4392;Ismael;497500.0;Pavimentação: Adequação De Vias, Pontes, Travessias e Obras de Artes Especiais em Área Urbana - Ministério das Cidades - Pavimentação: Adequação De Vias, Pontes, Travessias e Obras de Artes Especiais em Área Urbana - Ministério das Cidades;2026OB003143;Caixa Econômica Federal;104;627-0;627;569650864-9;569650864
09032026-095824;202639320001-CAROLINE DE TONI;83024257000100;CONCÓRDIA;3932;Caroline de Toni;597000.0;Pavimentação Urbana - Ministério das Cidades - Pavimentação Urbana - Ministério das Cidades;2026OB001461;Caixa Econômica Federal;104;627-0;627;569650863-0;569650863
09032022-015109;202229250013-Carmen Zanotto;78492576000100;MUNICIPIO DE URUPEMA;2925;Carmen Zanotto;200000.0;;2023OB801312;Banco do Brasil;001;5440-2;5440;7148-X;7148
09032022-017143;202218800004-Angela Amin;78492576000100;MUNICIPIO DE URUPEMA;1880;Angela Amin;250000.0;;2023OB800275;Banco do Brasil;001;5440-2;5440;7148-X;7148
09032022-020517;202240150005-Hélio Costa;78492576000100;MUNICIPIO DE URUPEMA;4015;Hélio Costa;150000.0;;2023OB803180;Banco do Brasil;001;5440-2;5440;7148-X;7148
09032023-032870;202329250001-Carmen Zanotto;78492576000100;MUNICIPIO DE URUPEMA;2925;Carmen Zanotto;50000.0;;2023OB808652;Banco do Brasil;001;5440-2;5440;7391-1;7391
0903-004108;202018800013-Angela Amin;78492576000100;MUNICIPIO DE URUPEMA;1880;Angela Amin;90454.0;;2020OB801081;Banco do Brasil;001;5440-2;5440;6793-8;6793
09032024-067050;202429250006-Carmen Zanotto;78492576000100;MUNICIPIO DE URUPEMA;2925;Carmen Zanotto;440000.0;;2024OB001386, 2024OB007327;Banco do Brasil;001;5440-2;5440;7780-1;7780
09032024-073992;202442730001-Jorge Seif;78492576000100;MUNICIPIO DE URUPEMA;4273;Jorge Seif;200000.0;;2024OB003721;Banco do Brasil;001;5440-2;5440;7782-8;7782
09032024-073876;202442090002-Jorge Goetten;78492576000100;MUNICIPIO DE URUPEMA;4209;Jorge Goetten;200000.0;;2024OB009941;Banco do Brasil;001;5440-2;5440;7781-X;7781
09032025-082364;202529250007-CARMEN ZANOTTO;78492576000100;MUNICIPIO DE URUPEMA;2925;Carmen Zanotto;396000.0;Pavimentação - Pavimentação;2025OB000668;Banco do Brasil;001;5440-2;5440;8403-4;8403
09032025-2-085715;202542730002-JORGE SEIF;78492576000100;MUNICIPIO DE URUPEMA;4273;Jorge Seif;198000.0;Objeto Único Não Padronizado – Demais - Órgão 53000 - MIDR;2025OB008638;Banco do Brasil;001;5440-2;5440;8464-6;8464
09032026-089614;202632350004-GEOVANIA DE SÁ;78492576000100;MUNICIPIO DE URUPEMA;3235;Geovania De Sá;199000.0;Aquisição De Unidade Móvel De Saúde - Ministério da Saúde - Aquisição De Unidade Móvel De Saúde - Ministério da Saúde;2026OB000956;Banco do Brasil;001;5440-2;5440;8534-0;8534
09032025-075737;202542730002-JORGE SEIF;78492576000100;MUNICIPIO DE URUPEMA;4273;Jorge Seif;198000.0;Objeto Único Não Padronizado – Demais - ÓRGÃO 53000 - MIDR;;Banco do Brasil;001;5440-2;5440;;
09032021-009478;202118800011-Angela Amin;82911249000113;MUNICIPIO DE ARARANGUA;1880;Angela Amin;200000.0;;2021OB800234;Caixa Econômica Federal;104;427-8;427;575864843-0;575864843
09032021-009655;202122100006-Esperidião Amin;82911249000113;MUNICIPIO DE ARARANGUA;2210;Esperidião Amin;289993.0;;2021OB800313;Caixa Econômica Federal;104;427-8;427;575864843-0;575864843
09032021-009953;202125690003-Celso Maldaner;82911249000113;MUNICIPIO DE ARARANGUA;2569;Celso Maldaner;500000.0;;2021OB800423;Caixa Econômica Federal;104;427-8;427;575864843-0;575864843
09032021-011514;202137860003-Dário Berger;82911249000113;MUNICIPIO DE ARARANGUA;3786;Dário Berger;500000.0;;2021OB801112;Caixa Econômica Federal;104;427-8;427;575864843-0;575864843
09032024-068690;202442510013-Ivete da Silveira;82911249000113;MUNICIPIO DE ARARANGUA;4251;Ivete da Silveira;100000.0;;2024OB009971;Caixa Econômica Federal;104;427-8;427;575864845-7;575864845
09032024-068807;202442510012-Ivete da Silveira;82911249000113;MUNICIPIO DE ARARANGUA;4251;Ivete da Silveira;100000.0;;2024OB003560;Caixa Econômica Federal;104;427-8;427;575864848-1;575864848
09032024-073520;202440620002-Ricardo Guidi;82911249000113;MUNICIPIO DE ARARANGUA;4062;Ricardo Guidi;500000.0;;2024OB002903;Caixa Econômica Federal;104;427-8;427;575864846-5;575864846
09032024-074010;202442730001-Jorge Seif;82911249000113;MUNICIPIO DE ARARANGUA;4273;Jorge Seif;150000.0;;2024OB003771;Caixa Econômica Federal;104;427-8;427;575864847-3;575864847
09032025-081298;202542090003-JORGE GOETTEN;82911249000113;MUNICIPIO DE ARARANGUA;4209;Jorge Goetten;247500.0;Aquisição De Armamento Para A Polícia Civil - Aquisição De Armamento Para A Polícia Civil;;Caixa Econômica Federal;104;427-8;427;;
09032025-080750;202544010010-JULIA ZANATTA;82911249000113;MUNICIPIO DE ARARANGUA;4401;Julia Zanatta;495000.0;Objeto Único Não Padronizado – Obras e Serviços de Engenharia - Construção de Centro do Empreendedor a cargo do Ministério das Cidades - código UO 56000;2025OB007005;Caixa Econômica Federal;104;427-8;427;574064318-6;574064318
09032026-093916;202642090003-JORGE GOETTEN;82911249000113;MUNICIPIO DE ARARANGUA;4209;Jorge Goetten;497500.0;Pavimentação Urbana - Ministério das Cidades - Pavimentação Urbana - Ministério das Cidades;2026OB002389;Caixa Econômica Federal;104;427-8;427;569528938-2;569528938
09032026-094204;202643920005-ISMAEL;82911249000113;MUNICIPIO DE ARARANGUA;4392;Ismael;497500.0;Aquisição de Máquinas e Equipamentos (GND 4) - Ministério da Agricultura e Pecuária - Aquisição de Máquinas e Equipamentos (GND 4) - Ministério da Agricultura e Pecuária;2026OB005828;Caixa Econômica Federal;104;427-8;427;569002277-9;569002277
09032026-095743;202639290001-CARLOS CHIODINI;82911249000113;MUNICIPIO DE ARARANGUA;3929;Carlos Chiodini;995000.0;Pavimentação Urbana - Ministério das Cidades - Pavimentação Urbana - Ministério das Cidades;2026OB001444;Caixa Econômica Federal;104;427-8;427;569528939-0;569528939
0903-003213;202018800013-Angela Amin;83102251000104;MUNICIPIO DE POMERODE;1880;Angela Amin;150000.0;;2020OB801126;Caixa Econômica Federal;104;1880-5;1880;575858567-6;575858567
0903-004640;202022100018-Esperidião Amin;83102251000104;MUNICIPIO DE POMERODE;2210;Esperidião Amin;150000.0;;2020OB801129;Caixa Econômica Federal;104;1880-5;1880;575858567-6;575858567
09032021-013499;202190550007-Gilson Marques;83102251000104;MUNICIPIO DE POMERODE;9055;Gilson Marques;500000.0;;2021OB801622;Caixa Econômica Federal;104;1880-5;1880;575858568-4;575858568
09032024-072824;202439320001-Caroline de Toni;83102251000104;MUNICIPIO DE POMERODE;3932;Caroline de Toni;150000.0;;2024OB008513;Caixa Econômica Federal;104;1880-5;1880;575858573-0;575858573
09032023-034160;202318800004-Angela Amin;83102251000104;MUNICIPIO DE POMERODE;1880;Angela Amin;300000.0;;2023OB809126;Caixa Econômica Federal;104;1880-5;1880;575858571-4;575858571
09032024-069308;202490550002-Gilson Marques;83102251000104;MUNICIPIO DE POMERODE;9055;Gilson Marques;300000.0;;2024OB005308;Caixa Econômica Federal;104;1880-5;1880;575858572-2;575858572
09032025-083221;202539320001-CAROLINE DE TONI;83102251000104;MUNICIPIO DE POMERODE;3932;Caroline de Toni;396000.0;Pavimentação - Pavimentação;2025OB006037;Caixa Econômica Federal;104;1880-5;1880;574009688-6;574009688
09032025-084314;202542730001-JORGE SEIF;83102251000104;MUNICIPIO DE POMERODE;4273;Jorge Seif;396000.0;Pavimentação - Pavimentação;2025OB006627;Caixa Econômica Federal;104;1880-5;1880;574009689-4;574009689
09032025-2-086834;202590550002-GILSON MARQUES;83102251000104;MUNICIPIO DE POMERODE;9055;Gilson Marques;297000.0;Adquirir Mobiliário Para Outros Ambientes Escolares (Capital) - Adquirir Mobiliário Para Outros Ambientes Escolares (Capital);2025OB009186;Banco do Brasil;001;2474-0;2474;31301-7;31301
09032025-2-087996;202539490006-DANIEL FREITAS;83102251000104;MUNICIPIO DE POMERODE;3949;Daniel Freitas;297000.0;Aquisição De Equipamentos Esportivos - Aquisição De Equipamentos Esportivos;2025OB008129;Banco do Brasil;001;2474-0;2474;31317-3;31317
09032026-091779;202644010005-JULIA ZANATTA;83102251000104;MUNICIPIO DE POMERODE;4401;Julia Zanatta;696500.0;Aquisição de Máquinas e Equipamentos (GND 4) - Ministério da Agricultura e Pecuária - Aquisição de Máquinas e Equipamentos (GND 4) - Ministério da Agricultura e Pecuária;2026OB005869;Banco do Brasil;001;2474-0;2474;31813-2;31813
09032025-083292;202539490006-DANIEL FREITAS;83102251000104;MUNICIPIO DE POMERODE;3949;Daniel Freitas;297000.0;Aquisição De Equipamentos Esportivos - Aquisição De Equipamentos Esportivos;;Caixa Econômica Federal;104;1880-5;1880;;
09032025-080470;202590550002-GILSON MARQUES;83102251000104;MUNICIPIO DE POMERODE;9055;Gilson Marques;297000.0;Adquirir Mobiliário Para Outros Ambientes Escolares (Capital) - Adquirir Mobiliário Para Outros Ambientes Escolares (Capital);;Caixa Econômica Federal;104;1880-5;1880;;
09032025-080471;202590550002-GILSON MARQUES;83102251000104;MUNICIPIO DE POMERODE;9055;Gilson Marques;297000.0;Aquisição De Equipamento E Material Permanente Para Unidade De Atenção Especializada Em Saúde - Aquisição De Equipamento E Material Permanente Para Unidade De Atenção Especializada Em Saúde;;Caixa Econômica Federal;104;1880-5;1880;;
09032025-2-086835;202590550002-GILSON MARQUES;83102251000104;MUNICIPIO DE POMERODE;9055;Gilson Marques;297000.0;Aquisição De Equipamento E Material Permanente Para Unidade De Atenção Especializada Em Saúde - Aquisição De Equipamento E Material Permanente Para Unidade De Atenção Especializada Em Saúde;2025OB010142;Banco do Brasil;001;2474-0;2474;31407-2;31407
09032026-094191;202643920005-ISMAEL;83102251000104;MUNICIPIO DE POMERODE;4392;Ismael;497500.0;Cemitérios E Espaços Públicos Associados Ao Cemitério Como Capela Mortuária - Ministério das Cidades - Cemitérios E Espaços Públicos Associados Ao Cemitério Como Capela Mortuária - Ministério das Cidades;;;;;;;
0903-003472;202028560001-Rogério Peninha Mendonça;82562893000123;MUNICIPIO DE CANELINHA;2856;Rogério Peninha Mendonça;250000.0;;2020OB801133;Caixa Econômica Federal;104;1795-7;1795;575859333-4;575859333
09032022-016113;202237860003-Dário Berger;82562893000123;MUNICIPIO DE CANELINHA;3786;Dário Berger;150000.0;;2023OB802157;Caixa Econômica Federal;104;1795-7;1795;575859336-9;575859336
09032025-2-088542;202544930007-ZÉ TROVÃO;82562893000123;MUNICIPIO DE CANELINHA;4493;Zé Trovão;1980000.0;Pavimentação - Pavimentação;2025OB009120;Caixa Econômica Federal;104;1795-7;1795;573636819-2;573636819
09032022-018209;202228560001-Rogério Peninha Mendonça;82562893000123;MUNICIPIO DE CANELINHA;2856;Rogério Peninha Mendonça;250000.0;;2022OB801271;Caixa Econômica Federal;104;1795-7;1795;575859336-9;575859336
09032023-031238;202332350003-Geovania De Sá;82562893000123;MUNICIPIO DE CANELINHA;3235;Geovania De Sá;100000.0;;2023OB805819;Caixa Econômica Federal;104;1795-7;1795;575859338-5;575859338
09032023-037039;202339320001-Caroline de Toni;82562893000123;MUNICIPIO DE CANELINHA;3932;Caroline de Toni;250000.0;;2023OB813616;Caixa Econômica Federal;104;1795-7;1795;575859338-5;575859338
09032023-037232;202339530001-Darci de Matos;82562893000123;MUNICIPIO DE CANELINHA;3953;Darci de Matos;3258418.0;;2023OB807526;Caixa Econômica Federal;104;1795-7;1795;575859338-5;575859338
09032023-037418;202339800001-Fabio Schiochet;82562893000123;MUNICIPIO DE CANELINHA;3980;Fabio Schiochet;200000.0;;2023OB813843;Caixa Econômica Federal;104;1795-7;1795;575859338-5;575859338
09032023-037627;202340150002-Hélio Costa;82562893000123;MUNICIPIO DE CANELINHA;4015;Hélio Costa;2500000.0;;2023OB805820;Caixa Econômica Federal;104;1795-7;1795;575859338-5;575859338
09032024-074762;202444010010-Julia Zanatta;82562893000123;MUNICIPIO DE CANELINHA;4401;Julia Zanatta;1500000.0;;2024OB004635;Caixa Econômica Federal;104;1795-7;1795;575859339-3;575859339
09032024-068219;202439490003-Daniel Freitas;82562893000123;MUNICIPIO DE CANELINHA;3949;Daniel Freitas;2000000.0;;2024OB008575;Caixa Econômica Federal;104;1795-7;1795;575859349-0;575859349
09032024-068655;202442510013-Ivete da Silveira;82562893000123;MUNICIPIO DE CANELINHA;4251;Ivete da Silveira;200000.0;;2024OB009980;Caixa Econômica Federal;104;1795-7;1795;575859353-9;575859353
09032024-068772;202442510012-Ivete da Silveira;82562893000123;MUNICIPIO DE CANELINHA;4251;Ivete da Silveira;200000.0;;2024OB003527;Caixa Econômica Federal;104;1795-7;1795;575859352-0;575859352
09032024-072761;202439290001-Carlos Chiodini;82562893000123;MUNICIPIO DE CANELINHA;3929;Carlos Chiodini;450000.0;;2024OB008448;Caixa Econômica Federal;104;1795-7;1795;575859354-7;575859354
09032024-073859;202442090002-Jorge Goetten;82562893000123;MUNICIPIO DE CANELINHA;4209;Jorge Goetten;100000.0;;2024OB009942;Caixa Econômica Federal;104;1795-7;1795;575859355-5;575859355
09032024-073957;202442730001-Jorge Seif;82562893000123;MUNICIPIO DE CANELINHA;4273;Jorge Seif;200000.0;;2024OB003758;Caixa Econômica Federal;104;1795-7;1795;575859351-2;575859351
09032024-074708;202443920001-Ismael;82562893000123;MUNICIPIO DE CANELINHA;4392;Ismael;2000000.0;;2024OB004536;Caixa Econômica Federal;104;1795-7;1795;575859348-2;575859348
09032024-075293;202444930001-Zé Trovão;82562893000123;MUNICIPIO DE CANELINHA;4493;Zé Trovão;6000000.0;;2024OB005167;Caixa Econômica Federal;104;1795-7;1795;575859341-5;575859341
09032025-080735;202544010010-JULIA ZANATTA;82562893000123;MUNICIPIO DE CANELINHA;4401;Julia Zanatta;295012.08;Objeto Único Não Padronizado – Demais - Aquisição de Veículo/Equipamentos/Material Permanente a cargo do Ministério do Desenvolvimento e Assistência Social, Família e Combate à Fome - código UO 55000;2025OB007016;Caixa Econômica Federal;104;1795-7;1795;574040191-3;574040191
09032025-081279;202542090003-JORGE GOETTEN;82562893000123;MUNICIPIO DE CANELINHA;4209;Jorge Goetten;396000.0;Áreas De Lazer E Estruturas Para Atividades Físicas Em Espaços Públicos - Áreas De Lazer E Estruturas Para Atividades Físicas Em Espaços Públicos - Parques E Praças;2025OB006572;Caixa Econômica Federal;104;1795-7;1795;574024385-4;574024385
09032025-083393;202539800001-FABIO SCHIOCHET;82562893000123;MUNICIPIO DE CANELINHA;3980;Fabio Schiochet;495000.0;Pavimentação - Pavimentação;2025OB001290;Caixa Econômica Federal;104;1795-7;1795;574893801-0;574893801
09032025-085004;202543920006-ISMAEL;82562893000123;MUNICIPIO DE CANELINHA;4392;Ismael;990000.0;Pavimentação: Adequação De Vias - Pavimentação: Adequação De Vias;2025OB002372;Caixa Econômica Federal;104;1795-7;1795;574881328-5;574881328
09032026-095785;202639320001-CAROLINE DE TONI;82562893000123;MUNICIPIO DE CANELINHA;3932;Caroline de Toni;298500.0;Aquisição de Máquinas e Equipamentos (GND 4) - Ministério da Agricultura e Pecuária - Aquisição de Máquinas e Equipamentos (GND 4) - Ministério da Agricultura e Pecuária;;Caixa Econômica Federal;104;1795-7;1795;568927548-0;568927548
09032026-095937;202639800001-FABIO SCHIOCHET;82562893000123;MUNICIPIO DE CANELINHA;3980;Fabio Schiochet;497500.0;Pavimentação Urbana - Ministério das Cidades - Pavimentação Urbana - Ministério das Cidades;2026OB001591;Caixa Econômica Federal;104;1795-7;1795;569879392-8;569879392
09032022-014149;202232350003-Geovania De Sá;83102814000164;MUNICIPIO DE RODEIO;3235;Geovania De Sá;200000.0;;2022OB801786;Caixa Econômica Federal;104;809-5;809;575997235-5;575997235
09032022-018238;202228560001-Rogério Peninha Mendonça;83102814000164;MUNICIPIO DE RODEIO;2856;Rogério Peninha Mendonça;250000.0;;2023OB801119;Caixa Econômica Federal;104;809-5;809;575997235-5;575997235
09032022-016150;202237860003-Dário Berger;83102814000164;MUNICIPIO DE RODEIO;3786;Dário Berger;500000.0;;2022OB802261;Caixa Econômica Federal;104;809-5;809;575997235-5;575997235
09032023-037081;202339320001-Caroline de Toni;83102814000164;MUNICIPIO DE RODEIO;3932;Caroline de Toni;300000.0;;2023OB813631;Caixa Econômica Federal;104;809-5;809;575997236-3;575997236
09032023-039039;202342510010-Ivete da Silveira;83102814000164;MUNICIPIO DE RODEIO;4251;Ivete da Silveira;300000.0;;2023OB814995;Caixa Econômica Federal;104;809-5;809;575997236-3;575997236
09032023-034428;202322100001-Esperidião Amin;83102814000164;MUNICIPIO DE RODEIO;2210;Esperidião Amin;300000.0;;2023OB811978;Caixa Econômica Federal;104;809-5;809;575997236-3;575997236
09032024-069317;202490550002-Gilson Marques;83102814000164;MUNICIPIO DE RODEIO;9055;Gilson Marques;400000.0;;2024OB011313;Caixa Econômica Federal;104;809-5;809;575997238-0;575997238
09032024-074043;202442730001-Jorge Seif;83102814000164;MUNICIPIO DE RODEIO;4273;Jorge Seif;100000.0;;2024OB010262;Caixa Econômica Federal;104;809-5;809;575997239-8;575997239
09032024-075093;202444480002-Pezenti;83102814000164;MUNICIPIO DE RODEIO;4448;Pezenti;300000.0;;2024OB012011;Caixa Econômica Federal;104;809-5;809;575997237-1;575997237
09032025-079234;202544480001-PEZENTI;83102814000164;MUNICIPIO DE RODEIO;4448;Pezenti;495000.0;Objeto Único Não Padronizado – Demais - Manutenção de estradas vicinais - 22000 - Ministério da Agricultura, Pecuária e Abastecimento.;;Banco do Brasil;001;2549-6;2549;;
09032025-2-086826;202544480001-PEZENTI;83102814000164;MUNICIPIO DE RODEIO;4448;Pezenti;495000.0;Pavimentação - Pavimentação;2025OB009013;Banco do Brasil;001;2549-6;2549;18713-5;18713
09032026-093933;202642090003-JORGE GOETTEN;83102814000164;MUNICIPIO DE RODEIO;4209;Jorge Goetten;398000.0;Pavimentação Urbana - Ministério das Cidades - Pavimentação Urbana - Ministério das Cidades;;Banco do Brasil;001;2549-6;2549;18880-8;18880
09032026-094125;202644480001-PEZENTI;83102814000164;MUNICIPIO DE RODEIO;4448;Pezenti;497500.0;Pavimentação Urbana - Ministério das Cidades - Pavimentação Urbana - Ministério das Cidades;2026OB005988;Banco do Brasil;001;2549-6;2549;18881-6;18881
0903-003354;202041850004-Jorginho Mello;82939414000145;MUNICIPIO DE CATANDUVAS;4185;Jorginho Mello;200000.0;;2020OB801702;Banco do Brasil;001;1760-4;1760;16852-1;16852
09032024-068656;202442510013-Ivete da Silveira;82939414000145;MUNICIPIO DE CATANDUVAS;4251;Ivete da Silveira;175000.0;;2024OB009985;Caixa Econômica Federal;104;3554-8;3554;575855797-4;575855797
09032024-068773;202442510012-Ivete da Silveira;82939414000145;MUNICIPIO DE CATANDUVAS;4251;Ivete da Silveira;175000.0;;2024OB003599;Caixa Econômica Federal;104;3554-8;3554;575855795-8;575855795
09032024-072811;202439320001-Caroline de Toni;82939414000145;MUNICIPIO DE CATANDUVAS;3932;Caroline de Toni;200000.0;;2024OB008506;Caixa Econômica Federal;104;3554-8;3554;575855796-6;575855796
09032023-034386;202322100001-Esperidião Amin;82939414000145;MUNICIPIO DE CATANDUVAS;2210;Esperidião Amin;200000.0;;2023OB809275;Caixa Econômica Federal;104;3554-8;3554;575855794-0;575855794
09032025-081280;202542090003-JORGE GOETTEN;82939414000145;MUNICIPIO DE CATANDUVAS;4209;Jorge Goetten;594000.0;Pavimentação - Pavimentação;2025OB001901;Caixa Econômica Federal;104;3554-8;3554;574793544-1;574793544
09032025-083213;202539320001-CAROLINE DE TONI;82939414000145;MUNICIPIO DE CATANDUVAS;3932;Caroline de Toni;396000.0;Trator - Trator - Infraestrutura Produtiva;2025OB001189;Caixa Econômica Federal;104;3554-8;3554;574810395-4;574810395
09032025-084302;202542730001-JORGE SEIF;82939414000145;MUNICIPIO DE CATANDUVAS;4273;Jorge Seif;396000.0;Pavimentação - Pavimentação;2025OB002003;Caixa Econômica Federal;104;3554-8;3554;574847022-1;574847022
09032025-2-088355;202543390010-DANIELA REINEHR;82939414000145;MUNICIPIO DE CATANDUVAS;4339;Daniela Reinehr;396000.0;Objeto Único Não Padronizado – Demais - Construção/ampliação do prédio da Secretaria de Assistência Social;2025OB009568;Caixa Econômica Federal;104;3554-8;3554;573443126-1;573443126
09032025-084731;202543390010-DANIELA REINEHR;82939414000145;MUNICIPIO DE CATANDUVAS;4339;Daniela Reinehr;396000.0;Objeto Único Não Padronizado – Demais - Reforma da Secretaria de Assistência Social;;Caixa Econômica Federal;104;3554-8;3554;;
09032026-094569;202622100012-ESPERIDIÃO AMIN;82939414000145;MUNICIPIO DE CATANDUVAS;2210;Esperidião Amin;398000.0;Pavimentação Urbana - Ministério das Cidades - Pavimentação Urbana - Ministério das Cidades;2026OB003973;Caixa Econômica Federal;104;3554-8;3554;569372391-3;569372391
09032026-095786;202639320001-CAROLINE DE TONI;82939414000145;MUNICIPIO DE CATANDUVAS;3932;Caroline de Toni;398000.0;Pavimentação Urbana - Ministério das Cidades - Pavimentação Urbana - Ministério das Cidades;2026OB004821;Caixa Econômica Federal;104;3554-8;3554;569300197-7;569300197
09032026-096781;202642510003-IVETE DA SILVEIRA;82939414000145;MUNICIPIO DE CATANDUVAS;4251;Ivete da Silveira;398000.0;Objeto Único Não Padronizado – Demais - Aquisição de ônibus Escolar;;Caixa Econômica Federal;104;3554-8;3554;569171456-9;569171456
09032021-010976;202132350006-Geovania De Sá;82928706000182;MUNICIPIO DE LAGUNA;3235;Geovania De Sá;1000000.0;;2021OB800873;Caixa Econômica Federal;104;421-9;421;575864783-3;575864783
09032021-011521;202137860003-Dário Berger;82928706000182;MUNICIPIO DE LAGUNA;3786;Dário Berger;150000.0;;2021OB801106;Caixa Econômica Federal;104;421-9;421;575864783-3;575864783
09032021-012129;202139530003-Darci de Matos;82928706000182;MUNICIPIO DE LAGUNA;3953;Darci de Matos;2500000.0;;2021OB801324;Caixa Econômica Federal;104;421-9;421;575864783-3;575864783
09032021-012250;202139800001-Fabio Schiochet;82928706000182;MUNICIPIO DE LAGUNA;3980;Fabio Schiochet;200000.0;;2021OB801672;Caixa Econômica Federal;104;421-9;421;575864783-3;575864783
09032021-012066;202139440012-Coronel Armando;82928706000182;MUNICIPIO DE LAGUNA;3944;Coronel Armando;150000.0;;2021OB801286;Caixa Econômica Federal;104;421-9;421;575864783-3;575864783
09032022-021407;202241210003-Nereu Crispim;82928706000182;MUNICIPIO DE LAGUNA;4121;Nereu Crispim;200000.0;;2023OB804520;Caixa Econômica Federal;104;421-9;421;575864784-1;575864784
09032023-037235;202339530009-Darci de Matos;82928706000182;MUNICIPIO DE LAGUNA;3953;Darci de Matos;1000000.0;;2023OB813722;Caixa Econômica Federal;104;421-9;421;575864785-0;575864785
09032023-034417;202322100001-Esperidião Amin;82928706000182;MUNICIPIO DE LAGUNA;2210;Esperidião Amin;300000.0;;2023OB809281;Caixa Econômica Federal;104;421-9;421;575864785-0;575864785
09032023-2-042138;202340150002-Hélio Costa;82928706000182;MUNICIPIO DE LAGUNA;4015;Hélio Costa;2500000.0;;2023OB815706;Banco do Brasil;001;345-X;345;37425-3;37425
09032023-3-042548;202339530009-Darci de Matos;82928706000182;MUNICIPIO DE LAGUNA;3953;Darci de Matos;4839588.0;;2023OB816047;Banco do Brasil;001;345-X;345;37425-3;37425
09032024-066100;202442730002-Jorge Seif;82928706000182;MUNICIPIO DE LAGUNA;4273;Jorge Seif;244850.0;;2024OB003752;Caixa Econômica Federal;104;421-9;421;575864786-8;575864786
09032024-068018;202444010006-Julia Zanatta;82928706000182;MUNICIPIO DE LAGUNA;4401;Julia Zanatta;800000.0;;2024OB004639;Caixa Econômica Federal;104;421-9;421;575864791-4;575864791
09032024-068701;202442510013-Ivete da Silveira;82928706000182;MUNICIPIO DE LAGUNA;4251;Ivete da Silveira;100000.0;;2024OB010017;Caixa Econômica Federal;104;421-9;421;575864789-2;575864789
09032024-068818;202442510012-Ivete da Silveira;82928706000182;MUNICIPIO DE LAGUNA;4251;Ivete da Silveira;100000.0;;2024OB003633;Caixa Econômica Federal;104;421-9;421;575864788-4;575864788
09032024-074728;202443920007-Ismael;82928706000182;MUNICIPIO DE LAGUNA;4392;Ismael;1450000.0;;2024OB011115;Caixa Econômica Federal;104;421-9;421;575864787-6;575864787
09032025-084747;202543390010-DANIELA REINEHR;82928706000182;MUNICIPIO DE LAGUNA;4339;Daniela Reinehr;471224.16;Pavimentação - Pavimentação;2025OB002240;Caixa Econômica Federal;104;421-9;421;574644904-7;574644904
09032026-095810;202639320001-CAROLINE DE TONI;82928706000182;MUNICIPIO DE LAGUNA;3932;Caroline de Toni;398000.0;Pavimentação Urbana - Ministério das Cidades - Pavimentação Urbana - Ministério das Cidades;2026OB001467;Caixa Econômica Federal;104;421-9;421;569446592-6;569446592
09032026-096361;202640620003-RICARDO GUIDI;82928706000182;MUNICIPIO DE LAGUNA;4062;Ricardo Guidi;398000.0;Pavimentação Urbana - Ministério das Cidades - Pavimentação Urbana - Ministério das Cidades;2026OB001833;Caixa Econômica Federal;104;421-9;421;569487342-0;569487342
0903-003432;202018800013-Angela Amin;82892266000150;MUNICIPIO DE AGUAS MORNAS;1880;Angela Amin;150000.0;;2020OB801183;Caixa Econômica Federal;104;3684-6;3684;6672005-3;6672005
0903-003957;202039800001-Fabio Schiochet;82892266000150;MUNICIPIO DE AGUAS MORNAS;3980;Fabio Schiochet;200000.0;;2020OB801819;Caixa Econômica Federal;104;3684-6;3684;6672005-3;6672005
09032022-015099;202229250013-Carmen Zanotto;82892266000150;MUNICIPIO DE AGUAS MORNAS;2925;Carmen Zanotto;120000.0;;2023OB801302;Banco do Brasil;001;5348-1;5348;8597-9;8597
09032022-016109;202237860003-Dário Berger;82892266000150;MUNICIPIO DE AGUAS MORNAS;3786;Dário Berger;250000.0;;2022OB802260;Banco do Brasil;001;5348-1;5348;8597-9;8597
09032024-072807;202439320001-Caroline de Toni;82892266000150;MUNICIPIO DE AGUAS MORNAS;3932;Caroline de Toni;100000.0;;2024OB008511;Caixa Econômica Federal;104;3684-6;3684;575994887-0;575994887
09032023-034384;202322100001-Esperidião Amin;82892266000150;MUNICIPIO DE AGUAS MORNAS;2210;Esperidião Amin;150000.0;;2023OB809264;Caixa Econômica Federal;104;3684-6;3684;575994884-5;575994884
09032024-068648;202442510013-Ivete da Silveira;82892266000150;MUNICIPIO DE AGUAS MORNAS;4251;Ivete da Silveira;275000.0;;2024OB009955;Caixa Econômica Federal;104;3684-6;3684;575994891-8;575994891
09032024-068765;202442510012-Ivete da Silveira;82892266000150;MUNICIPIO DE AGUAS MORNAS;4251;Ivete da Silveira;275000.0;;2024OB003548;Caixa Econômica Federal;104;3684-6;3684;575994889-6;575994889
09032024-069066;202422100016-Esperidião Amin;82892266000150;MUNICIPIO DE AGUAS MORNAS;2210;Esperidião Amin;300000.0;;2024OB005618;Caixa Econômica Federal;104;3684-6;3684;575994885-3;575994885
09032024-073854;202442090002-Jorge Goetten;82892266000150;MUNICIPIO DE AGUAS MORNAS;4209;Jorge Goetten;150000.0;;2024OB003480;Caixa Econômica Federal;104;3684-6;3684;575994888-8;575994888
09032024-072758;202439290001-Carlos Chiodini;82892266000150;MUNICIPIO DE AGUAS MORNAS;3929;Carlos Chiodini;600000.0;;2024OB008451;Caixa Econômica Federal;104;3684-6;3684;575994886-1;575994886
09032025-083175;202539290001-CARLOS CHIODINI;82892266000150;MUNICIPIO DE AGUAS MORNAS;3929;Carlos Chiodini;425700.0;Pavimentação De Estradas Vicinais - Pavimentação De Estradas Vicinais;2025OB001162;Caixa Econômica Federal;104;3684-6;3684;574793541-7;574793541
09032025-084729;202543390010-DANIELA REINEHR;82892266000150;MUNICIPIO DE AGUAS MORNAS;4339;Daniela Reinehr;396000.0;Aquisição De Máquinas, Implementos E Equipamentos Agrícolas Adaptados À Agricultura Familiar E Tecnologias Sociais - Aquisição De Máquinas, Implementos E Equipamentos Agrícolas Adaptados À Agricultura Familiar E Tecnologias Sociais.;2025OB004060;Caixa Econômica Federal;104;3684-6;3684;574600832-6;574600832
09032025-2-085704;202542730002-JORGE SEIF;82892266000150;MUNICIPIO DE AGUAS MORNAS;4273;Jorge Seif;198000.0;Custeio Ao Piso Da Atenção Primária - Custeio Ao Piso Da Atenção Primária;2025OB008636;Caixa Econômica Federal;104;3684-6;3684;573269656-0;573269656
09032025-075722;202542730002-JORGE SEIF;82892266000150;MUNICIPIO DE AGUAS MORNAS;4273;Jorge Seif;198000.0;Objeto Único Não Padronizado – Demais - MIDR - 53000;;Caixa Econômica Federal;104;3684-6;3684;;
09032026-091771;202644010005-JULIA ZANATTA;82892266000150;MUNICIPIO DE AGUAS MORNAS;4401;Julia Zanatta;398000.0;Pavimentação: Adequação De Vias, Pontes, Travessias e Obras de Artes Especiais em Área Urbana - Ministério das Cidades - Pavimentação: Adequação De Vias, Pontes, Travessias e Obras de Artes Especiais em Área Urbana - Ministério das Cidades;2026OB003204;Caixa Econômica Federal;104;3684-6;3684;569610332-0;569610332
09032026-095730;202639290001-CARLOS CHIODINI;82892266000150;MUNICIPIO DE AGUAS MORNAS;3929;Carlos Chiodini;497500.0;Aquisição de Máquinas e Equipamentos (GND 4) - Ministério da Agricultura e Pecuária - Aquisição de Máquinas e Equipamentos (GND 4) - Ministério da Agricultura e Pecuária;2026OB004808;Caixa Econômica Federal;104;3684-6;3684;569002276-0;569002276
0903-003340;202028560001-Rogério Peninha Mendonça;83102715000182;MUNICIPIO DE RIO DO OESTE;2856;Rogério Peninha Mendonça;200000.0;;2020OB801177;Caixa Econômica Federal;104;423-5;423;576008145-0;576008145
09032021-010440;202128560001-Rogério Peninha Mendonça;83102715000182;MUNICIPIO DE RIO DO OESTE;2856;Rogério Peninha Mendonça;300000.0;;2021OB803948;Caixa Econômica Federal;104;423-5;423;576008173-6;576008173
09032022-018220;202228560001-Rogério Peninha Mendonça;83102715000182;MUNICIPIO DE RIO DO OESTE;2856;Rogério Peninha Mendonça;350682.0;;2023OB801121;Banco do Brasil;001;2545-3;2545;13924-6;13924
09032022-014131;202232350003-Geovania De Sá;83102715000182;MUNICIPIO DE RIO DO OESTE;3235;Geovania De Sá;250000.0;;2022OB801799;Banco do Brasil;001;2545-3;2545;13924-6;13924
09032022-017378;202222100001-Esperidião Amin;83102715000182;MUNICIPIO DE RIO DO OESTE;2210;Esperidião Amin;150000.0;;2023OB804120;Banco do Brasil;001;2545-3;2545;13924-6;13924
09032022-019864;202239290005-Carlos Chiodini;83102715000182;MUNICIPIO DE RIO DO OESTE;3929;Carlos Chiodini;500000.0;;2023OB802598;Banco do Brasil;001;2545-3;2545;13924-6;13924
09032023-035177;202328560023-Rogério Peninha Mendonça;83102715000182;MUNICIPIO DE RIO DO OESTE;2856;Rogério Peninha Mendonça;450000.0;;2023OB812433;Caixa Econômica Federal;104;423-5;423;576008183-3;576008183
09032023-034397;202322100001-Esperidião Amin;83102715000182;MUNICIPIO DE RIO DO OESTE;2210;Esperidião Amin;400000.0;;2023OB811984;Caixa Econômica Federal;104;423-5;423;576008183-3;576008183
09032024-069384;202439800001-Fabio Schiochet;83102715000182;MUNICIPIO DE RIO DO OESTE;3980;Fabio Schiochet;200000.0;;2024OB008722;Banco do Brasil;001;2545-3;2545;14820-2;14820
09032024-073982;202442730001-Jorge Seif;83102715000182;MUNICIPIO DE RIO DO OESTE;4273;Jorge Seif;100000.0;;2024OB010252;Banco do Brasil;001;2545-3;2545;14821-0;14821
09032024-074717;202443920007-Ismael;83102715000182;MUNICIPIO DE RIO DO OESTE;4392;Ismael;300000.0;;2024OB004546;Caixa Econômica Federal;104;423-5;423;576008195-7;576008195
09032024-075072;202444480002-Pezenti;83102715000182;MUNICIPIO DE RIO DO OESTE;4448;Pezenti;500000.0;;2024OB004941;Caixa Econômica Federal;104;423-5;423;576008196-5;576008196
09032024-072765;202439290001-Carlos Chiodini;83102715000182;MUNICIPIO DE RIO DO OESTE;3929;Carlos Chiodini;550000.0;;2024OB008444;Caixa Econômica Federal;104;423-5;423;576008198-1;576008198
09032023-036995;202339290002-Carlos Chiodini;83102715000182;MUNICIPIO DE RIO DO OESTE;3929;Carlos Chiodini;500000.0;;2023OB813601;Banco do Brasil;001;2545-3;2545;14430-4;14430
09032025-084316;202542730001-JORGE SEIF;83102715000182;MUNICIPIO DE RIO DO OESTE;4273;Jorge Seif;396000.0;Pavimentação - Pavimentação;2025OB002022;Caixa Econômica Federal;104;423-5;423;574847027-2;574847027
09032026-095739;202639290001-CARLOS CHIODINI;83102715000182;MUNICIPIO DE RIO DO OESTE;3929;Carlos Chiodini;398000.0;Aquisição de Máquinas e Equipamentos (GND 4) - Ministério da Agricultura e Pecuária - Aquisição de Máquinas e Equipamentos (GND 4) - Ministério da Agricultura e Pecuária;;Caixa Econômica Federal;104;423-5;423;568927558-8;568927558
09032025-2-086810;202544480001-PEZENTI;83102715000182;MUNICIPIO DE RIO DO OESTE;4448;Pezenti;247500.0;Objeto Único Não Padronizado – Demais - Veículo(s) para transporte de pacientes - 36000 Ministério da Saúde;2025OB009020;Caixa Econômica Federal;104;423-5;423;573503657-9;573503657
09032025-079205;202544480001-PEZENTI;83102715000182;MUNICIPIO DE RIO DO OESTE;4448;Pezenti;247500.0;Objeto Único Não Padronizado – Demais - Veículo(s) para transporte de pacientes - 36000 Ministério da Saúde;;Caixa Econômica Federal;104;423-5;423;;
09032026-096347;202640620003-RICARDO GUIDI;83102715000182;MUNICIPIO DE RIO DO OESTE;4062;Ricardo Guidi;398000.0;Estradas Vicinais e Obras (GND 3/4) - Ministério da Agricultura e Pecuária - Estradas Vicinais e Obras (GND 3/4) - Ministério da Agricultura e Pecuária;2026OB005076;Caixa Econômica Federal;104;423-5;423;568891842-6;568891842
09032026-094193;202643920005-ISMAEL;83102715000182;MUNICIPIO DE RIO DO OESTE;4392;Ismael;497500.0;Pavimentação Urbana - Ministério das Cidades - Pavimentação Urbana - Ministério das Cidades;2026OB003145;Caixa Econômica Federal;104;423-5;423;569563237-0;569563237
09032024-068839;202442510012-Ivete da Silveira;83108357000115;MUNICIPIO DE BLUMENAU;4251;Ivete da Silveira;75000.0;;2024OB003566;Caixa Econômica Federal;104;411-1;411;575864685-3;575864685
09032022-020019;202239440009-Coronel Armando;83108357000115;MUNICIPIO DE BLUMENAU;3944;Coronel Armando;250000.0;;2022OB802676;Banco do Brasil;001;95-7;95;29626-0;29626
09032023-037082;202339320001-Caroline de Toni;83108357000115;MUNICIPIO DE BLUMENAU;3932;Caroline de Toni;300000.0;;2023OB808928;Banco do Brasil;001;95-7;95;29949-9;29949
09032023-038057;202340620003-Ricardo Guidi;83108357000115;MUNICIPIO DE BLUMENAU;4062;Ricardo Guidi;325000.0;;2023OB811032;Banco do Brasil;001;95-7;95;29949-9;29949
09032024-068030;202444010006-Julia Zanatta;83108357000115;MUNICIPIO DE BLUMENAU;4401;Julia Zanatta;213792.0;;2024OB011584;Caixa Econômica Federal;104;411-1;411;575864683-7;575864683
09032024-068722;202442510013-Ivete da Silveira;83108357000115;MUNICIPIO DE BLUMENAU;4251;Ivete da Silveira;75000.0;;2024OB003575;Caixa Econômica Federal;104;411-1;411;575864686-1;575864686
09032024-069109;202422100016-Esperidião Amin;83108357000115;MUNICIPIO DE BLUMENAU;2210;Esperidião Amin;500000.0;;2024OB005616;Caixa Econômica Federal;104;411-1;411;575864681-0;575864681
09032025-2-087000;202543920009-ISMAEL;83108357000115;MUNICIPIO DE BLUMENAU;4392;Ismael;198000.0;Objeto Único Não Padronizado – Demais - Ministério da Cultura 42902 – Fundo Nacional de Cultura (FNC) CÓDIGO DA AÇÃO: 20ZF – Promoção e Fomento à Cultura Brasileira;2025OB008902;Banco do Brasil;001;95-7;95;31414-5;31414
09032024-073900;202442090002-Jorge Goetten;83108357000115;MUNICIPIO DE BLUMENAU;4209;Jorge Goetten;1200000.0;;2024OB003473;Caixa Econômica Federal;104;411-1;411;575864687-0;575864687
09032024-074500;202443390001-Daniela Reinehr;83108357000115;MUNICIPIO DE BLUMENAU;4339;Daniela Reinehr;300000.0;;2024OB004286;Caixa Econômica Federal;104;411-1;411;575864682-9;575864682
09032024-074732;202443920007-Ismael;83108357000115;MUNICIPIO DE BLUMENAU;4392;Ismael;700000.0;;2024OB004558;Caixa Econômica Federal;104;411-1;411;575864679-9;575864679
09032024-069318;202490550002-Gilson Marques;83108357000115;MUNICIPIO DE BLUMENAU;9055;Gilson Marques;1000000.0;;2024OB005310, 2024OB011315;Caixa Econômica Federal;104;411-1;411;575864684-5;575864684
09032024-069318;202490550002-Gilson Marques;83108357000115;MUNICIPIO DE BLUMENAU;9055;Gilson Marques;1000000.0;;2024OB005310, 2024OB011315;Caixa Econômica Federal;104;411-1;411;575864684-5;575864684
09032025-080478;202590550002-GILSON MARQUES;83108357000115;MUNICIPIO DE BLUMENAU;9055;Gilson Marques;396000.0;Feira De Negócios E Capacitação Para Microempreendedores Individuais - Feira De Negócios E Capacitação Para Microempreendedores Individuais;;Banco do Brasil;001;95-7;95;31350-5;31350
09032025-080760;202544010010-JULIA ZANATTA;83108357000115;MUNICIPIO DE BLUMENAU;4401;Julia Zanatta;396000.0;Objeto Único Não Padronizado – Obras e Serviços de Engenharia - Construção de Quadra Esportiva a cargo do Ministério da Educação - Código UO 26000;2025OB007015;Banco do Brasil;001;95-7;95;31344-0;31344
09032025-081172;202543920009-ISMAEL;83108357000115;MUNICIPIO DE BLUMENAU;4392;Ismael;824076.0;Pavimentação: Adequação De Vias - Pavimentação: Adequação De Vias;2025OB002376;Banco do Brasil;001;95-7;95;31274-6;31274
09032025-081171;202543920009-ISMAEL;83108357000115;MUNICIPIO DE BLUMENAU;4392;Ismael;257400.0;Adquirir Mobiliário Para Outros Ambientes Escolares (Capital) - Adquirir Mobiliário Para Outros Ambientes Escolares (Capital);2025OB005020;Banco do Brasil;001;95-7;95;31310-6;31310
09032025-081173;202543920009-ISMAEL;83108357000115;MUNICIPIO DE BLUMENAU;4392;Ismael;297000.0;Objeto Único Não Padronizado – Demais - 8172 - Coordenação e Fortalecimento do Sistema Nacional de Proteção e Defesa Civil - SINPDEC - Aquisição de veículo 4x4;2025OB006987;Banco do Brasil;001;95-7;95;31343-2;31343
09032025-081170;202543920009-ISMAEL;83108357000115;MUNICIPIO DE BLUMENAU;4392;Ismael;465300.0;Adquirir Mobiliário Para Outros Ambientes Escolares (Capital) - Adquirir Mobiliário Para Outros Ambientes Escolares (Capital);;Banco do Brasil;001;95-7;95;;
09032025-084341;202542730001-JORGE SEIF;83108357000115;MUNICIPIO DE BLUMENAU;4273;Jorge Seif;495000.0;Pavimentação - Pavimentação;2025OB001995;Banco do Brasil;001;95-7;95;31216-9;31216
09032025-2-086839;202590550002-GILSON MARQUES;83108357000115;MUNICIPIO DE BLUMENAU;9055;Gilson Marques;396000.0;Feira De Negócios E Capacitação Para Microempreendedores Individuais - Feira De Negócios E Capacitação Para Microempreendedores Individuais;;Banco do Brasil;001;95-7;95;;
09032026-089638;202632350004-GEOVANIA DE SÁ;83108357000115;MUNICIPIO DE BLUMENAU;3235;Geovania De Sá;199000.0;Aquisição De Veiculos - Ministério do Desenvolvimento e Assistência Social, Família e Combate à Fome - Aquisição De Veiculos - Ministério do Desenvolvimento e Assistência Social, Família e Combate à Fome;;Caixa Econômica Federal;104;411-1;411;569260838-0;569260838
09032026-091801;202644010005-JULIA ZANATTA;83108357000115;MUNICIPIO DE BLUMENAU;4401;Julia Zanatta;646750.0;Ampliação De Abrigo Institucional Para Crianças E Adolescentes - Ministério do Desenvolvimento e Assistência Social, Família e Combate à Fome - Ampliação De Abrigo Institucional Para Crianças E Adolescentes - Ministério do Desenvolvimento e Assistência Social, Família e Combate à Fome;2026OB005861;Caixa Econômica Federal;104;411-1;411;569372419-7;569372419
09032026-091802;202644010005-JULIA ZANATTA;83108357000115;MUNICIPIO DE BLUMENAU;4401;Julia Zanatta;597000.0;Pavimentação: Adequação De Vias, Pontes, Travessias e Obras de Artes Especiais em Área Urbana - Ministério das Cidades - Pavimentação: Adequação De Vias, Pontes, Travessias e Obras de Artes Especiais em Área Urbana - Ministério das Cidades;2026OB003202;Caixa Econômica Federal;104;411-1;411;569698678-8;569698678
0903-003434;202018800013-Angela Amin;78497492000160;MUNICIPIO DE TIMBO GRANDE;1880;Angela Amin;150000.0;;2020OB801085;Caixa Econômica Federal;104;4451-2;4451;575994496-3;575994496
09032022-016128;202237860003-Dário Berger;78497492000160;MUNICIPIO DE TIMBO GRANDE;3786;Dário Berger;200000.0;;2023OB802156;Banco do Brasil;001;5447-X;5447;11231-3;11231
09032023-037057;202339320001-Caroline de Toni;78497492000160;MUNICIPIO DE TIMBO GRANDE;3932;Caroline de Toni;250000.0;;2023OB813622;Banco do Brasil;001;5447-X;5447;11744-7;11744
09032024-070542;202443250003-Cobalchini;78497492000160;MUNICIPIO DE TIMBO GRANDE;4325;Cobalchini;200000.0;;2024OB010790;Caixa Econômica Federal;104;4451-2;4451;575994502-1;575994502
09032024-072838;202439320001-Caroline de Toni;78497492000160;MUNICIPIO DE TIMBO GRANDE;3932;Caroline de Toni;150000.0;;2024OB008491;Caixa Econômica Federal;104;4451-2;4451;575994499-8;575994499
09032024-073991;202442730001-Jorge Seif;78497492000160;MUNICIPIO DE TIMBO GRANDE;4273;Jorge Seif;200000.0;;2024OB003764;Caixa Econômica Federal;104;4451-2;4451;575994498-0;575994498
09032025-083405;202539800001-FABIO SCHIOCHET;78497492000160;MUNICIPIO DE TIMBO GRANDE;3980;Fabio Schiochet;396000.0;Rolo Compactador - Rolo Compactador - Infraestrutura Produtiva;2025OB001287;Banco do Brasil;001;5447-X;5447;12766-3;12766
09032026-095949;202639800001-FABIO SCHIOCHET;78497492000160;MUNICIPIO DE TIMBO GRANDE;3980;Fabio Schiochet;398000.0;Pavimentação De Estradas Vicinais - Ministério da Integração e do Desenvolvimento Regional - Pavimentação De Estradas Vicinais - Ministério da Integração e do Desenvolvimento Regional;2026OB001587;Banco do Brasil;001;5447-X;5447;12995-X;12995
09032022-015122;202229250013-Carmen Zanotto;82827353000124;MUNICIPIO DE SALTO VELOSO;2925;Carmen Zanotto;100000.0;;2023OB801298;Caixa Econômica Federal;104;796-0;796;575862707-7;575862707
09032022-017397;202222100001-Esperidião Amin;82827353000124;MUNICIPIO DE SALTO VELOSO;2210;Esperidião Amin;150000.0;;2023OB800461;Caixa Econômica Federal;104;796-0;796;575862707-7;575862707
09032022-019907;202239320002-Caroline de Toni;82827353000124;MUNICIPIO DE SALTO VELOSO;3932;Caroline de Toni;119682.0;;2023OB802626;Caixa Econômica Federal;104;796-0;796;575862707-7;575862707
09032022-021857;202241850010-Jorginho Mello;82827353000124;MUNICIPIO DE SALTO VELOSO;4185;Jorginho Mello;100000.0;;2023OB804955;Caixa Econômica Federal;104;796-0;796;575862707-7;575862707
09032023-037074;202339320001-Caroline de Toni;82827353000124;MUNICIPIO DE SALTO VELOSO;3932;Caroline de Toni;100000.0;;2023OB810548;Caixa Econômica Federal;104;796-0;796;575862711-5;575862711
09032023-039036;202342510010-Ivete da Silveira;82827353000124;MUNICIPIO DE SALTO VELOSO;4251;Ivete da Silveira;300000.0;;2023OB807994;Caixa Econômica Federal;104;796-0;796;575862711-5;575862711
09032024-069102;202422100016-Esperidião Amin;82827353000124;MUNICIPIO DE SALTO VELOSO;2210;Esperidião Amin;200000.0;;2024OB006418;Caixa Econômica Federal;104;796-0;796;575862715-8;575862715
09032024-073896;202442090002-Jorge Goetten;82827353000124;MUNICIPIO DE SALTO VELOSO;4209;Jorge Goetten;100000.0;;2024OB009949;Caixa Econômica Federal;104;796-0;796;575862714-0;575862714
09032024-074492;202443390001-Daniela Reinehr;82827353000124;MUNICIPIO DE SALTO VELOSO;4339;Daniela Reinehr;500000.0;;2024OB004291;Caixa Econômica Federal;104;796-0;796;575862716-6;575862716
09032025-083252;202539320001-CAROLINE DE TONI;82827353000124;MUNICIPIO DE SALTO VELOSO;3932;Caroline de Toni;297000.0;Aquisição De Veículo - Aquisição De Veículo;2025OB006064;Caixa Econômica Federal;104;796-0;796;574347384-2;574347384
09032025-081306;202542090003-JORGE GOETTEN;82827353000124;MUNICIPIO DE SALTO VELOSO;4209;Jorge Goetten;396000.0;Pavimentação - Pavimentação;2025OB001910;Caixa Econômica Federal;104;796-0;796;574893802-9;574893802
09032025-081810;202522100013-ESPERIDIÃO AMIN;82827353000124;MUNICIPIO DE SALTO VELOSO;2210;Esperidião Amin;396000.0;Pavimentação: Adequação De Vias - Pavimentação: Adequação De Vias;;Caixa Econômica Federal;104;796-0;796;;
09032025-2-087603;202522100013-ESPERIDIÃO AMIN;82827353000124;MUNICIPIO DE SALTO VELOSO;2210;Esperidião Amin;396000.0;Pavimentação: Adequação De Vias - Pavimentação: Adequação De Vias;2025OB007494;Caixa Econômica Federal;104;796-0;796;573551468-3;573551468
09032026-094604;202622100012-ESPERIDIÃO AMIN;82827353000124;MUNICIPIO DE SALTO VELOSO;2210;Esperidião Amin;398000.0;Pavimentação De Estradas Vicinais - Ministério da Integração e do Desenvolvimento Regional - Pavimentação De Estradas Vicinais - Ministério da Integração e do Desenvolvimento Regional;;Caixa Econômica Federal;104;796-0;796;569260816-9;569260816
09032021-009950;202125690003-Celso Maldaner;95990230000151;MUNICIPIO DE IRATI;2569;Celso Maldaner;200000.0;;2021OB800425;Banco do Brasil;001;1393-5;1393;36998-5;36998
09032022-017713;202225690003-Celso Maldaner;95990230000151;MUNICIPIO DE IRATI;2569;Celso Maldaner;200000.0;;2022OB800882;Banco do Brasil;001;1393-5;1393;37591-8;37591
09032024-070546;202443250003-Cobalchini;95990230000151;MUNICIPIO DE IRATI;4325;Cobalchini;350000.0;;2024OB004176;Caixa Econômica Federal;104;4626-4;4626;575993738-0;575993738
09032024-074004;202442730001-Jorge Seif;95990230000151;MUNICIPIO DE IRATI;4273;Jorge Seif;100000.0;;2024OB010235;Caixa Econômica Federal;104;4626-4;4626;575993739-8;575993739
09032024-074468;202443390001-Daniela Reinehr;95990230000151;MUNICIPIO DE IRATI;4339;Daniela Reinehr;100000.0;;2024OB004279;Caixa Econômica Federal;104;4626-4;4626;575993741-0;575993741
09032025-084744;202543390010-DANIELA REINEHR;95990230000151;MUNICIPIO DE IRATI;4339;Daniela Reinehr;198000.0;Aquisição De Máquinas, Implementos E Equipamentos Agrícolas Adaptados À Agricultura Familiar E Tecnologias Sociais - Aquisição De Máquinas, Implementos E Equipamentos Agrícolas Adaptados À Agricultura Familiar E Tecnologias Sociais.;2025OB004052;Banco do Brasil;001;1393-5;1393;40346-6;40346
09032025-084673;202543250005-COBALCHINI;95990230000151;MUNICIPIO DE IRATI;4325;Cobalchini;495000.0;Construção E Reforma De Portais - Construção E Reforma De Portais;2025OB004024;Banco do Brasil;001;1393-5;1393;40345-8;40345
09032026-097340;202643390009-DANIELA REINEHR;95990230000151;MUNICIPIO DE IRATI;4339;Daniela Reinehr;398000.0;Pavimentação Urbana - Ministério das Cidades - Pavimentação Urbana - Ministério das Cidades;2026OB005685;Banco do Brasil;001;1393-5;1393;40846-8;40846
09032021-009943;202125690003-Celso Maldaner;01614374000160;MUNICIPIO DE ALTO BELA VISTA;2569;Celso Maldaner;250000.0;;2021OB803813;Caixa Econômica Federal;104;3886-5;3886;575855401-0;575855401
09032022-017710;202225690003-Celso Maldaner;01614374000160;MUNICIPIO DE ALTO BELA VISTA;2569;Celso Maldaner;300000.0;;2022OB800891;Caixa Econômica Federal;104;3886-5;3886;575855404-5;575855404
09032024-073995;202442730001-Jorge Seif;01614374000160;MUNICIPIO DE ALTO BELA VISTA;4273;Jorge Seif;100000.0;;2024OB010209;Caixa Econômica Federal;104;3886-5;3886;575855408-8;575855408
09032021-009476;202118800011-Angela Amin;95778056000188;MUNICIPIO DE COCAL DO SUL;1880;Angela Amin;150000.0;;2021OB802037;Caixa Econômica Federal;104;4924-7;4924;575994161-1;575994161
09032022-016130;202237860003-Dário Berger;95778056000188;MUNICIPIO DE COCAL DO SUL;3786;Dário Berger;150000.0;;2022OB802275;Caixa Econômica Federal;104;4924-7;4924;575994162-0;575994162
09032023-039016;202342510010-Ivete da Silveira;95778056000188;MUNICIPIO DE COCAL DO SUL;4251;Ivete da Silveira;200000.0;;2023OB814977;Caixa Econômica Federal;104;4924-7;4924;575994163-8;575994163
09032024-068016;202444010006-Julia Zanatta;95778056000188;MUNICIPIO DE COCAL DO SUL;4401;Julia Zanatta;500000.0;;2024OB004649;Caixa Econômica Federal;104;4924-7;4924;575994167-0;575994167
09032024-068686;202442510013-Ivete da Silveira;95778056000188;MUNICIPIO DE COCAL DO SUL;4251;Ivete da Silveira;50000.0;;2024OB009994;Caixa Econômica Federal;104;4924-7;4924;575994165-4;575994165
09032024-068803;202442510012-Ivete da Silveira;95778056000188;MUNICIPIO DE COCAL DO SUL;4251;Ivete da Silveira;50000.0;;2024OB003603;Caixa Econômica Federal;104;4924-7;4924;575994164-6;575994164
09032024-074466;202443390001-Daniela Reinehr;95778056000188;MUNICIPIO DE COCAL DO SUL;4339;Daniela Reinehr;200000.0;;2024OB004271;Caixa Econômica Federal;104;4924-7;4924;575994166-2;575994166
09032021-011511;202137860003-Dário Berger;95778056000188;MUNICIPIO DE COCAL DO SUL;3786;Dário Berger;200000.0;;2021OB802222;Caixa Econômica Federal;104;4924-7;4924;575994161-1;575994161
09032022-021840;202241850010-Jorginho Mello;95778056000188;MUNICIPIO DE COCAL DO SUL;4185;Jorginho Mello;100000.0;;2022OB804121;Caixa Econômica Federal;104;4924-7;4924;575994162-0;575994162
09032025-083293;202539490006-DANIEL FREITAS;95778056000188;MUNICIPIO DE COCAL DO SUL;3949;Daniel Freitas;490050.0;Aquisição De Veiculos - Aquisição De Veiculos;2025OB003486;Caixa Econômica Federal;104;4924-7;4924;574599976-0;574599976
09032026-089615;202632350004-GEOVANIA DE SÁ;95778056000188;MUNICIPIO DE COCAL DO SUL;3235;Geovania De Sá;482575.0;Aquisição de Insumos (GND 3) - Ministério da Agricultura e Pecuária - Aquisição de Insumos (GND 3) - Ministério da Agricultura e Pecuária;2026OB004483;Caixa Econômica Federal;104;4924-7;4924;569002358-9;569002358
09032026-094587;202622100012-ESPERIDIÃO AMIN;95778056000188;MUNICIPIO DE COCAL DO SUL;2210;Esperidião Amin;298500.0;Objeto Único Não Padronizado – Demais - Aquisição de Ônibus Escolar;2026OB003968;Caixa Econômica Federal;104;4924-7;4924;569170471-7;569170471
09032021-010421;202128550001-Pedro Uczai;01612528000184;MUNICIPIO DE BANDEIRANTE;2855;Pedro Uczai;250000.0;;2021OB800651;Banco do Brasil;001;599-1;599;59202-1;59202
09032023-033074;202328550022-Pedro Uczai;01612528000184;MUNICIPIO DE BANDEIRANTE;2855;Pedro Uczai;250000.0;;2023OB805565;Caixa Econômica Federal;104;702-1;702;576002868-1;576002868
09032023-039014;202342510010-Ivete da Silveira;01612528000184;MUNICIPIO DE BANDEIRANTE;4251;Ivete da Silveira;100000.0;;2023OB814985;Caixa Econômica Federal;104;702-1;702;576002868-1;576002868
09032024-066095;202442730002-Jorge Seif;01612528000184;MUNICIPIO DE BANDEIRANTE;4273;Jorge Seif;87000.0;;2024OB010291;Caixa Econômica Federal;104;702-1;702;576002926-2;576002926
09032024-069180;202428550022-Pedro Uczai;01612528000184;MUNICIPIO DE BANDEIRANTE;2855;Pedro Uczai;250000.0;;2024OB001123;Caixa Econômica Federal;104;702-1;702;576002932-7;576002932
09032024-073877;202442090002-Jorge Goetten;01605479000152;MUNICIPIO DE BALNEARIO ARROIO DO SILVA;4209;Jorge Goetten;170000.0;;2024OB009927;Caixa Econômica Federal;104;427-8;427;575864849-0;575864849
09032024-073996;202442730001-Jorge Seif;01605479000152;MUNICIPIO DE BALNEARIO ARROIO DO SILVA;4273;Jorge Seif;100000.0;;2024OB010201;Caixa Econômica Federal;104;427-8;427;575864851-1;575864851
09032024-074464;202443390001-Daniela Reinehr;01605479000152;MUNICIPIO DE BALNEARIO ARROIO DO SILVA;4339;Daniela Reinehr;250000.0;;2024OB004267;Caixa Econômica Federal;104;427-8;427;575864852-0;575864852
09032021-012245;202139800001-Fabio Schiochet;01605479000152;MUNICIPIO DE BALNEARIO ARROIO DO SILVA;3980;Fabio Schiochet;500000.0;;2021OB804436;Caixa Econômica Federal;104;427-8;427;575864844-9;575864844
09032025-081295;202542090003-JORGE GOETTEN;01605479000152;MUNICIPIO DE BALNEARIO ARROIO DO SILVA;4209;Jorge Goetten;594000.0;Pavimentação - Pavimentação;2025OB001899;Caixa Econômica Federal;104;427-8;427;574909948-9;574909948
09032025-083233;202539320001-CAROLINE DE TONI;01605479000152;MUNICIPIO DE BALNEARIO ARROIO DO SILVA;3932;Caroline de Toni;198000.0;Aquisição De Veiculos - Aquisição De Veiculos;2025OB006065;Caixa Econômica Federal;104;427-8;427;574281897-8;574281897
09032025-081795;202522100013-ESPERIDIÃO AMIN;01605479000152;MUNICIPIO DE BALNEARIO ARROIO DO SILVA;2210;Esperidião Amin;396000.0;Pavimentação: Adequação De Vias - Pavimentação: Adequação De Vias;2025OB000243;Caixa Econômica Federal;104;427-8;427;574909949-7;574909949
09032026-094586;202622100012-ESPERIDIÃO AMIN;01605479000152;MUNICIPIO DE BALNEARIO ARROIO DO SILVA;2210;Esperidião Amin;398000.0;Pavimentação Urbana - Ministério das Cidades - Pavimentação Urbana - Ministério das Cidades;2026OB000209;Caixa Econômica Federal;104;427-8;427;569925554-7;569925554
0903-004242;202041850004-Jorginho Mello;83102574000106;MUNICIPIO DE RIO DO SUL;4185;Jorginho Mello;100000.0;;2020OB801631;Caixa Econômica Federal;104;423-5;423;6672026-8;6672026
09032022-018222;202228560001-Rogério Peninha Mendonça;83102574000106;MUNICIPIO DE RIO DO SUL;2856;Rogério Peninha Mendonça;300000.0;;2023OB800492;Banco do Brasil;001;276-3;276;71488-7;71488
09032023-035169;202328560015-Rogério Peninha Mendonça;83102574000106;MUNICIPIO DE RIO DO SUL;2856;Rogério Peninha Mendonça;500000.0;;2023OB812419;Caixa Econômica Federal;104;423-5;423;575864807-4;575864807
09032021-2-013849;202128560001-Rogério Peninha Mendonça;83102574000106;MUNICIPIO DE RIO DO SUL;2856;Rogério Peninha Mendonça;1000000.0;;2021OB804921, 2022OB800076;Caixa Econômica Federal;104;423-5;423;575864801-5;575864801
09032024-075074;202444480002-Pezenti;83102574000106;MUNICIPIO DE RIO DO SUL;4448;Pezenti;500000.0;;2024OB011981;Caixa Econômica Federal;104;423-5;423;575864816-3;575864816
09032025-084318;202542730001-JORGE SEIF;83102574000106;MUNICIPIO DE RIO DO SUL;4273;Jorge Seif;495000.0;Pavimentação - Pavimentação;2025OB001999;Caixa Econômica Federal;104;423-5;423;574893804-5;574893804
09032024-072767;202439290001-Carlos Chiodini;83102574000106;MUNICIPIO DE RIO DO SUL;3929;Carlos Chiodini;500000.0;;2024OB008446;Caixa Econômica Federal;104;423-5;423;575864811-2;575864811
09032024-072827;202439320001-Caroline de Toni;83102574000106;MUNICIPIO DE RIO DO SUL;3932;Caroline de Toni;250000.0;;2024OB002345;Caixa Econômica Federal;104;423-5;423;575864814-7;575864814
09032024-073983;202442730001-Jorge Seif;83102574000106;MUNICIPIO DE RIO DO SUL;4273;Jorge Seif;100000.0;;2024OB003784;Caixa Econômica Federal;104;423-5;423;575864815-5;575864815
09032024-074718;202443920007-Ismael;83102574000106;MUNICIPIO DE RIO DO SUL;4392;Ismael;500000.0;;2024OB004547;Caixa Econômica Federal;104;423-5;423;575864817-1;575864817
09032024-069386;202439800001-Fabio Schiochet;83102574000106;MUNICIPIO DE RIO DO SUL;3980;Fabio Schiochet;250000.0;;2024OB008726;Caixa Econômica Federal;104;423-5;423;575864809-0;575864809
09032025-079206;202544480001-PEZENTI;83102574000106;MUNICIPIO DE RIO DO SUL;4448;Pezenti;396000.0;Pavimentação - Pavimentação;2025OB002574;Caixa Econômica Federal;104;423-5;423;574824059-5;574824059
09032025-2-086836;202590550002-GILSON MARQUES;83102574000106;MUNICIPIO DE RIO DO SUL;9055;Gilson Marques;203940.0;Adquirir Material Escolar (Custeio) - Adquirir Material Escolar (Custeio);2025OB009684;Banco do Brasil;001;276-3;276;81912-3;81912
09032025-083223;202539320001-CAROLINE DE TONI;83102574000106;MUNICIPIO DE RIO DO SUL;3932;Caroline de Toni;297000.0;Implantação De Sistema De Videomonitoramento Urbano Pela Polícia Militar - Implantação De Sistema De Videomonitoramento Urbano Pela Polícia Militar;;Caixa Econômica Federal;104;423-5;423;574281995-8;574281995
09032025-080472;202590550002-GILSON MARQUES;83102574000106;MUNICIPIO DE RIO DO SUL;9055;Gilson Marques;203940.0;Adquirir Material Escolar (Custeio) - Adquirir Material Escolar (Custeio);;Caixa Econômica Federal;104;423-5;423;;
09032026-091780;202644010005-JULIA ZANATTA;83102574000106;MUNICIPIO DE RIO DO SUL;4401;Julia Zanatta;248750.0;Objeto Único Não Padronizado – Demais - Implantação e aparelhamento de Salas de Suporte Sensorial nas escolas de Ensino Fundamental da rede municipal -  Fundo Nacional de Desenvolvimento da Educação;;Caixa Econômica Federal;104;423-5;423;568891841-8;568891841
09032026-094098;202644480001-PEZENTI;83102574000106;MUNICIPIO DE RIO DO SUL;4448;Pezenti;497500.0;Pavimentação Urbana - Ministério das Cidades - Pavimentação Urbana - Ministério das Cidades;2026OB005995;Caixa Econômica Federal;104;423-5;423;569372411-1;569372411
09032021-010426;202128550001-Pedro Uczai;83021816000129;MUNICIPIO DE CAXAMBU DO SUL;2855;Pedro Uczai;250000.0;;2021OB802726;Caixa Econômica Federal;104;414-6;414;576008017-9;576008017
09032024-070552;202443250003-Cobalchini;83021816000129;MUNICIPIO DE CAXAMBU DO SUL;4325;Cobalchini;200000.0;;2024OB004168;Caixa Econômica Federal;104;3592-0;3592;575994808-0;575994808
09032024-074012;202442730001-Jorge Seif;83021816000129;MUNICIPIO DE CAXAMBU DO SUL;4273;Jorge Seif;100000.0;;2024OB010223;Caixa Econômica Federal;104;3592-0;3592;575994807-1;575994807
09032025-083892;202540620003-RICARDO GUIDI;83021816000129;MUNICIPIO DE CAXAMBU DO SUL;4062;Ricardo Guidi;297000.0;Retroescavadeira - Retroescavadeira - Infraestrutura Produtiva;2025OB001509;Caixa Econômica Federal;104;3592-0;3592;574793545-0;574793545
09032025-081802;202522100013-ESPERIDIÃO AMIN;83021816000129;MUNICIPIO DE CAXAMBU DO SUL;2210;Esperidião Amin;396000.0;Pavimentação: Adequação De Vias - Pavimentação: Adequação De Vias;2025OB000250;Caixa Econômica Federal;104;3592-0;3592;574847024-8;574847024
09032026-094592;202622100012-ESPERIDIÃO AMIN;83021816000129;MUNICIPIO DE CAXAMBU DO SUL;2210;Esperidião Amin;398000.0;Pavimentação De Estradas Vicinais - Ministério da Integração e do Desenvolvimento Regional - Pavimentação De Estradas Vicinais - Ministério da Integração e do Desenvolvimento Regional;;Caixa Econômica Federal;104;3592-0;3592;569339492-8;569339492
09032021-013421;202141850007-Jorginho Mello;01566621000108;MUNICIPIO DE FLOR DO SERTAO;4185;Jorginho Mello;200000.0;;2021OB801854;Banco do Brasil;001;858-3;858;36063-5;36063
09032023-033075;202328550022-Pedro Uczai;01566621000108;MUNICIPIO DE FLOR DO SERTAO;2855;Pedro Uczai;250000.0;;2023OB806058;Caixa Econômica Federal;104;1077-4;1077;575861829-9;575861829
09032024-069181;202428550022-Pedro Uczai;01566621000108;MUNICIPIO DE FLOR DO SERTAO;2855;Pedro Uczai;200000.0;;2024OB001131;Caixa Econômica Federal;104;1077-4;1077;575861833-7;575861833
09032026-097338;202643390009-DANIELA REINEHR;01566621000108;MUNICIPIO DE FLOR DO SERTAO;4339;Daniela Reinehr;398000.0;Infraestrutura Turística - Ministério do Turismo - Infraestrutura Turística - Ministério do Turismo;;Caixa Econômica Federal;104;1077-4;1077;568761485-7;568761485
09032022-021522;202241290001-Rodrigo Coelho;83102319000155;MUNICIPIO DE LUIZ ALVES;4129;Rodrigo Coelho;500000.0;;2022OB803769, 2023OB804601;Banco do Brasil;001;5391-0;5391;9471-4;9471
09032023-037010;202339290002-Carlos Chiodini;83102319000155;MUNICIPIO DE LUIZ ALVES;3929;Carlos Chiodini;600000.0;;2023OB813619;Banco do Brasil;001;5391-0;5391;10081-1;10081
09032024-068721;202442510013-Ivete da Silveira;83102319000155;MUNICIPIO DE LUIZ ALVES;4251;Ivete da Silveira;50000.0;;2024OB010015;Banco do Brasil;001;5391-0;5391;10524-4;10524
09032024-072870;202439320001-Caroline de Toni;83102319000155;MUNICIPIO DE LUIZ ALVES;3932;Caroline de Toni;200000.0;;2024OB002372;Banco do Brasil;001;5391-0;5391;10526-0;10526
09032024-068838;202442510012-Ivete da Silveira;83102319000155;MUNICIPIO DE LUIZ ALVES;4251;Ivete da Silveira;50000.0;;2024OB003524;Banco do Brasil;001;5391-0;5391;10525-2;10525
09032025-083197;202539290001-CARLOS CHIODINI;83102319000155;MUNICIPIO DE LUIZ ALVES;3929;Carlos Chiodini;495000.0;Pavimentação - Pavimentação;2025OB001156;Banco do Brasil;001;5391-0;5391;11244-5;11244
09032025-079231;202544480001-PEZENTI;83102319000155;MUNICIPIO DE LUIZ ALVES;4448;Pezenti;247500.0;Adquirir Material Escolar (Custeio) - Adquirir Material Escolar (Custeio);2025OB007155;Banco do Brasil;001;5391-0;5391;11318-2;11318
09032025-081169;202543920009-ISMAEL;83102319000155;MUNICIPIO DE LUIZ ALVES;4392;Ismael;198000.0;Aquisição De Unidade Móvel De Saúde - Aquisição De Unidade Móvel De Saúde;2025OB006984;Banco do Brasil;001;5391-0;5391;11324-7;11324
09032025-084756;202543390010-DANIELA REINEHR;83102319000155;MUNICIPIO DE LUIZ ALVES;4339;Daniela Reinehr;396000.0;Adquirir Material Escolar (Custeio) - Adquirir Material Escolar (Custeio);2025OB006836;Banco do Brasil;001;5391-0;5391;11308-5;11308
09032026-094121;202644480001-PEZENTI;83102319000155;MUNICIPIO DE LUIZ ALVES;4448;Pezenti;398000.0;Revitalização, Construção De Calçadas E Passeios Públicos: Calçadões - Ministério das Cidades - Revitalização, Construção De Calçadas E Passeios Públicos: Calçadões - Ministério das Cidades;;Banco do Brasil;001;5391-0;5391;;
09032026-095757;202639290001-CARLOS CHIODINI;83102319000155;MUNICIPIO DE LUIZ ALVES;3929;Carlos Chiodini;1194000.0;Pavimentação De Estradas Vicinais - Ministério da Integração e do Desenvolvimento Regional - Pavimentação De Estradas Vicinais - Ministério da Integração e do Desenvolvimento Regional;2026OB004807;Banco do Brasil;001;5391-0;5391;11641-6;11641
09032026-095822;202639320001-CAROLINE DE TONI;83102319000155;MUNICIPIO DE LUIZ ALVES;3932;Caroline de Toni;447750.0;Caminhão Basculante/Caçamba - Infraestrutura Produtiva  - Ministério da Integração e do Desenvolvimento Regional - Caminhão Basculante/Caçamba - Infraestrutura Produtiva  - Ministério da Integração e do Desenvolvimento Regional;2026OB001463;Banco do Brasil;001;5391-0;5391;11619-X;11619
09032022-017722;202225690003-Celso Maldaner;80637457000140;MUNICIPIO DE JARDINOPOLIS;2569;Celso Maldaner;100000.0;;2022OB800892;Banco do Brasil;001;5430-5;5430;8299-6;8299
09032022-016423;202228550021-Pedro Uczai;80637457000140;MUNICIPIO DE JARDINOPOLIS;2855;Pedro Uczai;250000.0;;2023OB801095;Banco do Brasil;001;5430-5;5430;8299-6;8299
09032024-069185;202428550022-Pedro Uczai;80637457000140;MUNICIPIO DE JARDINOPOLIS;2855;Pedro Uczai;250000.0;;2024OB007080, 2024OB007085;Caixa Econômica Federal;104;414-6;414;576008023-3;576008023
09032024-070559;202443250003-Cobalchini;80637457000140;MUNICIPIO DE JARDINOPOLIS;4325;Cobalchini;300000.0;;2024OB004179;Caixa Econômica Federal;104;414-6;414;576008032-2;576008032
09032024-074490;202443390001-Daniela Reinehr;80637457000140;MUNICIPIO DE JARDINOPOLIS;4339;Daniela Reinehr;100000.0;;2024OB010890;Caixa Econômica Federal;104;414-6;414;576008042-0;576008042
09032024-074032;202442730001-Jorge Seif;80637457000140;MUNICIPIO DE JARDINOPOLIS;4273;Jorge Seif;100000.0;;2024OB003785;Caixa Econômica Federal;104;414-6;414;576008046-2;576008046
09032025-084683;202543250005-COBALCHINI;80637457000140;MUNICIPIO DE JARDINOPOLIS;4325;Cobalchini;495000.0;Pavimentação De Estradas Vicinais - Pavimentação De Estradas Vicinais;2025OB006792;Caixa Econômica Federal;104;414-6;414;574265118-6;574265118
09032026-097258;202643250001-COBALCHINI;80637457000140;MUNICIPIO DE JARDINOPOLIS;4325;Cobalchini;497500.0;Pavimentação Urbana - Ministério das Cidades - Pavimentação Urbana - Ministério das Cidades;2026OB005684;Caixa Econômica Federal;104;414-6;414;569171442-9;569171442
09032026-095964;202639800001-FABIO SCHIOCHET;80637457000140;MUNICIPIO DE JARDINOPOLIS;3980;Fabio Schiochet;398000.0;Pavimentação Urbana - Ministério das Cidades - Pavimentação Urbana - Ministério das Cidades;2026OB004941;Caixa Econômica Federal;104;414-6;414;569171443-7;569171443
09032021-010635;202129250018-Carmen Zanotto;01606852000190;MUNICIPIO DE BOCAINA DO SUL;2925;Carmen Zanotto;60000.0;;2021OB804000;Caixa Econômica Federal;104;1663-2;1663;575997008-5;575997008
09032022-020518;202240150005-Hélio Costa;01606852000190;MUNICIPIO DE BOCAINA DO SUL;4015;Hélio Costa;200000.0;;2022OB802985;Caixa Econômica Federal;104;420-0;420;576008072-1;576008072
09032023-032871;202329250001-Carmen Zanotto;01606852000190;MUNICIPIO DE BOCAINA DO SUL;2925;Carmen Zanotto;250000.0;;2023OB806148;Banco do Brasil;001;3078-3;3078;36788-5;36788
09032024-067052;202429250006-Carmen Zanotto;01606852000190;MUNICIPIO DE BOCAINA DO SUL;2925;Carmen Zanotto;300000.0;;2024OB001357;Caixa Econômica Federal;104;1663-2;1663;575995901-4;575995901
09032024-073998;202442730001-Jorge Seif;01606852000190;MUNICIPIO DE BOCAINA DO SUL;4273;Jorge Seif;200000.0;;2024OB003769;Banco do Brasil;001;3078-3;3078;38745-2;38745
09032026-094106;202644480001-PEZENTI;01606852000190;MUNICIPIO DE BOCAINA DO SUL;4448;Pezenti;298500.0;Aquisição de Máquinas e Equipamentos (GND 4) - Ministério da Agricultura e Pecuária - Aquisição de Máquinas e Equipamentos (GND 4) - Ministério da Agricultura e Pecuária;2026OB005986;Banco do Brasil;001;3078-3;3078;48108-4;48108
09032021-009956;202125690003-Celso Maldaner;83102335000148;MUNICIPIO DE BALNEARIO DE PICARRAS;2569;Celso Maldaner;300000.0;;2021OB800438;Banco do Brasil;001;3257-3;3257;25651-X;25651
09032021-011951;202139290005-Carlos Chiodini;83102335000148;MUNICIPIO DE BALNEARIO DE PICARRAS;3929;Carlos Chiodini;700000.0;;2021OB801261;Banco do Brasil;001;3257-3;3257;25651-X;25651
09032022-014142;202232350003-Geovania De Sá;83102335000148;MUNICIPIO DE BALNEARIO DE PICARRAS;3235;Geovania De Sá;200000.0;;2022OB801805;Banco do Brasil;001;3257-3;3257;26713-9;26713
09032022-018234;202228560001-Rogério Peninha Mendonça;83102335000148;MUNICIPIO DE BALNEARIO DE PICARRAS;2856;Rogério Peninha Mendonça;200000.0;;2022OB801272;Banco do Brasil;001;3257-3;3257;26713-9;26713
09032023-037004;202339290002-Carlos Chiodini;83102335000148;MUNICIPIO DE BALNEARIO DE PICARRAS;3929;Carlos Chiodini;700000.0;;2023OB807452;Banco do Brasil;001;3257-3;3257;28532-3;28532
09032024-074483;202443390001-Daniela Reinehr;83102335000148;MUNICIPIO DE BALNEARIO DE PICARRAS;4339;Daniela Reinehr;200000.0;;2024OB010872;Banco do Brasil;001;3257-3;3257;29942-1;29942
09032024-068822;202442510012-Ivete da Silveira;83102335000148;MUNICIPIO DE BALNEARIO DE PICARRAS;4251;Ivete da Silveira;200000.0;;2024OB003590;Banco do Brasil;001;3257-3;3257;29939-1;29939
09032024-075088;202444480002-Pezenti;83102335000148;MUNICIPIO DE BALNEARIO DE PICARRAS;4448;Pezenti;500000.0;;2024OB004930;Banco do Brasil;001;3257-3;3257;29943-X;29943
09032024-074024;202442730001-Jorge Seif;83102335000148;MUNICIPIO DE BALNEARIO DE PICARRAS;4273;Jorge Seif;200000.0;;2024OB003761;Banco do Brasil;001;3257-3;3257;29941-3;29941
09032024-068705;202442510013-Ivete da Silveira;83102335000148;MUNICIPIO DE BALNEARIO DE PICARRAS;4251;Ivete da Silveira;200000.0;;2024OB009969;Banco do Brasil;001;3257-3;3257;29940-5;29940
09032024-073524;202440620002-Ricardo Guidi;83102335000148;MUNICIPIO DE BALNEARIO DE PICARRAS;4062;Ricardo Guidi;300000.0;;2024OB002874;Banco do Brasil;001;3257-3;3257;29938-3;29938
09032025-083195;202539290001-CARLOS CHIODINI;83102335000148;MUNICIPIO DE BALNEARIO DE PICARRAS;3929;Carlos Chiodini;990000.0;Pavimentação - Pavimentação;2025OB001151;Banco do Brasil;001;3257-3;3257;32379-9;32379
09032026-089623;202632350004-GEOVANIA DE SÁ;83102335000148;MUNICIPIO DE BALNEARIO DE PICARRAS;3235;Geovania De Sá;398000.0;Reboques (Carretinhas) Para Fortalecimento Da Pesca Artesanal, política voltada às ações do MINISTÉRIO DA PESCA E AQUICULTURA. - Ministério da Pesca e Aquicultura - Reboques (Carretinhas) Para Fortalecimento Da Pesca Artesanal, política voltada às ações do Ministério da Pesca e Aquicultura. - Ministério da Pesca e Aquicultura;;Banco do Brasil;001;3257-3;3257;33552-5;33552
09032026-094116;202644480001-PEZENTI;83102335000148;MUNICIPIO DE BALNEARIO DE PICARRAS;4448;Pezenti;398000.0;Reforma De Unidade Básica De Saúde - Ministério da Saúde - Reforma De Unidade Básica De Saúde - Ministério da Saúde;;Banco do Brasil;001;3257-3;3257;;
09032026-093923;202642090003-JORGE GOETTEN;83102335000148;MUNICIPIO DE BALNEARIO DE PICARRAS;4209;Jorge Goetten;646750.0;Pavimentação Urbana - Ministério das Cidades - Pavimentação Urbana - Ministério das Cidades;;Banco do Brasil;001;3257-3;3257;33553-3;33553
09032026-095750;202639290001-CARLOS CHIODINI;83102335000148;MUNICIPIO DE BALNEARIO DE PICARRAS;3929;Carlos Chiodini;995000.0;Pavimentação Urbana - Ministério das Cidades - Pavimentação Urbana - Ministério das Cidades;2026OB001440;Banco do Brasil;001;3257-3;3257;33542-8;33542
09032022-019866;202239290005-Carlos Chiodini;83009860000113;MUNICIPIO DE XANXERE;3929;Carlos Chiodini;600000.0;;2023OB802601;Banco do Brasil;001;586-X;586;51728-3;51728
09032022-016419;202228550021-Pedro Uczai;83009860000113;MUNICIPIO DE XANXERE;2855;Pedro Uczai;450000.0;;2022OB801257, 2023OB801102;Banco do Brasil;001;586-X;586;51728-3;51728
0903-003280;202028550021-Pedro Uczai;83009860000113;MUNICIPIO DE XANXERE;2855;Pedro Uczai;250000.0;;2020OB801245;Caixa Econômica Federal;104;701-3;701;575864059-6;575864059
09032021-012244;202139800001-Fabio Schiochet;83009860000113;MUNICIPIO DE XANXERE;3980;Fabio Schiochet;300000.0;;2021OB801676;Banco do Brasil;001;586-X;586;49866-1;49866
09032023-033071;202328550022-Pedro Uczai;83009860000113;MUNICIPIO DE XANXERE;2855;Pedro Uczai;450000.0;;2023OB805971, 2023OB805972;Banco do Brasil;001;586-X;586;54316-0;54316
09032023-037056;202339320001-Caroline de Toni;83009860000113;MUNICIPIO DE XANXERE;3932;Caroline de Toni;1000000.0;;2023OB805973;Banco do Brasil;001;586-X;586;54316-0;54316
09032024-073986;202442730001-Jorge Seif;83009860000113;MUNICIPIO DE XANXERE;4273;Jorge Seif;200000.0;;2024OB003733;Caixa Econômica Federal;104;701-3;701;575864076-6;575864076
09032024-069179;202428550022-Pedro Uczai;83009860000113;MUNICIPIO DE XANXERE;2855;Pedro Uczai;350000.0;;2024OB007078;Caixa Econômica Federal;104;701-3;701;575864074-0;575864074
09032024-072836;202439320001-Caroline de Toni;83009860000113;MUNICIPIO DE XANXERE;3932;Caroline de Toni;1500000.0;;2024OB002329;Caixa Econômica Federal;104;701-3;701;575864072-3;575864072
09032024-074458;202443390001-Daniela Reinehr;83009860000113;MUNICIPIO DE XANXERE;4339;Daniela Reinehr;1250000.0;;2024OB004283;Caixa Econômica Federal;104;701-3;701;575864073-1;575864073
09032024-074719;202443920007-Ismael;83009860000113;MUNICIPIO DE XANXERE;4392;Ismael;500000.0;;2024OB004551;Caixa Econômica Federal;104;701-3;701;575864077-4;575864077
09032025-084320;202542730001-JORGE SEIF;83009860000113;MUNICIPIO DE XANXERE;4273;Jorge Seif;396000.0;Objeto Único Não Padronizado – Demais - Órgão 53000 - MIDR;2025OB002030;Caixa Econômica Federal;104;701-3;701;574810397-0;574810397
09032025-083230;202539320001-CAROLINE DE TONI;83009860000113;MUNICIPIO DE XANXERE;3932;Caroline de Toni;1485000.0;Pavimentação - Pavimentação;2025OB001173;Caixa Econômica Federal;104;701-3;701;574893803-7;574893803
09032025-084741;202543390010-DANIELA REINEHR;83009860000113;MUNICIPIO DE XANXERE;4339;Daniela Reinehr;1188000.0;Objeto Único Não Padronizado – Demais - Construção de Cobertura da arena do Parque de Exposições Agropecuária Municipal;2025OB006809;Caixa Econômica Federal;104;701-3;701;574363284-3;574363284
09032026-096784;202642510003-IVETE DA SILVEIRA;83009860000113;MUNICIPIO DE XANXERE;4251;Ivete da Silveira;398000.0;Pavimentação Urbana - Ministério das Cidades - Pavimentação Urbana - Ministério das Cidades;2026OB002416;Caixa Econômica Federal;104;701-3;701;569879393-6;569879393
0903-004395;202029250015-Carmen Zanotto;82777335000185;MUNICIPIO DE ANITA GARIBALDI;2925;Carmen Zanotto;200000.0;;2020OB801156;Banco do Brasil;001;1446-X;1446;22851-6;22851
09032021-010629;202129250018-Carmen Zanotto;82777335000185;MUNICIPIO DE ANITA GARIBALDI;2925;Carmen Zanotto;100000.0;;2021OB802777;Caixa Econômica Federal;104;408-1;408;575864657-8;575864657
09032021-012114;202139530003-Darci de Matos;82777335000185;MUNICIPIO DE ANITA GARIBALDI;3953;Darci de Matos;100000.0;;2021OB804397;Caixa Econômica Federal;104;408-1;408;575864657-8;575864657
09032021-013410;202141850007-Jorginho Mello;82777335000185;MUNICIPIO DE ANITA GARIBALDI;4185;Jorginho Mello;200000.0;;2021OB803372;Caixa Econômica Federal;104;408-1;408;575864657-8;575864657
09032022-015100;202229250013-Carmen Zanotto;82777335000185;MUNICIPIO DE ANITA GARIBALDI;2925;Carmen Zanotto;250000.0;;2022OB801461;Caixa Econômica Federal;104;420-0;420;575864764-7;575864764
09032022-016327;202239530001-Darci de Matos;82777335000185;MUNICIPIO DE ANITA GARIBALDI;3953;Darci de Matos;150000.0;;2022OB802719;Caixa Econômica Federal;104;420-0;420;575864764-7;575864764
09032022-021828;202241850010-Jorginho Mello;82777335000185;MUNICIPIO DE ANITA GARIBALDI;4185;Jorginho Mello;200000.0;;2022OB804129;Caixa Econômica Federal;104;420-0;420;575864764-7;575864764
09032023-032859;202329250001-Carmen Zanotto;82777335000185;MUNICIPIO DE ANITA GARIBALDI;2925;Carmen Zanotto;200000.0;;2023OB808172;Caixa Econômica Federal;104;420-0;420;575864766-3;575864766
09032023-038993;202342510010-Ivete da Silveira;82777335000185;MUNICIPIO DE ANITA GARIBALDI;4251;Ivete da Silveira;400000.0;;2023OB808173;Caixa Econômica Federal;104;420-0;420;575864766-3;575864766
09032024-067037;202429250006-Carmen Zanotto;82777335000185;MUNICIPIO DE ANITA GARIBALDI;2925;Carmen Zanotto;400000.0;;2024OB001369;Caixa Econômica Federal;104;420-0;420;575864773-6;575864773
09032024-067995;202444010006-Julia Zanatta;82777335000185;MUNICIPIO DE ANITA GARIBALDI;4401;Julia Zanatta;100000.0;;2024OB011586;Caixa Econômica Federal;104;420-0;420;575864768-0;575864768
09032024-068649;202442510013-Ivete da Silveira;82777335000185;MUNICIPIO DE ANITA GARIBALDI;4251;Ivete da Silveira;75000.0;;2024OB009995;Caixa Econômica Federal;104;420-0;420;575864771-0;575864771
09032024-073948;202442730001-Jorge Seif;82777335000185;MUNICIPIO DE ANITA GARIBALDI;4273;Jorge Seif;200000.0;;2024OB003754;Caixa Econômica Federal;104;420-0;420;575864769-8;575864769
09032024-068766;202442510012-Ivete da Silveira;82777335000185;MUNICIPIO DE ANITA GARIBALDI;4251;Ivete da Silveira;75000.0;;2024OB003534;Caixa Econômica Federal;104;420-0;420;575864772-8;575864772
09032025-083391;202539800001-FABIO SCHIOCHET;82777335000185;MUNICIPIO DE ANITA GARIBALDI;3980;Fabio Schiochet;495000.0;Caminhão Basculante/Caçamba - Caminhão Basculante/Caçamba - Infraestrutura Produtiva;2025OB001284;Banco do Brasil;001;1446-X;1446;26209-9;26209
09032026-094291;202628550010-PEDRO UCZAI;82777335000185;MUNICIPIO DE ANITA GARIBALDI;2855;Pedro Uczai;199000.0;Aquisição De Máquinas, Implementos E Equipamentos Agrícolas Adaptados À Agricultura Familiar E Tecnologias Sociais. - Ministério do Desenvolvimento Agrário e Agricultura Familiar - Aquisição De Máquinas, Implementos E Equipamentos Agrícolas Adaptados À Agricultura Familiar E Tecnologias Sociais. - Ministério do Desenvolvimento Agrário e Agricultura Familiar;2026OB000619;Caixa Econômica Federal;104;420-0;420;569487329-3;569487329
09032026-094567;202622100012-ESPERIDIÃO AMIN;82777335000185;MUNICIPIO DE ANITA GARIBALDI;2210;Esperidião Amin;298500.0;Objeto Único Não Padronizado – Demais - aquisição de um veículo van;2026OB000213;Caixa Econômica Federal;104;420-0;420;569528936-6;569528936
09032026-093895;202642090003-JORGE GOETTEN;82777335000185;MUNICIPIO DE ANITA GARIBALDI;4209;Jorge Goetten;398000.0;Pavimentação Urbana - Ministério das Cidades - Pavimentação Urbana - Ministério das Cidades;2026OB002383;Caixa Econômica Federal;104;420-0;420;569546695-0;569546695
09032026-097264;202643250001-COBALCHINI;82939471000124;MUNICIPIO DE LACERDOPOLIS;4325;Cobalchini;398000.0;Pavimentação Urbana - Ministério das Cidades - Pavimentação Urbana - Ministério das Cidades;2026OB002842;Caixa Econômica Federal;104;418-9;418;569610335-5;569610335
09032024-068727;202442510013-Ivete da Silveira;95993093000109;CORONEL MARTINS;4251;Ivete da Silveira;100000.0;;2024OB009993;Caixa Econômica Federal;104;1884-8;1884;575858598-6;575858598
09032024-068844;202442510012-Ivete da Silveira;95993093000109;CORONEL MARTINS;4251;Ivete da Silveira;100000.0;;2024OB003605;Caixa Econômica Federal;104;1884-8;1884;575858597-8;575858597
09032024-069189;202428550022-Pedro Uczai;95993093000109;CORONEL MARTINS;2855;Pedro Uczai;250000.0;;2024OB001133;Caixa Econômica Federal;104;1884-8;1884;575858594-3;575858594
09032024-072878;202439320001-Caroline de Toni;95993093000109;CORONEL MARTINS;3932;Caroline de Toni;100000.0;;2024OB008468;Caixa Econômica Federal;104;1884-8;1884;575858595-1;575858595
09032024-074047;202442730001-Jorge Seif;95993093000109;CORONEL MARTINS;4273;Jorge Seif;100000.0;;2024OB010211;Caixa Econômica Federal;104;1884-8;1884;575858596-0;575858596
09032022-019873;202239290005-Carlos Chiodini;82892290000190;MUNICIPIO DE ANTONIO CARLOS;3929;Carlos Chiodini;700000.0;;2023OB802599;Caixa Econômica Federal;104;4439-3;4439;576123312-2;576123312
09032022-016147;202237860003-Dário Berger;82892290000190;MUNICIPIO DE ANTONIO CARLOS;3786;Dário Berger;100000.0;;2023OB802168;Caixa Econômica Federal;104;4439-3;4439;576123312-2;576123312
09032024-068718;202442510013-Ivete da Silveira;82892290000190;MUNICIPIO DE ANTONIO CARLOS;4251;Ivete da Silveira;50000.0;;2024OB003561;Caixa Econômica Federal;104;4439-3;4439;576123321-1;576123321
09032023-034182;202318800004-Angela Amin;82892290000190;MUNICIPIO DE ANTONIO CARLOS;1880;Angela Amin;200000.0;;2023OB808101;Caixa Econômica Federal;104;4439-3;4439;576123319-0;576123319
09032023-037007;202339290002-Carlos Chiodini;82892290000190;MUNICIPIO DE ANTONIO CARLOS;3929;Carlos Chiodini;695000.0;;2023OB808103;Caixa Econômica Federal;104;4439-3;4439;576123319-0;576123319
09032024-069104;202422100016-Esperidião Amin;82892290000190;MUNICIPIO DE ANTONIO CARLOS;2210;Esperidião Amin;300000.0;;2024OB005640;Caixa Econômica Federal;104;4439-3;4439;576123331-9;576123331
09032024-072779;202439290001-Carlos Chiodini;82892290000190;MUNICIPIO DE ANTONIO CARLOS;3929;Carlos Chiodini;800000.0;;2024OB002324;Caixa Econômica Federal;104;4439-3;4439;576123332-7;576123332
09032024-074034;202442730001-Jorge Seif;82892290000190;MUNICIPIO DE ANTONIO CARLOS;4273;Jorge Seif;100000.0;;2024OB010225;Caixa Econômica Federal;104;4439-3;4439;576123329-7;576123329
09032024-068028;202444010006-Julia Zanatta;82892290000190;MUNICIPIO DE ANTONIO CARLOS;4401;Julia Zanatta;250000.0;;2024OB011587;Caixa Econômica Federal;104;4439-3;4439;576123323-8;576123323
09032024-074493;202443390001-Daniela Reinehr;82892290000190;MUNICIPIO DE ANTONIO CARLOS;4339;Daniela Reinehr;150000.0;;2024OB004296;Caixa Econômica Federal;104;4439-3;4439;576123328-9;576123328
09032025-080758;202544010010-JULIA ZANATTA;82892290000190;MUNICIPIO DE ANTONIO CARLOS;4401;Julia Zanatta;495000.0;Pavimentação - Pavimentação;2025OB007017;Caixa Econômica Federal;104;4439-3;4439;574009686-0;574009686
09032025-084338;202542730001-JORGE SEIF;82892290000190;MUNICIPIO DE ANTONIO CARLOS;4273;Jorge Seif;396000.0;Pavimentação - Pavimentação;2025OB006629;Caixa Econômica Federal;104;4439-3;4439;574009685-1;574009685
09032026-089633;202632350004-GEOVANIA DE SÁ;82892290000190;MUNICIPIO DE ANTONIO CARLOS;3235;Geovania De Sá;298500.0;Objeto Único Não Padronizado – Demais - Custeio do Transporte Escolar, a cargo do Fundo Nacional do Desenvolvimento da educação (UO 26298);2026OB004489;Caixa Econômica Federal;104;4439-3;4439;569260819-3;569260819
09032025-2-087604;202522100013-ESPERIDIÃO AMIN;82892290000190;MUNICIPIO DE ANTONIO CARLOS;2210;Esperidião Amin;198000.0;Objeto Único Não Padronizado – Demais - Instrumentos Musicais/  Parque Infantil;2025OB009732;Caixa Econômica Federal;104;4439-3;4439;573063072-3;573063072
09032026-089777;202639490005-DANIEL FREITAS;82892290000190;MUNICIPIO DE ANTONIO CARLOS;3949;Daniel Freitas;497500.0;Infraestrutura Turística - Ministério do Turismo - Infraestrutura Turística - Ministério do Turismo;2026OB004838;Caixa Econômica Federal;104;4439-3;4439;569300191-8;569300191
09032025-081811;202522100013-ESPERIDIÃO AMIN;82892290000190;MUNICIPIO DE ANTONIO CARLOS;2210;Esperidião Amin;198000.0;Objeto Único Não Padronizado – Demais - Instrumentos Musicais/  Parque Infantil;;Caixa Econômica Federal;104;4439-3;4439;;
09032026-094605;202622100012-ESPERIDIÃO AMIN;82892290000190;MUNICIPIO DE ANTONIO CARLOS;2210;Esperidião Amin;398000.0;Reforma de Escola (Capital) - Fundo Nacional de Desenvolvimento da Educação - Reforma de Escola (Capital) - Fundo Nacional de Desenvolvimento da Educação;2026OB003969;Caixa Econômica Federal;104;4439-3;4439;569260818-5;569260818
09032026-095755;202639290001-CARLOS CHIODINI;82892290000190;MUNICIPIO DE ANTONIO CARLOS;3929;Carlos Chiodini;497500.0;Pavimentação Urbana - Ministério das Cidades - Pavimentação Urbana - Ministério das Cidades;2026OB001449;Caixa Econômica Federal;104;4439-3;4439;569446587-0;569446587
09032022-014144;202232350003-Geovania De Sá;80989965000198;MUNICIPIO DE SANTA ROSA DO SUL;3235;Geovania De Sá;400000.0;;2023OB800493;Banco do Brasil;001;5431-3;5431;8516-2;8516
09032023-031265;202332350003-Geovania De Sá;80989965000198;MUNICIPIO DE SANTA ROSA DO SUL;3235;Geovania De Sá;1300000.0;;2023OB806845, 2023OB812880;Banco do Brasil;001;5431-3;5431;8918-4;8918
09032023-037424;202339800001-Fabio Schiochet;80989965000198;MUNICIPIO DE SANTA ROSA DO SUL;3980;Fabio Schiochet;1000000.0;;2023OB810684;Banco do Brasil;001;5431-3;5431;8918-4;8918
09032023-038055;202340620003-Ricardo Guidi;80989965000198;MUNICIPIO DE SANTA ROSA DO SUL;4062;Ricardo Guidi;300000.0;;2023OB814222;Banco do Brasil;001;5431-3;5431;8918-4;8918
09032024-066113;202442730002-Jorge Seif;80989965000198;MUNICIPIO DE SANTA ROSA DO SUL;4273;Jorge Seif;100000.0;;2024OB010267;Banco do Brasil;001;5431-3;5431;9187-1;9187
09032024-069393;202439800001-Fabio Schiochet;80989965000198;MUNICIPIO DE SANTA ROSA DO SUL;3980;Fabio Schiochet;2000000.0;;2024OB008727;Banco do Brasil;001;5431-3;5431;9186-3;9186
09032025-080757;202544010010-JULIA ZANATTA;80989965000198;MUNICIPIO DE SANTA ROSA DO SUL;4401;Julia Zanatta;495000.0;Pavimentação - Pavimentação;2025OB002411;Banco do Brasil;001;5431-3;5431;9857-4;9857
09032025-081168;202543920009-ISMAEL;80989965000198;MUNICIPIO DE SANTA ROSA DO SUL;4392;Ismael;396000.0;Objeto Único Não Padronizado – Demais - Unidade Orçamentária 26298 - FNDE - Ação 0E53 - renovação e padronização da frota de veículos escolares, visando garantir segurança e qualidade ao transporte dos estudantes;2025OB006969;Banco do Brasil;001;5431-3;5431;9889-2;9889
09032026-094212;202643920005-ISMAEL;80989965000198;MUNICIPIO DE SANTA ROSA DO SUL;4392;Ismael;497500.0;Pavimentação De Estradas Vicinais - Ministério da Integração e do Desenvolvimento Regional - Pavimentação De Estradas Vicinais - Ministério da Integração e do Desenvolvimento Regional;2026OB005824;Banco do Brasil;001;5431-3;5431;10105-2;10105
09032026-089632;202632350004-GEOVANIA DE SÁ;80989965000198;MUNICIPIO DE SANTA ROSA DO SUL;3235;Geovania De Sá;696500.0;Estradas Vicinais e Obras (GND 3/4) - Ministério da Agricultura e Pecuária - Estradas Vicinais e Obras (GND 3/4) - Ministério da Agricultura e Pecuária;2026OB004480;Banco do Brasil;001;5431-3;5431;10113-3;10113
09032026-095965;202639800001-FABIO SCHIOCHET;80989965000198;MUNICIPIO DE SANTA ROSA DO SUL;3980;Fabio Schiochet;398000.0;Pavimentação De Estradas Vicinais - Ministério da Integração e do Desenvolvimento Regional - Pavimentação De Estradas Vicinais - Ministério da Integração e do Desenvolvimento Regional;2026OB004942;Banco do Brasil;001;5431-3;5431;10102-8;10102
09032026-093926;202642090003-JORGE GOETTEN;80989965000198;MUNICIPIO DE SANTA ROSA DO SUL;4209;Jorge Goetten;398000.0;Revitalização, Construção De Calçadas E Passeios Públicos: Acessibilidade De Calçadas E  Passeios Públicos    - Ministério das Cidades - Revitalização, Construção De Calçadas E Passeios Públicos: Acessibilidade De Calçadas E  Passeios Públicos    - Ministério das Cidades;2026OB002381;Banco do Brasil;001;5431-3;5431;10081-1;10081
09032026-093925;202642090003-JORGE GOETTEN;80989965000198;MUNICIPIO DE SANTA ROSA DO SUL;4209;Jorge Goetten;320396.97;Estradas Vicinais e Obras (GND 3/4) - Ministério da Agricultura e Pecuária - Estradas Vicinais e Obras (GND 3/4) - Ministério da Agricultura e Pecuária;2026OB005443;Banco do Brasil;001;5431-3;5431;10112-5;10112
09032021-010425;202128550001-Pedro Uczai;82951195000110;MUNICIPIO DE ANGELINA;2855;Pedro Uczai;250000.0;;2021OB802727;Banco do Brasil;001;5297-3;5297;8239-2;8239
09032021-011513;202137860003-Dário Berger;82951195000110;MUNICIPIO DE ANGELINA;3786;Dário Berger;100000.0;;2021OB804239;Banco do Brasil;001;5297-3;5297;8239-2;8239
09032022-018201;202228550020-Pedro Uczai;82951195000110;MUNICIPIO DE ANGELINA;2855;Pedro Uczai;100000.0;;2022OB801249;Banco do Brasil;001;5352-X;5352;6701-6;6701
09032023-033078;202328550022-Pedro Uczai;82951195000110;MUNICIPIO DE ANGELINA;2855;Pedro Uczai;500000.0;;2023OB806113;Banco do Brasil;001;5297-3;5297;8874-9;8874
09032024-069088;202422100016-Esperidião Amin;82951195000110;MUNICIPIO DE ANGELINA;2210;Esperidião Amin;300000.0;;2024OB005638;Banco do Brasil;001;5297-3;5297;9142-1;9142
09032024-073519;202440620002-Ricardo Guidi;82951195000110;MUNICIPIO DE ANGELINA;4062;Ricardo Guidi;150000.0;;2024OB002863;Banco do Brasil;001;5297-3;5297;9144-8;9144
09032024-074009;202442730001-Jorge Seif;82951195000110;MUNICIPIO DE ANGELINA;4273;Jorge Seif;100000.0;;2024OB010217;Banco do Brasil;001;5297-3;5297;9145-6;9145
09032025-2-086816;202544480001-PEZENTI;82951195000110;MUNICIPIO DE ANGELINA;4448;Pezenti;198000.0;Objeto Único Não Padronizado – Demais - Manutenção de estradas vicinais - 22000 - Ministério da Agricultura, Pecuária e Abastecimento.;2025OB009023;Banco do Brasil;001;5297-3;5297;9638-5;9638
09032025-083407;202539800001-FABIO SCHIOCHET;82951195000110;MUNICIPIO DE ANGELINA;3980;Fabio Schiochet;297000.0;Caminhão Basculante/Caçamba - Caminhão Basculante/Caçamba - Infraestrutura Produtiva;2025OB001292;Banco do Brasil;001;5297-3;5297;9602-4;9602
09032025-079219;202544480001-PEZENTI;82951195000110;MUNICIPIO DE ANGELINA;4448;Pezenti;198000.0;Objeto Único Não Padronizado – Demais - Manutenção de estradas vicinais - 22000 - Ministério da Agricultura, Pecuária e Abastecimento.;;Banco do Brasil;001;5297-3;5297;;
09032026-093915;202642090003-JORGE GOETTEN;82951195000110;MUNICIPIO DE ANGELINA;4209;Jorge Goetten;398000.0;Construção, Reforma Ou Ampliação De Infraestrutura Esportiva  - Ministério do Esporte - Construção, Reforma Ou Ampliação De Infraestrutura Esportiva  - Ministério do Esporte;2026OB002397;Banco do Brasil;001;5297-3;5297;9732-2;9732
09032026-094590;202622100012-ESPERIDIÃO AMIN;82951195000110;MUNICIPIO DE ANGELINA;2210;Esperidião Amin;398000.0;Áreas De Lazer E Estruturas Para Atividades Físicas Em Espaços Públicos - Parques E Praças - Ministério das Cidades - Áreas De Lazer E Estruturas Para Atividades Físicas Em Espaços Públicos - Parques E Praças - Ministério das Cidades;2026OB000207;Banco do Brasil;001;5297-3;5297;9724-1;9724
09032026-095805;202639320001-CAROLINE DE TONI;82951195000110;MUNICIPIO DE ANGELINA;3932;Caroline de Toni;398000.0;Pavimentação Urbana - Ministério das Cidades - Pavimentação Urbana - Ministério das Cidades;;Banco do Brasil;001;5297-3;5297;9738-1;9738
09032026-095952;202639800001-FABIO SCHIOCHET;82951195000110;MUNICIPIO DE ANGELINA;3980;Fabio Schiochet;398000.0;Infraestrutura Turística - Ministério do Turismo - Infraestrutura Turística - Ministério do Turismo;;Banco do Brasil;001;5297-3;5297;9742-X;9742
09032026-096357;202640620003-RICARDO GUIDI;82951195000110;MUNICIPIO DE ANGELINA;4062;Ricardo Guidi;398000.0;Estradas Vicinais e Obras (GND 3/4) - Ministério da Agricultura e Pecuária - Estradas Vicinais e Obras (GND 3/4) - Ministério da Agricultura e Pecuária;;Banco do Brasil;001;5297-3;5297;9746-2;9746
09032026-096356;202640620003-RICARDO GUIDI;82951195000110;MUNICIPIO DE ANGELINA;4062;Ricardo Guidi;398000.0;Equipagem Dos Centros De Atendimento A Pessoas Idosas, Para Melhorar O Convívio E O Bem-Estar Das Pessoas Atendidas Com A Aquisição De Veículo, Equipamentos E Material Permanente - Ministério dos Direitos Humanos e da Cidadania - Equipagem Dos Centros De Atendimento A Pessoas Idosas, Para Melhorar O Convívio E O Bem-Estar Das Pessoas Atendidas Com A Aquisição De Veículo, Equipamentos E Material Permanente - Ministério dos Direitos Humanos e da Cidadania;;Banco do Brasil;001;5297-3;5297;9740-3;9740
0903-004026;202018800013-Angela Amin;01613101000109;MUNICIPIO DE SAO PEDRO DE ALCANTARA;1880;Angela Amin;250000.0;;2020OB800245;Banco do Brasil;001;1992-5;1992;5950-1;5950
0903-004465;202025690009-Celso Maldaner;01613101000109;MUNICIPIO DE SAO PEDRO DE ALCANTARA;2569;Celso Maldaner;150000.0;;2020OB800248;Banco do Brasil;001;1992-5;1992;5950-1;5950
09032022-017367;202222100001-Esperidião Amin;01613101000109;MUNICIPIO DE SAO PEDRO DE ALCANTARA;2210;Esperidião Amin;150000.0;;2023OB800455;Caixa Econômica Federal;104;4439-3;4439;575994455-6;575994455
09032023-034150;202318800004-Angela Amin;01613101000109;MUNICIPIO DE SAO PEDRO DE ALCANTARA;1880;Angela Amin;550000.0;;2023OB809128;Caixa Econômica Federal;104;4439-3;4439;575994456-4;575994456
09032023-037034;202339320001-Caroline de Toni;01613101000109;MUNICIPIO DE SAO PEDRO DE ALCANTARA;3932;Caroline de Toni;75000.0;;2023OB813658;Caixa Econômica Federal;104;4439-3;4439;575994456-4;575994456
09032023-034380;202322100001-Esperidião Amin;01613101000109;MUNICIPIO DE SAO PEDRO DE ALCANTARA;2210;Esperidião Amin;450000.0;;2023OB809277;Caixa Econômica Federal;104;4439-3;4439;575994456-4;575994456
09032024-072800;202439320001-Caroline de Toni;01613101000109;MUNICIPIO DE SAO PEDRO DE ALCANTARA;3932;Caroline de Toni;100000.0;;2024OB008498;Caixa Econômica Federal;104;4439-3;4439;575994457-2;575994457
09032023-2-041685;202342510010-Ivete da Silveira;01613101000109;MUNICIPIO DE SAO PEDRO DE ALCANTARA;4251;Ivete da Silveira;300000.0;;2023OB815928;Caixa Econômica Federal;104;4439-3;4439;575994456-4;575994456
09032024-073935;202442730001-Jorge Seif;01613101000109;MUNICIPIO DE SAO PEDRO DE ALCANTARA;4273;Jorge Seif;200000.0;;2024OB003716;Caixa Econômica Federal;104;4439-3;4439;575994458-0;575994458
09032024-067993;202444010006-Julia Zanatta;01613101000109;MUNICIPIO DE SAO PEDRO DE ALCANTARA;4401;Julia Zanatta;500000.0;;2024OB004653, 2024OB011564;Caixa Econômica Federal;104;4439-3;4439;575994459-9;575994459
09032025-080733;202544010010-JULIA ZANATTA;01613101000109;MUNICIPIO DE SAO PEDRO DE ALCANTARA;4401;Julia Zanatta;247500.0;Adquirir Material Escolar (Custeio) - Adquirir Material Escolar (Custeio);2025OB007043;Caixa Econômica Federal;104;4439-3;4439;574064126-4;574064126
09032025-084726;202543390010-DANIELA REINEHR;01613101000109;MUNICIPIO DE SAO PEDRO DE ALCANTARA;4339;Daniela Reinehr;495000.0;Caminhão Basculante/Caçamba - Caminhão Basculante/Caçamba - Infraestrutura Produtiva;2025OB002241;Caixa Econômica Federal;104;4439-3;4439;574810298-2;574810298
09032025-075720;202542730002-JORGE SEIF;01613101000109;MUNICIPIO DE SAO PEDRO DE ALCANTARA;4273;Jorge Seif;198000.0;Custeio Ao Piso Da Atenção Primária - Custeio Ao Piso Da Atenção Primária;;Caixa Econômica Federal;104;4439-3;4439;;
09032025-2-085702;202542730002-JORGE SEIF;01613101000109;MUNICIPIO DE SAO PEDRO DE ALCANTARA;4273;Jorge Seif;198000.0;Custeio Ao Piso Da Atenção Primária - Custeio Ao Piso Da Atenção Primária;2025OB008639;Caixa Econômica Federal;104;4439-3;4439;573269511-3;573269511
09032026-095778;202639320001-CAROLINE DE TONI;01613101000109;MUNICIPIO DE SAO PEDRO DE ALCANTARA;3932;Caroline de Toni;398000.0;Pavimentação Urbana - Ministério das Cidades - Pavimentação Urbana - Ministério das Cidades;2026OB001460;Caixa Econômica Federal;104;4439-3;4439;569446356-7;569446356
09032026-094176;202643920005-ISMAEL;01613101000109;MUNICIPIO DE SAO PEDRO DE ALCANTARA;4392;Ismael;199000.0;Aquisição de Máquinas e Equipamentos (GND 4) - Ministério da Agricultura e Pecuária - Aquisição de Máquinas e Equipamentos (GND 4) - Ministério da Agricultura e Pecuária;;Caixa Econômica Federal;104;4439-3;4439;569171023-7;569171023
09032021-011531;202137860003-Dário Berger;83021873000108;MUNICIPIO DE SAO LOURENCO D'OESTE;3786;Dário Berger;150000.0;;2021OB803456;Caixa Econômica Federal;104;1884-8;1884;575858582-0;575858582
09032022-019906;202239320002-Caroline de Toni;83021873000108;MUNICIPIO DE SAO LOURENCO D'OESTE;3932;Caroline de Toni;950000.0;;2023OB802621;Caixa Econômica Federal;104;1884-8;1884;575858584-6;575858584
09032022-017394;202222100001-Esperidião Amin;83021873000108;MUNICIPIO DE SAO LOURENCO D'OESTE;2210;Esperidião Amin;150000.0;;2023OB800451;Caixa Econômica Federal;104;1884-8;1884;575858584-6;575858584
09032023-034739;202325690001-Celso Maldaner;83021873000108;MUNICIPIO DE SAO LOURENCO D'OESTE;2569;Celso Maldaner;1629209.0;;2023OB808180;Caixa Econômica Federal;104;1884-8;1884;575858585-4;575858585
09032023-037073;202339320001-Caroline de Toni;83021873000108;MUNICIPIO DE SAO LOURENCO D'OESTE;3932;Caroline de Toni;1000000.0;;2023OB808080;Caixa Econômica Federal;104;1884-8;1884;575858585-4;575858585
09032023-033082;202328550022-Pedro Uczai;83021873000108;MUNICIPIO DE SAO LOURENCO D'OESTE;2855;Pedro Uczai;200000.0;;2023OB812436;Caixa Econômica Federal;104;1884-8;1884;575858585-4;575858585
09032023-034421;202322100001-Esperidião Amin;83021873000108;MUNICIPIO DE SAO LOURENCO D'OESTE;2210;Esperidião Amin;400000.0;;2023OB808299;Caixa Econômica Federal;104;1884-8;1884;575858585-4;575858585
09032024-070558;202443250003-Cobalchini;83021873000108;MUNICIPIO DE SAO LOURENCO D'OESTE;4325;Cobalchini;1350792.0;;2024OB010769;Caixa Econômica Federal;104;1884-8;1884;575858588-9;575858588
09032024-073892;202442090002-Jorge Goetten;83021873000108;MUNICIPIO DE SAO LOURENCO D'OESTE;4209;Jorge Goetten;250000.0;;2024OB009919;Caixa Econômica Federal;104;1884-8;1884;575858591-9;575858591
09032024-069097;202422100016-Esperidião Amin;83021873000108;MUNICIPIO DE SAO LOURENCO D'OESTE;2210;Esperidião Amin;500000.0;;2024OB006406;Caixa Econômica Federal;104;1884-8;1884;575858593-5;575858593
09032024-066106;202442730002-Jorge Seif;83021873000108;MUNICIPIO DE SAO LOURENCO D'OESTE;4273;Jorge Seif;100000.0;;2024OB010279;Caixa Econômica Federal;104;1884-8;1884;575858589-7;575858589
09032024-072861;202439320001-Caroline de Toni;83021873000108;MUNICIPIO DE SAO LOURENCO D'OESTE;3932;Caroline de Toni;100000.0;;2024OB002367;Caixa Econômica Federal;104;1884-8;1884;575858592-7;575858592
09032025-084333;202542730001-JORGE SEIF;83021873000108;MUNICIPIO DE SAO LOURENCO D'OESTE;4273;Jorge Seif;396000.0;Pavimentação - Pavimentação;2025OB002004;Caixa Econômica Federal;104;1884-8;1884;574881333-1;574881333
09032025-083246;202539320001-CAROLINE DE TONI;83021873000108;MUNICIPIO DE SAO LOURENCO D'OESTE;3932;Caroline de Toni;198000.0;Aquisição De Veículo - Aquisição De Veículo;2025OB003445;Caixa Econômica Federal;104;1884-8;1884;574600846-6;574600846
09032025-084750;202543390010-DANIELA REINEHR;83021873000108;MUNICIPIO DE SAO LOURENCO D'OESTE;4339;Daniela Reinehr;693000.0;Construção, Reforma Ou Ampliação De Infraestrutura Esportiva - Construção, Reforma Ou Ampliação De Infraestrutura Esportiva;2025OB004036;Caixa Econômica Federal;104;1884-8;1884;574600845-8;574600845
09032025-084680;202543250005-COBALCHINI;83021873000108;MUNICIPIO DE SAO LOURENCO D'OESTE;4325;Cobalchini;1188000.0;Pavimentação - Pavimentação;2025OB002185;Caixa Econômica Federal;104;1884-8;1884;574881332-3;574881332
09032025-081806;202522100013-ESPERIDIÃO AMIN;83021873000108;MUNICIPIO DE SAO LOURENCO D'OESTE;2210;Esperidião Amin;396000.0;Pavimentação: Adequação De Vias - Pavimentação: Adequação De Vias;2025OB000246;Caixa Econômica Federal;104;1884-8;1884;574909974-8;574909974
09032025-083410;202539800001-FABIO SCHIOCHET;83021873000108;MUNICIPIO DE SAO LOURENCO D'OESTE;3980;Fabio Schiochet;693000.0;Construção, Reforma Ou Ampliação De Infraestrutura Esportiva - Construção, Reforma Ou Ampliação De Infraestrutura Esportiva;2025OB003501;Caixa Econômica Federal;104;1884-8;1884;574600844-0;574600844
09032026-095961;202639800001-FABIO SCHIOCHET;83021873000108;MUNICIPIO DE SAO LOURENCO D'OESTE;3980;Fabio Schiochet;497500.0;Construção, Reforma Ou Ampliação De Infraestrutura Esportiva  - Ministério do Esporte - Construção, Reforma Ou Ampliação De Infraestrutura Esportiva  - Ministério do Esporte;2026OB001609;Caixa Econômica Federal;104;1884-8;1884;569487349-8;569487349
09032026-097255;202643250001-COBALCHINI;83021873000108;MUNICIPIO DE SAO LOURENCO D'OESTE;4325;Cobalchini;796000.0;Pavimentação De Estradas Vicinais - Ministério da Integração e do Desenvolvimento Regional - Pavimentação De Estradas Vicinais - Ministério da Integração e do Desenvolvimento Regional;2026OB002847;Caixa Econômica Federal;104;1884-8;1884;569446601-9;569446601
09032026-095816;202639320001-CAROLINE DE TONI;83021873000108;MUNICIPIO DE SAO LOURENCO D'OESTE;3932;Caroline de Toni;398000.0;Pavimentação Urbana - Ministério das Cidades - Pavimentação Urbana - Ministério das Cidades;2026OB001464;Caixa Econômica Federal;104;1884-8;1884;569836097-5;569836097
0903-004386;202028560001-Rogério Peninha Mendonça;83102426000183;MUNICIPIO DE DONA EMMA;2856;Rogério Peninha Mendonça;300000.0;;2020OB801142;Caixa Econômica Federal;104;4441-5;4441;575994464-5;575994464
09032021-010960;202132350006-Geovania De Sá;83102426000183;MUNICIPIO DE DONA EMMA;3235;Geovania De Sá;100000.0;;2021OB801971;Caixa Econômica Federal;104;4441-5;4441;575994466-1;575994466
09032021-012115;202139530003-Darci de Matos;83102426000183;MUNICIPIO DE DONA EMMA;3953;Darci de Matos;100000.0;;2021OB802287;Caixa Econômica Federal;104;4441-5;4441;575994466-1;575994466
09032022-018211;202228560001-Rogério Peninha Mendonça;83102426000183;MUNICIPIO DE DONA EMMA;2856;Rogério Peninha Mendonça;250000.0;;2022OB801276;Caixa Econômica Federal;104;4441-5;4441;575994467-0;575994467
09032022-014119;202232350003-Geovania De Sá;83102426000183;MUNICIPIO DE DONA EMMA;3235;Geovania De Sá;100000.0;;2023OB801634;Caixa Econômica Federal;104;4441-5;4441;575994467-0;575994467
09032022-016114;202237860003-Dário Berger;83102426000183;MUNICIPIO DE DONA EMMA;3786;Dário Berger;150000.0;;2022OB802265;Caixa Econômica Federal;104;4441-5;4441;575994467-0;575994467
09032023-035165;202328560011-Rogério Peninha Mendonça;83102426000183;MUNICIPIO DE DONA EMMA;2856;Rogério Peninha Mendonça;400000.0;;2023OB807555;Caixa Econômica Federal;104;4441-5;4441;575994471-8;575994471
09032023-038996;202342510010-Ivete da Silveira;83102426000183;MUNICIPIO DE DONA EMMA;4251;Ivete da Silveira;100000.0;;2023OB811507;Caixa Econômica Federal;104;4441-5;4441;575994471-8;575994471
09032024-068774;202442510012-Ivete da Silveira;83102426000183;MUNICIPIO DE DONA EMMA;4251;Ivete da Silveira;50000.0;;2024OB003611;Banco do Brasil;001;5417-8;5417;7948-0;7948
09032024-075063;202444480002-Pezenti;83102426000183;MUNICIPIO DE DONA EMMA;4448;Pezenti;350000.0;;2024OB004937;Banco do Brasil;001;5417-8;5417;7949-9;7949
09032024-068657;202442510013-Ivete da Silveira;83102426000183;MUNICIPIO DE DONA EMMA;4251;Ivete da Silveira;50000.0;;2024OB009983;Banco do Brasil;001;5417-8;5417;7950-2;7950
09032025-080736;202544010010-JULIA ZANATTA;83102426000183;MUNICIPIO DE DONA EMMA;4401;Julia Zanatta;396000.0;Objeto Único Não Padronizado – Obras e Serviços de Engenharia - Construção de Quadra Esportiva a cargo do Ministério da Educação - Código UO 26000;2025OB007004;Banco do Brasil;001;5417-8;5417;8327-5;8327
09032025-081281;202542090003-JORGE GOETTEN;83102426000183;MUNICIPIO DE DONA EMMA;4209;Jorge Goetten;792000.0;Construção, Revitalização E Reforma De Edificações De Uso Público Ou Coletivo Destinadas A Atividades Turísticas - Construção, Revitalização E Reforma De Edificações De Uso Público Ou Coletivo Destinadas A Atividades Turísticas;2025OB003839;Banco do Brasil;001;5417-8;5417;8303-8;8303
09032025-084732;202543390010-DANIELA REINEHR;83102426000183;MUNICIPIO DE DONA EMMA;4339;Daniela Reinehr;495000.0;Pavimentação De Estradas Vicinais - Pavimentação De Estradas Vicinais;2025OB004032;Banco do Brasil;001;5417-8;5417;8301-1;8301
09032025-2-085708;202542730002-JORGE SEIF;83102426000183;MUNICIPIO DE DONA EMMA;4273;Jorge Seif;198000.0;Custeio Ao Piso Da Atenção Primária - Custeio Ao Piso Da Atenção Primária;2025OB009963;Banco do Brasil;001;5417-8;5417;8355-0;8355
09032025-075726;202542730002-JORGE SEIF;83102426000183;MUNICIPIO DE DONA EMMA;4273;Jorge Seif;198000.0;Objeto Único Não Padronizado – Demais - MAPA - 22000;;Banco do Brasil;001;5417-8;5417;;
09032026-094183;202643920005-ISMAEL;83102426000183;MUNICIPIO DE DONA EMMA;4392;Ismael;398000.0;Aquisição de Máquinas e Equipamentos (GND 4) - Ministério da Agricultura e Pecuária - Aquisição de Máquinas e Equipamentos (GND 4) - Ministério da Agricultura e Pecuária;;Banco do Brasil;001;5417-8;5417;8468-9;8468
09032026-096338;202640620003-RICARDO GUIDI;83102426000183;MUNICIPIO DE DONA EMMA;4062;Ricardo Guidi;298500.0;Aquisição de Máquinas e Equipamentos (GND 4) - Ministério da Agricultura e Pecuária - Aquisição de Máquinas e Equipamentos (GND 4) - Ministério da Agricultura e Pecuária;2026OB005072;Banco do Brasil;001;5417-8;5417;8466-2;8466
09032022-017151;202218800004-Angela Amin;80637424000109;MUNICIPIO DE FORMOSA DO SUL;1880;Angela Amin;200000.0;;2023OB800276;Banco do Brasil;001;1393-5;1393;37590-X;37590
09032022-017396;202222100001-Esperidião Amin;80637424000109;MUNICIPIO DE FORMOSA DO SUL;2210;Esperidião Amin;150000.0;;2022OB800664;Banco do Brasil;001;1393-5;1393;37590-X;37590
09032023-033083;202328550022-Pedro Uczai;80637424000109;MUNICIPIO DE FORMOSA DO SUL;2855;Pedro Uczai;300000.0;;2023OB806683;Banco do Brasil;001;1393-5;1393;38441-0;38441
09032024-068717;202442510013-Ivete da Silveira;80637424000109;MUNICIPIO DE FORMOSA DO SUL;4251;Ivete da Silveira;100000.0;;2024OB003577;Banco do Brasil;001;1393-5;1393;39132-8;39132
09032024-068835;202442510012-Ivete da Silveira;80637424000109;MUNICIPIO DE FORMOSA DO SUL;4251;Ivete da Silveira;100000.0;;2024OB003518;Banco do Brasil;001;1393-5;1393;39131-X;39131
09032024-069184;202428550022-Pedro Uczai;80637424000109;MUNICIPIO DE FORMOSA DO SUL;2855;Pedro Uczai;150000.0;;2024OB001137;Banco do Brasil;001;1393-5;1393;39130-1;39130
09032024-074489;202443390001-Daniela Reinehr;80637424000109;MUNICIPIO DE FORMOSA DO SUL;4339;Daniela Reinehr;100000.0;;2024OB004290;Banco do Brasil;001;1393-5;1393;39129-8;39129
09032025-084682;202543250005-COBALCHINI;80637424000109;MUNICIPIO DE FORMOSA DO SUL;4325;Cobalchini;495000.0;Construção De Galpão Industrial - Construção De Galpão Industrial;2025OB002200;Caixa Econômica Federal;104;4626-4;4626;574727246-9;574727246
09032026-097257;202643250001-COBALCHINI;80637424000109;MUNICIPIO DE FORMOSA DO SUL;4325;Cobalchini;497500.0;Ampliação De Unidade Básica De Saúde - Ministério da Saúde - Ampliação De Unidade Básica De Saúde - Ministério da Saúde;2026OB005681;Banco do Brasil;001;1393-5;1393;40847-6;40847
09032021-009480;202118800011-Angela Amin;82939455000131;MUNICIPIO DE IRANI;1880;Angela Amin;189986.0;;2021OB803678;Caixa Econômica Federal;104;3886-5;3886;575855402-9;575855402
09032021-009657;202122100006-Esperidião Amin;82939455000131;MUNICIPIO DE IRANI;2210;Esperidião Amin;200000.0;;2021OB803737;Caixa Econômica Federal;104;3886-5;3886;575855402-9;575855402
09032022-015116;202229250013-Carmen Zanotto;82939455000131;MUNICIPIO DE IRANI;2925;Carmen Zanotto;100000.0;;2022OB801449;Banco do Brasil;001;3756-7;3756;17374-6;17374
09032023-039025;202342510010-Ivete da Silveira;82939455000131;MUNICIPIO DE IRANI;4251;Ivete da Silveira;100000.0;;2023OB805464;Caixa Econômica Federal;104;3886-5;3886;575855405-3;575855405
09032023-031259;202332350003-Geovania De Sá;82939455000131;MUNICIPIO DE IRANI;3235;Geovania De Sá;150000.0;;2023OB809980;Caixa Econômica Federal;104;3886-5;3886;575855405-3;575855405
09032023-034173;202318800004-Angela Amin;82939455000131;MUNICIPIO DE IRANI;1880;Angela Amin;500000.0;;2023OB805473;Caixa Econômica Federal;104;3886-5;3886;575855405-3;575855405
09032024-069095;202422100016-Esperidião Amin;82939455000131;MUNICIPIO DE IRANI;2210;Esperidião Amin;600000.0;;2024OB005626;Caixa Econômica Federal;104;3886-5;3886;575855406-1;575855406
09032024-074020;202442730001-Jorge Seif;82939455000131;MUNICIPIO DE IRANI;4273;Jorge Seif;100000.0;;2024OB010232;Caixa Econômica Federal;104;3886-5;3886;575855407-0;575855407
09032026-094596;202622100012-ESPERIDIÃO AMIN;82939455000131;MUNICIPIO DE IRANI;2210;Esperidião Amin;398000.0;Pavimentação Urbana - Ministério das Cidades - Pavimentação Urbana - Ministério das Cidades;2026OB000221;Caixa Econômica Federal;104;627-0;627;569734347-3;569734347
09032021-011525;202137860003-Dário Berger;83028639000102;MUNICIPIO DE PALMA SOLA;3786;Dário Berger;100000.0;;2021OB804245;Banco do Brasil;001;1391-9;1391;17280-4;17280
09032022-017719;202225690003-Celso Maldaner;83028639000102;MUNICIPIO DE PALMA SOLA;2569;Celso Maldaner;200000.0;;2022OB800885;Banco do Brasil;001;1391-9;1391;17666-4;17666
09032024-070556;202443250003-Cobalchini;83028639000102;MUNICIPIO DE PALMA SOLA;4325;Cobalchini;150000.0;;2024OB004182;Caixa Econômica Federal;104;2896-7;2896;575856945-0;575856945
09032024-072855;202439320001-Caroline de Toni;83028639000102;MUNICIPIO DE PALMA SOLA;3932;Caroline de Toni;150000.0;;2024OB008472;Caixa Econômica Federal;104;2896-7;2896;575856943-3;575856943
09032024-074023;202442730001-Jorge Seif;83028639000102;MUNICIPIO DE PALMA SOLA;4273;Jorge Seif;200000.0;;2024OB003739;Caixa Econômica Federal;104;2896-7;2896;575856944-1;575856944
09032024-074482;202443390001-Daniela Reinehr;83028639000102;MUNICIPIO DE PALMA SOLA;4339;Daniela Reinehr;250000.0;;2024OB004263;Caixa Econômica Federal;104;2896-7;2896;575856946-8;575856946
09032025-083243;202539320001-CAROLINE DE TONI;83028639000102;MUNICIPIO DE PALMA SOLA;3932;Caroline de Toni;396000.0;Pavimentação - Pavimentação;2025OB001181;Caixa Econômica Federal;104;2896-7;2896;574793548-4;574793548
09032025-084748;202543390010-DANIELA REINEHR;83028639000102;MUNICIPIO DE PALMA SOLA;4339;Daniela Reinehr;396000.0;Pavimentação - Pavimentação;2025OB002234;Caixa Econômica Federal;104;2896-7;2896;574739312-6;574739312
09032025-075748;202542730002-JORGE SEIF;83028639000102;MUNICIPIO DE PALMA SOLA;4273;Jorge Seif;297000.0;Custeio Da Média E Alta Complexidade (Mac) - Custeio Da Média E Alta Complexidade (Mac);2025OB006639;Caixa Econômica Federal;104;2896-7;2896;574281994-0;574281994
09032026-095815;202639320001-CAROLINE DE TONI;83028639000102;MUNICIPIO DE PALMA SOLA;3932;Caroline de Toni;398000.0;Reforma de Pré-Escola (Capital) - Fundo Nacional de Desenvolvimento da Educação - Reforma de Pré-Escola (Capital) - Fundo Nacional de Desenvolvimento da Educação;2026OB004823;Banco do Brasil;001;1391-9;1391;19759-9;19759
09032026-096790;202642510003-IVETE DA SILVEIRA;83028639000102;MUNICIPIO DE PALMA SOLA;4251;Ivete da Silveira;398000.0;Pavimentação De Estradas Vicinais - Ministério da Integração e do Desenvolvimento Regional - Pavimentação De Estradas Vicinais - Ministério da Integração e do Desenvolvimento Regional;2026OB002421;Banco do Brasil;001;1391-9;1391;19756-4;19756
09032026-097345;202643390009-DANIELA REINEHR;83028639000102;MUNICIPIO DE PALMA SOLA;4339;Daniela Reinehr;398000.0;Pavimentação Urbana - Ministério das Cidades - Pavimentação Urbana - Ministério das Cidades;2026OB002919;Banco do Brasil;001;1391-9;1391;19751-3;19751
09032022-016425;202228550021-Pedro Uczai;83009910000162;MUNICIPIO DE FAXINAL DOS GUEDES;2855;Pedro Uczai;250000.0;;2023OB801094;Banco do Brasil;001;4602-7;4602;18133-1;18133
09032024-074036;202442730001-Jorge Seif;83009910000162;MUNICIPIO DE FAXINAL DOS GUEDES;4273;Jorge Seif;100000.0;;2024OB003778;Caixa Econômica Federal;104;19-1;19;575875059-6;575875059
09032025-083255;202539320001-CAROLINE DE TONI;83009910000162;MUNICIPIO DE FAXINAL DOS GUEDES;3932;Caroline de Toni;306900.0;Aquisição De Veículo - Aquisição De Veículo;2025OB006060;Caixa Econômica Federal;104;19-1;19;574150467-8;574150467
09032026-095821;202639320001-CAROLINE DE TONI;83009910000162;MUNICIPIO DE FAXINAL DOS GUEDES;3932;Caroline de Toni;995000.0;Construção, Reforma Ou Ampliação De Espaços De Esporte E Lazer  - Ministério do Esporte - Construção, Reforma Ou Ampliação De Espaços De Esporte E Lazer  - Ministério do Esporte;2026OB004813;Caixa Econômica Federal;104;19-1;19;569372395-6;569372395
09032021-010446;202128560001-Rogério Peninha Mendonça;83102301000153;MUNICIPIO DE ILHOTA;2856;Rogério Peninha Mendonça;300000.0;;2021OB800672;Caixa Econômica Federal;104;1073-1;1073;575996494-8;575996494
09032021-012249;202139800001-Fabio Schiochet;83102301000153;MUNICIPIO DE ILHOTA;3980;Fabio Schiochet;2000000.0;;2021OB801659;Caixa Econômica Federal;104;1073-1;1073;575996494-8;575996494
09032022-014140;202232350003-Geovania De Sá;83102301000153;MUNICIPIO DE ILHOTA;3235;Geovania De Sá;100000.0;;2023OB801641;Caixa Econômica Federal;104;1073-1;1073;575996495-6;575996495
09032024-074018;202442730001-Jorge Seif;83102301000153;MUNICIPIO DE ILHOTA;4273;Jorge Seif;100000.0;;2024OB010240;Caixa Econômica Federal;104;1073-1;1073;575996496-4;575996496
09032026-091789;202644010005-JULIA ZANATTA;83102301000153;MUNICIPIO DE ILHOTA;4401;Julia Zanatta;199000.0;Aquisição de Equipamentos para fortalecimento dos Procons - Ministério da Justiça e Segurança Pública - Aquisição de Equipamentos para fortalecimento dos Procons - Ministério da Justiça e Segurança Pública;2026OB005864;Caixa Econômica Federal;104;1073-1;1073;569171464-0;569171464
09032026-094112;202644480001-PEZENTI;83102301000153;MUNICIPIO DE ILHOTA;4448;Pezenti;497500.0;Pavimentação Urbana - Ministério das Cidades - Pavimentação Urbana - Ministério das Cidades;2026OB005985;Caixa Econômica Federal;104;1073-1;1073;569260832-0;569260832
09032026-094207;202643920005-ISMAEL;83102301000153;MUNICIPIO DE ILHOTA;4392;Ismael;298500.0;Implantação De Sistema De Videomonitoramento Urbano Pela Polícia Militar - Ministério da Justiça e Segurança Pública - Implantação De Sistema De Videomonitoramento Urbano Pela Polícia Militar - Ministério da Justiça e Segurança Pública;2026OB003144;Caixa Econômica Federal;104;1073-1;1073;569563234-6;569563234
09032026-094595;202622100012-ESPERIDIÃO AMIN;83102301000153;MUNICIPIO DE ILHOTA;2210;Esperidião Amin;398000.0;Pavimentação De Estradas Vicinais - Ministério da Integração e do Desenvolvimento Regional - Pavimentação De Estradas Vicinais - Ministério da Integração e do Desenvolvimento Regional;;Caixa Econômica Federal;104;1073-1;1073;569171466-6;569171466
09032026-095809;202639320001-CAROLINE DE TONI;83102301000153;MUNICIPIO DE ILHOTA;3932;Caroline de Toni;398000.0;Aquisição de Máquinas e Equipamentos (GND 4) - Ministério da Agricultura e Pecuária - Aquisição de Máquinas e Equipamentos (GND 4) - Ministério da Agricultura e Pecuária;2026OB004820;Caixa Econômica Federal;104;1073-1;1073;569002292-2;569002292
09032026-095957;202639800001-FABIO SCHIOCHET;83102301000153;MUNICIPIO DE ILHOTA;3980;Fabio Schiochet;398000.0;Pavimentação De Estradas Vicinais - Ministério da Integração e do Desenvolvimento Regional - Pavimentação De Estradas Vicinais - Ministério da Integração e do Desenvolvimento Regional;;Caixa Econômica Federal;104;1073-1;1073;569171465-8;569171465
09032026-097342;202643390009-DANIELA REINEHR;83102301000153;MUNICIPIO DE ILHOTA;4339;Daniela Reinehr;497500.0;Aquisição de Máquinas e Equipamentos (GND 4) - Ministério da Agricultura e Pecuária - Aquisição de Máquinas e Equipamentos (GND 4) - Ministério da Agricultura e Pecuária;;Banco do Brasil;001;3148-8;3148;;
0903-003814;202025690009-Celso Maldaner;83021824000175;MUNICIPIO DE CORONEL FREITAS;2569;Celso Maldaner;350000.0;;2020OB801254;Banco do Brasil;001;2006-0;2006;18629-5;18629
0903-004569;202041850004-Jorginho Mello;83021824000175;MUNICIPIO DE CORONEL FREITAS;4185;Jorginho Mello;100000.0;;2020OB801754;Banco do Brasil;001;2006-0;2006;18629-5;18629
09032023-034387;202322100001-Esperidião Amin;83021824000175;MUNICIPIO DE CORONEL FREITAS;2210;Esperidião Amin;579371.0;;2023OB808326;Caixa Econômica Federal;104;1896-1;1896;575996178-7;575996178
09032022-017372;202222100001-Esperidião Amin;83021824000175;MUNICIPIO DE CORONEL FREITAS;2210;Esperidião Amin;150000.0;;2022OB800658;Banco do Brasil;001;2006-0;2006;19400-X;19400
09032023-033062;202328550022-Pedro Uczai;83021824000175;MUNICIPIO DE CORONEL FREITAS;2855;Pedro Uczai;300000.0;;2023OB809640;Caixa Econômica Federal;104;1896-1;1896;575996178-7;575996178
09032024-073860;202442090002-Jorge Goetten;83021824000175;MUNICIPIO DE CORONEL FREITAS;4209;Jorge Goetten;200000.0;;2024OB003485;Banco do Brasil;001;2006-0;2006;20336-X;20336
09032024-073958;202442730001-Jorge Seif;83021824000175;MUNICIPIO DE CORONEL FREITAS;4273;Jorge Seif;100000.0;;2024OB003789;Banco do Brasil;001;2006-0;2006;20337-8;20337
09032025-083214;202539320001-CAROLINE DE TONI;83021824000175;MUNICIPIO DE CORONEL FREITAS;3932;Caroline de Toni;297000.0;Equipamentos Agrícolas E Agropecuários - Equipamentos Agrícolas E Agropecuários - Rotas De Integração Nacional;2025OB003442;Caixa Econômica Federal;104;1896-1;1896;574600843-1;574600843
09032025-083394;202539800001-FABIO SCHIOCHET;83021824000175;MUNICIPIO DE CORONEL FREITAS;3980;Fabio Schiochet;198000.0;Aquisição De Unidade Móvel De Saúde - Aquisição De Unidade Móvel De Saúde;2025OB006120;Caixa Econômica Federal;104;1896-1;1896;574281992-3;574281992
09032026-095733;202639290001-CARLOS CHIODINI;83021824000175;MUNICIPIO DE CORONEL FREITAS;3929;Carlos Chiodini;497500.0;Aquisição de Máquinas e Equipamentos (GND 4) - Ministério da Agricultura e Pecuária - Aquisição de Máquinas e Equipamentos (GND 4) - Ministério da Agricultura e Pecuária;;Caixa Econômica Federal;104;1896-1;1896;;
09032026-097235;202643250001-COBALCHINI;83021824000175;MUNICIPIO DE CORONEL FREITAS;4325;Cobalchini;497500.0;Pavimentação Urbana - Ministério das Cidades - Pavimentação Urbana - Ministério das Cidades;;Caixa Econômica Federal;104;1896-1;1896;569300199-3;569300199
0903-003459;202022100018-Esperidião Amin;83102780000108;MUNICIPIO DE BENEDITO NOVO;2210;Esperidião Amin;250000.0;;2020OB801203;Caixa Econômica Federal;104;809-5;809;6672003-7;6672003
09032024-068768;202442510012-Ivete da Silveira;83102780000108;MUNICIPIO DE BENEDITO NOVO;4251;Ivete da Silveira;150000.0;;2024OB003564;Banco do Brasil;001;2858-4;2858;15924-7;15924
09032024-068651;202442510013-Ivete da Silveira;83102780000108;MUNICIPIO DE BENEDITO NOVO;4251;Ivete da Silveira;150000.0;;2024OB003573;Banco do Brasil;001;2858-4;2858;15925-5;15925
09032021-010432;202128560001-Rogério Peninha Mendonça;83102780000108;MUNICIPIO DE BENEDITO NOVO;2856;Rogério Peninha Mendonça;400000.0;;2021OB800682;Banco do Brasil;001;2858-4;2858;14769-9;14769
09032024-073953;202442730001-Jorge Seif;83102780000108;MUNICIPIO DE BENEDITO NOVO;4273;Jorge Seif;200000.0;;2024OB003765;Banco do Brasil;001;2858-4;2858;15926-3;15926
09032022-014117;202232350003-Geovania De Sá;83102780000108;MUNICIPIO DE BENEDITO NOVO;3235;Geovania De Sá;180000.0;;2023OB804180;Banco do Brasil;001;2858-4;2858;15140-8;15140
09032022-016328;202239530001-Darci de Matos;83102780000108;MUNICIPIO DE BENEDITO NOVO;3953;Darci de Matos;200000.0;;2022OB802727;Banco do Brasil;001;2858-4;2858;15140-8;15140
09032022-018207;202228560001-Rogério Peninha Mendonça;83102780000108;MUNICIPIO DE BENEDITO NOVO;2856;Rogério Peninha Mendonça;200000.0;;2022OB801268;Banco do Brasil;001;2858-4;2858;15140-8;15140
09032025-2-087985;202539320001-CAROLINE DE TONI;83102780000108;MUNICIPIO DE BENEDITO NOVO;3932;Caroline de Toni;326700.0;Aquisição De Unidade Móvel De Saúde - Aquisição De Unidade Móvel De Saúde;2025OB008120;Caixa Econômica Federal;104;809-5;809;573269663-2;573269663
09032022-021030;202240620006-Ricardo Guidi;83102780000108;MUNICIPIO DE BENEDITO NOVO;4062;Ricardo Guidi;100000.0;;2023OB803706;Banco do Brasil;001;2858-4;2858;15140-8;15140
09032024-069305;202490550002-Gilson Marques;83102780000108;MUNICIPIO DE BENEDITO NOVO;9055;Gilson Marques;220000.0;;2024OB011329;Banco do Brasil;001;2858-4;2858;15929-8;15929
09032024-073856;202442090002-Jorge Goetten;83102780000108;MUNICIPIO DE BENEDITO NOVO;4209;Jorge Goetten;350000.0;;2024OB003482;Banco do Brasil;001;2858-4;2858;15923-9;15923
09032024-074438;202443390001-Daniela Reinehr;83102780000108;MUNICIPIO DE BENEDITO NOVO;4339;Daniela Reinehr;300000.0;;2024OB010861;Banco do Brasil;001;2858-4;2858;15927-1;15927
09032024-075060;202444480002-Pezenti;83102780000108;MUNICIPIO DE BENEDITO NOVO;4448;Pezenti;600000.0;;2024OB011995;Banco do Brasil;001;2858-4;2858;15928-X;15928
09032026-089600;202632350004-GEOVANIA DE SÁ;83102780000108;MUNICIPIO DE BENEDITO NOVO;3235;Geovania De Sá;398000.0;Pavimentação Urbana - Ministério das Cidades - Pavimentação Urbana - Ministério das Cidades;2026OB000948;Caixa Econômica Federal;104;809-5;809;569836101-7;569836101
09032025-080734;202544010010-JULIA ZANATTA;83102780000108;MUNICIPIO DE BENEDITO NOVO;4401;Julia Zanatta;495000.0;Pavimentação - Pavimentação;2025OB002412;Caixa Econômica Federal;104;809-5;809;574644906-3;574644906
09032025-083875;202540620003-RICARDO GUIDI;83102780000108;MUNICIPIO DE BENEDITO NOVO;4062;Ricardo Guidi;742500.0;Pavimentação: Adequação De Vias - Pavimentação: Adequação De Vias;2025OB001493;Caixa Econômica Federal;104;809-5;809;574776058-7;574776058
09032025-2-086831;202590550002-GILSON MARQUES;83102780000108;MUNICIPIO DE BENEDITO NOVO;9055;Gilson Marques;297000.0;Aquisição De Veiculos - Aquisição De Veiculos;2025OB009187;Caixa Econômica Federal;104;809-5;809;573395352-3;573395352
09032025-083212;202539320001-CAROLINE DE TONI;83102780000108;MUNICIPIO DE BENEDITO NOVO;3932;Caroline de Toni;326700.0;Aquisição De Unidade Móvel De Saúde - Aquisição De Unidade Móvel De Saúde;;Caixa Econômica Federal;104;809-5;809;;
09032025-080467;202590550002-GILSON MARQUES;83102780000108;MUNICIPIO DE BENEDITO NOVO;9055;Gilson Marques;297000.0;Aquisição De Veiculos - Aquisição De Veiculos;;Caixa Econômica Federal;104;809-5;809;;
09032026-093899;202642090003-JORGE GOETTEN;83102780000108;MUNICIPIO DE BENEDITO NOVO;4209;Jorge Goetten;398000.0;Pavimentação Urbana - Ministério das Cidades - Pavimentação Urbana - Ministério das Cidades;2026OB002405;Caixa Econômica Federal;104;809-5;809;569650867-3;569650867
09032026-094181;202643920005-ISMAEL;83102780000108;MUNICIPIO DE BENEDITO NOVO;4392;Ismael;398000.0;Pavimentação Urbana - Ministério das Cidades - Pavimentação Urbana - Ministério das Cidades;2026OB003146;Caixa Econômica Federal;104;809-5;809;569487355-2;569487355
09032026-097323;202643390009-DANIELA REINEHR;83102780000108;MUNICIPIO DE BENEDITO NOVO;4339;Daniela Reinehr;398000.0;Pavimentação Urbana - Ministério das Cidades - Pavimentação Urbana - Ministério das Cidades;2026OB002899;Caixa Econômica Federal;104;809-5;809;569487356-0;569487356
09032021-009479;202118800011-Angela Amin;82909409000190;MUNICIPIO DE IMBITUBA;1880;Angela Amin;150000.0;;2021OB803681;Caixa Econômica Federal;104;1075-8;1075;575861815-9;575861815
09032021-010974;202132350006-Geovania De Sá;82909409000190;MUNICIPIO DE IMBITUBA;3235;Geovania De Sá;100000.0;;2021OB804087;Caixa Econômica Federal;104;1075-8;1075;575861815-9;575861815
09032021-011518;202137860003-Dário Berger;82909409000190;MUNICIPIO DE IMBITUBA;3786;Dário Berger;200000.0;;2021OB804242;Caixa Econômica Federal;104;1075-8;1075;575861815-9;575861815
09032022-016135;202237860003-Dário Berger;82909409000190;MUNICIPIO DE IMBITUBA;3786;Dário Berger;300000.0;;2023OB802159;Caixa Econômica Federal;104;1075-8;1075;575861816-7;575861816
09032023-037003;202339290002-Carlos Chiodini;82909409000190;MUNICIPIO DE IMBITUBA;3929;Carlos Chiodini;1500000.0;;2023OB810499;Caixa Econômica Federal;104;1075-8;1075;575861817-5;575861817
09032023-037068;202339320001-Caroline de Toni;82909409000190;MUNICIPIO DE IMBITUBA;3932;Caroline de Toni;400000.0;;2023OB810530;Caixa Econômica Federal;104;1075-8;1075;575861817-5;575861817
09032024-068698;202442510013-Ivete da Silveira;82909409000190;MUNICIPIO DE IMBITUBA;4251;Ivete da Silveira;50000.0;;2024OB010003;Caixa Econômica Federal;104;1075-8;1075;575861819-1;575861819
09032024-068815;202442510012-Ivete da Silveira;82909409000190;MUNICIPIO DE IMBITUBA;4251;Ivete da Silveira;50000.0;;2024OB003558;Caixa Econômica Federal;104;1075-8;1075;575861818-3;575861818
09032024-074479;202443390001-Daniela Reinehr;82909409000190;MUNICIPIO DE IMBITUBA;4339;Daniela Reinehr;200000.0;;2024OB010906;Caixa Econômica Federal;104;1075-8;1075;575861822-1;575861822
09032024-074727;202443920007-Ismael;82909409000190;MUNICIPIO DE IMBITUBA;4392;Ismael;650000.0;;2024OB004540;Caixa Econômica Federal;104;1075-8;1075;575861821-3;575861821
09032025-083241;202539320001-CAROLINE DE TONI;82909409000190;MUNICIPIO DE IMBITUBA;3932;Caroline de Toni;396000.0;Pavimentação - Pavimentação;2025OB006035;Caixa Econômica Federal;104;1075-8;1075;574064315-1;574064315
09032025-083286;202539490005-DANIEL FREITAS;82909409000190;MUNICIPIO DE IMBITUBA;3949;Daniel Freitas;1980000.0;Pavimentação - Pavimentação;2025OB006061;Caixa Econômica Federal;104;1075-8;1075;574064316-0;574064316
09032025-084746;202543390010-DANIELA REINEHR;82909409000190;MUNICIPIO DE IMBITUBA;4339;Daniela Reinehr;396000.0;Construção, Revitalização E Reforma De Edificações De Uso Público Ou Coletivo Destinadas A Atividades Turísticas - Construção, Revitalização E Reforma De Edificações De Uso Público Ou Coletivo Destinadas A Atividades Turísticas;2025OB006815;Caixa Econômica Federal;104;1075-8;1075;574009687-8;574009687
09032025-083191;202539290001-CARLOS CHIODINI;82909409000190;MUNICIPIO DE IMBITUBA;3929;Carlos Chiodini;445500.0;Pavimentação - Pavimentação;2025OB001166;Caixa Econômica Federal;104;1075-8;1075;574695538-4;574695538
09032025-084326;202542730001-JORGE SEIF;82909409000190;MUNICIPIO DE IMBITUBA;4273;Jorge Seif;396000.0;Pavimentação - Pavimentação;2025OB006640;Caixa Econômica Federal;104;1075-8;1075;574064317-8;574064317
09032026-094113;202644480001-PEZENTI;82909409000190;MUNICIPIO DE IMBITUBA;4448;Pezenti;398000.0;Pavimentação Urbana - Ministério das Cidades - Pavimentação Urbana - Ministério das Cidades;;Banco do Brasil;001;1408-7;1408;46967-X;46967
09032026-097344;202643390009-DANIELA REINEHR;82909409000190;MUNICIPIO DE IMBITUBA;4339;Daniela Reinehr;398000.0;Construção, Reforma Ou Ampliação De Infraestrutura Desportiva De Alto Rendimento - Ministério do Esporte - Construção, Reforma Ou Ampliação De Infraestrutura Desportiva De Alto Rendimento - Ministério do Esporte;2026OB005691;Caixa Econômica Federal;104;1075-8;1075;568761577-2;568761577
09032022-016146;202237860003-Dário Berger;17243084000197;MUNICIPIO DE BALNEARIO RINCAO;3786;Dário Berger;150000.0;;2022OB802257;Caixa Econômica Federal;104;1785-0;1785;575859311-3;575859311
09032023-037203;202339490001-Daniel Freitas;17243084000197;MUNICIPIO DE BALNEARIO RINCAO;3949;Daniel Freitas;3000000.0;;2023OB806757;Caixa Econômica Federal;104;1785-0;1785;575859313-0;575859313
09032023-038054;202340620003-Ricardo Guidi;17243084000197;MUNICIPIO DE BALNEARIO RINCAO;4062;Ricardo Guidi;1732317.0;;2023OB806759;Caixa Econômica Federal;104;1785-0;1785;575859313-0;575859313
09032024-073528;202440620002-Ricardo Guidi;17243084000197;MUNICIPIO DE BALNEARIO RINCAO;4062;Ricardo Guidi;2021791.0;;2024OB002899;Caixa Econômica Federal;104;1785-0;1785;575859315-6;575859315
09032024-068834;202442510012-Ivete da Silveira;17243084000197;MUNICIPIO DE BALNEARIO RINCAO;4251;Ivete da Silveira;200000.0;;2024OB003513;Caixa Econômica Federal;104;1785-0;1785;575859316-4;575859316
09032024-068026;202444010006-Julia Zanatta;17243084000197;MUNICIPIO DE BALNEARIO RINCAO;4401;Julia Zanatta;500000.0;;2024OB004647;Caixa Econômica Federal;104;1785-0;1785;575859318-0;575859318
09032024-068716;202442510013-Ivete da Silveira;17243084000197;MUNICIPIO DE BALNEARIO RINCAO;4251;Ivete da Silveira;200000.0;;2024OB003569;Caixa Econômica Federal;104;1785-0;1785;575859317-2;575859317
09032025-083900;202540620003-RICARDO GUIDI;17243084000197;MUNICIPIO DE BALNEARIO RINCAO;4062;Ricardo Guidi;1225612.08;Pavimentação: Adequação De Vias - Pavimentação: Adequação De Vias;2025OB001489;Caixa Econômica Federal;104;1785-0;1785;574909958-6;574909958
09032026-089631;202632350004-GEOVANIA DE SÁ;17243084000197;MUNICIPIO DE BALNEARIO RINCAO;3235;Geovania De Sá;398000.0;Construção De Centro De Público De Convivência - Ministério do Desenvolvimento e Assistência Social, Família e Combate à Fome - Construção De Centro De Público De Convivência - Ministério do Desenvolvimento e Assistência Social, Família e Combate à Fome;;Caixa Econômica Federal;104;1785-0;1785;569372235-6;569372235
09032026-089776;202639490005-DANIEL FREITAS;17243084000197;MUNICIPIO DE BALNEARIO RINCAO;3949;Daniel Freitas;995000.0;Construção, Reforma Ou Ampliação De Espaços De Esporte E Lazer  - Ministério do Esporte - Construção, Reforma Ou Ampliação De Espaços De Esporte E Lazer  - Ministério do Esporte;;Caixa Econômica Federal;104;1785-0;1785;;
09032025-2-087998;202539490006-DANIEL FREITAS;17243084000197;MUNICIPIO DE BALNEARIO RINCAO;3949;Daniel Freitas;396000.0;Pavimentação - Pavimentação;2025OB009881;Caixa Econômica Federal;104;1785-0;1785;573131144-3;573131144
09032026-091799;202644010005-JULIA ZANATTA;17243084000197;MUNICIPIO DE BALNEARIO RINCAO;4401;Julia Zanatta;995000.0;Objeto Único Não Padronizado – Obras e Serviços de Engenharia - Implantação de Unidade Operacional de Atendimento Emergencial e Proteção Comunitária - Ministério da Justiça e Segurança Pública;;Caixa Econômica Federal;104;1785-0;1785;;
09032026-096369;202640620003-RICARDO GUIDI;17243084000197;MUNICIPIO DE BALNEARIO RINCAO;4062;Ricardo Guidi;597000.0;Infraestrutura Turística - Ministério do Turismo - Infraestrutura Turística - Ministério do Turismo;2026OB001819;Caixa Econômica Federal;104;1785-0;1785;569734319-8;569734319
09032021-009948;202125690003-Celso Maldaner;95951323000177;MUNICIPIO DE SANTA TEREZINHA;2569;Celso Maldaner;250000.0;;2021OB800124;Caixa Econômica Federal;104;2815-0;2815;575995379-2;575995379
09032021-010443;202128560001-Rogério Peninha Mendonça;95951323000177;MUNICIPIO DE SANTA TEREZINHA;2856;Rogério Peninha Mendonça;300000.0;;2021OB802098;Caixa Econômica Federal;104;2815-0;2815;575995379-2;575995379
09032022-020241;202239800001-Fabio Schiochet;95951323000177;MUNICIPIO DE SANTA TEREZINHA;3980;Fabio Schiochet;200000.0;;2023OB802991;Caixa Econômica Federal;104;2815-0;2815;575995382-2;575995382
09032022-018229;202228560001-Rogério Peninha Mendonça;95951323000177;MUNICIPIO DE SANTA TEREZINHA;2856;Rogério Peninha Mendonça;350000.0;;2023OB801105;Caixa Econômica Federal;104;2815-0;2815;575995382-2;575995382
09032023-035159;202328560004-Rogério Peninha Mendonça;95951323000177;MUNICIPIO DE SANTA TEREZINHA;2856;Rogério Peninha Mendonça;500000.0;;2023OB812438;Caixa Econômica Federal;104;2815-0;2815;575857671-5;575857671
09032024-075084;202444480002-Pezenti;95951323000177;MUNICIPIO DE SANTA TEREZINHA;4448;Pezenti;500000.0;;2024OB012003;Caixa Econômica Federal;104;2815-0;2815;575995384-9;575995384
09032024-073518;202440620002-Ricardo Guidi;95951323000177;MUNICIPIO DE SANTA TEREZINHA;4062;Ricardo Guidi;250000.0;;2024OB002870;Caixa Econômica Federal;104;2815-0;2815;575995383-0;575995383
09032022-016131;202237860003-Dário Berger;95951323000177;MUNICIPIO DE SANTA TEREZINHA;3786;Dário Berger;150000.0;;2023OB802160;Caixa Econômica Federal;104;2815-0;2815;575995382-2;575995382
09032022-021038;202240620006-Ricardo Guidi;95951323000177;MUNICIPIO DE SANTA TEREZINHA;4062;Ricardo Guidi;600000.0;;2022OB803423, 2023OB803712;Caixa Econômica Federal;104;2815-0;2815;575995382-2;575995382
09032025-079218;202544480001-PEZENTI;95951323000177;MUNICIPIO DE SANTA TEREZINHA;4448;Pezenti;297000.0;Aquisição De Playgrounds Ou Parquinhos Infantis Em Espaços Esportivos Comunitários - Aquisição De Playgrounds Ou Parquinhos Infantis Em Espaços Esportivos Comunitários;2025OB004262;Caixa Econômica Federal;104;2815-0;2815;574599982-5;574599982
09032026-094107;202644480001-PEZENTI;95951323000177;MUNICIPIO DE SANTA TEREZINHA;4448;Pezenti;298500.0;Aquisição De Unidade Móvel De Saúde - Ministério da Saúde - Aquisição De Unidade Móvel De Saúde - Ministério da Saúde;;Caixa Econômica Federal;104;2815-0;2815;;
09032026-094201;202643920005-ISMAEL;95951323000177;MUNICIPIO DE SANTA TEREZINHA;4392;Ismael;298500.0;Aquisição de Máquinas e Equipamentos (GND 4) - Ministério da Agricultura e Pecuária - Aquisição de Máquinas e Equipamentos (GND 4) - Ministério da Agricultura e Pecuária;;Caixa Econômica Federal;104;2815-0;2815;568689142-3;568689142
09032026-096354;202640620003-RICARDO GUIDI;95951323000177;MUNICIPIO DE SANTA TEREZINHA;4062;Ricardo Guidi;398000.0;Estradas Vicinais e Obras (GND 3/4) - Ministério da Agricultura e Pecuária - Estradas Vicinais e Obras (GND 3/4) - Ministério da Agricultura e Pecuária;;Caixa Econômica Federal;104;2815-0;2815;;
09032021-010436;202128560001-Rogério Peninha Mendonça;82924390000150;MUNICIPIO DE LEOBERTO LEAL;2856;Rogério Peninha Mendonça;500000.0;;2021OB802109;Banco do Brasil;001;5347-3;5347;7546-9;7546
0903-004374;202028560001-Rogério Peninha Mendonça;82924390000150;MUNICIPIO DE LEOBERTO LEAL;2856;Rogério Peninha Mendonça;300000.0;;2020OB801211;Banco do Brasil;001;5347-3;5347;7337-7;7337
09032022-017137;202218800004-Angela Amin;82924390000150;MUNICIPIO DE LEOBERTO LEAL;1880;Angela Amin;100000.0;;2023OB803562;Banco do Brasil;001;5347-3;5347;7713-5;7713
09032022-018215;202228560001-Rogério Peninha Mendonça;82924390000150;MUNICIPIO DE LEOBERTO LEAL;2856;Rogério Peninha Mendonça;200000.0;;2022OB801262;Banco do Brasil;001;5347-3;5347;7713-5;7713
09032023-036994;202339290002-Carlos Chiodini;82924390000150;MUNICIPIO DE LEOBERTO LEAL;3929;Carlos Chiodini;500000.0;;2023OB805783, 2023OB810489;Banco do Brasil;001;5347-3;5347;8010-1;8010
09032025-083180;202539290001-CARLOS CHIODINI;82924390000150;MUNICIPIO DE LEOBERTO LEAL;3929;Carlos Chiodini;990000.0;Pavimentação De Estradas Vicinais - Pavimentação De Estradas Vicinais;2025OB001160;Banco do Brasil;001;5347-3;5347;8513-8;8513
09032025-079203;202544480001-PEZENTI;82924390000150;MUNICIPIO DE LEOBERTO LEAL;4448;Pezenti;495000.0;Caminhão Basculante/Caçamba - Caminhão Basculante/Caçamba - Infraestrutura Produtiva;2025OB002578;Banco do Brasil;001;5347-3;5347;8503-0;8503
09032026-089770;202639490005-DANIEL FREITAS;82924390000150;MUNICIPIO DE LEOBERTO LEAL;3949;Daniel Freitas;1990000.0;Pavimentação Urbana - Ministério das Cidades - Pavimentação Urbana - Ministério das Cidades;2026OB001506;Banco do Brasil;001;5347-3;5347;8655-X;8655
09032026-094095;202644480001-PEZENTI;82924390000150;MUNICIPIO DE LEOBERTO LEAL;4448;Pezenti;497500.0;Aquisição de Máquinas e Equipamentos (GND 4) - Ministério da Agricultura e Pecuária - Aquisição de Máquinas e Equipamentos (GND 4) - Ministério da Agricultura e Pecuária;;Banco do Brasil;001;5347-3;5347;8664-9;8664
09032026-095737;202639290001-CARLOS CHIODINI;82924390000150;MUNICIPIO DE LEOBERTO LEAL;3929;Carlos Chiodini;497500.0;Pavimentação De Estradas Vicinais - Ministério da Integração e do Desenvolvimento Regional - Pavimentação De Estradas Vicinais - Ministério da Integração e do Desenvolvimento Regional;;Caixa Econômica Federal;104;1102-9;1102;569260822-3;569260822
0903-004409;202018800013-Angela Amin;83755850000127;MUNICIPIO DE PONTE ALTA;1880;Angela Amin;200000.0;;2020OB801214;Banco do Brasil;001;2478-3;2478;13142-3;13142
09032022-015104;202229250013-Carmen Zanotto;83755850000127;MUNICIPIO DE PONTE ALTA;2925;Carmen Zanotto;100000.0;;2023OB804360;Banco do Brasil;001;2478-3;2478;13583-6;13583
09032022-016336;202239530001-Darci de Matos;83755850000127;MUNICIPIO DE PONTE ALTA;3953;Darci de Matos;100000.0;;2023OB802844;Banco do Brasil;001;2478-3;2478;13583-6;13583
09032022-020516;202240150005-Hélio Costa;83755850000127;MUNICIPIO DE PONTE ALTA;4015;Hélio Costa;450000.0;;2023OB804240;Banco do Brasil;001;2478-3;2478;13583-6;13583
09032022-021833;202241850010-Jorginho Mello;83755850000127;MUNICIPIO DE PONTE ALTA;4185;Jorginho Mello;100000.0;;2023OB804951;Banco do Brasil;001;2478-3;2478;13583-6;13583
09032023-032863;202329250001-Carmen Zanotto;83755850000127;MUNICIPIO DE PONTE ALTA;2925;Carmen Zanotto;130000.0;;2023OB809790;Banco do Brasil;001;2478-3;2478;13925-4;13925
09032024-067043;202429250006-Carmen Zanotto;83755850000127;MUNICIPIO DE PONTE ALTA;2925;Carmen Zanotto;340000.0;;2024OB001363, 2024OB001374;Banco do Brasil;001;2478-3;2478;14127-5;14127
09032024-073977;202442730001-Jorge Seif;83755850000127;MUNICIPIO DE PONTE ALTA;4273;Jorge Seif;100000.0;;2024OB003787;Banco do Brasil;001;2478-3;2478;14126-7;14126
09032024-073868;202442090002-Jorge Goetten;83755850000127;MUNICIPIO DE PONTE ALTA;4209;Jorge Goetten;150000.0;;2024OB003492;Banco do Brasil;001;2478-3;2478;14128-3;14128
09032025-081154;202543920009-ISMAEL;83755850000127;MUNICIPIO DE PONTE ALTA;4392;Ismael;396000.0;Pavimentação: Adequação De Vias - Pavimentação: Adequação De Vias;2025OB006974;Banco do Brasil;001;2478-3;2478;14711-7;14711
09032025-081288;202542090003-JORGE GOETTEN;83755850000127;MUNICIPIO DE PONTE ALTA;4209;Jorge Goetten;495000.0;Pavimentação - Pavimentação;2025OB001905;Banco do Brasil;001;2478-3;2478;14678-1;14678
09032025-2-086809;202544480001-PEZENTI;83755850000127;MUNICIPIO DE PONTE ALTA;4448;Pezenti;396000.0;Objeto Único Não Padronizado – Demais - Ônibus Escolar - 26000 Ministério da Educação;2025OB009644;Banco do Brasil;001;2478-3;2478;14751-6;14751
09032026-089611;202632350004-GEOVANIA DE SÁ;83755850000127;MUNICIPIO DE PONTE ALTA;3235;Geovania De Sá;199000.0;Aquisição De Unidade Móvel De Saúde - Ministério da Saúde - Aquisição De Unidade Móvel De Saúde - Ministério da Saúde;;Banco do Brasil;001;2478-3;2478;;
09032025-079204;202544480001-PEZENTI;83755850000127;MUNICIPIO DE PONTE ALTA;4448;Pezenti;396000.0;Objeto Único Não Padronizado – Demais - Ônibus Escolar - 26000 Ministério da Educação;;Banco do Brasil;001;2478-3;2478;;
0903-003357;202028560001-Rogério Peninha Mendonça;83102707000136;MUNICIPIO DE RIO DO CAMPO;2856;Rogério Peninha Mendonça;300000.0;;2020OB801174;Caixa Econômica Federal;104;2815-0;2815;575857661-8;575857661
09032023-034161;202318800004-Angela Amin;83102707000136;MUNICIPIO DE RIO DO CAMPO;1880;Angela Amin;400000.0;;2023OB809127;Banco do Brasil;001;3774-5;3774;18120-X;18120
09032023-031249;202332350003-Geovania De Sá;83102707000136;MUNICIPIO DE RIO DO CAMPO;3235;Geovania De Sá;350000.0;;2023OB812888;Banco do Brasil;001;3774-5;3774;18120-X;18120
09032024-067044;202429250006-Carmen Zanotto;83102707000136;MUNICIPIO DE RIO DO CAMPO;2925;Carmen Zanotto;100000.0;;2024OB007343;Banco do Brasil;001;3774-5;3774;18553-1;18553
09032025-081155;202543920009-ISMAEL;83102707000136;MUNICIPIO DE RIO DO CAMPO;4392;Ismael;495000.0;Construção, Revitalização E Reforma De Infraestrutura Urbana Para Adequação De Espaços De Interesse Turístico - Construção, Revitalização E Reforma De Infraestrutura Urbana Para Adequação De Espaços De Interesse Turístico;2025OB004128;Banco do Brasil;001;3774-5;3774;19090-X;19090
09032026-096346;202640620003-RICARDO GUIDI;83102707000136;MUNICIPIO DE RIO DO CAMPO;4062;Ricardo Guidi;199000.0;Aquisição de Máquinas e Equipamentos (GND 4) - Ministério da Agricultura e Pecuária - Aquisição de Máquinas e Equipamentos (GND 4) - Ministério da Agricultura e Pecuária;2026OB005081;Caixa Econômica Federal;104;2815-0;2815;568689124-5;568689124
09032021-010967;202132350006-Geovania De Sá;01612527000130;MUNICIPIO DE BARRA BONITA;3235;Geovania De Sá;150000.0;;2021OB800872;Banco do Brasil;001;599-1;599;59201-3;59201
09032022-018200;202228550020-Pedro Uczai;01612527000130;MUNICIPIO DE BARRA BONITA;2855;Pedro Uczai;150000.0;;2022OB801254;Banco do Brasil;001;599-1;599;61102-6;61102
09032021-009944;202125690003-Celso Maldaner;01612527000130;MUNICIPIO DE BARRA BONITA;2569;Celso Maldaner;350000.0;;2021OB800437;Banco do Brasil;001;599-1;599;59201-3;59201
09032023-034750;202325690024-Celso Maldaner;01612527000130;MUNICIPIO DE BARRA BONITA;2569;Celso Maldaner;407302.0;;2023OB812157;Banco do Brasil;001;599-1;599;64117-0;64117
09032024-070544;202443250003-Cobalchini;01612527000130;MUNICIPIO DE BARRA BONITA;4325;Cobalchini;150000.0;;2024OB004164;Banco do Brasil;001;599-1;599;66274-7;66274
09032024-074465;202443390001-Daniela Reinehr;01612527000130;MUNICIPIO DE BARRA BONITA;4339;Daniela Reinehr;100000.0;;2024OB004268;Banco do Brasil;001;599-1;599;66275-5;66275
09032024-073997;202442730001-Jorge Seif;01612527000130;MUNICIPIO DE BARRA BONITA;4273;Jorge Seif;100000.0;;2024OB010210;Banco do Brasil;001;599-1;599;66276-3;66276
09032025-080640;202542510003-IVETE DA SILVEIRA;01612527000130;MUNICIPIO DE BARRA BONITA;4251;Ivete da Silveira;198000.0;Objeto Único Não Padronizado – Demais - Ação 20ZV - Ministério da Agricultura;2025OB006580;Banco do Brasil;001;599-1;599;70479-2;70479
09032025-075739;202542730002-JORGE SEIF;01612527000130;MUNICIPIO DE BARRA BONITA;4273;Jorge Seif;198000.0;Custeio Ao Piso Da Atenção Primária - Custeio Ao Piso Da Atenção Primária;;Banco do Brasil;001;599-1;599;;
09032025-2-088340;202543250005-COBALCHINI;01612527000130;MUNICIPIO DE BARRA BONITA;4325;Cobalchini;443513.07;Pavimentação - Pavimentação;2025OB008769;Banco do Brasil;001;599-1;599;70719-8;70719
09032025-2-085717;202542730002-JORGE SEIF;01612527000130;MUNICIPIO DE BARRA BONITA;4273;Jorge Seif;198000.0;Custeio Ao Piso Da Atenção Primária - Custeio Ao Piso Da Atenção Primária;2025OB008641;Banco do Brasil;001;599-1;599;70727-9;70727
09032025-084671;202543250005-COBALCHINI;01612527000130;MUNICIPIO DE BARRA BONITA;4325;Cobalchini;443513.07;Objeto Único Não Padronizado – Obras e Serviços de Engenharia - Reforma da Secretaria de Educação - FNDE;;;;;;;
09032026-096786;202642510003-IVETE DA SILVEIRA;01612527000130;MUNICIPIO DE BARRA BONITA;4251;Ivete da Silveira;398000.0;Aquisição De Veiculos - Ministério do Desenvolvimento e Assistência Social, Família e Combate à Fome - Aquisição De Veiculos - Ministério do Desenvolvimento e Assistência Social, Família e Combate à Fome;;;;;;;
09032021-010968;202132350006-Geovania De Sá;95954509000180;MUNICIPIO DE BALNEARIO BARRA DO SUL;3235;Geovania De Sá;200000.0;;2021OB804088;Caixa Econômica Federal;104;4728-7;4728;575854745-6;575854745
09032021-012247;202139800001-Fabio Schiochet;95954509000180;MUNICIPIO DE BALNEARIO BARRA DO SUL;3980;Fabio Schiochet;200000.0;;2021OB804443;Caixa Econômica Federal;104;4728-7;4728;575854745-6;575854745
09032022-014135;202232350003-Geovania De Sá;95954509000180;MUNICIPIO DE BALNEARIO BARRA DO SUL;3235;Geovania De Sá;100000.0;;2023OB801638;Caixa Econômica Federal;104;4728-7;4728;575993846-7;575993846
09032022-017144;202218800004-Angela Amin;95954509000180;MUNICIPIO DE BALNEARIO BARRA DO SUL;1880;Angela Amin;250000.0;;2022OB800498;Caixa Econômica Federal;104;4728-7;4728;575993846-7;575993846
09032023-037000;202339290002-Carlos Chiodini;95954509000180;MUNICIPIO DE BALNEARIO BARRA DO SUL;3929;Carlos Chiodini;400000.0;;2023OB813597;Caixa Econômica Federal;104;4728-7;4728;575993847-5;575993847
09032023-038430;202341290004-Rodrigo Coelho;95954509000180;MUNICIPIO DE BALNEARIO BARRA DO SUL;4129;Rodrigo Coelho;1629209.0;;2023OB811248, 2023OB814571;Caixa Econômica Federal;104;4728-7;4728;575993847-5;575993847
09032024-068687;202442510013-Ivete da Silveira;95954509000180;MUNICIPIO DE BALNEARIO BARRA DO SUL;4251;Ivete da Silveira;150000.0;;2024OB009976;Caixa Econômica Federal;104;4728-7;4728;575854753-7;575854753
09032024-068804;202442510012-Ivete da Silveira;95954509000180;MUNICIPIO DE BALNEARIO BARRA DO SUL;4251;Ivete da Silveira;150000.0;;2024OB003587;Caixa Econômica Federal;104;4728-7;4728;575993851-3;575993851
09032024-073517;202440620002-Ricardo Guidi;95954509000180;MUNICIPIO DE BALNEARIO BARRA DO SUL;4062;Ricardo Guidi;650000.0;;2024OB009109;Caixa Econômica Federal;104;4728-7;4728;575993849-1;575993849
09032024-073880;202442090002-Jorge Goetten;95954509000180;MUNICIPIO DE BALNEARIO BARRA DO SUL;4209;Jorge Goetten;200000.0;;2024OB003481;Caixa Econômica Federal;104;4728-7;4728;575993848-3;575993848
09032024-074467;202443390001-Daniela Reinehr;95954509000180;MUNICIPIO DE BALNEARIO BARRA DO SUL;4339;Daniela Reinehr;100000.0;;2024OB010877;Caixa Econômica Federal;104;4728-7;4728;575993852-1;575993852
09032024-074723;202443920007-Ismael;95954509000180;MUNICIPIO DE BALNEARIO BARRA DO SUL;4392;Ismael;650000.0;;2024OB004553;Caixa Econômica Federal;104;4728-7;4728;575854752-9;575854752
09032023-037058;202339320001-Caroline de Toni;95954509000180;MUNICIPIO DE BALNEARIO BARRA DO SUL;3932;Caroline de Toni;130000.0;;2023OB807419;Caixa Econômica Federal;104;4728-7;4728;575993847-5;575993847
09032025-081297;202542090003-JORGE GOETTEN;95954509000180;MUNICIPIO DE BALNEARIO BARRA DO SUL;4209;Jorge Goetten;396000.0;Pavimentação - Pavimentação;2025OB001906;Caixa Econômica Federal;104;4728-7;4728;574909977-2;574909977
09032025-083184;202539290001-CARLOS CHIODINI;95954509000180;MUNICIPIO DE BALNEARIO BARRA DO SUL;3929;Carlos Chiodini;396000.0;Pavimentação - Pavimentação;2025OB001170;Caixa Econômica Federal;104;4728-7;4728;574893815-0;574893815
09032025-084322;202542730001-JORGE SEIF;95954509000180;MUNICIPIO DE BALNEARIO BARRA DO SUL;4273;Jorge Seif;396000.0;Construção De Ponto De Apoio E Reformas De Estruturas A Pescadores Artesanais (Ex: Trapiches, Pier, Ranchos, Etc..) - Construção De Ponto De Apoio E Reformas De Estruturas A Pescadores Artesanais (Ex: Trapiches, Pier, Ranchos, Etc..);2025OB003894;Caixa Econômica Federal;104;4728-7;4728;574599983-3;574599983
09032026-089616;202632350004-GEOVANIA DE SÁ;95954509000180;MUNICIPIO DE BALNEARIO BARRA DO SUL;3235;Geovania De Sá;497500.0;Pavimentação Urbana - Ministério das Cidades - Pavimentação Urbana - Ministério das Cidades;2026OB000943;Caixa Econômica Federal;104;4728-7;4728;569698697-4;569698697
09032026-097339;202643390009-DANIELA REINEHR;95954509000180;MUNICIPIO DE BALNEARIO BARRA DO SUL;4339;Daniela Reinehr;497500.0;Pavimentação Urbana - Ministério das Cidades - Pavimentação Urbana - Ministério das Cidades;2026OB002907;Caixa Econômica Federal;104;4728-7;4728;569487464-8;569487464
09032026-094200;202643920005-ISMAEL;95954509000180;MUNICIPIO DE BALNEARIO BARRA DO SUL;4392;Ismael;298500.0;Aquisição De Unidade Móvel De Saúde - Ministério da Saúde - Aquisição De Unidade Móvel De Saúde - Ministério da Saúde;;Caixa Econômica Federal;104;4728-7;4728;;
09032026-094588;202622100012-ESPERIDIÃO AMIN;95954509000180;MUNICIPIO DE BALNEARIO BARRA DO SUL;2210;Esperidião Amin;398000.0;Pavimentação Urbana - Ministério das Cidades - Pavimentação Urbana - Ministério das Cidades;2026OB003972;Caixa Econômica Federal;104;4728-7;4728;569339534-7;569339534
09032026-095950;202639800001-FABIO SCHIOCHET;95954509000180;MUNICIPIO DE BALNEARIO BARRA DO SUL;3980;Fabio Schiochet;696500.0;Pavimentação Urbana - Ministério das Cidades - Pavimentação Urbana - Ministério das Cidades;2026OB001625;Caixa Econômica Federal;104;4728-7;4728;569487465-6;569487465
0903-003358;202029250015-Carmen Zanotto;82777301000190;MUNICIPIO DE LAGES;2925;Carmen Zanotto;930000.0;;2020OB801150;Caixa Econômica Federal;104;420-0;420;575864762-0;575864762
0903-003579;202041850004-Jorginho Mello;82777301000190;MUNICIPIO DE LAGES;4185;Jorginho Mello;300000.0;;2020OB801628;Caixa Econômica Federal;104;420-0;420;575864762-0;575864762
09032021-010633;202129250018-Carmen Zanotto;82777301000190;MUNICIPIO DE LAGES;2925;Carmen Zanotto;1499993.0;;2021OB801976, 2021OB802128;Caixa Econômica Federal;104;420-0;420;575864763-9;575864763
09032021-012239;202139800001-Fabio Schiochet;82777301000190;MUNICIPIO DE LAGES;3980;Fabio Schiochet;500000.0;;2021OB802303;Caixa Econômica Federal;104;420-0;420;575864763-9;575864763
09032022-016334;202239530001-Darci de Matos;82777301000190;MUNICIPIO DE LAGES;3953;Darci de Matos;500000.0;;2023OB802826;Caixa Econômica Federal;104;420-0;420;575864765-5;575864765
09032022-020515;202240150005-Hélio Costa;82777301000190;MUNICIPIO DE LAGES;4015;Hélio Costa;800000.0;;2022OB802988;Caixa Econômica Federal;104;420-0;420;575864765-5;575864765
09032022-021830;202241850010-Jorginho Mello;82777301000190;MUNICIPIO DE LAGES;4185;Jorginho Mello;219000.0;;2022OB804104;Caixa Econômica Federal;104;420-0;420;575864765-5;575864765
09032023-032862;202329250001-Carmen Zanotto;82777301000190;MUNICIPIO DE LAGES;2925;Carmen Zanotto;900000.0;;2023OB809789;Caixa Econômica Federal;104;420-0;420;575864767-1;575864767
09032023-037630;202340150002-Hélio Costa;82777301000190;MUNICIPIO DE LAGES;4015;Hélio Costa;500000.0;;2023OB813951;Caixa Econômica Federal;104;420-0;420;575864767-1;575864767
09032023-039000;202342510010-Ivete da Silveira;82777301000190;MUNICIPIO DE LAGES;4251;Ivete da Silveira;400000.0;;2023OB808623;Caixa Econômica Federal;104;420-0;420;575864767-1;575864767
09032024-067042;202429250006-Carmen Zanotto;82777301000190;MUNICIPIO DE LAGES;2925;Carmen Zanotto;1390000.0;;2024OB001358, 2024OB001361;Caixa Econômica Federal;104;420-0;420;575864777-9;575864777
09032022-015103;202229250013-Carmen Zanotto;82777301000190;MUNICIPIO DE LAGES;2925;Carmen Zanotto;1473777.0;;2022OB801450;Caixa Econômica Federal;104;420-0;420;575864765-5;575864765
09032024-074450;202443390001-Daniela Reinehr;82777301000190;MUNICIPIO DE LAGES;4339;Daniela Reinehr;250000.0;;2024OB010893;Caixa Econômica Federal;104;420-0;420;575864775-2;575864775
09032024-074714;202443920007-Ismael;82777301000190;MUNICIPIO DE LAGES;4392;Ismael;1200000.0;;2024OB004538;Caixa Econômica Federal;104;420-0;420;575864774-4;575864774
09032024-073864;202442090002-Jorge Goetten;82777301000190;MUNICIPIO DE LAGES;4209;Jorge Goetten;300000.0;;2024OB009940;Caixa Econômica Federal;104;420-0;420;575864776-0;575864776
09032025-082363;202529250007-CARMEN ZANOTTO;82777301000190;MUNICIPIO DE LAGES;2925;Carmen Zanotto;396000.0;Sistema De Captação De Água - Sistema De Captação De Água - Comunidades Rurais;2025OB000664;Caixa Econômica Federal;104;420-0;420;574776045-5;574776045
09032025-082359;202529250007-CARMEN ZANOTTO;82777301000190;MUNICIPIO DE LAGES;2925;Carmen Zanotto;1980000.0;Áreas De Lazer E Estruturas Para Atividades Físicas Em Espaços Públicos - Áreas De Lazer E Estruturas Para Atividades Físicas Em Espaços Públicos - Parques E Praças;2025OB000667;Caixa Econômica Federal;104;420-0;420;574727249-3;574727249
09032025-082358;202529250007-CARMEN ZANOTTO;82777301000190;MUNICIPIO DE LAGES;2925;Carmen Zanotto;990000.0;Adquirir Mobiliário De Sala De Aula (Capital) - Adquirir Mobiliário De Sala De Aula (Capital);2025OB003155;Caixa Econômica Federal;104;420-0;420;574600831-8;574600831
09032025-083218;202539320001-CAROLINE DE TONI;82777301000190;MUNICIPIO DE LAGES;3932;Caroline de Toni;396000.0;Pavimentação - Pavimentação;2025OB001178;Caixa Econômica Federal;104;420-0;420;574776044-7;574776044
09032025-081152;202543920009-ISMAEL;82777301000190;MUNICIPIO DE LAGES;4392;Ismael;594000.0;Regularização Fundiária Urbana - Regularização Fundiária Urbana;;Caixa Econômica Federal;104;420-0;420;;
09032025-082362;202529250007-CARMEN ZANOTTO;82777301000190;MUNICIPIO DE LAGES;2925;Carmen Zanotto;4602277.35;Pavimentação - Pavimentação;2025OB000665;Caixa Econômica Federal;104;420-0;420;574793538-7;574793538
09032025-082360;202529250007-CARMEN ZANOTTO;82777301000190;MUNICIPIO DE LAGES;2925;Carmen Zanotto;990000.0;Drenagem Urbana: Desassoreamento De Rios E Córregos - Drenagem Urbana: Desassoreamento De Rios E Córregos;2025OB005616;Caixa Econômica Federal;104;420-0;420;574150465-1;574150465
09032025-082361;202529250007-CARMEN ZANOTTO;82777301000190;MUNICIPIO DE LAGES;2925;Carmen Zanotto;990000.0;Drenagem Urbana: Parque Isolado Associado A Reservatório De Amortecimento De Cheias Área Para Infiltração De Águas Pluviais - Drenagem Urbana: Parque Isolado Associado A Reservatório De Amortecimento De Cheias Área Para Infiltração De Águas Pluviais;2025OB000666;Caixa Econômica Federal;104;420-0;420;574644898-9;574644898
09032025-084310;202542730001-JORGE SEIF;82777301000190;MUNICIPIO DE LAGES;4273;Jorge Seif;495000.0;Aquisição De Equipamento E Material Permanente Para Unidade De Atenção Especializada Em Saúde - Aquisição De Equipamento E Material Permanente Para Unidade De Atenção Especializada Em Saúde;;Caixa Econômica Federal;104;420-0;420;;
09032025-2-088286;202542730001-JORGE SEIF;82777301000190;MUNICIPIO DE LAGES;4273;Jorge Seif;495000.0;Aquisição De Equipamento E Material Permanente Para Unidade De Atenção Especializada Em Saúde - Aquisição De Equipamento E Material Permanente Para Unidade De Atenção Especializada Em Saúde;2025OB009533;Caixa Econômica Federal;104;420-0;420;573443119-9;573443119
09032025-2-086992;202543920009-ISMAEL;82777301000190;MUNICIPIO DE LAGES;4392;Ismael;594000.0;Regularização Fundiária Urbana - Regularização Fundiária Urbana;2025OB009577;Caixa Econômica Federal;104;420-0;420;573443121-0;573443121
09032026-093903;202642090003-JORGE GOETTEN;82777301000190;MUNICIPIO DE LAGES;4209;Jorge Goetten;646750.0;Pavimentação Urbana - Ministério das Cidades - Pavimentação Urbana - Ministério das Cidades;2026OB002376;Caixa Econômica Federal;104;420-0;420;569563227-3;569563227
09032026-097265;202643250008-COBALCHINI;82777301000190;MUNICIPIO DE LAGES;4325;Cobalchini;199000.0;Aquisição De Playgrounds Ou Parquinhos Infantis Em Espaços Esportivos Comunitários  - Ministério do Esporte - Aquisição De Playgrounds Ou Parquinhos Infantis Em Espaços Esportivos Comunitários  - Ministério do Esporte;2026OB005664;Caixa Econômica Federal;104;420-0;420;569128355-0;569128355
09032026-097328;202643390009-DANIELA REINEHR;82777301000190;MUNICIPIO DE LAGES;4339;Daniela Reinehr;398000.0;Pavimentação Urbana - Ministério das Cidades - Pavimentação Urbana - Ministério das Cidades;;Caixa Econômica Federal;104;420-0;420;569171445-3;569171445
09032026-094187;202643920005-ISMAEL;82777301000190;MUNICIPIO DE LAGES;4392;Ismael;696500.0;Pavimentação Urbana - Ministério das Cidades - Pavimentação Urbana - Ministério das Cidades;2026OB005823;Caixa Econômica Federal;104;420-0;420;569171446-1;569171446
0903-004129;202041850004-Jorginho Mello;83009894000108;MUNICIPIO DE SAO DOMINGOS;4185;Jorginho Mello;200000.0;;2020OB801742;Banco do Brasil;001;2613-1;2613;25454-1;25454
09032021-011963;202139320005-Caroline de Toni;83009894000108;MUNICIPIO DE SAO DOMINGOS;3932;Caroline de Toni;1000000.0;;2021OB802276;Caixa Econômica Federal;104;701-3;701;576002833-9;576002833
09032022-017381;202222100001-Esperidião Amin;83009894000108;MUNICIPIO DE SAO DOMINGOS;2210;Esperidião Amin;150000.0;;2023OB800456;Banco do Brasil;001;2613-1;2613;26295-1;26295
09032022-019901;202239320002-Caroline de Toni;83009894000108;MUNICIPIO DE SAO DOMINGOS;3932;Caroline de Toni;1000000.0;;2023OB802628;Banco do Brasil;001;2613-1;2613;26295-1;26295
09032023-037051;202339320001-Caroline de Toni;83009894000108;MUNICIPIO DE SAO DOMINGOS;3932;Caroline de Toni;200000.0;;2023OB810550, 2023OB813626;Caixa Econômica Federal;104;701-3;701;576002834-7;576002834
09032024-066083;202442730002-Jorge Seif;83009894000108;MUNICIPIO DE SAO DOMINGOS;4273;Jorge Seif;87000.0;;2024OB010299;Caixa Econômica Federal;104;701-3;701;576002835-5;576002835
09032025-2-085712;202542730002-JORGE SEIF;83009894000108;MUNICIPIO DE SAO DOMINGOS;4273;Jorge Seif;198000.0;Custeio Ao Piso Da Atenção Primária - Custeio Ao Piso Da Atenção Primária;2025OB008645;Caixa Econômica Federal;104;701-3;701;573478187-4;573478187
09032025-081556;202528550023-PEDRO UCZAI;83009894000108;MUNICIPIO DE SAO DOMINGOS;2855;Pedro Uczai;297000.0;Objeto Único Não Padronizado – Demais - UO 49000 MDA - Ação 210X - Apoio ao Desenvolvimento Territorial Sustentável - Aquisição de máquinas e equipamentos agrícolas;2025OB005512;Caixa Econômica Federal;104;701-3;701;574347385-0;574347385
09032025-083224;202539320001-CAROLINE DE TONI;83009894000108;MUNICIPIO DE SAO DOMINGOS;3932;Caroline de Toni;495000.0;Pavimentação - Pavimentação;2025OB006039;Caixa Econômica Federal;104;701-3;701;574297903-3;574297903
09032025-084739;202543390010-DANIELA REINEHR;83009894000108;MUNICIPIO DE SAO DOMINGOS;4339;Daniela Reinehr;396000.0;Pavimentação - Pavimentação;2025OB006846;Caixa Econômica Federal;104;701-3;701;574297904-1;574297904
09032025-075734;202542730002-JORGE SEIF;83009894000108;MUNICIPIO DE SAO DOMINGOS;4273;Jorge Seif;198000.0;Custeio Ao Piso Da Atenção Primária - Custeio Ao Piso Da Atenção Primária;;Caixa Econômica Federal;104;701-3;701;;
09032026-095796;202639320001-CAROLINE DE TONI;83009894000108;MUNICIPIO DE SAO DOMINGOS;3932;Caroline de Toni;398000.0;Pavimentação Urbana - Ministério das Cidades - Pavimentação Urbana - Ministério das Cidades;2026OB004817;Caixa Econômica Federal;104;701-3;701;569372394-8;569372394
09032026-093908;202642090003-JORGE GOETTEN;83009894000108;MUNICIPIO DE SAO DOMINGOS;4209;Jorge Goetten;398000.0;Pavimentação De Estradas Vicinais - Ministério da Integração e do Desenvolvimento Regional - Pavimentação De Estradas Vicinais - Ministério da Integração e do Desenvolvimento Regional;;Caixa Econômica Federal;104;701-3;701;569171458-5;569171458
09032021-012252;202139800001-Fabio Schiochet;83021881000154;MUNICIPIO DE SAUDADES;3980;Fabio Schiochet;400000.0;;2021OB804437;Caixa Econômica Federal;104;2894-0;2894;575856912-3;575856912
09032023-031262;202332350003-Geovania De Sá;83021881000154;MUNICIPIO DE SAUDADES;3235;Geovania De Sá;200000.0;;2023OB812901;Caixa Econômica Federal;104;2894-0;2894;575856917-4;575856917
09032024-066107;202442730002-Jorge Seif;83021881000154;MUNICIPIO DE SAUDADES;4273;Jorge Seif;100000.0;;2024OB010254;Caixa Econômica Federal;104;2894-0;2894;575856919-0;575856919
09032026-095817;202639320001-CAROLINE DE TONI;83021881000154;MUNICIPIO DE SAUDADES;3932;Caroline de Toni;398000.0;Pavimentação Urbana - Ministério das Cidades - Pavimentação Urbana - Ministério das Cidades;;Banco do Brasil;001;5279-5;5279;9715-2;9715
09032021-010979;202132350006-Geovania De Sá;83102541000158;MUNICIPIO DE PORTO UNIAO;3235;Geovania De Sá;980000.0;;2021OB800777, 2021OB800865;Banco do Brasil;001;2490-2;2490;33005-1;33005
09032022-019869;202239290005-Carlos Chiodini;83102541000158;MUNICIPIO DE PORTO UNIAO;3929;Carlos Chiodini;500000.0;;2022OB802624;Banco do Brasil;001;2490-2;2490;34384-6;34384
09032022-016347;202239530001-Darci de Matos;83102541000158;MUNICIPIO DE PORTO UNIAO;3953;Darci de Matos;250000.0;;2023OB802828;Banco do Brasil;001;2490-2;2490;34384-6;34384
09032024-074025;202442730001-Jorge Seif;83102541000158;MUNICIPIO DE PORTO UNIAO;4273;Jorge Seif;100000.0;;2024OB010228;Caixa Econômica Federal;104;422-7;422;575864794-9;575864794
09032021-011952;202139290005-Carlos Chiodini;83102269000106;MUNICIPIO DE SAO FRANCISCO DO SUL;3929;Carlos Chiodini;300000.0;;2021OB803047;Banco do Brasil;001;466-9;466;32644-5;32644
09032022-015118;202229250013-Carmen Zanotto;83102269000106;MUNICIPIO DE SAO FRANCISCO DO SUL;2925;Carmen Zanotto;80000.0;;2023OB801305;Banco do Brasil;001;466-9;466;34111-8;34111
09032022-019870;202239290005-Carlos Chiodini;83102269000106;MUNICIPIO DE SAO FRANCISCO DO SUL;3929;Carlos Chiodini;500000.0;;2023OB802605;Banco do Brasil;001;466-9;466;34111-8;34111
09032024-068825;202442510012-Ivete da Silveira;83102269000106;MUNICIPIO DE SAO FRANCISCO DO SUL;4251;Ivete da Silveira;50000.0;;2024OB003576;Caixa Econômica Federal;104;424-3;424;575864824-4;575864824
09032024-068708;202442510013-Ivete da Silveira;83102269000106;MUNICIPIO DE SAO FRANCISCO DO SUL;4251;Ivete da Silveira;50000.0;;2024OB003588;Caixa Econômica Federal;104;424-3;424;575864826-0;575864826
09032024-072858;202439320001-Caroline de Toni;83102269000106;MUNICIPIO DE SAO FRANCISCO DO SUL;3932;Caroline de Toni;245000.0;;2024OB002364;Caixa Econômica Federal;104;424-3;424;575864825-2;575864825
09032026-089624;202632350004-GEOVANIA DE SÁ;83102269000106;MUNICIPIO DE SAO FRANCISCO DO SUL;3235;Geovania De Sá;298500.0;Custeio De Serviços - Ministério do Desenvolvimento e Assistência Social, Família e Combate à Fome - Custeio De Serviços - Ministério do Desenvolvimento e Assistência Social, Família e Combate à Fome;2026OB004490;Banco do Brasil;001;466-9;466;43104-4;43104
09032026-095751;202639290001-CARLOS CHIODINI;83102269000106;MUNICIPIO DE SAO FRANCISCO DO SUL;3929;Carlos Chiodini;995000.0;Pavimentação Urbana - Ministério das Cidades - Pavimentação Urbana - Ministério das Cidades;2026OB004806;Banco do Brasil;001;466-9;466;43098-6;43098
09032026-097347;202643390009-DANIELA REINEHR;83102269000106;MUNICIPIO DE SAO FRANCISCO DO SUL;4339;Daniela Reinehr;398000.0;Pavimentação Urbana - Ministério das Cidades - Pavimentação Urbana - Ministério das Cidades;2026OB002905;Banco do Brasil;001;466-9;466;43080-3;43080
0903-003815;202029250015-Carmen Zanotto;75326066000175;MUNICIPIO DE OTACILIO COSTA;2925;Carmen Zanotto;300000.0;;2020OB801030;Caixa Econômica Federal;104;3082-1;3082;575857083-0;575857083
09032021-009939;202125690003-Celso Maldaner;75326066000175;MUNICIPIO DE OTACILIO COSTA;2569;Celso Maldaner;450000.0;;2021OB800142;Caixa Econômica Federal;104;3082-1;3082;575857084-9;575857084
09032022-015107;202229250013-Carmen Zanotto;75326066000175;MUNICIPIO DE OTACILIO COSTA;2925;Carmen Zanotto;100000.0;;2022OB801451;Caixa Econômica Federal;104;3082-1;3082;575857086-5;575857086
09032022-016127;202237860003-Dário Berger;75326066000175;MUNICIPIO DE OTACILIO COSTA;3786;Dário Berger;200000.0;;2023OB802146;Caixa Econômica Federal;104;3082-1;3082;575857086-5;575857086
09032023-032867;202329250001-Carmen Zanotto;75326066000175;MUNICIPIO DE OTACILIO COSTA;2925;Carmen Zanotto;250000.0;;2023OB807203;Caixa Econômica Federal;104;3082-1;3082;575857087-3;575857087
09032023-036999;202339290002-Carlos Chiodini;75326066000175;MUNICIPIO DE OTACILIO COSTA;3929;Carlos Chiodini;250000.0;;2023OB813599;Caixa Econômica Federal;104;3082-1;3082;575857087-3;575857087
09032024-067047;202429250006-Carmen Zanotto;75326066000175;MUNICIPIO DE OTACILIO COSTA;2925;Carmen Zanotto;550000.0;;2024OB001373;Caixa Econômica Federal;104;3082-1;3082;575857089-0;575857089
09032024-072770;202439290001-Carlos Chiodini;75326066000175;MUNICIPIO DE OTACILIO COSTA;3929;Carlos Chiodini;450000.0;;2024OB002319;Caixa Econômica Federal;104;3082-1;3082;575857091-1;575857091
09032024-072837;202439320001-Caroline de Toni;75326066000175;MUNICIPIO DE OTACILIO COSTA;3932;Caroline de Toni;120000.0;;2024OB008470;Caixa Econômica Federal;104;3082-1;3082;575857092-0;575857092
09032024-073872;202442090002-Jorge Goetten;75326066000175;MUNICIPIO DE OTACILIO COSTA;4209;Jorge Goetten;750000.0;;2024OB003471;Caixa Econômica Federal;104;3082-1;3082;575857093-8;575857093
09032024-073987;202442730001-Jorge Seif;75326066000175;MUNICIPIO DE OTACILIO COSTA;4273;Jorge Seif;200000.0;;2024OB003753;Caixa Econômica Federal;104;3082-1;3082;575857094-6;575857094
09032024-074720;202443920007-Ismael;75326066000175;MUNICIPIO DE OTACILIO COSTA;4392;Ismael;150000.0;;2024OB004542;Caixa Econômica Federal;104;3082-1;3082;575857095-4;575857095
09032025-2-088462;202544010010-JULIA ZANATTA;75326066000175;MUNICIPIO DE OTACILIO COSTA;4401;Julia Zanatta;198000.0;Aquisição De Veículo - Aquisição De Veículo;2025OB008931;Caixa Econômica Federal;104;3082-1;3082;573395326-4;573395326
09032025-2-085713;202542730002-JORGE SEIF;75326066000175;MUNICIPIO DE OTACILIO COSTA;4273;Jorge Seif;198000.0;Custeio Ao Piso Da Atenção Primária - Custeio Ao Piso Da Atenção Primária;2025OB008635;Caixa Econômica Federal;104;3082-1;3082;573395328-0;573395328
09032025-080748;202544010010-JULIA ZANATTA;75326066000175;MUNICIPIO DE OTACILIO COSTA;4401;Julia Zanatta;198000.0;Aquisição De Veículo - Aquisição De Veículo;;Caixa Econômica Federal;104;3082-1;3082;;
09032025-2-086814;202544480001-PEZENTI;75326066000175;MUNICIPIO DE OTACILIO COSTA;4448;Pezenti;198000.0;Objeto Único Não Padronizado – Demais - Veículo(s) para transporte de pacientes - 36000 Ministério da Saúde;2025OB009019;Caixa Econômica Federal;104;3082-1;3082;573395327-2;573395327
09032025-075735;202542730002-JORGE SEIF;75326066000175;MUNICIPIO DE OTACILIO COSTA;4273;Jorge Seif;198000.0;Custeio Ao Piso Da Atenção Primária - Custeio Ao Piso Da Atenção Primária;;Caixa Econômica Federal;104;3082-1;3082;;
09032025-079214;202544480001-PEZENTI;75326066000175;MUNICIPIO DE OTACILIO COSTA;4448;Pezenti;198000.0;Objeto Único Não Padronizado – Demais - Veículo(s) para transporte de pacientes - 36000 Ministério da Saúde;;Caixa Econômica Federal;104;3082-1;3082;;
09032026-094198;202643920005-ISMAEL;75326066000175;MUNICIPIO DE OTACILIO COSTA;4392;Ismael;398000.0;Pavimentação Urbana - Ministério das Cidades - Pavimentação Urbana - Ministério das Cidades;2026OB005825;Banco do Brasil;001;4019-3;4019;20623-7;20623
09032026-095742;202639290001-CARLOS CHIODINI;75326066000175;MUNICIPIO DE OTACILIO COSTA;3929;Carlos Chiodini;398000.0;Construção, Reforma Ou Ampliação De Infraestrutura Esportiva  - Ministério do Esporte - Construção, Reforma Ou Ampliação De Infraestrutura Esportiva  - Ministério do Esporte;2026OB001446;Banco do Brasil;001;4019-3;4019;20611-3;20611
09032026-095799;202639320001-CAROLINE DE TONI;75326066000175;MUNICIPIO DE OTACILIO COSTA;3932;Caroline de Toni;398000.0;Aquisição de Máquinas e Equipamentos (GND 4) - Ministério da Agricultura e Pecuária - Aquisição de Máquinas e Equipamentos (GND 4) - Ministério da Agricultura e Pecuária;;Banco do Brasil;001;4019-3;4019;20653-9;20653
0903-003683;202018800013-Angela Amin;82572207000103;MUNICIPIO DE ITAPEMA;1880;Angela Amin;400000.0;;2020OB801137;Caixa Econômica Federal;104;3298-0;3298;575857317-1;575857317
09032021-009473;202118800011-Angela Amin;82572207000103;MUNICIPIO DE ITAPEMA;1880;Angela Amin;600000.0;;2021OB800227;Caixa Econômica Federal;104;3298-0;3298;575857318-0;575857318
09032022-016118;202237860003-Dário Berger;82572207000103;MUNICIPIO DE ITAPEMA;3786;Dário Berger;150000.0;;2023OB802162;Caixa Econômica Federal;104;3298-0;3298;575857319-8;575857319
09032023-035175;202328560021-Rogério Peninha Mendonça;82572207000103;MUNICIPIO DE ITAPEMA;2856;Rogério Peninha Mendonça;300000.0;;2023OB806588;Caixa Econômica Federal;104;3298-0;3298;575857321-0;575857321
09032024-073966;202442730001-Jorge Seif;82572207000103;MUNICIPIO DE ITAPEMA;4273;Jorge Seif;200000.0;;2024OB003731;Caixa Econômica Federal;104;3298-0;3298;575857322-8;575857322
09032024-075067;202444480002-Pezenti;82572207000103;MUNICIPIO DE ITAPEMA;4448;Pezenti;500000.0;;2024OB004940;Caixa Econômica Federal;104;3298-0;3298;575857323-6;575857323
09032023-036992;202339290002-Carlos Chiodini;82572207000103;MUNICIPIO DE ITAPEMA;3929;Carlos Chiodini;800000.0;;2023OB806589;Caixa Econômica Federal;104;3298-0;3298;575857321-0;575857321
09032022-018214;202228560001-Rogério Peninha Mendonça;82572207000103;MUNICIPIO DE ITAPEMA;2856;Rogério Peninha Mendonça;250000.0;;2022OB801270;Caixa Econômica Federal;104;3298-0;3298;575857319-8;575857319
09032025-083179;202539290001-CARLOS CHIODINI;82572207000103;MUNICIPIO DE ITAPEMA;3929;Carlos Chiodini;495000.0;Aquisição De Viatura Para Guarda Civil Municipal - Aquisição De Viatura Para Guarda Civil Municipal;2025OB004736;Caixa Econômica Federal;104;3298-0;3298;574600828-8;574600828
09032025-084309;202542730001-JORGE SEIF;82572207000103;MUNICIPIO DE ITAPEMA;4273;Jorge Seif;396000.0;Pavimentação - Pavimentação;2025OB002014;Caixa Econômica Federal;104;3298-0;3298;574668535-2;574668535
09032025-083291;202539490006-DANIEL FREITAS;82572207000103;MUNICIPIO DE ITAPEMA;3949;Daniel Freitas;495000.0;Construção, Reforma Ou Ampliação De Espaços De Esporte E Lazer - Construção, Reforma Ou Ampliação De Espaços De Esporte E Lazer;2025OB003461;Caixa Econômica Federal;104;3298-0;3298;574600827-0;574600827
09032025-079201;202544480001-PEZENTI;82572207000103;MUNICIPIO DE ITAPEMA;4448;Pezenti;495000.0;Construção, Reforma Ou Ampliação De Espaços De Esporte E Lazer - Construção, Reforma Ou Ampliação De Espaços De Esporte E Lazer;2025OB004286;Caixa Econômica Federal;104;3298-0;3298;574600826-1;574600826
09032025-080738;202544010010-JULIA ZANATTA;82572207000103;MUNICIPIO DE ITAPEMA;4401;Julia Zanatta;247500.0;Objeto Único Não Padronizado – Demais - Aquisição de Motocicletas/Viatura para Guarda Civil Municipal a cargo do Ministério da Justiça e Segurança Pública - código UO 30000;2025OB007032;Caixa Econômica Federal;104;3298-0;3298;574064313-5;574064313
09032026-094092;202644480001-PEZENTI;82572207000103;MUNICIPIO DE ITAPEMA;4448;Pezenti;248750.0;Qualificação Social E Profissional De Trabalhadores - Ministério do Trabalho e Emprego - Qualificação Social E Profissional De Trabalhadores - Ministério do Trabalho e Emprego;;Caixa Econômica Federal;104;3298-0;3298;569002273-6;569002273
09032026-094093;202644480001-PEZENTI;82572207000103;MUNICIPIO DE ITAPEMA;4448;Pezenti;199000.0;Aquisição De Unidade Móvel De Saúde - Ministério da Saúde - Aquisição De Unidade Móvel De Saúde - Ministério da Saúde;2026OB005993;Caixa Econômica Federal;104;3298-0;3298;568689121-0;568689121
0903-003249;202028550021-Pedro Uczai;83027045000187;MUNICIPIO DE GUARUJA DO SUL;2855;Pedro Uczai;250000.0;;2020OB801107;Banco do Brasil;001;5398-8;5398;7153-6;7153
09032021-010419;202128550001-Pedro Uczai;83027045000187;MUNICIPIO DE GUARUJA DO SUL;2855;Pedro Uczai;400000.0;;2021OB800660;Banco do Brasil;001;5398-8;5398;7471-3;7471
09032022-018199;202228550020-Pedro Uczai;83027045000187;MUNICIPIO DE GUARUJA DO SUL;2855;Pedro Uczai;400000.0;;2022OB801255;Banco do Brasil;001;5398-8;5398;7696-1;7696
09032023-037628;202340150002-Hélio Costa;83027045000187;MUNICIPIO DE GUARUJA DO SUL;4015;Hélio Costa;300000.0;;2023OB810802;Caixa Econômica Federal;104;1885-6;1885;575858609-5;575858609
09032023-034390;202322100001-Esperidião Amin;83027045000187;MUNICIPIO DE GUARUJA DO SUL;2210;Esperidião Amin;200000.0;;2023OB808329;Caixa Econômica Federal;104;1885-6;1885;575858609-5;575858609
09032023-033064;202328550022-Pedro Uczai;83027045000187;MUNICIPIO DE GUARUJA DO SUL;2855;Pedro Uczai;250000.0;;2023OB806920;Caixa Econômica Federal;104;1885-6;1885;575858609-5;575858609
09032024-073962;202442730001-Jorge Seif;83027045000187;MUNICIPIO DE GUARUJA DO SUL;4273;Jorge Seif;100000.0;;2024OB010222;Caixa Econômica Federal;104;1885-6;1885;575858622-2;575858622
09032024-074447;202443390001-Daniela Reinehr;83027045000187;MUNICIPIO DE GUARUJA DO SUL;4339;Daniela Reinehr;100000.0;;2024OB010896;Caixa Econômica Federal;104;1885-6;1885;575858621-4;575858621
09032025-075727;202542730002-JORGE SEIF;83027045000187;MUNICIPIO DE GUARUJA DO SUL;4273;Jorge Seif;198000.0;Custeio Ao Piso Da Atenção Primária - Custeio Ao Piso Da Atenção Primária;2025OB003891;Caixa Econômica Federal;104;1885-6;1885;574600851-2;574600851
09032025-084735;202543390010-DANIELA REINEHR;83027045000187;MUNICIPIO DE GUARUJA DO SUL;4339;Daniela Reinehr;396000.0;Objeto Único Não Padronizado – Obras e Serviços de Engenharia - Construção de Centro de Eventos;2025OB006813;Caixa Econômica Federal;104;1885-6;1885;574600852-0;574600852
09032026-094089;202644480001-PEZENTI;83027045000187;MUNICIPIO DE GUARUJA DO SUL;4448;Pezenti;398000.0;Pavimentação Urbana - Ministério das Cidades - Pavimentação Urbana - Ministério das Cidades;2026OB003404;Banco do Brasil;001;5398-8;5398;8822-6;8822
0903-003381;202041850004-Jorginho Mello;83102327000100;MUNICIPIO DE PENHA;4185;Jorginho Mello;300000.0;;2020OB801767;Caixa Econômica Federal;104;1792-2;1792;575859326-1;575859326
09032021-012241;202139800001-Fabio Schiochet;83102327000100;MUNICIPIO DE PENHA;3980;Fabio Schiochet;160000.0;;2021OB802315;Banco do Brasil;001;5411-9;5411;12295-5;12295
09032022-016121;202237860003-Dário Berger;83102327000100;MUNICIPIO DE PENHA;3786;Dário Berger;150000.0;;2022OB802274;Banco do Brasil;001;5411-9;5411;12975-5;12975
09032022-018217;202228560001-Rogério Peninha Mendonça;83102327000100;MUNICIPIO DE PENHA;2856;Rogério Peninha Mendonça;200000.0;;2023OB801115;Banco do Brasil;001;5411-9;5411;12975-5;12975
09032024-068787;202442510012-Ivete da Silveira;83102327000100;MUNICIPIO DE PENHA;4251;Ivete da Silveira;162500.0;;2024OB003537;Banco do Brasil;001;5411-9;5411;15008-8;15008
09032024-068670;202442510013-Ivete da Silveira;83102327000100;MUNICIPIO DE PENHA;4251;Ivete da Silveira;162500.0;;2024OB010027;Banco do Brasil;001;5411-9;5411;15009-6;15009
09032024-072764;202439290001-Carlos Chiodini;83102327000100;MUNICIPIO DE PENHA;3929;Carlos Chiodini;700000.0;;2024OB008440;Banco do Brasil;001;5411-9;5411;15007-X;15007
09032024-073976;202442730001-Jorge Seif;83102327000100;MUNICIPIO DE PENHA;4273;Jorge Seif;200000.0;;2024OB003751;Banco do Brasil;001;5411-9;5411;15010-X;15010
09032025-083219;202539320001-CAROLINE DE TONI;83102327000100;MUNICIPIO DE PENHA;3932;Caroline de Toni;396000.0;Pavimentação - Pavimentação;2025OB001182;Banco do Brasil;001;5411-9;5411;16757-6;16757
09032025-084313;202542730001-JORGE SEIF;83102327000100;MUNICIPIO DE PENHA;4273;Jorge Seif;495000.0;Pavimentação - Pavimentação;2025OB002000;Banco do Brasil;001;5411-9;5411;16736-3;16736
09032026-094190;202643920005-ISMAEL;83102327000100;MUNICIPIO DE PENHA;4392;Ismael;497500.0;Pavimentação Urbana - Ministério das Cidades - Pavimentação Urbana - Ministério das Cidades;;Banco do Brasil;001;5411-9;5411;17684-2;17684
09032026-095738;202639290001-CARLOS CHIODINI;83102327000100;MUNICIPIO DE PENHA;3929;Carlos Chiodini;497500.0;Pavimentação Urbana - Ministério das Cidades - Pavimentação Urbana - Ministério das Cidades;2026OB004805;Banco do Brasil;001;5411-9;5411;17705-9;17705
09032026-089609;202632350004-GEOVANIA DE SÁ;83102327000100;MUNICIPIO DE PENHA;3235;Geovania De Sá;398000.0;Construção De Ponto De Apoio E Reformas De Estruturas A Pescadores Artesanais (Ex: Trapiches, Pier, Ranchos, Etc..), política voltada às ações do MINISTÉRIO DA PESCA E AQUICULTURA. - Ministério da Pesca e Aquicultura - Construção De Ponto De Apoio E Reformas De Estruturas A Pescadores Artesanais (Ex: Trapiches, Pier, Ranchos, Etc..), política voltada às ações do Ministério da Pesca e Aquicultura. - Ministério da Pesca e Aquicultura;2026OB000940;Banco do Brasil;001;5411-9;5411;17673-7;17673
09032026-091778;202644010005-JULIA ZANATTA;83102327000100;MUNICIPIO DE PENHA;4401;Julia Zanatta;199000.0;Objeto Único Não Padronizado – Demais - Viatura de fiscalização e operação de trânsito - Ministério dos Transportes;;Banco do Brasil;001;5411-9;5411;;
09032021-011528;202137860003-Dário Berger;85997237000141;MUNICIPIO DE SANTA CECILIA;3786;Dário Berger;200000.0;;2021OB800923, 2021OB800998;Banco do Brasil;001;2572-0;2572;29706-2;29706
09032022-020521;202240150005-Hélio Costa;85997237000141;MUNICIPIO DE SANTA CECILIA;4015;Hélio Costa;250000.0;;2023OB803176;Banco do Brasil;001;2572-0;2572;30496-4;30496
09032023-037236;202339530013-Darci de Matos;85997237000141;MUNICIPIO DE SANTA CECILIA;3953;Darci de Matos;352000.0;;2023OB807439;Banco do Brasil;001;2572-0;2572;31867-1;31867
09032024-066104;202442730002-Jorge Seif;85997237000141;MUNICIPIO DE SANTA CECILIA;4273;Jorge Seif;100000.0;;2024OB010282;Banco do Brasil;001;2572-0;2572;33175-9;33175
09032024-069391;202439800001-Fabio Schiochet;85997237000141;MUNICIPIO DE SANTA CECILIA;3980;Fabio Schiochet;100000.0;;2024OB008723;Banco do Brasil;001;2572-0;2572;33173-2;33173
09032024-073890;202442090002-Jorge Goetten;85997237000141;MUNICIPIO DE SANTA CECILIA;4209;Jorge Goetten;400000.0;;2024OB003494;Banco do Brasil;001;2572-0;2572;33174-0;33174
09032021-010429;202128550001-Pedro Uczai;83009878000115;MUNICIPIO DE XAVANTINA;2855;Pedro Uczai;150000.0;;2021OB802113;Banco do Brasil;001;4601-9;4601;4866-6;4866
09032021-013432;202141850007-Jorginho Mello;83009878000115;MUNICIPIO DE XAVANTINA;4185;Jorginho Mello;200000.0;;2021OB802409;Banco do Brasil;001;4601-9;4601;4866-6;4866
09032022-021852;202241850010-Jorginho Mello;83009878000115;MUNICIPIO DE XAVANTINA;4185;Jorginho Mello;200000.0;;2023OB804942;Caixa Econômica Federal;104;1881-3;1881;575996149-3;575996149
09032024-072864;202439320001-Caroline de Toni;83009878000115;MUNICIPIO DE XAVANTINA;3932;Caroline de Toni;250000.0;;2024OB008493;Caixa Econômica Federal;104;1881-3;1881;575996153-1;575996153
09032024-074028;202442730001-Jorge Seif;83009878000115;MUNICIPIO DE XAVANTINA;4273;Jorge Seif;200000.0;;2024OB003719;Caixa Econômica Federal;104;1881-3;1881;575996154-0;575996154
09032024-069111;202422100016-Esperidião Amin;82926593000186;SANTA ROSA DE LIMA;2210;Esperidião Amin;250000.0;;2024OB006419;Banco do Brasil;001;5343-0;5343;7086-6;7086
09032024-066119;202442730002-Jorge Seif;82926593000186;SANTA ROSA DE LIMA;4273;Jorge Seif;100000.0;;2024OB010285;Banco do Brasil;001;5343-0;5343;7087-4;7087
09032023-034431;202322100001-Esperidião Amin;82926593000186;SANTA ROSA DE LIMA;2210;Esperidião Amin;150000.0;;2023OB811985;Banco do Brasil;001;5343-0;5343;6889-6;6889
09032024-068032;202444010006-Julia Zanatta;82926593000186;SANTA ROSA DE LIMA;4401;Julia Zanatta;100000.0;;2024OB011595;Banco do Brasil;001;5343-0;5343;7088-2;7088
09032026-091805;202644010005-JULIA ZANATTA;82926593000186;SANTA ROSA DE LIMA;4401;Julia Zanatta;248750.0;Aquisição de Máquinas e Equipamentos (GND 4) - Ministério da Agricultura e Pecuária - Aquisição de Máquinas e Equipamentos (GND 4) - Ministério da Agricultura e Pecuária;;Caixa Econômica Federal;104;1070-7;1070;569002279-5;569002279
09032021-013430;202141850007-Jorginho Mello;82777327000139;MUNICIPIO DE SAO JOSE DO CERRITO;4185;Jorginho Mello;200000.0;;2021OB804789;Banco do Brasil;001;5284-1;5284;8561-8;8561
09032022-016143;202237860003-Dário Berger;82777327000139;MUNICIPIO DE SAO JOSE DO CERRITO;3786;Dário Berger;150000.0;;2023OB802167;Banco do Brasil;001;5284-1;5284;8925-7;8925
09032022-021850;202241850010-Jorginho Mello;82777327000139;MUNICIPIO DE SAO JOSE DO CERRITO;4185;Jorginho Mello;200000.0;;2023OB804945;Banco do Brasil;001;5284-1;5284;8925-7;8925
09032022-015119;202229250013-Carmen Zanotto;82777327000139;MUNICIPIO DE SAO JOSE DO CERRITO;2925;Carmen Zanotto;200000.0;;2023OB801310;Banco do Brasil;001;5284-1;5284;8925-7;8925
09032023-039033;202342510010-Ivete da Silveira;82777327000139;MUNICIPIO DE SAO JOSE DO CERRITO;4251;Ivete da Silveira;300000.0;;2023OB808245;Caixa Econômica Federal;104;3875-0;3875;575995042-4;575995042
09032023-032876;202329250001-Carmen Zanotto;82777327000139;MUNICIPIO DE SAO JOSE DO CERRITO;2925;Carmen Zanotto;200000.0;;2023OB808244;Caixa Econômica Federal;104;3875-0;3875;575995042-4;575995042
09032024-067058;202429250006-Carmen Zanotto;82777327000139;MUNICIPIO DE SAO JOSE DO CERRITO;2925;Carmen Zanotto;100000.0;;2024OB001368;Caixa Econômica Federal;104;3875-0;3875;575995043-2;575995043
09032024-072860;202439320001-Caroline de Toni;82777327000139;MUNICIPIO DE SAO JOSE DO CERRITO;3932;Caroline de Toni;140000.0;;2024OB008487;Caixa Econômica Federal;104;3875-0;3875;575995044-0;575995044
09032024-074027;202442730001-Jorge Seif;82777327000139;MUNICIPIO DE SAO JOSE DO CERRITO;4273;Jorge Seif;200000.0;;2024OB003735;Caixa Econômica Federal;104;3875-0;3875;575995045-9;575995045
09032026-097254;202643250001-COBALCHINI;82777327000139;MUNICIPIO DE SAO JOSE DO CERRITO;4325;Cobalchini;497500.0;Objeto Único Não Padronizado – Demais - Aquisição de ônibus escolar;2026OB005612;Banco do Brasil;001;5284-1;5284;10837-5;10837
09032026-094298;202628550010-PEDRO UCZAI;82777327000139;MUNICIPIO DE SAO JOSE DO CERRITO;2855;Pedro Uczai;995000.0;Aquisição De Máquinas, Implementos E Equipamentos Agrícolas Adaptados À Agricultura Familiar E Tecnologias Sociais. - Ministério do Desenvolvimento Agrário e Agricultura Familiar - Aquisição De Máquinas, Implementos E Equipamentos Agrícolas Adaptados À Agricultura Familiar E Tecnologias Sociais. - Ministério do Desenvolvimento Agrário e Agricultura Familiar;2026OB004231;Banco do Brasil;001;5284-1;5284;10838-3;10838
09032021-011971;202139320005-Caroline de Toni;82939463000188;MUNICIPIO DE JABORA;3932;Caroline de Toni;400000.0;;2021OB802267;Caixa Econômica Federal;104;3554-8;3554;575995884-0;575995884
09032023-039028;202342510010-Ivete da Silveira;82939463000188;MUNICIPIO DE JABORA;4251;Ivete da Silveira;100000.0;;2023OB806417;Banco do Brasil;001;5286-8;5286;8537-5;8537
09032023-034744;202325690015-Celso Maldaner;82939463000188;MUNICIPIO DE JABORA;2569;Celso Maldaner;814604.0;;2023OB809392;Banco do Brasil;001;5286-8;5286;8537-5;8537
09032026-094597;202622100012-ESPERIDIÃO AMIN;82939463000188;MUNICIPIO DE JABORA;2210;Esperidião Amin;398000.0;Objeto Único Não Padronizado – Demais - Construção de um Centro de Ecoterapia;;Caixa Econômica Federal;104;3554-8;3554;;
0903-003431;202041850004-Jorginho Mello;82558149000155;MUNICIPIO DE GRAO PARA;4185;Jorginho Mello;100000.0;;2020OB801712;Banco do Brasil;001;5400-3;5400;7927-8;7927
0903-004601;202018800013-Angela Amin;82558149000155;MUNICIPIO DE GRAO PARA;1880;Angela Amin;150000.0;;2020OB801127;Banco do Brasil;001;5400-3;5400;7927-8;7927
09032021-009650;202122100006-Esperidião Amin;82558149000155;MUNICIPIO DE GRAO PARA;2210;Esperidião Amin;200000.0;;2021OB802028;Banco do Brasil;001;5400-3;5400;8279-1;8279
09032021-011498;202137860003-Dário Berger;82558149000155;MUNICIPIO DE GRAO PARA;3786;Dário Berger;100000.0;;2021OB802212;Banco do Brasil;001;5400-3;5400;8279-1;8279
09032022-017373;202222100001-Esperidião Amin;82558149000155;MUNICIPIO DE GRAO PARA;2210;Esperidião Amin;150000.0;;2022OB800652;Caixa Econômica Federal;104;1070-7;1070;575996475-1;575996475
09032022-020233;202239800001-Fabio Schiochet;82558149000155;MUNICIPIO DE GRAO PARA;3980;Fabio Schiochet;300000.0;;2023OB802995;Caixa Econômica Federal;104;1070-7;1070;575996475-1;575996475
09032023-034154;202318800004-Angela Amin;82558149000155;MUNICIPIO DE GRAO PARA;1880;Angela Amin;300000.0;;2023OB807293;Caixa Econômica Federal;104;1070-7;1070;575996476-0;575996476
09032024-068659;202442510013-Ivete da Silveira;82558149000155;MUNICIPIO DE GRAO PARA;4251;Ivete da Silveira;75000.0;;2024OB009998;Caixa Econômica Federal;104;1070-7;1070;575996479-4;575996479
09032024-068776;202442510012-Ivete da Silveira;82558149000155;MUNICIPIO DE GRAO PARA;4251;Ivete da Silveira;75000.0;;2024OB003523;Caixa Econômica Federal;104;1070-7;1070;575996478-6;575996478
09032025-2-086807;202544480001-PEZENTI;82558149000155;MUNICIPIO DE GRAO PARA;4448;Pezenti;396000.0;Objeto Único Não Padronizado – Demais - Ônibus Escolar - 26000 Ministério da Educação;2025OB009024;Banco do Brasil;001;5400-3;5400;9901-5;9901
09032025-081777;202522100013-ESPERIDIÃO AMIN;82558149000155;MUNICIPIO DE GRAO PARA;2210;Esperidião Amin;396000.0;Objeto Único Não Padronizado – Demais - Caminhão;;Banco do Brasil;001;5400-3;5400;;
09032026-094087;202644480001-PEZENTI;82558149000155;MUNICIPIO DE GRAO PARA;4448;Pezenti;398000.0;Pavimentação De Estradas Vicinais - Ministério da Integração e do Desenvolvimento Regional - Pavimentação De Estradas Vicinais - Ministério da Integração e do Desenvolvimento Regional;;Banco do Brasil;001;5400-3;5400;10062-5;10062
09032026-089603;202632350004-GEOVANIA DE SÁ;82558149000155;MUNICIPIO DE GRAO PARA;3235;Geovania De Sá;497500.0;Pavimentação De Estradas Vicinais - Ministério da Integração e do Desenvolvimento Regional - Pavimentação De Estradas Vicinais - Ministério da Integração e do Desenvolvimento Regional;2026OB000945;Banco do Brasil;001;5400-3;5400;10054-4;10054
09032025-2-087594;202522100013-ESPERIDIÃO AMIN;82558149000155;MUNICIPIO DE GRAO PARA;2210;Esperidião Amin;396000.0;Objeto Único Não Padronizado – Demais - Caminhão;2025OB007497;Banco do Brasil;001;5400-3;5400;9900-7;9900
09032025-079198;202544480001-PEZENTI;82558149000155;MUNICIPIO DE GRAO PARA;4448;Pezenti;396000.0;Objeto Único Não Padronizado – Demais - Ônibus Escolar - 26000 Ministério da Educação;;Banco do Brasil;001;5400-3;5400;;
09032022-016352;202239530001-Darci de Matos;01614376000159;MUNICIPIO DE PAIAL;3953;Darci de Matos;200000.0;;2023OB802823;Banco do Brasil;001;3635-8;3635;18173-0;18173
09032022-017721;202225690003-Celso Maldaner;01614376000159;MUNICIPIO DE PAIAL;2569;Celso Maldaner;200000.0;;2022OB800886;Banco do Brasil;001;3635-8;3635;18173-0;18173
09032024-066112;202442730002-Jorge Seif;01614376000159;MUNICIPIO DE PAIAL;4273;Jorge Seif;87000.0;;2024OB010295;Caixa Econômica Federal;104;3831-8;3831;575855276-0;575855276
09032024-068715;202442510013-Ivete da Silveira;01614376000159;MUNICIPIO DE PAIAL;4251;Ivete da Silveira;125000.0;;2024OB010035;Caixa Econômica Federal;104;3831-8;3831;575855277-8;575855277
09032024-068833;202442510012-Ivete da Silveira;01614376000159;MUNICIPIO DE PAIAL;4251;Ivete da Silveira;125000.0;;2024OB003511;Caixa Econômica Federal;104;3831-8;3831;575855275-1;575855275
09032026-097256;202643250001-COBALCHINI;01614376000159;MUNICIPIO DE PAIAL;4325;Cobalchini;398000.0;Pavimentação De Estradas Vicinais - Ministério da Integração e do Desenvolvimento Regional - Pavimentação De Estradas Vicinais - Ministério da Integração e do Desenvolvimento Regional;2026OB005670;Caixa Econômica Federal;104;3831-8;3831;569171026-1;569171026
0903-004176;202039800001-Fabio Schiochet;82928698000174;MUNICIPIO DE JAGUARUNA;3980;Fabio Schiochet;1200000.0;;2020OB801221;Caixa Econômica Federal;104;2891-6;2891;575856879-8;575856879
09032023-037629;202340150002-Hélio Costa;82928698000174;MUNICIPIO DE JAGUARUNA;4015;Hélio Costa;250000.0;;2023OB810801;Caixa Econômica Federal;104;2891-6;2891;575856882-8;575856882
09032023-038982;202342510005-Ivete da Silveira;82928698000174;MUNICIPIO DE JAGUARUNA;4251;Ivete da Silveira;1500000.0;;2023OB807195;Caixa Econômica Federal;104;2891-6;2891;575856882-8;575856882
09032024-068004;202444010006-Julia Zanatta;82928698000174;MUNICIPIO DE JAGUARUNA;4401;Julia Zanatta;300000.0;;2024OB011561;Caixa Econômica Federal;104;2891-6;2891;575856886-0;575856886
09032024-068665;202442510013-Ivete da Silveira;82928698000174;MUNICIPIO DE JAGUARUNA;4251;Ivete da Silveira;100000.0;;2024OB010016;Caixa Econômica Federal;104;2891-6;2891;575856888-7;575856888
09032024-068782;202442510012-Ivete da Silveira;82928698000174;MUNICIPIO DE JAGUARUNA;4251;Ivete da Silveira;100000.0;;2024OB003629;Caixa Econômica Federal;104;2891-6;2891;575856887-9;575856887
09032024-073968;202442730001-Jorge Seif;82928698000174;MUNICIPIO DE JAGUARUNA;4273;Jorge Seif;100000.0;;2024OB003776;Caixa Econômica Federal;104;2891-6;2891;575856884-4;575856884
09032024-073509;202440620002-Ricardo Guidi;82928698000174;MUNICIPIO DE JAGUARUNA;4062;Ricardo Guidi;500000.0;;2024OB002855;Caixa Econômica Federal;104;2891-6;2891;575856883-6;575856883
09032024-074713;202443920007-Ismael;82928698000174;MUNICIPIO DE JAGUARUNA;4392;Ismael;500000.0;;2024OB011129;Caixa Econômica Federal;104;2891-6;2891;575856885-2;575856885
09032025-2-086991;202543920009-ISMAEL;82928698000174;MUNICIPIO DE JAGUARUNA;4392;Ismael;198000.0;Aquisição De Equipamento E Material Permanente Para Unidade Básica De Saúde - Aquisição De Equipamento E Material Permanente Para Unidade Básica De Saúde;2025OB008904;Banco do Brasil;001;2202-0;2202;32293-8;32293
09032025-080740;202544010010-JULIA ZANATTA;82928698000174;MUNICIPIO DE JAGUARUNA;4401;Julia Zanatta;287100.0;Objeto Único Não Padronizado – Demais - Aquisição de Motoniveladora a Cargo do Ministério da Agricultura e Pecuária - código UO 22000;2025OB007036;Banco do Brasil;001;2202-0;2202;32065-X;32065
09032025-083879;202540620003-RICARDO GUIDI;82928698000174;MUNICIPIO DE JAGUARUNA;4062;Ricardo Guidi;742500.0;Pavimentação: Adequação De Vias - Pavimentação: Adequação De Vias;2025OB003606;Banco do Brasil;001;2202-0;2202;31979-1;31979
09032025-081151;202543920009-ISMAEL;82928698000174;MUNICIPIO DE JAGUARUNA;4392;Ismael;198000.0;Aquisição De Unidade Móvel De Saúde - Aquisição De Unidade Móvel De Saúde;;Banco do Brasil;001;2202-0;2202;;
09032026-094186;202643920005-ISMAEL;82928698000174;MUNICIPIO DE JAGUARUNA;4392;Ismael;497500.0;Pavimentação Urbana - Ministério das Cidades - Pavimentação Urbana - Ministério das Cidades;2026OB003139;Caixa Econômica Federal;104;2891-6;2891;569925605-5;569925605
09032026-097327;202643390009-DANIELA REINEHR;82928698000174;MUNICIPIO DE JAGUARUNA;4339;Daniela Reinehr;298500.0;Trator - Infraestrutura Produtiva  - Ministério da Integração e do Desenvolvimento Regional - Trator - Infraestrutura Produtiva  - Ministério da Integração e do Desenvolvimento Regional;2026OB002921;Caixa Econômica Federal;104;2891-6;2891;569487341-2;569487341
0903-003482;202028560001-Rogério Peninha Mendonça;83026773000174;MUNICIPIO DE DIONISIO CERQUEIRA;2856;Rogério Peninha Mendonça;200000.0;;2020OB801267;Caixa Econômica Federal;104;2896-7;2896;575856934-4;575856934
09032024-074442;202443390001-Daniela Reinehr;83026773000174;MUNICIPIO DE DIONISIO CERQUEIRA;4339;Daniela Reinehr;100000.0;;2024OB004275;Caixa Econômica Federal;104;2896-7;2896;575856942-5;575856942
09032021-013411;202141850007-Jorginho Mello;83026773000174;MUNICIPIO DE DIONISIO CERQUEIRA;4185;Jorginho Mello;100000.0;;2021OB803324;Caixa Econômica Federal;104;2896-7;2896;575856936-0;575856936
09032022-018210;202228560001-Rogério Peninha Mendonça;83026773000174;MUNICIPIO DE DIONISIO CERQUEIRA;2856;Rogério Peninha Mendonça;250000.0;;2022OB801277;Caixa Econômica Federal;104;2896-7;2896;575856937-9;575856937
09032023-035157;202328560002-Rogério Peninha Mendonça;83026773000174;MUNICIPIO DE DIONISIO CERQUEIRA;2856;Rogério Peninha Mendonça;300000.0;;2023OB808533;Caixa Econômica Federal;104;2896-7;2896;575856938-7;575856938
09032023-037041;202339320001-Caroline de Toni;83026773000174;MUNICIPIO DE DIONISIO CERQUEIRA;3932;Caroline de Toni;500000.0;;2023OB808543;Caixa Econômica Federal;104;2896-7;2896;575856938-7;575856938
09032023-2-041689;202342510010-Ivete da Silveira;83026773000174;MUNICIPIO DE DIONISIO CERQUEIRA;4251;Ivete da Silveira;500000.0;;2023OB815916;Caixa Econômica Federal;104;2896-7;2896;575856938-7;575856938
09032024-069176;202428550022-Pedro Uczai;83026773000174;MUNICIPIO DE DIONISIO CERQUEIRA;2855;Pedro Uczai;500000.0;;2024OB007083;Caixa Econômica Federal;104;2896-7;2896;575856939-5;575856939
09032024-075062;202444480002-Pezenti;83026773000174;MUNICIPIO DE DIONISIO CERQUEIRA;4448;Pezenti;400000.0;;2024OB004933;Caixa Econômica Federal;104;2896-7;2896;575856941-7;575856941
09032025-079196;202544480001-PEZENTI;83026773000174;MUNICIPIO DE DIONISIO CERQUEIRA;4448;Pezenti;495000.0;Construção, Reforma Ou Ampliação De Espaços De Esporte E Lazer - Construção, Reforma Ou Ampliação De Espaços De Esporte E Lazer;2025OB004266;Caixa Econômica Federal;104;2896-7;2896;574600848-2;574600848
09032025-084303;202542730001-JORGE SEIF;83026773000174;MUNICIPIO DE DIONISIO CERQUEIRA;4273;Jorge Seif;396000.0;Pavimentação - Pavimentação;2025OB004920;Caixa Econômica Federal;104;2896-7;2896;574516453-7;574516453
09032026-091773;202644010005-JULIA ZANATTA;83026773000174;MUNICIPIO DE DIONISIO CERQUEIRA;4401;Julia Zanatta;497500.0;Construção, Reforma Ou Ampliação De Infraestrutura Esportiva  - Ministério do Esporte - Construção, Reforma Ou Ampliação De Infraestrutura Esportiva  - Ministério do Esporte;;Caixa Econômica Federal;104;2896-7;2896;569128356-8;569128356
09032026-094085;202644480001-PEZENTI;83026773000174;MUNICIPIO DE DIONISIO CERQUEIRA;4448;Pezenti;497500.0;Pavimentação Urbana - Ministério das Cidades - Pavimentação Urbana - Ministério das Cidades;2026OB005984;Caixa Econômica Federal;104;2896-7;2896;569171461-5;569171461
09032026-094570;202622100012-ESPERIDIÃO AMIN;83026773000174;MUNICIPIO DE DIONISIO CERQUEIRA;2210;Esperidião Amin;398000.0;Promoção e Fomento Cultural - Artes - Ministério da Cultura - Promoção e Fomento Cultural - Artes - Ministério da Cultura;2026OB003971;Caixa Econômica Federal;104;2896-7;2896;569260828-2;569260828
09032021-009949;202125690003-Celso Maldaner;95990180000102;MUNICIPIO DE AGUAS FRIAS;2569;Celso Maldaner;250000.0;;2021OB800430;Banco do Brasil;001;5395-3;5395;11002-7;11002
09032022-017712;202225690003-Celso Maldaner;95990180000102;MUNICIPIO DE AGUAS FRIAS;2569;Celso Maldaner;500000.0;;2023OB800684;Banco do Brasil;001;5395-3;5395;11395-6;11395
09032024-070545;202443250003-Cobalchini;95990180000102;MUNICIPIO DE AGUAS FRIAS;4325;Cobalchini;250000.0;;2024OB004163;Caixa Econômica Federal;104;2894-0;2894;575856923-9;575856923
09032024-068805;202442510012-Ivete da Silveira;95990180000102;MUNICIPIO DE AGUAS FRIAS;4251;Ivete da Silveira;100000.0;;2024OB003584;Caixa Econômica Federal;104;2894-0;2894;575856925-5;575856925
09032024-068688;202442510013-Ivete da Silveira;95990180000102;MUNICIPIO DE AGUAS FRIAS;4251;Ivete da Silveira;100000.0;;2024OB009957;Caixa Econômica Federal;104;2894-0;2894;575856924-7;575856924
09032021-009477;202118800011-Angela Amin;95990180000102;MUNICIPIO DE AGUAS FRIAS;1880;Angela Amin;200000.0;;2021OB800220;Banco do Brasil;001;5395-3;5395;11002-7;11002
09032025-2-085718;202542730002-JORGE SEIF;95990180000102;MUNICIPIO DE AGUAS FRIAS;4273;Jorge Seif;198000.0;Custeio Da Média E Alta Complexidade (Mac) - Custeio Da Média E Alta Complexidade (Mac);2025OB008643;Caixa Econômica Federal;104;2894-0;2894;573269678-0;573269678
09032025-080749;202544010010-JULIA ZANATTA;95990180000102;MUNICIPIO DE AGUAS FRIAS;4401;Julia Zanatta;198000.0;Objeto Único Não Padronizado – Demais - Reforma de Pré-Escola ou Escola a cargo do Ministério da Educação - código UO 26000;2025OB007029;Caixa Econômica Federal;104;2894-0;2894;574024441-9;574024441
09032025-075743;202542730002-JORGE SEIF;95990180000102;MUNICIPIO DE AGUAS FRIAS;4273;Jorge Seif;198000.0;Custeio Da Média E Alta Complexidade (Mac) - Custeio Da Média E Alta Complexidade (Mac);;Caixa Econômica Federal;104;2894-0;2894;;
09032026-096787;202642510003-IVETE DA SILVEIRA;95990180000102;MUNICIPIO DE AGUAS FRIAS;4251;Ivete da Silveira;398000.0;Pavimentação De Estradas Vicinais - Ministério da Integração e do Desenvolvimento Regional - Pavimentação De Estradas Vicinais - Ministério da Integração e do Desenvolvimento Regional;2026OB002412;Caixa Econômica Federal;104;2894-0;2894;569487466-4;569487466
09032021-009952;202125690003-Celso Maldaner;80912009000108;MUNICIPIO DE PARAISO;2569;Celso Maldaner;250000.0;;2021OB803811;Caixa Econômica Federal;104;702-1;702;576002845-2;576002845
09032021-011512;202137860003-Dário Berger;80912009000108;MUNICIPIO DE PARAISO;3786;Dário Berger;100000.0;;2021OB804240;Caixa Econômica Federal;104;702-1;702;576002845-2;576002845
09032022-017717;202225690003-Celso Maldaner;80912009000108;MUNICIPIO DE PARAISO;2569;Celso Maldaner;200000.0;;2023OB800695;Caixa Econômica Federal;104;702-1;702;576002848-7;576002848
09032024-070549;202443250003-Cobalchini;80912009000108;MUNICIPIO DE PARAISO;4325;Cobalchini;150000.0;;2024OB010749;Caixa Econômica Federal;104;702-1;702;576002915-7;576002915
09032024-072844;202439320001-Caroline de Toni;80912009000108;MUNICIPIO DE PARAISO;3932;Caroline de Toni;100000.0;;2024OB008505;Caixa Econômica Federal;104;702-1;702;576002912-2;576002912
09032024-074008;202442730001-Jorge Seif;80912009000108;MUNICIPIO DE PARAISO;4273;Jorge Seif;100000.0;;2024OB003777;Caixa Econômica Federal;104;702-1;702;576002914-9;576002914
09032024-074472;202443390001-Daniela Reinehr;80912009000108;MUNICIPIO DE PARAISO;4339;Daniela Reinehr;100000.0;;2024OB004264;Caixa Econômica Federal;104;702-1;702;576002916-5;576002916
0903-004013;202025690009-Celso Maldaner;01594009000130;MUNICIPIO DE BOM JESUS DO OESTE;2569;Celso Maldaner;300000.0;;2020OB801774;Caixa Econômica Federal;104;1077-4;1077;6672031-7;6672031
09032021-010411;202128550001-Pedro Uczai;01594009000130;MUNICIPIO DE BOM JESUS DO OESTE;2855;Pedro Uczai;150000.0;;2021OB802111;Caixa Econômica Federal;104;1077-4;1077;575861824-8;575861824
09032022-017699;202225690003-Celso Maldaner;01594009000130;MUNICIPIO DE BOM JESUS DO OESTE;2569;Celso Maldaner;300000.0;;2023OB800697;Caixa Econômica Federal;104;1077-4;1077;575861825-6;575861825
09032023-033050;202328550022-Pedro Uczai;01594009000130;MUNICIPIO DE BOM JESUS DO OESTE;2855;Pedro Uczai;200000.0;;2023OB807214, 2023OB809634;Caixa Econômica Federal;104;1077-4;1077;575861828-0;575861828
09032023-034749;202325690023-Celso Maldaner;01594009000130;MUNICIPIO DE BOM JESUS DO OESTE;2569;Celso Maldaner;407302.0;;2023OB812172;Caixa Econômica Federal;104;1077-4;1077;575861828-0;575861828
09032023-038983;202342510010-Ivete da Silveira;01594009000130;MUNICIPIO DE BOM JESUS DO OESTE;4251;Ivete da Silveira;100000.0;;2023OB807217;Caixa Econômica Federal;104;1077-4;1077;575861828-0;575861828
09032024-073933;202442730001-Jorge Seif;01594009000130;MUNICIPIO DE BOM JESUS DO OESTE;4273;Jorge Seif;100000.0;;2024OB010213;Caixa Econômica Federal;104;1077-4;1077;575861832-9;575861832
09032025-081148;202543920009-ISMAEL;01594009000130;MUNICIPIO DE BOM JESUS DO OESTE;4392;Ismael;198000.0;Aquisição De Máquinas, Implementos E Equipamentos Agrícolas Adaptados À Agricultura Familiar E Tecnologias Sociais - Aquisição De Máquinas, Implementos E Equipamentos Agrícolas Adaptados À Agricultura Familiar E Tecnologias Sociais.;;Banco do Brasil;001;5384-8;5384;;
09032025-075718;202542730002-JORGE SEIF;01594009000130;MUNICIPIO DE BOM JESUS DO OESTE;4273;Jorge Seif;198000.0;Custeio Ao Piso Da Atenção Primária - Custeio Ao Piso Da Atenção Primária;2025OB003888;Banco do Brasil;001;5384-8;5384;11311-5;11311
09032025-2-086988;202543920009-ISMAEL;01594009000130;MUNICIPIO DE BOM JESUS DO OESTE;4392;Ismael;198000.0;Aquisição De Máquinas, Implementos E Equipamentos Agrícolas Adaptados À Agricultura Familiar E Tecnologias Sociais - Aquisição De Máquinas, Implementos E Equipamentos Agrícolas Adaptados À Agricultura Familiar E Tecnologias Sociais.;2025OB009579;Banco do Brasil;001;5384-8;5384;11380-8;11380
09032026-094175;202643920005-ISMAEL;01594009000130;MUNICIPIO DE BOM JESUS DO OESTE;4392;Ismael;199000.0;Aquisição de Máquinas e Equipamentos (GND 4) - Ministério da Agricultura e Pecuária - Aquisição de Máquinas e Equipamentos (GND 4) - Ministério da Agricultura e Pecuária;;Banco do Brasil;001;5384-8;5384;11520-7;11520
09032021-013425;202141850007-Jorginho Mello;80911936000103;MUNICIPIO DE SAO JOAO DO OESTE;4185;Jorginho Mello;200000.0;;2021OB801841;Banco do Brasil;001;1929-1;1929;5761-4;5761
09032022-014137;202232350003-Geovania De Sá;80911936000103;MUNICIPIO DE SAO JOAO DO OESTE;3235;Geovania De Sá;200000.0;;2022OB801777, 2023OB801648;Banco do Brasil;001;1929-1;1929;5871-8;5871
09032023-039019;202342510010-Ivete da Silveira;80911936000103;MUNICIPIO DE SAO JOAO DO OESTE;4251;Ivete da Silveira;500000.0;;2023OB814987;Caixa Econômica Federal;104;3869-5;3869;575995038-6;575995038
09032024-074473;202443390001-Daniela Reinehr;80911936000103;MUNICIPIO DE SAO JOAO DO OESTE;4339;Daniela Reinehr;500000.0;;2024OB010903;Caixa Econômica Federal;104;3869-5;3869;575995039-4;575995039
09032026-094203;202643920005-ISMAEL;80911936000103;MUNICIPIO DE SAO JOAO DO OESTE;4392;Ismael;199000.0;Aquisição De Unidade Móvel De Saúde - Ministério da Saúde - Aquisição De Unidade Móvel De Saúde - Ministério da Saúde;;Caixa Econômica Federal;104;3869-5;3869;;
09032026-091786;202644010005-JULIA ZANATTA;80911936000103;MUNICIPIO DE SAO JOAO DO OESTE;4401;Julia Zanatta;553220.0;Pavimentação De Estradas Vicinais - Ministério da Integração e do Desenvolvimento Regional - Pavimentação De Estradas Vicinais - Ministério da Integração e do Desenvolvimento Regional;2026OB005860;Caixa Econômica Federal;104;3869-5;3869;569171444-5;569171444
09032023-037063;202339320001-Caroline de Toni;95993085000162;MUNICIPIO DE PASSOS MAIA;3932;Caroline de Toni;150000.0;;2023OB810543;Banco do Brasil;001;2479-1;2479;18372-5;18372
09032022-017716;202225690003-Celso Maldaner;95993085000162;MUNICIPIO DE PASSOS MAIA;2569;Celso Maldaner;500000.0;;2022OB800890;Banco do Brasil;001;2479-1;2479;17345-2;17345
09032021-009951;202125690003-Celso Maldaner;95993085000162;MUNICIPIO DE PASSOS MAIA;2569;Celso Maldaner;400000.0;;2021OB800149;Banco do Brasil;001;1986-0;1986;6175-1;6175
09032024-072843;202439320001-Caroline de Toni;95993085000162;MUNICIPIO DE PASSOS MAIA;3932;Caroline de Toni;150000.0;;2024OB008510;Banco do Brasil;001;2479-1;2479;18968-5;18968
09032024-070548;202443250003-Cobalchini;95993085000162;MUNICIPIO DE PASSOS MAIA;4325;Cobalchini;250000.0;;2024OB010743;Banco do Brasil;001;2479-1;2479;18969-3;18969
09032021-010424;202128550001-Pedro Uczai;95993028000183;MUNICIPIO DE IPUACU;2855;Pedro Uczai;250000.0;;2021OB800641;Caixa Econômica Federal;104;701-3;701;575864061-8;575864061
09032022-015112;202229250013-Carmen Zanotto;95993028000183;MUNICIPIO DE IPUACU;2925;Carmen Zanotto;100000.0;;2022OB801453;Banco do Brasil;001;1927-5;1927;7365-2;7365
09032022-017715;202225690003-Celso Maldaner;95993028000183;MUNICIPIO DE IPUACU;2569;Celso Maldaner;200000.0;;2023OB800685;Caixa Econômica Federal;104;701-3;701;575864063-4;575864063
09032023-033077;202328550022-Pedro Uczai;95993028000183;MUNICIPIO DE IPUACU;2855;Pedro Uczai;300000.0;;2023OB806393;Caixa Econômica Federal;104;701-3;701;575864065-0;575864065
09032023-034414;202322100001-Esperidião Amin;95993028000183;MUNICIPIO DE IPUACU;2210;Esperidião Amin;100000.0;;2023OB808318;Caixa Econômica Federal;104;701-3;701;575864065-0;575864065
09032024-074471;202443390001-Daniela Reinehr;95993028000183;MUNICIPIO DE IPUACU;4339;Daniela Reinehr;150000.0;;2024OB010891;Caixa Econômica Federal;104;701-3;701;575864071-5;575864071
09032024-069087;202422100016-Esperidião Amin;95993028000183;MUNICIPIO DE IPUACU;2210;Esperidião Amin;475000.0;;2024OB005614;Caixa Econômica Federal;104;701-3;701;575864069-3;575864069
09032024-068689;202442510013-Ivete da Silveira;95993028000183;MUNICIPIO DE IPUACU;4251;Ivete da Silveira;100000.0;;2024OB010004;Caixa Econômica Federal;104;701-3;701;575864067-7;575864067
09032024-070547;202443250003-Cobalchini;95993028000183;MUNICIPIO DE IPUACU;4325;Cobalchini;200000.0;;2024OB004175;Caixa Econômica Federal;104;701-3;701;575864068-5;575864068
09032024-068806;202442510012-Ivete da Silveira;95993028000183;MUNICIPIO DE IPUACU;4251;Ivete da Silveira;100000.0;;2024OB003622;Caixa Econômica Federal;104;701-3;701;575864066-9;575864066
09032026-097248;202643250001-COBALCHINI;95993028000183;MUNICIPIO DE IPUACU;4325;Cobalchini;497500.0;Aquisição de Máquinas e Equipamentos (GND 4) - Ministério da Agricultura e Pecuária - Aquisição de Máquinas e Equipamentos (GND 4) - Ministério da Agricultura e Pecuária;;Caixa Econômica Federal;104;701-3;701;568891857-4;568891857
09032024-069113;202422100016-Esperidião Amin;83102343000194;BRUSQUE;2210;Esperidião Amin;300000.0;;2024OB005624;Caixa Econômica Federal;104;412-0;412;575864691-8;575864691
09032024-074503;202443390001-Daniela Reinehr;83102343000194;BRUSQUE;4339;Daniela Reinehr;500000.0;;2024OB010873;Caixa Econômica Federal;104;412-0;412;575864692-6;575864692
09032024-068845;202442510012-Ivete da Silveira;83102343000194;BRUSQUE;4251;Ivete da Silveira;50000.0;;2024OB003593;Caixa Econômica Federal;104;412-0;412;575864695-0;575864695
09032024-073903;202442090002-Jorge Goetten;83102343000194;BRUSQUE;4209;Jorge Goetten;300000.0;;2024OB009950;Caixa Econômica Federal;104;412-0;412;575864694-2;575864694
09032024-068728;202442510013-Ivete da Silveira;83102343000194;BRUSQUE;4251;Ivete da Silveira;50000.0;;2024OB010001;Caixa Econômica Federal;104;412-0;412;575864696-9;575864696
09032024-068033;202444010006-Julia Zanatta;83102343000194;BRUSQUE;4401;Julia Zanatta;150000.0;;2024OB011575;Caixa Econômica Federal;104;412-0;412;575864693-4;575864693
09032025-081175;202543920009-ISMAEL;83102343000194;BRUSQUE;4392;Ismael;396000.0;Pavimentação: Adequação De Vias - Pavimentação: Adequação De Vias;2025OB002374;Caixa Econômica Federal;104;412-0;412;574668539-5;574668539
09032025-084345;202542730001-JORGE SEIF;83102343000194;BRUSQUE;4273;Jorge Seif;495000.0;Obra - Obra - Galpões (Máquinas) - Infraestrutura Produtiva;2025OB001996;Caixa Econômica Federal;104;412-0;412;574793549-2;574793549
09032026-094611;202622100012-ESPERIDIÃO AMIN;83102343000194;BRUSQUE;2210;Esperidião Amin;398000.0;Áreas De Lazer E Estruturas Para Atividades Físicas Em Espaços Públicos - Parques E Praças - Ministério das Cidades - Áreas De Lazer E Estruturas Para Atividades Físicas Em Espaços Públicos - Parques E Praças - Ministério das Cidades;2026OB000215;Caixa Econômica Federal;104;412-0;412;569563235-4;569563235
09032026-094612;202622100012-ESPERIDIÃO AMIN;83102343000194;BRUSQUE;2210;Esperidião Amin;298500.0;Objeto Único Não Padronizado – Demais - apoio a projeto de educação integral;;Caixa Econômica Federal;104;412-0;412;;
09032023-032879;202329250001-Carmen Zanotto;82928656000133;TUBARÃO;2925;Carmen Zanotto;109362.0;;2023OB812601;Caixa Econômica Federal;104;425-1;425;575864828-7;575864828
09032023-036562;202337860004-Dário Berger;82928656000133;TUBARÃO;3786;Dário Berger;4800000.0;;2023OB808770;Caixa Econômica Federal;104;425-1;425;575864828-7;575864828
09032024-067066;202429250006-Carmen Zanotto;82928656000133;TUBARÃO;2925;Carmen Zanotto;200000.0;;2024OB007345;Caixa Econômica Federal;104;425-1;425;575864832-5;575864832
09032024-069112;202422100016-Esperidião Amin;82928656000133;TUBARÃO;2210;Esperidião Amin;468425.0;;2024OB006411;Caixa Econômica Federal;104;425-1;425;575864831-7;575864831
09032024-072877;202439320001-Caroline de Toni;82928656000133;TUBARÃO;3932;Caroline de Toni;200000.0;;2024OB008492;Caixa Econômica Federal;104;425-1;425;575864833-3;575864833
09032024-074734;202443920007-Ismael;82928656000133;TUBARÃO;4392;Ismael;650000.0;;2024OB004549;Caixa Econômica Federal;104;425-1;425;575864834-1;575864834
09032025-083298;202539490006-DANIEL FREITAS;82928656000133;TUBARÃO;3949;Daniel Freitas;476175.15;Aquisição De Veiculos - Aquisição De Veiculos;2025OB006056;Caixa Econômica Federal;104;425-1;425;574380051-7;574380051
09032025-084344;202542730001-JORGE SEIF;82928656000133;TUBARÃO;4273;Jorge Seif;495000.0;Reforma De Unidade Básica De Saúde - Reforma De Unidade Básica De Saúde;;Caixa Econômica Federal;104;425-1;425;;
09032026-091806;202644010005-JULIA ZANATTA;82928656000133;TUBARÃO;4401;Julia Zanatta;248750.0;Aquisição De Material De Consumo - Ministério do Desenvolvimento e Assistência Social, Família e Combate à Fome - Aquisição De Material De Consumo - Ministério do Desenvolvimento e Assistência Social, Família e Combate à Fome;;Caixa Econômica Federal;104;425-1;425;569171455-0;569171455
09032025-2-088292;202542730001-JORGE SEIF;82928656000133;TUBARÃO;4273;Jorge Seif;495000.0;Aquisição De Equipamento E Material Permanente Para Unidade Básica De Saúde - Aquisição De Equipamento E Material Permanente Para Unidade Básica De Saúde;2025OB009961;Caixa Econômica Federal;104;425-1;425;573063074-0;573063074
0903-003860;202022100018-Esperidião Amin;83026781000110;MUNICIPIO DE SAO JOSE DO CEDRO;2210;Esperidião Amin;150000.0;;2020OB801105;Caixa Econômica Federal;104;1885-6;1885;575858607-9;575858607
09032023-037053;202339320001-Caroline de Toni;83026781000110;MUNICIPIO DE SAO JOSE DO CEDRO;3932;Caroline de Toni;250000.0;;2023OB813625;Caixa Econômica Federal;104;1885-6;1885;575858611-7;575858611
09032024-066086;202442730002-Jorge Seif;83026781000110;MUNICIPIO DE SAO JOSE DO CEDRO;4273;Jorge Seif;100000.0;;2024OB010268;Caixa Econômica Federal;104;1885-6;1885;575858613-3;575858613
09032024-070538;202443250003-Cobalchini;83026781000110;MUNICIPIO DE SAO JOSE DO CEDRO;4325;Cobalchini;750000.0;;2024OB010771;Caixa Econômica Federal;104;1885-6;1885;575858615-0;575858615
09032024-072768;202439290001-Carlos Chiodini;83026781000110;MUNICIPIO DE SAO JOSE DO CEDRO;3929;Carlos Chiodini;250000.0;;2024OB008447;Caixa Econômica Federal;104;1885-6;1885;575858616-8;575858616
09032024-072831;202439320001-Caroline de Toni;83026781000110;MUNICIPIO DE SAO JOSE DO CEDRO;3932;Caroline de Toni;200000.0;;2024OB008486;Caixa Econômica Federal;104;1885-6;1885;575858617-6;575858617
09032024-074457;202443390001-Daniela Reinehr;83026781000110;MUNICIPIO DE SAO JOSE DO CEDRO;4339;Daniela Reinehr;250000.0;;2024OB010905;Caixa Econômica Federal;104;1885-6;1885;575858618-4;575858618
09032024-075077;202444480002-Pezenti;83026781000110;MUNICIPIO DE SAO JOSE DO CEDRO;4448;Pezenti;200000.0;;2024OB012025;Caixa Econômica Federal;104;1885-6;1885;575858614-1;575858614
09032025-081557;202528550023-PEDRO UCZAI;83026781000110;MUNICIPIO DE SAO JOSE DO CEDRO;2855;Pedro Uczai;396000.0;Pavimentação - Pavimentação;2025OB000548;Caixa Econômica Federal;104;1885-6;1885;574793547-6;574793547
09032025-081788;202522100013-ESPERIDIÃO AMIN;83026781000110;MUNICIPIO DE SAO JOSE DO CEDRO;2210;Esperidião Amin;396000.0;Construção, Reforma Ou Ampliação De Espaços De Esporte E Lazer - Construção, Reforma Ou Ampliação De Espaços De Esporte E Lazer;2025OB002903;Caixa Econômica Federal;104;1885-6;1885;574600849-0;574600849
09032025-083401;202539800001-FABIO SCHIOCHET;83026781000110;MUNICIPIO DE SAO JOSE DO CEDRO;3980;Fabio Schiochet;396000.0;Pavimentação - Pavimentação;2025OB001288;Caixa Econômica Federal;104;1885-6;1885;574776051-0;574776051
09032026-093911;202642090003-JORGE GOETTEN;83026781000110;MUNICIPIO DE SAO JOSE DO CEDRO;4209;Jorge Goetten;398000.0;Construção, Reforma Ou Ampliação De Infraestrutura Esportiva  - Ministério do Esporte - Construção, Reforma Ou Ampliação De Infraestrutura Esportiva  - Ministério do Esporte;;Caixa Econômica Federal;104;1885-6;1885;569260829-0;569260829
09032026-094582;202622100012-ESPERIDIÃO AMIN;83026781000110;MUNICIPIO DE SAO JOSE DO CEDRO;2210;Esperidião Amin;398000.0;Aquisição de Máquinas e Equipamentos (GND 4) - Ministério da Agricultura e Pecuária - Aquisição de Máquinas e Equipamentos (GND 4) - Ministério da Agricultura e Pecuária;;Caixa Econômica Federal;104;1885-6;1885;569002288-4;569002288
09032026-095797;202639320001-CAROLINE DE TONI;83026781000110;MUNICIPIO DE SAO JOSE DO CEDRO;3932;Caroline de Toni;442775.0;Pavimentação Urbana - Ministério das Cidades - Pavimentação Urbana - Ministério das Cidades;2026OB001469;Caixa Econômica Federal;104;1885-6;1885;569372396-4;569372396
09032026-095946;202639800001-FABIO SCHIOCHET;83026781000110;MUNICIPIO DE SAO JOSE DO CEDRO;3980;Fabio Schiochet;995000.0;Pavimentação De Estradas Vicinais - Ministério da Integração e do Desenvolvimento Regional - Pavimentação De Estradas Vicinais - Ministério da Integração e do Desenvolvimento Regional;;Caixa Econômica Federal;104;1885-6;1885;569260831-2;569260831
09032026-097335;202643390009-DANIELA REINEHR;83026781000110;MUNICIPIO DE SAO JOSE DO CEDRO;4339;Daniela Reinehr;497500.0;Pavimentação Urbana - Ministério das Cidades - Pavimentação Urbana - Ministério das Cidades;2026OB002923;Caixa Econômica Federal;104;1885-6;1885;569563233-8;569563233
09032021-011527;202137860003-Dário Berger;83074294000123;MUNICIPIO DE RIO DAS ANTAS;3786;Dário Berger;350000.0;;2021OB803536, 2021OB804247;Caixa Econômica Federal;104;572-0;572;576001412-5;576001412
09032022-016140;202237860003-Dário Berger;83074294000123;MUNICIPIO DE RIO DAS ANTAS;3786;Dário Berger;250000.0;;2022OB802256, 2023OB802145;Banco do Brasil;001;5219-1;5219;8048-9;8048
09032022-020246;202239800001-Fabio Schiochet;83074294000123;MUNICIPIO DE RIO DAS ANTAS;3980;Fabio Schiochet;370000.0;;2023OB802994;Banco do Brasil;001;5219-1;5219;8048-9;8048
09032024-068021;202444010006-Julia Zanatta;83074294000123;MUNICIPIO DE RIO DAS ANTAS;4401;Julia Zanatta;200000.0;;2024OB011597;Caixa Econômica Federal;104;572-0;572;576001432-0;576001432
09032024-070557;202443250003-Cobalchini;83074294000123;MUNICIPIO DE RIO DAS ANTAS;4325;Cobalchini;400000.0;;2024OB010787;Caixa Econômica Federal;104;572-0;572;576001427-3;576001427
09032024-074026;202442730001-Jorge Seif;83074294000123;MUNICIPIO DE RIO DAS ANTAS;4273;Jorge Seif;100000.0;;2024OB010253;Caixa Econômica Federal;104;572-0;572;576001421-4;576001421
09032024-072857;202439320001-Caroline de Toni;83074294000123;MUNICIPIO DE RIO DAS ANTAS;3932;Caroline de Toni;120000.0;;2024OB008478;Caixa Econômica Federal;104;572-0;572;576001413-3;576001413
09032025-081805;202522100013-ESPERIDIÃO AMIN;83074294000123;MUNICIPIO DE RIO DAS ANTAS;2210;Esperidião Amin;396000.0;Pavimentação: Adequação De Vias - Pavimentação: Adequação De Vias;2025OB000251;Caixa Econômica Federal;104;572-0;572;574776052-8;574776052
09032025-084749;202543390010-DANIELA REINEHR;83074294000123;MUNICIPIO DE RIO DAS ANTAS;4339;Daniela Reinehr;495000.0;Aquisição De Máquinas, Implementos E Equipamentos Agrícolas Adaptados À Agricultura Familiar E Tecnologias Sociais - Aquisição De Máquinas, Implementos E Equipamentos Agrícolas Adaptados À Agricultura Familiar E Tecnologias Sociais.;2025OB004046;Banco do Brasil;001;375-1;375;73516-7;73516
09032026-094601;202622100012-ESPERIDIÃO AMIN;83074294000123;MUNICIPIO DE RIO DAS ANTAS;2210;Esperidião Amin;398000.0;Objeto Único Não Padronizado – Demais - Construção de Passarela para pedestre;2026OB000194;Banco do Brasil;001;5219-1;5219;9776-4;9776
09032026-091792;202644010005-JULIA ZANATTA;83074294000123;MUNICIPIO DE RIO DAS ANTAS;4401;Julia Zanatta;298500.0;Objeto Único Não Padronizado – Demais - Reforma de Escola - Fundo Nacional de Desenvolvimento da Educação;;Banco do Brasil;001;5219-1;5219;9786-1;9786
0903-004110;202032350006-Geovania De Sá;81531162000158;MUNICIPIO DE FORQUILHINHA;3235;Geovania De Sá;300000.0;;2020OB801111;Banco do Brasil;001;3672-2;3672;34820-1;34820
0903-004762;202022100018-Esperidião Amin;81531162000158;MUNICIPIO DE FORQUILHINHA;2210;Esperidião Amin;150000.0;;2020OB801108;Banco do Brasil;001;3672-2;3672;34820-1;34820
09032021-010628;202129250018-Carmen Zanotto;81531162000158;MUNICIPIO DE FORQUILHINHA;2925;Carmen Zanotto;200000.0;;2021OB800764;Banco do Brasil;001;3672-2;3672;36538-6;36538
09032021-012422;202140150011-Hélio Costa;81531162000158;MUNICIPIO DE FORQUILHINHA;4015;Hélio Costa;100000.0;;2021OB801750;Banco do Brasil;001;3672-2;3672;36538-6;36538
09032021-012111;202139530003-Darci de Matos;81531162000158;MUNICIPIO DE FORQUILHINHA;3953;Darci de Matos;300000.0;;2021OB801319;Banco do Brasil;001;3672-2;3672;36538-6;36538
09032022-016323;202239530001-Darci de Matos;81531162000158;MUNICIPIO DE FORQUILHINHA;3953;Darci de Matos;500000.0;;2022OB802718;Caixa Econômica Federal;104;3415-0;3415;575856457-1;575856457
09032022-020512;202240150005-Hélio Costa;81531162000158;MUNICIPIO DE FORQUILHINHA;4015;Hélio Costa;600000.0;;2022OB802983, 2023OB803177;Caixa Econômica Federal;104;3415-0;3415;575856457-1;575856457
09032022-021028;202240620006-Ricardo Guidi;81531162000158;MUNICIPIO DE FORQUILHINHA;4062;Ricardo Guidi;1600000.0;;2022OB803369;Caixa Econômica Federal;104;3415-0;3415;575856457-1;575856457
09032023-031233;202332350003-Geovania De Sá;81531162000158;MUNICIPIO DE FORQUILHINHA;3235;Geovania De Sá;1000000.0;;2023OB805593;Caixa Econômica Federal;104;3415-0;3415;575856458-0;575856458
09032023-032854;202329250001-Carmen Zanotto;81531162000158;MUNICIPIO DE FORQUILHINHA;2925;Carmen Zanotto;92289.0;;2023OB812602;Caixa Econômica Federal;104;3415-0;3415;575856458-0;575856458
09032023-037197;202339490001-Daniel Freitas;81531162000158;MUNICIPIO DE FORQUILHINHA;3949;Daniel Freitas;1000000.0;;2023OB810598;Caixa Econômica Federal;104;3415-0;3415;575856458-0;575856458
09032023-037417;202339800001-Fabio Schiochet;81531162000158;MUNICIPIO DE FORQUILHINHA;3980;Fabio Schiochet;5000000.0;;2023OB805599;Caixa Econômica Federal;104;3415-0;3415;575856458-0;575856458
09032023-038037;202340620003-Ricardo Guidi;81531162000158;MUNICIPIO DE FORQUILHINHA;4062;Ricardo Guidi;2000000.0;;2023OB811033;Caixa Econômica Federal;104;3415-0;3415;575856458-0;575856458
09032024-069063;202422100016-Esperidião Amin;81531162000158;MUNICIPIO DE FORQUILHINHA;2210;Esperidião Amin;300000.0;;2024OB006403;Caixa Econômica Federal;104;3415-0;3415;575856463-6;575856463
09032024-069380;202439800001-Fabio Schiochet;81531162000158;MUNICIPIO DE FORQUILHINHA;3980;Fabio Schiochet;9750000.0;;2024OB002495;Caixa Econômica Federal;104;3415-0;3415;575856459-8;575856459
09032024-073502;202440620002-Ricardo Guidi;81531162000158;MUNICIPIO DE FORQUILHINHA;4062;Ricardo Guidi;3000000.0;;2024OB002857;Caixa Econômica Federal;104;3415-0;3415;575856464-4;575856464
09032024-073849;202442090002-Jorge Goetten;81531162000158;MUNICIPIO DE FORQUILHINHA;4209;Jorge Goetten;250000.0;;2024OB003488;Caixa Econômica Federal;104;3415-0;3415;575856462-8;575856462
09032024-073936;202442730001-Jorge Seif;81531162000158;MUNICIPIO DE FORQUILHINHA;4273;Jorge Seif;100000.0;;2024OB010263;Caixa Econômica Federal;104;3415-0;3415;575856461-0;575856461
09032025-083287;202539490006-DANIEL FREITAS;81531162000158;MUNICIPIO DE FORQUILHINHA;3949;Daniel Freitas;495000.0;Pavimentação De Estradas Vicinais - Pavimentação De Estradas Vicinais;2025OB001221;Caixa Econômica Federal;104;3415-0;3415;574727248-5;574727248
09032025-083869;202540620003-RICARDO GUIDI;81531162000158;MUNICIPIO DE FORQUILHINHA;4062;Ricardo Guidi;495000.0;Pavimentação De Estradas Vicinais - Pavimentação De Estradas Vicinais;2025OB001504;Caixa Econômica Federal;104;3415-0;3415;574727247-7;574727247
09032025-083390;202539800001-FABIO SCHIOCHET;81531162000158;MUNICIPIO DE FORQUILHINHA;3980;Fabio Schiochet;4950000.0;Pavimentação - Pavimentação;2025OB001277;Caixa Econômica Federal;104;3415-0;3415;574776043-9;574776043
09032026-089767;202639490005-DANIEL FREITAS;81531162000158;MUNICIPIO DE FORQUILHINHA;3949;Daniel Freitas;1990000.0;Pavimentação Urbana - Ministério das Cidades - Pavimentação Urbana - Ministério das Cidades;2026OB001504;Caixa Econômica Federal;104;3415-0;3415;569836096-7;569836096
09032026-089594;202632350004-GEOVANIA DE SÁ;81531162000158;MUNICIPIO DE FORQUILHINHA;3235;Geovania De Sá;1990000.0;Pavimentação Urbana - Ministério das Cidades - Pavimentação Urbana - Ministério das Cidades;2026OB000939;Caixa Econômica Federal;104;3415-0;3415;569794477-9;569794477
09032026-094289;202628550010-PEDRO UCZAI;81531162000158;MUNICIPIO DE FORQUILHINHA;2855;Pedro Uczai;398000.0;Pavimentação Urbana - Ministério das Cidades - Pavimentação Urbana - Ministério das Cidades;2026OB000621;Caixa Econômica Federal;104;3415-0;3415;569734345-7;569734345
09032026-094562;202622100012-ESPERIDIÃO AMIN;81531162000158;MUNICIPIO DE FORQUILHINHA;2210;Esperidião Amin;398000.0;Construção de Pré-Escola (Capital) - Fundo Nacional de Desenvolvimento da Educação - Construção de Pré-Escola (Capital) - Fundo Nacional de Desenvolvimento da Educação;;Caixa Econômica Federal;104;3415-0;3415;569372381-6;569372381
09032025-081553;202528550023-PEDRO UCZAI;81531162000158;MUNICIPIO DE FORQUILHINHA;2855;Pedro Uczai;198000.0;Objeto Único Não Padronizado – Demais - UO 49000 MDA - Ação 210X - Apoio ao Desenvolvimento Territorial Sustentável - Aquisição de máquinas e equipamentos agrícolas;;;;;;;
09032026-089766;202639490005-DANIEL FREITAS;81531162000158;MUNICIPIO DE FORQUILHINHA;3949;Daniel Freitas;398000.0;Objeto Único Não Padronizado – Demais - apoio a projetos esportivo;;;;;;;
09032022-021521;202241290001-Rodrigo Coelho;83102228000110;MUNICIPIO DE ARAQUARI;4129;Rodrigo Coelho;400000.0;;2023OB804600;Caixa Econômica Federal;104;4728-7;4728;575854747-2;575854747
09032022-020248;202239800001-Fabio Schiochet;83102228000110;MUNICIPIO DE ARAQUARI;3980;Fabio Schiochet;150000.0;;2022OB802836;Caixa Econômica Federal;104;4728-7;4728;575854747-2;575854747
09032023-038434;202341290008-Rodrigo Coelho;83102228000110;MUNICIPIO DE ARAQUARI;4129;Rodrigo Coelho;1629209.0;;2023OB814564;Caixa Econômica Federal;104;4728-7;4728;575854748-0;575854748
09032024-069395;202439800001-Fabio Schiochet;83102228000110;MUNICIPIO DE ARAQUARI;3980;Fabio Schiochet;185792.0;;2024OB008734;Caixa Econômica Federal;104;4728-7;4728;575854749-9;575854749
09032024-074038;202442730001-Jorge Seif;83102228000110;MUNICIPIO DE ARAQUARI;4273;Jorge Seif;100000.0;;2024OB010260;Caixa Econômica Federal;104;4728-7;4728;575854751-0;575854751
09032026-089636;202632350004-GEOVANIA DE SÁ;83102228000110;MUNICIPIO DE ARAQUARI;3235;Geovania De Sá;348250.0;Aquisição De Viatura Para Guarda Civil Municipal - Ministério da Justiça e Segurança Pública - Aquisição De Viatura Para Guarda Civil Municipal - Ministério da Justiça e Segurança Pública;2026OB000954;Caixa Econômica Federal;104;4728-7;4728;569487352-8;569487352
09032026-096797;202642510003-IVETE DA SILVEIRA;83102228000110;MUNICIPIO DE ARAQUARI;4251;Ivete da Silveira;398000.0;Áreas De Lazer E Estruturas Para Atividades Físicas Em Espaços Públicos - Parques E Praças - Ministério das Cidades - Áreas De Lazer E Estruturas Para Atividades Físicas Em Espaços Públicos - Parques E Praças - Ministério das Cidades;2026OB002414;Caixa Econômica Federal;104;4728-7;4728;569650866-5;569650866
09032026-094213;202643920005-ISMAEL;83102228000110;MUNICIPIO DE ARAQUARI;4392;Ismael;298500.0;Aquisição de Máquinas e Equipamentos (GND 4) - Ministério da Agricultura e Pecuária - Aquisição de Máquinas e Equipamentos (GND 4) - Ministério da Agricultura e Pecuária;;Caixa Econômica Federal;104;4728-7;4728;569002291-4;569002291
0903-003540;202039800001-Fabio Schiochet;01612888000186;MUNICIPIO DE BELA VISTA DO TOLDO;3980;Fabio Schiochet;500000.0;;2020OB800233;Banco do Brasil;001;343-3;343;37371-0;37371
0903-004168;202041850004-Jorginho Mello;01612888000186;MUNICIPIO DE BELA VISTA DO TOLDO;4185;Jorginho Mello;300000.0;;2020OB801678;Banco do Brasil;001;343-3;343;37371-0;37371
09032021-012110;202139530003-Darci de Matos;01612888000186;MUNICIPIO DE BELA VISTA DO TOLDO;3953;Darci de Matos;500000.0;;2021OB802289;Caixa Econômica Federal;104;413-8;413;575864702-7;575864702
09032022-015093;202229250013-Carmen Zanotto;01612888000186;MUNICIPIO DE BELA VISTA DO TOLDO;2925;Carmen Zanotto;100000.0;;2023OB801299;Caixa Econômica Federal;104;413-8;413;575864704-3;575864704
09032024-073932;202442730001-Jorge Seif;01612888000186;MUNICIPIO DE BELA VISTA DO TOLDO;4273;Jorge Seif;100000.0;;2024OB010205;Caixa Econômica Federal;104;413-8;413;575864707-8;575864707
09032025-083174;202539290001-CARLOS CHIODINI;01612888000186;MUNICIPIO DE BELA VISTA DO TOLDO;3929;Carlos Chiodini;990000.0;Pavimentação De Estradas Vicinais - Pavimentação De Estradas Vicinais;2025OB001163;Caixa Econômica Federal;104;413-8;413;574846976-2;574846976
09032026-094079;202644480001-PEZENTI;01612888000186;MUNICIPIO DE BELA VISTA DO TOLDO;4448;Pezenti;298500.0;Aquisição De Unidade Móvel De Saúde - Ministério da Saúde - Aquisição De Unidade Móvel De Saúde - Ministério da Saúde;;Caixa Econômica Federal;104;413-8;413;569260505-4;569260505
09032026-095729;202639290001-CARLOS CHIODINI;01612888000186;MUNICIPIO DE BELA VISTA DO TOLDO;3929;Carlos Chiodini;497500.0;Pavimentação Urbana - Ministério das Cidades - Pavimentação Urbana - Ministério das Cidades;;Caixa Econômica Federal;104;413-8;413;569299982-6;569299982
09032026-096779;202642510003-IVETE DA SILVEIRA;01612888000186;MUNICIPIO DE BELA VISTA DO TOLDO;4251;Ivete da Silveira;398000.0;Objeto Único Não Padronizado – Obras e Serviços de Engenharia - Ministério das Cidades - Obras de infraestrutura no município;2026OB002420;Caixa Econômica Federal;104;413-8;413;569610195-6;569610195
09032023-038432;202341290006-Rodrigo Coelho;83102483000162;MUNICIPIO DE MASSARANDUBA;4129;Rodrigo Coelho;1629209.0;;2023OB814563;Caixa Econômica Federal;104;1499-0;1499;575860002-0;575860002
09032022-014147;202232350003-Geovania De Sá;83102483000162;MUNICIPIO DE MASSARANDUBA;3235;Geovania De Sá;100000.0;;2023OB801652;Caixa Econômica Federal;104;1499-0;1499;575860001-2;575860001
09032022-021860;202241850010-Jorginho Mello;83102483000162;MUNICIPIO DE MASSARANDUBA;4185;Jorginho Mello;250000.0;;2022OB804119;Caixa Econômica Federal;104;1499-0;1499;575860001-2;575860001
09032023-037080;202339320001-Caroline de Toni;83102483000162;MUNICIPIO DE MASSARANDUBA;3932;Caroline de Toni;200000.0;;2023OB813614;Caixa Econômica Federal;104;1499-0;1499;575860002-0;575860002
09032024-067063;202429250006-Carmen Zanotto;83102483000162;MUNICIPIO DE MASSARANDUBA;2925;Carmen Zanotto;50000.0;;2024OB007340;Banco do Brasil;001;1390-0;1390;20727-6;20727
09032023-034426;202322100001-Esperidião Amin;83102483000162;MUNICIPIO DE MASSARANDUBA;2210;Esperidião Amin;700000.0;;2023OB808308;Caixa Econômica Federal;104;1499-0;1499;575860002-0;575860002
09032024-069316;202490550002-Gilson Marques;83102483000162;MUNICIPIO DE MASSARANDUBA;9055;Gilson Marques;200000.0;;2024OB011333;Banco do Brasil;001;1390-0;1390;20718-7;20718
09032024-072871;202439320001-Caroline de Toni;83102483000162;MUNICIPIO DE MASSARANDUBA;3932;Caroline de Toni;200000.0;;2024OB002359;Banco do Brasil;001;1390-0;1390;20717-9;20717
09032024-074040;202442730001-Jorge Seif;83102483000162;MUNICIPIO DE MASSARANDUBA;4273;Jorge Seif;100000.0;;2024OB010220;Banco do Brasil;001;1390-0;1390;20728-4;20728
09032024-072780;202439290001-Carlos Chiodini;83102483000162;MUNICIPIO DE MASSARANDUBA;3929;Carlos Chiodini;1600000.0;;2024OB002322;Banco do Brasil;001;1390-0;1390;20716-0;20716
09032026-095758;202639290001-CARLOS CHIODINI;83102483000162;MUNICIPIO DE MASSARANDUBA;3929;Carlos Chiodini;497500.0;Pavimentação Urbana - Ministério das Cidades - Pavimentação Urbana - Ministério das Cidades;2026OB004803;Caixa Econômica Federal;104;1499-0;1499;569260834-7;569260834
09032026-095970;202639800001-FABIO SCHIOCHET;83102483000162;MUNICIPIO DE MASSARANDUBA;3980;Fabio Schiochet;497500.0;Pavimentação De Estradas Vicinais - Ministério da Integração e do Desenvolvimento Regional - Pavimentação De Estradas Vicinais - Ministério da Integração e do Desenvolvimento Regional;;Caixa Econômica Federal;104;1499-0;1499;569171471-2;569171471
09032026-097351;202643390009-DANIELA REINEHR;83102483000162;MUNICIPIO DE MASSARANDUBA;4339;Daniela Reinehr;497500.0;Pavimentação Urbana - Ministério das Cidades - Pavimentação Urbana - Ministério das Cidades;2026OB002913;Caixa Econômica Federal;104;1499-0;1499;569487354-4;569487354
09032023-034424;202322100001-Esperidião Amin;82929407000162;MUNICIPIO DE SIDEROPOLIS;2210;Esperidião Amin;600000.0;;2023OB809273;Caixa Econômica Federal;104;426-0;426;575864837-6;575864837
09032022-021858;202241850010-Jorginho Mello;82929407000162;MUNICIPIO DE SIDEROPOLIS;4185;Jorginho Mello;100000.0;;2023OB804956;Caixa Econômica Federal;104;426-0;426;575864836-8;575864836
09032023-031266;202332350003-Geovania De Sá;82929407000162;MUNICIPIO DE SIDEROPOLIS;3235;Geovania De Sá;300000.0;;2023OB812881;Caixa Econômica Federal;104;426-0;426;575864837-6;575864837
09032023-037204;202339490001-Daniel Freitas;82929407000162;MUNICIPIO DE SIDEROPOLIS;3949;Daniel Freitas;2000000.0;;2023OB813724;Caixa Econômica Federal;104;426-0;426;575864837-6;575864837
09032024-068029;202444010006-Julia Zanatta;82929407000162;MUNICIPIO DE SIDEROPOLIS;4401;Julia Zanatta;200000.0;;2024OB011591;Caixa Econômica Federal;104;426-0;426;575864841-4;575864841
09032024-069105;202422100016-Esperidião Amin;82929407000162;MUNICIPIO DE SIDEROPOLIS;2210;Esperidião Amin;150000.0;;2024OB006423;Caixa Econômica Federal;104;426-0;426;575864838-4;575864838
09032024-066115;202442730002-Jorge Seif;82929407000162;MUNICIPIO DE SIDEROPOLIS;4273;Jorge Seif;100000.0;;2024OB010272;Caixa Econômica Federal;104;426-0;426;575864839-2;575864839
0903-004177;202028560001-Rogério Peninha Mendonça;83102616000109;MUNICIPIO DE ATALANTA;2856;Rogério Peninha Mendonça;220227.0;;2020OB801157;Caixa Econômica Federal;104;1102-9;1102;575860847-1;575860847
09032023-035156;202328560001-Rogério Peninha Mendonça;83102616000109;MUNICIPIO DE ATALANTA;2856;Rogério Peninha Mendonça;500000.0;;2023OB807432;Caixa Econômica Federal;104;1102-9;1102;575860854-4;575860854
09032023-038039;202340620003-Ricardo Guidi;83102616000109;MUNICIPIO DE ATALANTA;4062;Ricardo Guidi;150000.0;;2023OB814213;Caixa Econômica Federal;104;1102-9;1102;575860854-4;575860854
09032024-073506;202440620002-Ricardo Guidi;83102616000109;MUNICIPIO DE ATALANTA;4062;Ricardo Guidi;200000.0;;2024OB009112;Caixa Econômica Federal;104;1102-9;1102;575860856-0;575860856
09032024-075058;202444480002-Pezenti;83102616000109;MUNICIPIO DE ATALANTA;4448;Pezenti;500000.0;;2024OB004932;Caixa Econômica Federal;104;1102-9;1102;575860855-2;575860855
09032025-2-086804;202544480001-PEZENTI;83102616000109;MUNICIPIO DE ATALANTA;4448;Pezenti;693000.0;"Objeto Único Não Padronizado – Obras e Serviços de Engenharia - Obras e serviços de engenharia; 54000 Ministério do Turismo.";2025OB009022;Banco do Brasil;001;5310-4;5310;8723-8;8723
09032025-079193;202544480001-PEZENTI;83102616000109;MUNICIPIO DE ATALANTA;4448;Pezenti;693000.0;Objeto Único Não Padronizado – Demais - Ampliação do Centro de Múltiplo Uso de interesse turístico - 54000 Ministério do Turismo.;;Caixa Econômica Federal;104;1102-9;1102;;
09032025-083873;202540620003-RICARDO GUIDI;83102616000109;MUNICIPIO DE ATALANTA;4062;Ricardo Guidi;198000.0;Aquisição De Equipamentos/Material Permanente - Aquisição De Equipamentos/Material Permanente;;Caixa Econômica Federal;104;1102-9;1102;;
09032025-2-088152;202540620003-RICARDO GUIDI;83102616000109;MUNICIPIO DE ATALANTA;4062;Ricardo Guidi;198000.0;Aquisição De Equipamentos/Material Permanente - Aquisição De Equipamentos/Material Permanente;2025OB010114;Banco do Brasil;001;5310-4;5310;8736-X;8736
09032026-094083;202644480001-PEZENTI;83102616000109;MUNICIPIO DE ATALANTA;4448;Pezenti;497500.0;Ampliação De Unidade Básica De Saúde - Ministério da Saúde - Ampliação De Unidade Básica De Saúde - Ministério da Saúde;;Caixa Econômica Federal;104;1102-9;1102;;
09032026-094568;202622100012-ESPERIDIÃO AMIN;83102616000109;MUNICIPIO DE ATALANTA;2210;Esperidião Amin;398000.0;Objeto Único Não Padronizado – Demais - Centro de Hidroterapia - Saúde;;Caixa Econômica Federal;104;1102-9;1102;;
09032026-096336;202640620003-RICARDO GUIDI;83102616000109;MUNICIPIO DE ATALANTA;4062;Ricardo Guidi;398000.0;Estradas Vicinais e Obras (GND 3/4) - Ministério da Agricultura e Pecuária - Estradas Vicinais e Obras (GND 3/4) - Ministério da Agricultura e Pecuária;2026OB005070;Caixa Econômica Federal;104;1102-9;1102;568761579-9;568761579
09032022-017723;202225690003-Celso Maldaner;83009928000164;MUNICIPIO DE VARGEAO;2569;Celso Maldaner;189000.0;;2023OB800694;Banco do Brasil;001;3757-5;3757;13907-6;13907
09032022-019908;202239320002-Caroline de Toni;83009928000164;MUNICIPIO DE VARGEAO;3932;Caroline de Toni;150000.0;;2023OB802619;Banco do Brasil;001;3757-5;3757;13907-6;13907
09032023-037077;202339320001-Caroline de Toni;83009928000164;MUNICIPIO DE VARGEAO;3932;Caroline de Toni;150000.0;;2023OB813629;Banco do Brasil;001;3757-5;3757;14196-8;14196
09032024-066116;202442730002-Jorge Seif;83009928000164;MUNICIPIO DE VARGEAO;4273;Jorge Seif;100000.0;;2024OB010246;Banco do Brasil;001;3757-5;3757;14429-0;14429
09032021-013426;202141850007-Jorginho Mello;83009902000116;MUNICIPIO DE GALVAO;4185;Jorginho Mello;200000.0;;2021OB801839;Banco do Brasil;001;5413-5;5413;7089-0;7089
09032022-021846;202241850010-Jorginho Mello;83009902000116;MUNICIPIO DE GALVAO;4185;Jorginho Mello;200000.0;;2022OB804106;Banco do Brasil;001;5413-5;5413;7367-9;7367
09032023-034742;202325690006-Celso Maldaner;83009902000116;MUNICIPIO DE GALVAO;2569;Celso Maldaner;407302.0;;2023OB809390;Banco do Brasil;001;5413-5;5413;7851-4;7851
09032023-039022;202342510010-Ivete da Silveira;83009902000116;MUNICIPIO DE GALVAO;4251;Ivete da Silveira;400000.0;;2023OB811506;Banco do Brasil;001;5413-5;5413;7851-4;7851
09032024-072850;202439320001-Caroline de Toni;83009902000116;MUNICIPIO DE GALVAO;3932;Caroline de Toni;150000.0;;2024OB002371;Banco do Brasil;001;5413-5;5413;8086-1;8086
09032025-075746;202542730002-JORGE SEIF;83009902000116;MUNICIPIO DE GALVAO;4273;Jorge Seif;198000.0;Custeio Ao Piso Da Atenção Primária - Custeio Ao Piso Da Atenção Primária;2025OB006644;Banco do Brasil;001;5413-5;5413;8617-7;8617
09032025-083237;202539320001-CAROLINE DE TONI;83009902000116;MUNICIPIO DE GALVAO;3932;Caroline de Toni;215810.1;Aquisição De Veiculos - Aquisição De Veiculos;2025OB003438;Caixa Econômica Federal;104;1884-8;1884;574600842-3;574600842
09032026-096788;202642510003-IVETE DA SILVEIRA;83009902000116;MUNICIPIO DE GALVAO;4251;Ivete da Silveira;398000.0;Objeto Único Não Padronizado – Obras e Serviços de Engenharia - Revitalização do Estádio Municipal Guilherme.;;Banco do Brasil;001;5413-5;5413;8741-6;8741
09032021-013428;202141850007-Jorginho Mello;83102392000127;MUNICIPIO DE MAJOR VIEIRA;4185;Jorginho Mello;300000.0;;2021OB804788;Banco do Brasil;001;2838-X;2838;13519-4;13519
09032022-019868;202239290005-Carlos Chiodini;83102392000127;MUNICIPIO DE MAJOR VIEIRA;3929;Carlos Chiodini;500000.0;;2022OB802571;Caixa Econômica Federal;104;413-8;413;575864705-1;575864705
09032026-097250;202643250001-COBALCHINI;83102392000127;MUNICIPIO DE MAJOR VIEIRA;4325;Cobalchini;497500.0;Pavimentação De Estradas Vicinais - Ministério da Integração e do Desenvolvimento Regional - Pavimentação De Estradas Vicinais - Ministério da Integração e do Desenvolvimento Regional;;Banco do Brasil;001;2838-X;2838;15927-1;15927
09032022-016145;202237860003-Dário Berger;01511659000175;MUNICIPIO DE BALNEARIO GAIVOTA;3786;Dário Berger;200000.0;;2023OB802147;Banco do Brasil;001;1410-9;1410;35843-6;35843
09032023-031264;202332350003-Geovania De Sá;01511659000175;MUNICIPIO DE BALNEARIO GAIVOTA;3235;Geovania De Sá;1815507.0;;2023OB806303;Banco do Brasil;001;1410-9;1410;37397-4;37397
09032023-037202;202339490001-Daniel Freitas;01511659000175;MUNICIPIO DE BALNEARIO GAIVOTA;3949;Daniel Freitas;2000000.0;;2023OB806304, 2023OB810597;Banco do Brasil;001;1410-9;1410;37397-4;37397
09032024-068228;202439490003-Daniel Freitas;01511659000175;MUNICIPIO DE BALNEARIO GAIVOTA;3949;Daniel Freitas;3432000.0;;2024OB002398;Caixa Econômica Federal;104;2892-4;2892;575856899-2;575856899
09032024-074031;202442730001-Jorge Seif;01511659000175;MUNICIPIO DE BALNEARIO GAIVOTA;4273;Jorge Seif;100000.0;;2024OB003774;Caixa Econômica Federal;104;2892-4;2892;575856898-4;575856898
09032026-089630;202632350004-GEOVANIA DE SÁ;01511659000175;MUNICIPIO DE BALNEARIO GAIVOTA;3235;Geovania De Sá;597000.0;Aquisição de Insumos (GND 3) - Ministério da Agricultura e Pecuária - Aquisição de Insumos (GND 3) - Ministério da Agricultura e Pecuária;2026OB004481;Caixa Econômica Federal;104;2892-4;2892;569002197-7;569002197
09032026-096368;202640620003-RICARDO GUIDI;01511659000175;MUNICIPIO DE BALNEARIO GAIVOTA;4062;Ricardo Guidi;398000.0;Pavimentação Urbana - Ministério das Cidades - Pavimentação Urbana - Ministério das Cidades;2026OB005071;Caixa Econômica Federal;104;2892-4;2892;569170995-6;569170995
0903-003776;202025690009-Celso Maldaner;95782793000154;MUNICIPIO DE PASSO DE TORRES;2569;Celso Maldaner;150000.0;;2020OB801332;Caixa Econômica Federal;104;2892-4;2892;575995406-3;575995406
0903-004720;202032350006-Geovania De Sá;95782793000154;MUNICIPIO DE PASSO DE TORRES;3235;Geovania De Sá;100000.0;;2020OB801333;Caixa Econômica Federal;104;2892-4;2892;575995406-3;575995406
09032022-017369;202222100001-Esperidião Amin;95782793000154;MUNICIPIO DE PASSO DE TORRES;2210;Esperidião Amin;150000.0;;2023OB800447;Caixa Econômica Federal;104;2892-4;2892;575995408-0;575995408
09032023-031234;202332350003-Geovania De Sá;95782793000154;MUNICIPIO DE PASSO DE TORRES;3235;Geovania De Sá;500000.0;;2023OB809965;Caixa Econômica Federal;104;2892-4;2892;575995409-8;575995409
09032024-068642;202442510013-Ivete da Silveira;95782793000154;MUNICIPIO DE PASSO DE TORRES;4251;Ivete da Silveira;75000.0;;2024OB010029;Caixa Econômica Federal;104;2892-4;2892;575995413-6;575995413
09032024-068759;202442510012-Ivete da Silveira;95782793000154;MUNICIPIO DE PASSO DE TORRES;4251;Ivete da Silveira;75000.0;;2024OB003535;Caixa Econômica Federal;104;2892-4;2892;575995412-8;575995412
09032024-073937;202442730001-Jorge Seif;95782793000154;MUNICIPIO DE PASSO DE TORRES;4273;Jorge Seif;100000.0;;2024OB003780;Caixa Econômica Federal;104;2892-4;2892;575995414-4;575995414
09032025-081769;202522100013-ESPERIDIÃO AMIN;95782793000154;MUNICIPIO DE PASSO DE TORRES;2210;Esperidião Amin;396000.0;Pavimentação: Adequação De Vias - Pavimentação: Adequação De Vias;2025OB004504;Caixa Econômica Federal;104;2892-4;2892;574599977-9;574599977
09032025-083288;202539490006-DANIEL FREITAS;95782793000154;MUNICIPIO DE PASSO DE TORRES;3949;Daniel Freitas;990000.0;Pavimentação - Pavimentação;2025OB003449;Caixa Econômica Federal;104;2892-4;2892;574599978-7;574599978
09032026-089768;202639490005-DANIEL FREITAS;95782793000154;MUNICIPIO DE PASSO DE TORRES;3949;Daniel Freitas;5472500.0;Pavimentação Urbana - Ministério das Cidades - Pavimentação Urbana - Ministério das Cidades;2026OB001502;Banco do Brasil;001;5369-4;5369;11365-4;11365
09032026-089595;202632350004-GEOVANIA DE SÁ;95782793000154;MUNICIPIO DE PASSO DE TORRES;3235;Geovania De Sá;497500.0;Construção De Ponto De Apoio E Reformas De Estruturas A Pescadores Artesanais (Ex: Trapiches, Pier, Ranchos, Etc..), política voltada às ações do MINISTÉRIO DA PESCA E AQUICULTURA. - Ministério da Pesca e Aquicultura - Construção De Ponto De Apoio E Reformas De Estruturas A Pescadores Artesanais (Ex: Trapiches, Pier, Ranchos, Etc..), política voltada às ações do Ministério da Pesca e Aquicultura. - Ministério da Pesca e Aquicultura;;Banco do Brasil;001;5369-4;5369;11379-4;11379
09032021-011968;202139320005-Caroline de Toni;82939406000107;MUNICIPIO DE CAPINZAL;3932;Caroline de Toni;400000.0;;2021OB803051;Caixa Econômica Federal;104;1071-5;1071;575861785-3;575861785
09032023-031256;202332350003-Geovania De Sá;82939406000107;MUNICIPIO DE CAPINZAL;3235;Geovania De Sá;200000.0;;2023OB805573;Banco do Brasil;001;644-0;644;58986-1;58986
09032024-067055;202429250006-Carmen Zanotto;82939406000107;MUNICIPIO DE CAPINZAL;2925;Carmen Zanotto;100000.0;;2024OB007329;Caixa Econômica Federal;104;1071-5;1071;575861791-8;575861791
09032024-068810;202442510012-Ivete da Silveira;82939406000107;MUNICIPIO DE CAPINZAL;4251;Ivete da Silveira;175000.0;;2024OB003597;Caixa Econômica Federal;104;1071-5;1071;575861788-8;575861788
09032024-068693;202442510013-Ivete da Silveira;82939406000107;MUNICIPIO DE CAPINZAL;4251;Ivete da Silveira;175000.0;;2024OB009982;Caixa Econômica Federal;104;1071-5;1071;575861789-6;575861789
09032024-072847;202439320001-Caroline de Toni;82939406000107;MUNICIPIO DE CAPINZAL;3932;Caroline de Toni;500000.0;;2024OB002349;Caixa Econômica Federal;104;1071-5;1071;575861792-6;575861792
09032025-081801;202522100013-ESPERIDIÃO AMIN;82939406000107;MUNICIPIO DE CAPINZAL;2210;Esperidião Amin;396000.0;Pavimentação: Adequação De Vias - Pavimentação: Adequação De Vias;2025OB000240;Caixa Econômica Federal;104;1071-5;1071;574739311-8;574739311
09032026-095806;202639320001-CAROLINE DE TONI;82939406000107;MUNICIPIO DE CAPINZAL;3932;Caroline de Toni;398000.0;Pavimentação Urbana - Ministério das Cidades - Pavimentação Urbana - Ministério das Cidades;2026OB001468;Caixa Econômica Federal;104;1071-5;1071;569446594-2;569446594
0903-003353;202028560001-Rogério Peninha Mendonça;83102624000147;MUNICIPIO DE AURORA;2856;Rogério Peninha Mendonça;300000.0;;2020OB801163;Caixa Econômica Federal;104;423-5;423;576008139-6;576008139
0903-003568;202025690009-Celso Maldaner;83102624000147;MUNICIPIO DE AURORA;2569;Celso Maldaner;200000.0;;2020OB801160;Caixa Econômica Federal;104;423-5;423;576008139-6;576008139
09032021-010431;202128560001-Rogério Peninha Mendonça;83102624000147;MUNICIPIO DE AURORA;2856;Rogério Peninha Mendonça;300000.0;;2021OB803943;Caixa Econômica Federal;104;423-5;423;576008149-3;576008149
09032022-016111;202237860003-Dário Berger;83102624000147;MUNICIPIO DE AURORA;3786;Dário Berger;150000.0;;2023OB802164;Caixa Econômica Federal;104;423-5;423;576008179-5;576008179
09032022-018206;202228560001-Rogério Peninha Mendonça;83102624000147;MUNICIPIO DE AURORA;2856;Rogério Peninha Mendonça;319000.0;;2022OB801260;Caixa Econômica Federal;104;423-5;423;576008179-5;576008179
09032023-035166;202328560012-Rogério Peninha Mendonça;83102624000147;MUNICIPIO DE AURORA;2856;Rogério Peninha Mendonça;500000.0;;2023OB808282;Caixa Econômica Federal;104;423-5;423;576008184-1;576008184
09032024-073952;202442730001-Jorge Seif;83102624000147;MUNICIPIO DE AURORA;4273;Jorge Seif;100000.0;;2024OB010202;Caixa Econômica Federal;104;423-5;423;576008203-1;576008203
09032024-075059;202444480002-Pezenti;83102624000147;MUNICIPIO DE AURORA;4448;Pezenti;500000.0;;2024OB004931;Caixa Econômica Federal;104;423-5;423;576008202-3;576008202
09032025-081278;202542090003-JORGE GOETTEN;83102624000147;MUNICIPIO DE AURORA;4209;Jorge Goetten;594000.0;Objeto Único Não Padronizado – Demais - AQUISIÇÃO DE CAMINHÃO BASCULANTE A CARGO DO MINISTÉRIO DA AGRICULTURA E PECUÁRIA - MAPA (CÓDIGO 22000);2025OB006567;Banco do Brasil;001;5416-X;5416;8748-3;8748
09032025-083874;202540620003-RICARDO GUIDI;83102624000147;MUNICIPIO DE AURORA;4062;Ricardo Guidi;396000.0;Pavimentação: Adequação De Vias - Pavimentação: Adequação De Vias;2025OB001491;Banco do Brasil;001;5416-X;5416;8729-7;8729
09032025-2-085707;202542730002-JORGE SEIF;83102624000147;MUNICIPIO DE AURORA;4273;Jorge Seif;198000.0;Custeio Ao Piso Da Atenção Primária - Custeio Ao Piso Da Atenção Primária;2025OB009965;Banco do Brasil;001;5416-X;5416;8773-4;8773
09032025-075725;202542730002-JORGE SEIF;83102624000147;MUNICIPIO DE AURORA;4273;Jorge Seif;198000.0;Custeio Ao Piso Da Atenção Primária - Custeio Ao Piso Da Atenção Primária;;Banco do Brasil;001;5416-X;5416;;
09032026-096337;202640620003-RICARDO GUIDI;83102624000147;MUNICIPIO DE AURORA;4062;Ricardo Guidi;398000.0;Reforma de Creche (Capital) - Fundo Nacional de Desenvolvimento da Educação - Reforma de Creche (Capital) - Fundo Nacional de Desenvolvimento da Educação;;Banco do Brasil;001;5416-X;5416;8866-8;8866
09032026-093898;202642090003-JORGE GOETTEN;83102624000147;MUNICIPIO DE AURORA;4209;Jorge Goetten;567150.0;Caminhão Basculante/Caçamba - Infraestrutura Produtiva  - Ministério da Integração e do Desenvolvimento Regional - Caminhão Basculante/Caçamba - Infraestrutura Produtiva  - Ministério da Integração e do Desenvolvimento Regional;2026OB002398;Banco do Brasil;001;5416-X;5416;8860-9;8860
09032026-094180;202643920005-ISMAEL;83102624000147;MUNICIPIO DE AURORA;4392;Ismael;447750.0;Aquisição de Máquinas e Equipamentos (GND 4) - Ministério da Agricultura e Pecuária - Aquisição de Máquinas e Equipamentos (GND 4) - Ministério da Agricultura e Pecuária;;Banco do Brasil;001;5416-X;5416;8870-6;8870
0903-004232;202041850004-Jorginho Mello;82892357000196;MUNICIPIO DE RANCHO QUEIMADO;4185;Jorginho Mello;200000.0;;2020OB801714;Caixa Econômica Federal;104;3684-6;3684;575856125-4;575856125
09032022-016337;202239530001-Darci de Matos;82892357000196;MUNICIPIO DE RANCHO QUEIMADO;3953;Darci de Matos;250000.0;;2022OB802715;Banco do Brasil;001;5359-7;5359;7257-5;7257
09032022-020034;202239490001-Daniel Freitas;82892357000196;MUNICIPIO DE RANCHO QUEIMADO;3949;Daniel Freitas;2000000.0;;2022OB802689;Banco do Brasil;001;5359-7;5359;7257-5;7257
09032024-068223;202439490003-Daniel Freitas;82892357000196;MUNICIPIO DE RANCHO QUEIMADO;3949;Daniel Freitas;3000000.0;;2024OB002403, 2024OB008571;Caixa Econômica Federal;104;3684-6;3684;575856132-7;575856132
09032024-068673;202442510013-Ivete da Silveira;82892357000196;MUNICIPIO DE RANCHO QUEIMADO;4251;Ivete da Silveira;50000.0;;2024OB010023;Caixa Econômica Federal;104;3684-6;3684;575856139-4;575856139
09032024-073870;202442090002-Jorge Goetten;82892357000196;MUNICIPIO DE RANCHO QUEIMADO;4209;Jorge Goetten;100000.0;;2024OB003493;Caixa Econômica Federal;104;3684-6;3684;575856135-1;575856135
09032024-068790;202442510012-Ivete da Silveira;82892357000196;MUNICIPIO DE RANCHO QUEIMADO;4251;Ivete da Silveira;50000.0;;2024OB003556;Caixa Econômica Federal;104;3684-6;3684;575856134-3;575856134
09032024-068008;202444010006-Julia Zanatta;82892357000196;MUNICIPIO DE RANCHO QUEIMADO;4401;Julia Zanatta;200000.0;;2024OB011588;Caixa Econômica Federal;104;3684-6;3684;575856136-0;575856136
09032021-011502;202137860003-Dário Berger;82892357000196;MUNICIPIO DE RANCHO QUEIMADO;3786;Dário Berger;150000.0;;2021OB801092;Banco do Brasil;001;5359-7;5359;7069-6;7069
09032024-073981;202442730001-Jorge Seif;82892357000196;MUNICIPIO DE RANCHO QUEIMADO;4273;Jorge Seif;200000.0;;2024OB003760;Caixa Econômica Federal;104;3684-6;3684;575856133-5;575856133
09032025-081784;202522100013-ESPERIDIÃO AMIN;82892357000196;MUNICIPIO DE RANCHO QUEIMADO;2210;Esperidião Amin;396000.0;Objeto Único Não Padronizado – Demais - Aquisição de Máquina Agrícola;2025OB000248;Banco do Brasil;001;5359-7;5359;8138-8;8138
09032026-089773;202639490005-DANIEL FREITAS;82892357000196;MUNICIPIO DE RANCHO QUEIMADO;3949;Daniel Freitas;398000.0;Pavimentação Urbana - Ministério das Cidades - Pavimentação Urbana - Ministério das Cidades;;Banco do Brasil;001;5359-7;5359;8244-9;8244
09032026-093907;202642090003-JORGE GOETTEN;82892357000196;MUNICIPIO DE RANCHO QUEIMADO;4209;Jorge Goetten;398000.0;Pavimentação De Estradas Vicinais - Ministério da Integração e do Desenvolvimento Regional - Pavimentação De Estradas Vicinais - Ministério da Integração e do Desenvolvimento Regional;2026OB005453;Banco do Brasil;001;5359-7;5359;8250-3;8250
09032026-094578;202622100012-ESPERIDIÃO AMIN;82892357000196;MUNICIPIO DE RANCHO QUEIMADO;2210;Esperidião Amin;398000.0;Objeto Único Não Padronizado – Demais - obras no Parque Multiuso;;Banco do Brasil;001;5359-7;5359;;
09032026-096345;202640620003-RICARDO GUIDI;82892357000196;MUNICIPIO DE RANCHO QUEIMADO;4062;Ricardo Guidi;398000.0;Construção, Reforma Ou Ampliação De Infraestrutura Esportiva  - Ministério do Esporte - Construção, Reforma Ou Ampliação De Infraestrutura Esportiva  - Ministério do Esporte;2026OB005075;Banco do Brasil;001;5359-7;5359;8248-1;8248
09032026-096783;202642510003-IVETE DA SILVEIRA;82892357000196;MUNICIPIO DE RANCHO QUEIMADO;4251;Ivete da Silveira;398000.0;Aquisição de Máquinas e Equipamentos (GND 4) - Ministério da Agricultura e Pecuária - Aquisição de Máquinas e Equipamentos (GND 4) - Ministério da Agricultura e Pecuária;;Banco do Brasil;001;5359-7;5359;8255-4;8255
09032022-016148;202237860003-Dário Berger;83102640000130;MUNICIPIO DE ITUPORANGA;3786;Dário Berger;100000.0;;2023OB802165;Caixa Econômica Federal;104;1102-9;1102;575860852-8;575860852
09032022-017400;202222100001-Esperidião Amin;83102640000130;MUNICIPIO DE ITUPORANGA;2210;Esperidião Amin;150000.0;;2022OB800650;Caixa Econômica Federal;104;1102-9;1102;575860852-8;575860852
09032022-017154;202218800004-Angela Amin;83102640000130;MUNICIPIO DE ITUPORANGA;1880;Angela Amin;250000.0;;2023OB800280;Caixa Econômica Federal;104;1102-9;1102;575860852-8;575860852
09032023-035172;202328560018-Rogério Peninha Mendonça;83102640000130;MUNICIPIO DE ITUPORANGA;2856;Rogério Peninha Mendonça;400000.0;;2023OB812439;Caixa Econômica Federal;104;1102-9;1102;575860853-6;575860853
09032024-069108;202422100016-Esperidião Amin;83102640000130;MUNICIPIO DE ITUPORANGA;2210;Esperidião Amin;1000000.0;;2024OB005611;Caixa Econômica Federal;104;1102-9;1102;575860857-9;575860857
09032023-034427;202322100001-Esperidião Amin;83102640000130;MUNICIPIO DE ITUPORANGA;2210;Esperidião Amin;600000.0;;2023OB809260;Caixa Econômica Federal;104;1102-9;1102;575860853-6;575860853
09032023-037011;202339290002-Carlos Chiodini;83102640000130;MUNICIPIO DE ITUPORANGA;3929;Carlos Chiodini;300000.0;;2023OB810491;Caixa Econômica Federal;104;1102-9;1102;575860853-6;575860853
09032024-066117;202442730002-Jorge Seif;83102640000130;MUNICIPIO DE ITUPORANGA;4273;Jorge Seif;87000.0;;2024OB010300;Caixa Econômica Federal;104;1102-9;1102;575860859-5;575860859
09032024-074497;202443390001-Daniela Reinehr;83102640000130;MUNICIPIO DE ITUPORANGA;4339;Daniela Reinehr;200000.0;;2024OB010895;Caixa Econômica Federal;104;1102-9;1102;575860858-7;575860858
09032024-075092;202444480002-Pezenti;83102640000130;MUNICIPIO DE ITUPORANGA;4448;Pezenti;500000.0;;2024OB012026;Caixa Econômica Federal;104;1102-9;1102;575860861-7;575860861
09032025-079233;202544480001-PEZENTI;83102640000130;MUNICIPIO DE ITUPORANGA;4448;Pezenti;198000.0;Aquisição De Equipamentos Esportivos - Aquisição De Equipamentos Esportivos;2025OB005084;Caixa Econômica Federal;104;1102-9;1102;574600862-8;574600862
09032025-2-086825;202544480001-PEZENTI;83102640000130;MUNICIPIO DE ITUPORANGA;4448;Pezenti;198000.0;Objeto Único Não Padronizado – Demais - Mobiliário para Corpo de Bombeiros - - 30000 - Ministério da Justiça;2025OB009012;Caixa Econômica Federal;104;1102-9;1102;573503656-0;573503656
09032025-079232;202544480001-PEZENTI;83102640000130;MUNICIPIO DE ITUPORANGA;4448;Pezenti;198000.0;Aquisição De Equipamentos De Proteção Individual (Epi) Para O Corpo De Bombeiros Militar - Aquisição De Equipamentos De Proteção Individual (Epi) Para O Corpo De Bombeiros Militar;;Caixa Econômica Federal;104;1102-9;1102;;
09032026-094122;202644480001-PEZENTI;83102640000130;MUNICIPIO DE ITUPORANGA;4448;Pezenti;497500.0;Pavimentação De Estradas Vicinais - Ministério da Integração e do Desenvolvimento Regional - Pavimentação De Estradas Vicinais - Ministério da Integração e do Desenvolvimento Regional;;Caixa Econômica Federal;104;1102-9;1102;569339494-4;569339494
09032026-094123;202644480001-PEZENTI;83102640000130;MUNICIPIO DE ITUPORANGA;4448;Pezenti;398000.0;Pavimentação Urbana - Ministério das Cidades - Pavimentação Urbana - Ministério das Cidades;;Caixa Econômica Federal;104;1102-9;1102;569300208-6;569300208
09032026-094609;202622100012-ESPERIDIÃO AMIN;83102640000130;MUNICIPIO DE ITUPORANGA;2210;Esperidião Amin;398000.0;Drenagem Urbana: Adequação De Canais Para Retardamento Do Escoamento - Ministério das Cidades - Drenagem Urbana: Adequação De Canais Para Retardamento Do Escoamento - Ministério das Cidades;2026OB000188;Caixa Econômica Federal;104;1102-9;1102;569446607-8;569446607
09032021-009946;202125690003-Celso Maldaner;01612698000169;MUNICIPIO DE ENTRE RIOS;2569;Celso Maldaner;300000.0;;2021OB800450;Banco do Brasil;001;586-X;586;49865-3;49865
09032022-014134;202232350003-Geovania De Sá;01612698000169;MUNICIPIO DE ENTRE RIOS;3235;Geovania De Sá;250000.0;;2022OB801792;Banco do Brasil;001;586-X;586;51842-5;51842
09032022-019902;202239320002-Caroline de Toni;01612698000169;MUNICIPIO DE ENTRE RIOS;3932;Caroline de Toni;120000.0;;2023OB802629;Banco do Brasil;001;586-X;586;51842-5;51842
09032022-020239;202239800001-Fabio Schiochet;01612698000169;MUNICIPIO DE ENTRE RIOS;3980;Fabio Schiochet;200000.0;;2023OB802988;Banco do Brasil;001;586-X;586;51842-5;51842
09032023-031255;202332350003-Geovania De Sá;01612698000169;MUNICIPIO DE ENTRE RIOS;3235;Geovania De Sá;300000.0;;2023OB805732;Banco do Brasil;001;586-X;586;54297-0;54297
09032023-032872;202329250001-Carmen Zanotto;01612698000169;MUNICIPIO DE ENTRE RIOS;2925;Carmen Zanotto;350000.0;;2023OB805718;Banco do Brasil;001;586-X;586;54297-0;54297
09032024-068683;202442510013-Ivete da Silveira;01612698000169;MUNICIPIO DE ENTRE RIOS;4251;Ivete da Silveira;50000.0;;2024OB003565;Banco do Brasil;001;5428-3;5428;7921-9;7921
09032024-068800;202442510012-Ivete da Silveira;01612698000169;MUNICIPIO DE ENTRE RIOS;4251;Ivete da Silveira;50000.0;;2024OB003508;Banco do Brasil;001;5428-3;5428;7920-0;7920
09032024-074000;202442730001-Jorge Seif;01612698000169;MUNICIPIO DE ENTRE RIOS;4273;Jorge Seif;100000.0;;2024OB003783;Banco do Brasil;001;5428-3;5428;7922-7;7922
09032024-067053;202429250006-Carmen Zanotto;01612698000169;MUNICIPIO DE ENTRE RIOS;2925;Carmen Zanotto;200000.0;;2024OB007341;Banco do Brasil;001;5428-3;5428;7917-0;7917
09032025-081796;202522100013-ESPERIDIÃO AMIN;01612698000169;MUNICIPIO DE ENTRE RIOS;2210;Esperidião Amin;297000.0;Objeto Único Não Padronizado – Demais - Aquisição de Caminhão para Coleta de Lixo;;Banco do Brasil;001;5428-3;5428;;
09032025-075741;202542730002-JORGE SEIF;01612698000169;MUNICIPIO DE ENTRE RIOS;4273;Jorge Seif;198000.0;Objeto Único Não Padronizado – Demais - MIDR - 53000;2025OB006622;Banco do Brasil;001;5428-3;5428;8445-X;8445
09032026-095801;202639320001-CAROLINE DE TONI;01612698000169;MUNICIPIO DE ENTRE RIOS;3932;Caroline de Toni;199000.0;Aquisição de Máquinas e Equipamentos (GND 4) - Ministério da Agricultura e Pecuária - Aquisição de Máquinas e Equipamentos (GND 4) - Ministério da Agricultura e Pecuária;;Banco do Brasil;001;5428-3;5428;8596-0;8596
09032025-2-087600;202522100013-ESPERIDIÃO AMIN;01612698000169;MUNICIPIO DE ENTRE RIOS;2210;Esperidião Amin;297000.0;Objeto Único Não Padronizado – Demais - Aquisição de Caminhão para Coleta de Lixo;;;;;;;
09032021-009481;202118800011-Angela Amin;82892316000108;MUNICIPIO DE PALHOCA;1880;Angela Amin;200000.0;;2021OB803679;Caixa Econômica Federal;104;1784-1;1784;575859304-0;575859304
09032022-017148;202218800004-Angela Amin;82892316000108;MUNICIPIO DE PALHOCA;1880;Angela Amin;269680.0;;2022OB800507;Caixa Econômica Federal;104;1784-1;1784;575859305-9;575859305
09032024-068226;202439490003-Daniel Freitas;82892316000108;MUNICIPIO DE PALHOCA;3949;Daniel Freitas;218000.0;;2024OB008574;Caixa Econômica Federal;104;1784-1;1784;575859307-5;575859307
09032021-011524;202137860003-Dário Berger;82892316000108;MUNICIPIO DE PALHOCA;3786;Dário Berger;100000.0;;2021OB803532;Caixa Econômica Federal;104;1784-1;1784;575859304-0;575859304
09032024-075297;202444930001-Zé Trovão;82892316000108;MUNICIPIO DE PALHOCA;4493;Zé Trovão;300000.0;;2024OB012329;Caixa Econômica Federal;104;1784-1;1784;575859306-7;575859306
09032025-083194;202539290001-CARLOS CHIODINI;82892316000108;MUNICIPIO DE PALHOCA;3929;Carlos Chiodini;396000.0;Trator - Trator - Infraestrutura Produtiva;2025OB003454;Banco do Brasil;001;2383-3;2383;63498-0;63498
09032025-084331;202542730001-JORGE SEIF;82892316000108;MUNICIPIO DE PALHOCA;4273;Jorge Seif;495000.0;Pavimentação - Pavimentação;2025OB001998;Banco do Brasil;001;2383-3;2383;63002-0;63002
09032026-095814;202639320001-CAROLINE DE TONI;82892316000108;MUNICIPIO DE PALHOCA;3932;Caroline de Toni;796000.0;Pavimentação Urbana - Ministério das Cidades - Pavimentação Urbana - Ministério das Cidades;2026OB004816;Banco do Brasil;001;2383-3;2383;67508-3;67508
09032026-096365;202640620003-RICARDO GUIDI;82892316000108;MUNICIPIO DE PALHOCA;4062;Ricardo Guidi;398000.0;Revitalização, Construção De Calçadas E Passeios Públicos: Acessibilidade De Calçadas E  Passeios Públicos    - Ministério das Cidades - Revitalização, Construção De Calçadas E Passeios Públicos: Acessibilidade De Calçadas E  Passeios Públicos    - Ministério das Cidades;;Banco do Brasil;001;2383-3;2383;67509-1;67509
09032026-096364;202640620003-RICARDO GUIDI;82892316000108;MUNICIPIO DE PALHOCA;4062;Ricardo Guidi;597000.0;Pavimentação Urbana - Ministério das Cidades - Pavimentação Urbana - Ministério das Cidades;;Banco do Brasil;001;2383-3;2383;67510-5;67510
09032026-097252;202643250001-COBALCHINI;82892316000108;MUNICIPIO DE PALHOCA;4325;Cobalchini;298500.0;Objeto Único Não Padronizado – Demais - Estação Metereológica DBHidro - Radar para defesa civil de Palhoça/SC.;2026OB005616;Banco do Brasil;001;2383-3;2383;67471-0;67471
09032026-097251;202643250001-COBALCHINI;82892316000108;MUNICIPIO DE PALHOCA;4325;Cobalchini;995000.0;Construção de Creche (Capital) - Fundo Nacional de Desenvolvimento da Educação - Construção de Creche (Capital) - Fundo Nacional de Desenvolvimento da Educação;2026OB005617;Banco do Brasil;001;2383-3;2383;67561-X;67561
09032026-091791;202644010005-JULIA ZANATTA;82892316000108;MUNICIPIO DE PALHOCA;4401;Julia Zanatta;597000.0;Construção de Quadra Esportiva Coberta (Capital) - Fundo Nacional de Desenvolvimento da Educação - Construção de Quadra Esportiva Coberta (Capital) - Fundo Nacional de Desenvolvimento da Educação;2026OB005868;Banco do Brasil;001;2383-3;2383;67648-9;67648
0903-004109;202022100018-Esperidião Amin;82951229000176;ESTADO DE SANTA CATARINA;2210;Esperidião Amin;200000.0;;2020OB801237;Banco do Brasil;001;3582-3;3582;6385-1;6385
09032021-009467;202118800004-Angela Amin;82951229000176;ESTADO DE SANTA CATARINA;1880;Angela Amin;250000.0;;2021OB803676;Banco do Brasil;001;3582-3;3582;6466-1;6466
09032021-009468;202118800007-Angela Amin;82951229000176;ESTADO DE SANTA CATARINA;1880;Angela Amin;300000.0;;2021OB803382;Banco do Brasil;001;3582-3;3582;6466-1;6466
09032021-009659;202122100014-Esperidião Amin;82951229000176;ESTADO DE SANTA CATARINA;2210;Esperidião Amin;800000.0;;2021OB803483, 2021OB803739;Banco do Brasil;001;3582-3;3582;6466-1;6466
09032021-2-013933;202190550007-Gilson Marques;82951229000176;ESTADO DE SANTA CATARINA;9055;Gilson Marques;425541.0;;2021OB805033, 2022OB800220;Banco do Brasil;001;3582-3;3582;6466-1;6466
09032022-015102;202229250013-Carmen Zanotto;82951229000176;ESTADO DE SANTA CATARINA;2925;Carmen Zanotto;100000.0;;2023OB801311;Banco do Brasil;001;3582-3;3582;6546-3;6546
09032023-034389;202322100001-Esperidião Amin;82951229000176;ESTADO DE SANTA CATARINA;2210;Esperidião Amin;500000.0;;2023OB808333;Banco do Brasil;001;3582-3;3582;6763-6;6763
09032023-034389;202322100001-Esperidião Amin;82951229000176;ESTADO DE SANTA CATARINA;2210;Esperidião Amin;500000.0;;2023OB808333;Banco do Brasil;001;3582-3;3582;6763-6;6763
09032022-017402;202222100002-Esperidião Amin;82951229000176;ESTADO DE SANTA CATARINA;2210;Esperidião Amin;200000.0;;2022OB800671;Banco do Brasil;001;3582-3;3582;6546-3;6546
09032025-2-086990;202543920009-ISMAEL;82951229000176;ESTADO DE SANTA CATARINA;4392;Ismael;465300.0;Objeto Único Não Padronizado – Demais - FNDE - Infraestrutura da Educação Básica - ESFERA 10 - FISCAL PROGRAMA 5011 - AÇÃO 20RP - UNIDADE ORÇAMENTÁRIA 26298 - FNDE FUNCIONAL PROGRAMÁTICA 12.368.5011. 20RP.;2025OB008906;Banco do Brasil;001;3582-3;3582;7334-2;7334
09032024-067041;202429250006-Carmen Zanotto;82951229000176;ESTADO DE SANTA CATARINA;2925;Carmen Zanotto;470000.0;;2024OB001360, 2024OB001388;Banco do Brasil;001;3582-3;3582;6925-6;6925
09032024-068220;202439490003-Daniel Freitas;82951229000176;ESTADO DE SANTA CATARINA;3949;Daniel Freitas;1300000.0;;2024OB002402;Banco do Brasil;001;3582-3;3582;6926-4;6926
09032024-072812;202439320001-Caroline de Toni;82951229000176;ESTADO DE SANTA CATARINA;3932;Caroline de Toni;640792.0;;2024OB008496;Banco do Brasil;001;3582-3;3582;6927-2;6927
09032024-073959;202442730001-Jorge Seif;82951229000176;ESTADO DE SANTA CATARINA;4273;Jorge Seif;3000000.0;;2024OB003750;Banco do Brasil;001;3582-3;3582;6923-X;6923
09032024-074443;202443390001-Daniela Reinehr;82951229000176;ESTADO DE SANTA CATARINA;4339;Daniela Reinehr;1000000.0;;2024OB004276;Banco do Brasil;001;3582-3;3582;6921-3;6921
09032024-069177;202428550022-Pedro Uczai;82951229000176;ESTADO DE SANTA CATARINA;2855;Pedro Uczai;700000.0;;2024OB001140;Banco do Brasil;001;3582-3;3582;6922-1;6922
09032025-2-087289;202542090003-JORGE GOETTEN;82951229000176;ESTADO DE SANTA CATARINA;4209;Jorge Goetten;247500.0;Aquisição De Armamento Para A Polícia Civil - Aquisição De Armamento Para A Polícia Civil;2025OB009525;Banco do Brasil;001;3582-3;3582;7336-9;7336
09032025-2-087710;202528550023-PEDRO UCZAI;82951229000176;ESTADO DE SANTA CATARINA;2855;Pedro Uczai;198000.0;Objeto Único Não Padronizado – Demais - UO 26298 FNDE. Ação 20RP Apoio à Infraestrutura para Educação Básica.;2025OB009280;Banco do Brasil;001;3582-3;3582;7335-0;7335
09032025-081555;202528550023-PEDRO UCZAI;82951229000176;ESTADO DE SANTA CATARINA;2855;Pedro Uczai;198000.0;Objeto Único Não Padronizado – Demais - UO 58000 MPesca- Ação 21GE - Fomento ao desenvolvimento da cadeia da industria do pescado e da pesca industrial, ornamental, amadora e esportiva;2025OB004578;Banco do Brasil;001;3582-3;3582;7271-0;7271
09032025-083215;202539320001-CAROLINE DE TONI;82951229000176;ESTADO DE SANTA CATARINA;3932;Caroline de Toni;396000.0;Aquisição De Viatura Para A Polícia Civil - Aquisição De Viatura Para A Polícia Civil;2025OB004738;Banco do Brasil;001;3582-3;3582;7269-9;7269
09032025-083289;202539490006-DANIEL FREITAS;82951229000176;ESTADO DE SANTA CATARINA;3949;Daniel Freitas;990000.0;Construção, Reforma Ou Ampliação De Espaços De Esporte E Lazer - Construção, Reforma Ou Ampliação De Espaços De Esporte E Lazer;2025OB003469;Banco do Brasil;001;3582-3;3582;7265-6;7265
09032025-081775;202522100013-ESPERIDIÃO AMIN;82951229000176;ESTADO DE SANTA CATARINA;2210;Esperidião Amin;227558.43;Objeto Único Não Padronizado – Demais - Equipamentos informáticos para bibioteca pública;2025OB005252;Banco do Brasil;001;3582-3;3582;7303-2;7303
09032025-080633;202542510003-IVETE DA SILVEIRA;82951229000176;ESTADO DE SANTA CATARINA;4251;Ivete da Silveira;396000.0;Construção, Revitalização E Reforma De Edificações De Uso Público Ou Coletivo Destinadas A Atividades Turísticas - Construção, Revitalização E Reforma De Edificações De Uso Público Ou Coletivo Destinadas A Atividades Turísticas;2025OB006594;Banco do Brasil;001;3582-3;3582;7304-0;7304
09032025-081554;202528550023-PEDRO UCZAI;82951229000176;ESTADO DE SANTA CATARINA;2855;Pedro Uczai;198000.0;Objeto Único Não Padronizado – Demais - UO 26298 FNDE. Ação 20RP Apoio à Infraestrutura para Educação Básica.;;Banco do Brasil;001;3582-3;3582;;
09032025-080632;202542510003-IVETE DA SILVEIRA;82951229000176;ESTADO DE SANTA CATARINA;4251;Ivete da Silveira;297000.0;Aquisição De Veiculos - Aquisição De Veiculos;;Banco do Brasil;001;3582-3;3582;;
09032025-084733;202543390010-DANIELA REINEHR;82951229000176;ESTADO DE SANTA CATARINA;4339;Daniela Reinehr;693000.0;Objeto Único Não Padronizado – Demais - Fomento ao Esporte amador e profissional;;Banco do Brasil;001;3582-3;3582;;
09032025-2-087457;202542510003-IVETE DA SILVEIRA;82951229000176;ESTADO DE SANTA CATARINA;4251;Ivete da Silveira;297000.0;Aquisição De Veiculos - Aquisição De Veiculos;;Banco do Brasil;001;3582-3;3582;;
09032025-2-086832;202590550002-GILSON MARQUES;82951229000176;ESTADO DE SANTA CATARINA;9055;Gilson Marques;310860.0;Aquisição De Viaturas Para O Corpo De Bombeiros Militar - Aquisição De Viaturas Para O Corpo De Bombeiros Militar;2025OB009188;Banco do Brasil;001;3582-3;3582;7332-6;7332
09032025-2-086989;202543920009-ISMAEL;82951229000176;ESTADO DE SANTA CATARINA;4392;Ismael;247500.0;Aquisição De Viatura Para A Polícia Militar - Aquisição De Viatura Para A Polícia Militar;2025OB008905;Banco do Brasil;001;3582-3;3582;7337-7;7337
09032025-2-088356;202543390010-DANIELA REINEHR;82951229000176;ESTADO DE SANTA CATARINA;4339;Daniela Reinehr;693000.0;Objeto Único Não Padronizado – Demais - Fomento ao Esporte amador e profissional;2025OB010128;Banco do Brasil;001;3582-3;3582;7365-2;7365
09032026-089769;202639490005-DANIEL FREITAS;82951229000176;ESTADO DE SANTA CATARINA;3949;Daniel Freitas;995000.0;Objeto Único Não Padronizado – Demais - realização de eventos esportivos;;Banco do Brasil;001;3582-3;3582;;
09032026-096782;202642510003-IVETE DA SILVEIRA;82951229000176;ESTADO DE SANTA CATARINA;4251;Ivete da Silveira;497500.0;Objeto Único Não Padronizado – Demais - Ação 21BM - Manutençaõ e atualização tecnológica da Polícia Científica de Santa Catarina (PCI-SC);2026OB002418;Banco do Brasil;001;3582-3;3582;7456-X;7456
09032026-096914;202642730009-JORGE SEIF;82951229000176;ESTADO DE SANTA CATARINA;4273;Jorge Seif;2835750.0;Objeto Único Não Padronizado – Demais - Ministério da Segurança Pública - Obras e Serviços de Engenharia - Ação -21BM - Reforma de delegacias e estruturas das forças de Segurança Pública do Estado de Santa Catarina;;;;;;;
09032023-037089;202339320001-Caroline de Toni;95993077000116;LAJEADO GRANDE;3932;Caroline de Toni;130000.0;;2023OB810534;Caixa Econômica Federal;104;1085-5;1085;575996529-4;575996529
09032024-074046;202442730001-Jorge Seif;95993077000116;LAJEADO GRANDE;4273;Jorge Seif;100000.0;;2024OB003788;Caixa Econômica Federal;104;1085-5;1085;575996533-2;575996533
09032025-083259;202539320001-CAROLINE DE TONI;95993077000116;LAJEADO GRANDE;3932;Caroline de Toni;297000.0;Aquisição De Veículo - Aquisição De Veículo;2025OB003457;Caixa Econômica Federal;104;1085-5;1085;574599985-0;574599985
09032026-093934;202642090003-JORGE GOETTEN;95993077000116;LAJEADO GRANDE;4209;Jorge Goetten;895500.0;Pavimentação Urbana - Ministério das Cidades - Pavimentação Urbana - Ministério das Cidades;2026OB002377;Caixa Econômica Federal;104;1085-5;1085;569563274-5;569563274
09032026-094299;202628550010-PEDRO UCZAI;95993077000116;LAJEADO GRANDE;2855;Pedro Uczai;199000.0;Objeto Único Não Padronizado – Demais - UO 26298 FNDE. Ação 20RP Apoio à Infraestrutura para Educação Básica - Aquisição de Equipamentos;2026OB000625;Caixa Econômica Federal;104;1085-5;1085;569487468-0;569487468
09032021-013420;202141850007-Jorginho Mello;01608820000123;MUNICIPIO DE PAINEL;4185;Jorginho Mello;200000.0;;2021OB801614;Banco do Brasil;001;5215-9;5215;17273-1;17273
09032022-015110;202229250013-Carmen Zanotto;01608820000123;MUNICIPIO DE PAINEL;2925;Carmen Zanotto;250000.0;;2023OB804358;Banco do Brasil;001;5215-9;5215;18363-6;18363
09032022-021838;202241850010-Jorginho Mello;01608820000123;MUNICIPIO DE PAINEL;4185;Jorginho Mello;200000.0;;2022OB804112, 2023OB804954;Banco do Brasil;001;5215-9;5215;18363-6;18363
09032023-039013;202342510010-Ivete da Silveira;01608820000123;MUNICIPIO DE PAINEL;4251;Ivete da Silveira;300000.0;;2023OB808727;Banco do Brasil;001;5215-9;5215;20033-6;20033
09032024-067051;202429250006-Carmen Zanotto;01608820000123;MUNICIPIO DE PAINEL;2925;Carmen Zanotto;240000.0;;2024OB007339;Caixa Econômica Federal;104;1663-2;1663;575995903-0;575995903
09032024-071077;202422100015-Esperidião Amin;01608820000123;MUNICIPIO DE PAINEL;2210;Esperidião Amin;500000.0;;2024OB005615;Banco do Brasil;001;5215-9;5215;21361-6;21361
09032024-073516;202440620002-Ricardo Guidi;01608820000123;MUNICIPIO DE PAINEL;4062;Ricardo Guidi;150000.0;;2024OB009106;Banco do Brasil;001;5215-9;5215;21362-4;21362
09032024-073993;202442730001-Jorge Seif;01608820000123;MUNICIPIO DE PAINEL;4273;Jorge Seif;200000.0;;2024OB003737;Banco do Brasil;001;5215-9;5215;21359-4;21359
09032026-096353;202640620003-RICARDO GUIDI;01608820000123;MUNICIPIO DE PAINEL;4062;Ricardo Guidi;199000.0;Aquisição de Máquinas e Equipamentos (GND 4) - Ministério da Agricultura e Pecuária - Aquisição de Máquinas e Equipamentos (GND 4) - Ministério da Agricultura e Pecuária;;Banco do Brasil;001;5215-9;5215;;
0903-003341;202041850004-Jorginho Mello;01612387000108;MUNICIPIO DE ZORTEA;4185;Jorginho Mello;100000.0;;2020OB801730;Banco do Brasil;001;644-0;644;52612-6;52612
09032024-072801;202439320001-Caroline de Toni;01612387000108;MUNICIPIO DE ZORTEA;3932;Caroline de Toni;150000.0;;2024OB008512;Caixa Econômica Federal;104;1071-5;1071;575996488-3;575996488
09032021-011956;202139320005-Caroline de Toni;01612387000108;MUNICIPIO DE ZORTEA;3932;Caroline de Toni;350000.0;;2021OB803049;Banco do Brasil;001;644-0;644;54959-2;54959
09032022-017368;202222100001-Esperidião Amin;01612387000108;MUNICIPIO DE ZORTEA;2210;Esperidião Amin;150000.0;;2023OB804124;Banco do Brasil;001;644-0;644;56554-7;56554
09032024-073848;202442090002-Jorge Goetten;01612387000108;MUNICIPIO DE ZORTEA;4209;Jorge Goetten;300000.0;;2024OB009924;Caixa Econômica Federal;104;1071-5;1071;575996487-5;575996487
09032023-3-042595;202342510010-Ivete da Silveira;01612387000108;MUNICIPIO DE ZORTEA;4251;Ivete da Silveira;200000.0;;2023OB816123;Banco do Brasil;001;644-0;644;60198-5;60198
09032025-081768;202522100013-ESPERIDIÃO AMIN;01612387000108;MUNICIPIO DE ZORTEA;2210;Esperidião Amin;297000.0;Retroescavadeira - Retroescavadeira - Infraestrutura Produtiva;2025OB002900;Caixa Econômica Federal;104;1071-5;1071;574601036-3;574601036
09032025-084727;202543390010-DANIELA REINEHR;01612387000108;MUNICIPIO DE ZORTEA;4339;Daniela Reinehr;495000.0;Objeto Único Não Padronizado – Demais - Infraestrutura no Parque de Rodeio Municipal;2025OB004968;Caixa Econômica Federal;104;1071-5;1071;574601037-1;574601037
09032025-2-085703;202542730002-JORGE SEIF;01612387000108;MUNICIPIO DE ZORTEA;4273;Jorge Seif;198000.0;Custeio Ao Piso Da Atenção Primária - Custeio Ao Piso Da Atenção Primária;2025OB008637;Banco do Brasil;001;644-0;644;65013-7;65013
09032025-075721;202542730002-JORGE SEIF;01612387000108;MUNICIPIO DE ZORTEA;4273;Jorge Seif;198000.0;Objeto Único Não Padronizado – Demais - MIDR - 53000;;Caixa Econômica Federal;104;1071-5;1071;;
09032026-093893;202642090003-JORGE GOETTEN;01612387000108;MUNICIPIO DE ZORTEA;4209;Jorge Goetten;398000.0;Pavimentação Urbana - Ministério das Cidades - Pavimentação Urbana - Ministério das Cidades;2026OB002379;Caixa Econômica Federal;104;1071-5;1071;569650755-3;569650755
09032026-094561;202622100012-ESPERIDIÃO AMIN;01612387000108;MUNICIPIO DE ZORTEA;2210;Esperidião Amin;398000.0;Construção, Reforma Ou Ampliação De Espaços De Esporte E Lazer  - Ministério do Esporte - Construção, Reforma Ou Ampliação De Espaços De Esporte E Lazer  - Ministério do Esporte;2026OB000192;Caixa Econômica Federal;104;1071-5;1071;569446349-4;569446349
09032021-011523;202137860003-Dário Berger;82926544000143;MUNICIPIO DE ORLEANS;3786;Dário Berger;200000.0;;2021OB800948;Caixa Econômica Federal;104;1079-0;1079;575861844-2;575861844
09032021-009955;202125690003-Celso Maldaner;82926544000143;MUNICIPIO DE ORLEANS;2569;Celso Maldaner;100000.0;;2021OB800426;Caixa Econômica Federal;104;1079-0;1079;575861844-2;575861844
09032022-016138;202237860003-Dário Berger;82926544000143;MUNICIPIO DE ORLEANS;3786;Dário Berger;200000.0;;2023OB802163;Caixa Econômica Federal;104;1079-0;1079;575861845-0;575861845
09032023-038053;202340620003-Ricardo Guidi;82926544000143;MUNICIPIO DE ORLEANS;4062;Ricardo Guidi;700000.0;;2023OB811034;Caixa Econômica Federal;104;1079-0;1079;575861846-9;575861846
09032024-068019;202444010006-Julia Zanatta;82926544000143;MUNICIPIO DE ORLEANS;4401;Julia Zanatta;200000.0;;2024OB011594;Caixa Econômica Federal;104;1079-0;1079;575861851-5;575861851
09032024-068704;202442510013-Ivete da Silveira;82926544000143;MUNICIPIO DE ORLEANS;4251;Ivete da Silveira;75000.0;;2024OB010011;Caixa Econômica Federal;104;1079-0;1079;575861848-5;575861848
09032024-068821;202442510012-Ivete da Silveira;82926544000143;MUNICIPIO DE ORLEANS;4251;Ivete da Silveira;75000.0;;2024OB003531;Caixa Econômica Federal;104;1079-0;1079;575861847-7;575861847
09032024-074022;202442730001-Jorge Seif;82926544000143;MUNICIPIO DE ORLEANS;4273;Jorge Seif;100000.0;;2024OB010245;Caixa Econômica Federal;104;1079-0;1079;575861849-3;575861849
09032025-083295;202539490006-DANIEL FREITAS;82926544000143;MUNICIPIO DE ORLEANS;3949;Daniel Freitas;396000.0;Construção, Reforma Ou Ampliação De Espaços De Esporte E Lazer - Construção, Reforma Ou Ampliação De Espaços De Esporte E Lazer;2025OB003463;Caixa Econômica Federal;104;1079-0;1079;574600838-5;574600838
09032026-094599;202622100012-ESPERIDIÃO AMIN;82926544000143;MUNICIPIO DE ORLEANS;2210;Esperidião Amin;443647.62;Objeto Único Não Padronizado – Demais - Projeto de Coleta Seletiva e Destinação Final dos Resíduos Sólidos;;Caixa Econômica Federal;104;1079-0;1079;569260825-8;569260825
09032026-096363;202640620003-RICARDO GUIDI;82926544000143;MUNICIPIO DE ORLEANS;4062;Ricardo Guidi;398000.0;Pavimentação Urbana - Ministério das Cidades - Pavimentação Urbana - Ministério das Cidades;2026OB001834;Caixa Econômica Federal;104;1079-0;1079;569610333-9;569610333
09032026-095812;202639320001-CAROLINE DE TONI;82926544000143;MUNICIPIO DE ORLEANS;3932;Caroline de Toni;398000.0;Pavimentação Urbana - Ministério das Cidades - Pavimentação Urbana - Ministério das Cidades;;Caixa Econômica Federal;104;1079-0;1079;569300196-9;569300196
09032026-091790;202644010005-JULIA ZANATTA;82926544000143;MUNICIPIO DE ORLEANS;4401;Julia Zanatta;497500.0;Pavimentação Urbana - Ministério das Cidades - Pavimentação Urbana - Ministério das Cidades;2026OB003194;Caixa Econômica Federal;104;1079-0;1079;569487338-2;569487338
09032025-083897;202540620003-RICARDO GUIDI;82926544000143;MUNICIPIO DE ORLEANS;4062;Ricardo Guidi;396000.0;Construção, Revitalização E Reforma De Infraestrutura Urbana Para Adequação De Espaços De Interesse Turístico - Construção, Revitalização E Reforma De Infraestrutura Urbana Para Adequação De Espaços De Interesse Turístico;;Caixa Econômica Federal;104;1079-0;1079;;
09032025-081164;202543920009-ISMAEL;82926544000143;MUNICIPIO DE ORLEANS;4392;Ismael;396000.0;Objeto Único Não Padronizado – Demais - 58101 - Ministério da Pesca e aquicultura - Ação Orçamentária: 20Y0 - Desenvolvimento da Aquicultura - Aquisição de maquinas e implementos para atividades pesqueiras;;Caixa Econômica Federal;104;1079-0;1079;;
09032025-2-088155;202540620003-RICARDO GUIDI;82926544000143;MUNICIPIO DE ORLEANS;4062;Ricardo Guidi;396000.0;Construção, Revitalização E Reforma De Infraestrutura Urbana Para Adequação De Espaços De Interesse Turístico - Construção, Revitalização E Reforma De Infraestrutura Urbana Para Adequação De Espaços De Interesse Turístico;2025OB008346;Caixa Econômica Federal;104;1079-0;1079;573529101-3;573529101
09032025-2-086997;202543920009-ISMAEL;82926544000143;MUNICIPIO DE ORLEANS;4392;Ismael;396000.0;Objeto Único Não Padronizado – Demais - 58101 - Ministério da Pesca e aquicultura - Ação Orçamentária: 20Y0 - Desenvolvimento da Aquicultura - Aquisição de maquinas e implementos para atividades pesqueiras;2025OB009985;Caixa Econômica Federal;104;1079-0;1079;573063073-1;573063073
09032025-083398;202539800001-FABIO SCHIOCHET;83021865000161;MUNICIPIO DE QUILOMBO;3980;Fabio Schiochet;990000.0;Pavimentação De Estradas Vicinais - Pavimentação De Estradas Vicinais;2025OB001281;Caixa Econômica Federal;104;4626-4;4626;574881331-5;574881331
0903-003499;202025690009-Celso Maldaner;83021865000161;MUNICIPIO DE QUILOMBO;2569;Celso Maldaner;500000.0;;2020OB801260;Banco do Brasil;001;1393-5;1393;36136-4;36136
09032022-016418;202228550021-Pedro Uczai;83021865000161;MUNICIPIO DE QUILOMBO;2855;Pedro Uczai;150000.0;;2023OB801097;Caixa Econômica Federal;104;4626-4;4626;575993736-3;575993736
09032023-033069;202328550022-Pedro Uczai;83021865000161;MUNICIPIO DE QUILOMBO;2855;Pedro Uczai;200000.0;;2023OB806680;Banco do Brasil;001;1393-5;1393;38440-2;38440
09032023-039004;202342510010-Ivete da Silveira;83021865000161;MUNICIPIO DE QUILOMBO;4251;Ivete da Silveira;100000.0;;2023OB811493;Banco do Brasil;001;1393-5;1393;38440-2;38440
09032024-068672;202442510013-Ivete da Silveira;83021865000161;MUNICIPIO DE QUILOMBO;4251;Ivete da Silveira;200000.0;;2024OB010025;Caixa Econômica Federal;104;4626-4;4626;575993744-4;575993744
09032024-068789;202442510012-Ivete da Silveira;83021865000161;MUNICIPIO DE QUILOMBO;4251;Ivete da Silveira;200000.0;;2024OB003541;Caixa Econômica Federal;104;4626-4;4626;575993743-6;575993743
09032024-070537;202443250003-Cobalchini;83021865000161;MUNICIPIO DE QUILOMBO;4325;Cobalchini;200000.0;;2024OB010766;Caixa Econômica Federal;104;4626-4;4626;575993745-2;575993745
09032026-097334;202643390009-DANIELA REINEHR;83021865000161;MUNICIPIO DE QUILOMBO;4339;Daniela Reinehr;497500.0;Caminhão Basculante/Caçamba - Infraestrutura Produtiva  - Ministério da Integração e do Desenvolvimento Regional - Caminhão Basculante/Caçamba - Infraestrutura Produtiva  - Ministério da Integração e do Desenvolvimento Regional;2026OB005693;Caixa Econômica Federal;104;4626-4;4626;569171459-3;569171459
09032026-095795;202639320001-CAROLINE DE TONI;83021865000161;MUNICIPIO DE QUILOMBO;3932;Caroline de Toni;398000.0;Caminhão Basculante/Caçamba - Infraestrutura Produtiva  - Ministério da Integração e do Desenvolvimento Regional - Caminhão Basculante/Caçamba - Infraestrutura Produtiva  - Ministério da Integração e do Desenvolvimento Regional;2026OB001470;Caixa Econômica Federal;104;4626-4;4626;569487347-1;569487347
09032026-097241;202643250001-COBALCHINI;83021865000161;MUNICIPIO DE QUILOMBO;4325;Cobalchini;696500.0;Pavimentação De Estradas Vicinais - Ministério da Integração e do Desenvolvimento Regional - Pavimentação De Estradas Vicinais - Ministério da Integração e do Desenvolvimento Regional;2026OB002846;Caixa Econômica Federal;104;4626-4;4626;569487348-0;569487348
09032022-014150;202232350003-Geovania De Sá;95990206000112;MUNICIPIO DE GUATAMBU;3235;Geovania De Sá;59682.0;;2023OB801635;Caixa Econômica Federal;104;3592-0;3592;575855916-0;575855916
09032022-017401;202222100001-Esperidião Amin;95990206000112;MUNICIPIO DE GUATAMBU;2210;Esperidião Amin;150000.0;;2022OB800661;Caixa Econômica Federal;104;3592-0;3592;575855916-0;575855916
09032023-039040;202342510010-Ivete da Silveira;95990206000112;MUNICIPIO DE GUATAMBU;4251;Ivete da Silveira;100000.0;;2023OB814978;Caixa Econômica Federal;104;3592-0;3592;575855917-9;575855917
09032024-074044;202442730001-Jorge Seif;95990206000112;MUNICIPIO DE GUATAMBU;4273;Jorge Seif;150000.0;;2024OB003772;Caixa Econômica Federal;104;3592-0;3592;575855918-7;575855918
09032023-034429;202322100001-Esperidião Amin;95990206000112;MUNICIPIO DE GUATAMBU;2210;Esperidião Amin;200000.0;;2023OB808344;Caixa Econômica Federal;104;3592-0;3592;575855917-9;575855917
09032023-037084;202339320001-Caroline de Toni;95990206000112;MUNICIPIO DE GUATAMBU;3932;Caroline de Toni;250000.0;;2023OB810525;Caixa Econômica Federal;104;3592-0;3592;575855917-9;575855917
09032022-020013;202239440005-Coronel Armando;83169623000110;MUNICIPIO DE JOINVILLE;3944;Coronel Armando;400000.0;;2022OB802673;Banco do Brasil;001;3155-0;3155;25124-0;25124
09032022-020014;202239440006-Coronel Armando;83169623000110;MUNICIPIO DE JOINVILLE;3944;Coronel Armando;1500000.0;;2022OB802674, 2023OB802746;Banco do Brasil;001;3155-0;3155;25124-0;25124
09032022-020015;202239440007-Coronel Armando;83169623000110;MUNICIPIO DE JOINVILLE;3944;Coronel Armando;1000000.0;;2022OB802675;Banco do Brasil;001;3155-0;3155;25124-0;25124
09032022-020016;202239440008-Coronel Armando;83169623000110;MUNICIPIO DE JOINVILLE;3944;Coronel Armando;1000000.0;;2023OB802749;Banco do Brasil;001;3155-0;3155;25124-0;25124
09032022-020018;202239440009-Coronel Armando;83169623000110;MUNICIPIO DE JOINVILLE;3944;Coronel Armando;269000.0;;2022OB802677;Banco do Brasil;001;3155-0;3155;25124-0;25124
09032022-021855;202241850010-Jorginho Mello;83169623000110;MUNICIPIO DE JOINVILLE;4185;Jorginho Mello;250000.0;;2023OB804947;Banco do Brasil;001;3155-0;3155;25124-0;25124
09032021-2-013885;202139530003-Darci de Matos;83169623000110;MUNICIPIO DE JOINVILLE;3953;Darci de Matos;500000.0;;2021OB804946, 2022OB800129;Banco do Brasil;001;3155-0;3155;25020-1;25020
09032025-2-088538;202544930003-ZÉ TROVÃO;83169623000110;MUNICIPIO DE JOINVILLE;4493;Zé Trovão;2253225.15;Drenagem Urbana - Drenagem Urbana;2025OB009121;Banco do Brasil;001;3155-0;3155;27292-2;27292
09032022-016351;202239530001-Darci de Matos;83169623000110;MUNICIPIO DE JOINVILLE;3953;Darci de Matos;700000.0;;2023OB802832;Banco do Brasil;001;3155-0;3155;25124-0;25124
09032022-2-022185;202241290001-Rodrigo Coelho;83169623000110;MUNICIPIO DE JOINVILLE;4129;Rodrigo Coelho;1500000.0;;2023OB805135;Banco do Brasil;001;3155-0;3155;25124-0;25124
09032023-034181;202318800004-Angela Amin;83169623000110;MUNICIPIO DE JOINVILLE;1880;Angela Amin;500000.0;;2023OB806508;Banco do Brasil;001;38-8;38;143306-7;143306
09032023-037181;202339440018-Coronel Armando;83169623000110;MUNICIPIO DE JOINVILLE;3944;Coronel Armando;4073023.0;;2023OB806509;Banco do Brasil;001;38-8;38;143306-7;143306
09032023-038428;202341290001-Rodrigo Coelho;83169623000110;MUNICIPIO DE JOINVILLE;4129;Rodrigo Coelho;2525274.0;;2023OB805554, 2023OB811246;Banco do Brasil;001;38-8;38;143306-7;143306
09032023-038429;202341290003-Rodrigo Coelho;83169623000110;MUNICIPIO DE JOINVILLE;4129;Rodrigo Coelho;6516837.0;;2023OB805543;Banco do Brasil;001;38-8;38;143306-7;143306
09032024-068025;202444010006-Julia Zanatta;83169623000110;MUNICIPIO DE JOINVILLE;4401;Julia Zanatta;100000.0;;2024OB011577;Banco do Brasil;001;3155-0;3155;25704-4;25704
09032024-068227;202439490003-Daniel Freitas;83169623000110;MUNICIPIO DE JOINVILLE;3949;Daniel Freitas;316000.0;;2024OB008573;Banco do Brasil;001;3155-0;3155;25703-6;25703
09032024-068714;202442510013-Ivete da Silveira;83169623000110;MUNICIPIO DE JOINVILLE;4251;Ivete da Silveira;250000.0;;2024OB010008;Banco do Brasil;001;3155-0;3155;25708-7;25708
09032024-068832;202442510012-Ivete da Silveira;83169623000110;MUNICIPIO DE JOINVILLE;4251;Ivete da Silveira;250000.0;;2024OB003631;Banco do Brasil;001;3155-0;3155;25707-9;25707
09032024-069312;202490550002-Gilson Marques;83169623000110;MUNICIPIO DE JOINVILLE;9055;Gilson Marques;550000.0;;2024OB005312;Banco do Brasil;001;3155-0;3155;25700-1;25700
09032024-074730;202443920007-Ismael;83169623000110;MUNICIPIO DE JOINVILLE;4392;Ismael;621585.0;;2024OB011131;Banco do Brasil;001;3155-0;3155;25701-X;25701
09032024-075299;202444930001-Zé Trovão;83169623000110;MUNICIPIO DE JOINVILLE;4493;Zé Trovão;800000.0;;2024OB012337;Banco do Brasil;001;3155-0;3155;25702-8;25702
09032025-081305;202542090003-JORGE GOETTEN;83169623000110;MUNICIPIO DE JOINVILLE;4209;Jorge Goetten;990000.0;Pavimentação - Pavimentação;2025OB001896;Banco do Brasil;001;3155-0;3155;27131-4;27131
09032025-083250;202539320001-CAROLINE DE TONI;83169623000110;MUNICIPIO DE JOINVILLE;3932;Caroline de Toni;396000.0;Aquisição De Equipamento E Material Permanente Para Unidade De Atenção Especializada Em Saúde - Aquisição De Equipamento E Material Permanente Para Unidade De Atenção Especializada Em Saúde;2025OB006067;Banco do Brasil;001;3155-0;3155;27209-4;27209
09032025-084337;202542730001-JORGE SEIF;83169623000110;MUNICIPIO DE JOINVILLE;4273;Jorge Seif;396000.0;Pavimentação - Pavimentação;2025OB002016;Banco do Brasil;001;3155-0;3155;27049-0;27049
09032026-096793;202642510003-IVETE DA SILVEIRA;83169623000110;MUNICIPIO DE JOINVILLE;4251;Ivete da Silveira;398000.0;Objeto Único Não Padronizado – Obras e Serviços de Engenharia - Construção, Reforma Ou Ampliação de Infraestrutura Esportiva na Praça Catequese no Jardim Edilene - Ministério do Esporte;2026OB005423;Banco do Brasil;001;3155-0;3155;27540-9;27540
09032025-080643;202542510003-IVETE DA SILVEIRA;83169623000110;MUNICIPIO DE JOINVILLE;4251;Ivete da Silveira;8415000.0;Objeto Único Não Padronizado – Obras e Serviços de Engenharia - Ação 00SL - Ministério do Esporte Construção de Ginásio;2025OB003851;Banco do Brasil;001;3155-0;3155;27133-0;27133
09032026-096792;202642510003-IVETE DA SILVEIRA;83169623000110;MUNICIPIO DE JOINVILLE;4251;Ivete da Silveira;8457500.0;Objeto Único Não Padronizado – Obras e Serviços de Engenharia - Ação 00SL - Ministério do Esporte Construção de Ginásio;2026OB005427;Banco do Brasil;001;3155-0;3155;27542-5;27542
09032026-089629;202632350004-GEOVANIA DE SÁ;83169623000110;MUNICIPIO DE JOINVILLE;3235;Geovania De Sá;497500.0;Pavimentação Urbana - Ministério das Cidades - Pavimentação Urbana - Ministério das Cidades;2026OB000944;Banco do Brasil;001;3155-0;3155;27535-2;27535
09032025-085405;202544930003-ZÉ TROVÃO;83169623000110;MUNICIPIO DE JOINVILLE;4493;Zé Trovão;2253225.15;Drenagem Urbana - Drenagem Urbana;;Banco do Brasil;001;3155-0;3155;;
09032026-093924;202642090003-JORGE GOETTEN;83169623000110;MUNICIPIO DE JOINVILLE;4209;Jorge Goetten;398000.0;Pavimentação Urbana - Ministério das Cidades - Pavimentação Urbana - Ministério das Cidades;2026OB002400;Banco do Brasil;001;3155-0;3155;27532-8;27532
09032026-096796;202642510003-IVETE DA SILVEIRA;83169623000110;MUNICIPIO DE JOINVILLE;4251;Ivete da Silveira;398000.0;Objeto Único Não Padronizado – Obras e Serviços de Engenharia - Construção, Reforma Ou Ampliação de Infraestrutura Esportiva na praça do loteamento Flamboyant, instalação de quadra futebol sintético e parque infantil. - Ministério do Esporte;2026OB002410;Banco do Brasil;001;3155-0;3155;27534-4;27534
09032026-096794;202642510003-IVETE DA SILVEIRA;83169623000110;MUNICIPIO DE JOINVILLE;4251;Ivete da Silveira;398000.0;Objeto Único Não Padronizado – Obras e Serviços de Engenharia - Construção, Reforma Ou Ampliação de Infraestrutura Esportiva na  Praça Davi da Graça - Ministério do Esporte;2026OB002408;Banco do Brasil;001;3155-0;3155;27533-6;27533
09032026-096795;202642510003-IVETE DA SILVEIRA;83169623000110;MUNICIPIO DE JOINVILLE;4251;Ivete da Silveira;398000.0;Objeto Único Não Padronizado – Obras e Serviços de Engenharia - Construção, Reforma Ou Ampliação de Infraestrutura Esportiva na Praça do Bairro Costa e Silva na Rua Duarte Schuttel - Ministério do Esporte;2026OB005425;Banco do Brasil;001;3155-0;3155;27539-5;27539
09032022-3-022392;202241290001-Rodrigo Coelho;83169623000110;MUNICIPIO DE JOINVILLE;4129;Rodrigo Coelho;1500000.0;;;;;;;;
0903-003497;202028560001-Rogério Peninha Mendonça;82925652000100;MUNICIPIO DE SAO JOAO BATISTA;2856;Rogério Peninha Mendonça;500000.0;;2020OB801215;Caixa Econômica Federal;104;3533-5;3533;575856795-3;575856795
09032022-016123;202237860003-Dário Berger;82925652000100;MUNICIPIO DE SAO JOAO BATISTA;3786;Dário Berger;150000.0;;2023OB802148;Caixa Econômica Federal;104;3533-5;3533;575856797-0;575856797
09032023-034400;202322100001-Esperidião Amin;82925652000100;MUNICIPIO DE SAO JOAO BATISTA;2210;Esperidião Amin;400000.0;;2023OB811982;Caixa Econômica Federal;104;3533-5;3533;575856798-8;575856798
09032022-018224;202228560001-Rogério Peninha Mendonça;82925652000100;MUNICIPIO DE SAO JOAO BATISTA;2856;Rogério Peninha Mendonça;300000.0;;2023OB801112;Caixa Econômica Federal;104;3533-5;3533;575856797-0;575856797
09032022-021032;202240620006-Ricardo Guidi;82925652000100;MUNICIPIO DE SAO JOAO BATISTA;4062;Ricardo Guidi;350000.0;;2023OB803711;Caixa Econômica Federal;104;3533-5;3533;575856797-0;575856797
09032023-035179;202328560025-Rogério Peninha Mendonça;82925652000100;MUNICIPIO DE SAO JOAO BATISTA;2856;Rogério Peninha Mendonça;400000.0;;2023OB812437;Caixa Econômica Federal;104;3533-5;3533;575856798-8;575856798
09032023-036997;202339290002-Carlos Chiodini;82925652000100;MUNICIPIO DE SAO JOAO BATISTA;3929;Carlos Chiodini;500000.0;;2023OB810497;Caixa Econômica Federal;104;3533-5;3533;575856798-8;575856798
09032023-039009;202342510010-Ivete da Silveira;82925652000100;MUNICIPIO DE SAO JOAO BATISTA;4251;Ivete da Silveira;300000.0;;2023OB806705;Caixa Econômica Federal;104;3533-5;3533;575856798-8;575856798
09032024-066084;202442730002-Jorge Seif;82925652000100;MUNICIPIO DE SAO JOAO BATISTA;4273;Jorge Seif;100000.0;;2024OB010244;Caixa Econômica Federal;104;3533-5;3533;575856805-4;575856805
09032024-068675;202442510013-Ivete da Silveira;82925652000100;MUNICIPIO DE SAO JOAO BATISTA;4251;Ivete da Silveira;250000.0;;2024OB003589, 2024OB010038;Caixa Econômica Federal;104;3533-5;3533;575856804-6;575856804
09032024-068792;202442510012-Ivete da Silveira;82925652000100;MUNICIPIO DE SAO JOAO BATISTA;4251;Ivete da Silveira;250000.0;;2024OB003547, 2024OB003578;Caixa Econômica Federal;104;3533-5;3533;575856802-0;575856802
09032024-072830;202439320001-Caroline de Toni;82925652000100;MUNICIPIO DE SAO JOAO BATISTA;3932;Caroline de Toni;250000.0;;2024OB002338;Caixa Econômica Federal;104;3533-5;3533;575856803-8;575856803
09032024-075075;202444480002-Pezenti;82925652000100;MUNICIPIO DE SAO JOAO BATISTA;4448;Pezenti;400000.0;;2024OB012008;Caixa Econômica Federal;104;3533-5;3533;575856806-2;575856806
09032025-080744;202544010010-JULIA ZANATTA;82925652000100;MUNICIPIO DE SAO JOAO BATISTA;4401;Julia Zanatta;396000.0;Pavimentação - Pavimentação;2025OB002418;Caixa Econômica Federal;104;3533-5;3533;574793543-3;574793543
09032025-081786;202522100013-ESPERIDIÃO AMIN;82925652000100;MUNICIPIO DE SAO JOAO BATISTA;2210;Esperidião Amin;396000.0;Áreas De Lazer E Estruturas Para Atividades Físicas Em Espaços Públicos - Áreas De Lazer E Estruturas Para Atividades Físicas Em Espaços Públicos - Parques E Praças;2025OB004506;Caixa Econômica Federal;104;3533-5;3533;574516452-9;574516452
09032025-083183;202539290001-CARLOS CHIODINI;82925652000100;MUNICIPIO DE SAO JOAO BATISTA;3929;Carlos Chiodini;831600.0;Construção, Reforma Ou Ampliação De Infraestrutura Esportiva - Construção, Reforma Ou Ampliação De Infraestrutura Esportiva;2025OB003456;Caixa Econômica Federal;104;3533-5;3533;574600837-7;574600837
09032025-083225;202539320001-CAROLINE DE TONI;82925652000100;MUNICIPIO DE SAO JOAO BATISTA;3932;Caroline de Toni;495000.0;Pavimentação - Pavimentação;2025OB001175;Caixa Econômica Federal;104;3533-5;3533;574810393-8;574810393
09032025-083400;202539800001-FABIO SCHIOCHET;82925652000100;MUNICIPIO DE SAO JOAO BATISTA;3980;Fabio Schiochet;990000.0;Pavimentação - Pavimentação;2025OB001278;Caixa Econômica Federal;104;3533-5;3533;574810392-0;574810392
09032025-083887;202540620003-RICARDO GUIDI;82925652000100;MUNICIPIO DE SAO JOAO BATISTA;4062;Ricardo Guidi;1188000.0;Implantação De Pontes Em Estradas Vicinais - Implantação De Pontes Em Estradas Vicinais;2025OB001490;Caixa Econômica Federal;104;3533-5;3533;574761786-5;574761786
09032025-079208;202544480001-PEZENTI;82925652000100;MUNICIPIO DE SAO JOAO BATISTA;4448;Pezenti;198000.0;Aquisição De Veiculos - Aquisição De Veiculos;2025OB004268;Caixa Econômica Federal;104;3533-5;3533;574600836-9;574600836
09032023-037052;202339320001-Caroline de Toni;82925652000100;MUNICIPIO DE SAO JOAO BATISTA;3932;Caroline de Toni;150000.0;;2023OB813637;Caixa Econômica Federal;104;3533-5;3533;575856798-8;575856798
09032026-091781;202644010005-JULIA ZANATTA;82925652000100;MUNICIPIO DE SAO JOAO BATISTA;4401;Julia Zanatta;995000.0;Construção, Reforma Ou Ampliação De Infraestrutura Esportiva  - Ministério do Esporte - Construção, Reforma Ou Ampliação De Infraestrutura Esportiva  - Ministério do Esporte;;Caixa Econômica Federal;104;3533-5;3533;569260824-0;569260824
09032026-093909;202642090003-JORGE GOETTEN;82925652000100;MUNICIPIO DE SAO JOAO BATISTA;4209;Jorge Goetten;199000.0;Aquisição De Playgrounds Ou Parquinhos Infantis Em Espaços Esportivos Comunitários  - Ministério do Esporte - Aquisição De Playgrounds Ou Parquinhos Infantis Em Espaços Esportivos Comunitários  - Ministério do Esporte;;Caixa Econômica Federal;104;3533-5;3533;569260823-1;569260823
09032026-095945;202639800001-FABIO SCHIOCHET;82925652000100;MUNICIPIO DE SAO JOAO BATISTA;3980;Fabio Schiochet;995000.0;Pavimentação Urbana - Ministério das Cidades - Pavimentação Urbana - Ministério das Cidades;2026OB004856;Caixa Econômica Federal;104;3533-5;3533;569300195-0;569300195
09032021-010978;202132350006-Geovania De Sá;82777228000157;MUNICIPIO DE OURO;3235;Geovania De Sá;100000.0;;2021OB800758;Banco do Brasil;001;5403-8;5403;7485-3;7485
09032021-011972;202139320005-Caroline de Toni;82777228000157;MUNICIPIO DE OURO;3932;Caroline de Toni;70000.0;;2021OB801253;Banco do Brasil;001;5403-8;5403;7485-3;7485
09032022-016346;202239530001-Darci de Matos;82777228000157;MUNICIPIO DE OURO;3953;Darci de Matos;159682.0;;2023OB802820;Banco do Brasil;001;644-0;644;56552-0;56552
09032022-021848;202241850010-Jorginho Mello;82777228000157;MUNICIPIO DE OURO;4185;Jorginho Mello;200000.0;;2022OB804108;Banco do Brasil;001;644-0;644;56552-0;56552
09032023-037071;202339320001-Caroline de Toni;82777228000157;MUNICIPIO DE OURO;3932;Caroline de Toni;500000.0;;2023OB808476;Banco do Brasil;001;644-0;644;59027-4;59027
09032023-039030;202342510010-Ivete da Silveira;82777228000157;MUNICIPIO DE OURO;4251;Ivete da Silveira;400000.0;;2023OB814976;Banco do Brasil;001;644-0;644;59027-4;59027
09032023-034418;202322100001-Esperidião Amin;82777228000157;MUNICIPIO DE OURO;2210;Esperidião Amin;400000.0;;2023OB809287;Banco do Brasil;001;644-0;644;59027-4;59027
09032025-075747;202542730002-JORGE SEIF;82777228000157;MUNICIPIO DE OURO;4273;Jorge Seif;198000.0;Custeio Ao Piso Da Atenção Primária - Custeio Ao Piso Da Atenção Primária;2025OB006642;Banco do Brasil;001;644-0;644;64640-7;64640
09032024-072854;202439320001-Caroline de Toni;82777228000157;MUNICIPIO DE OURO;3932;Caroline de Toni;500000.0;;2024OB002354;Caixa Econômica Federal;104;1071-5;1071;575861787-0;575861787
09032024-069096;202422100016-Esperidião Amin;82777228000157;MUNICIPIO DE OURO;2210;Esperidião Amin;250000.0;;2024OB006414;Caixa Econômica Federal;104;1071-5;1071;575861786-1;575861786
09032025-084678;202543250005-COBALCHINI;82777228000157;MUNICIPIO DE OURO;4325;Cobalchini;396000.0;Construção, Reforma Ou Ampliação De Infraestrutura Esportiva - Construção, Reforma Ou Ampliação De Infraestrutura Esportiva;2025OB004025;Banco do Brasil;001;644-0;644;64442-0;64442
09032026-094600;202622100012-ESPERIDIÃO AMIN;82777228000157;MUNICIPIO DE OURO;2210;Esperidião Amin;398000.0;Pavimentação De Estradas Vicinais - Ministério da Integração e do Desenvolvimento Regional - Pavimentação De Estradas Vicinais - Ministério da Integração e do Desenvolvimento Regional;2026OB000223;Banco do Brasil;001;644-0;644;66270-4;66270
09032026-095749;202639290001-CARLOS CHIODINI;82777228000157;MUNICIPIO DE OURO;3929;Carlos Chiodini;274620.0;Aquisição de Máquinas e Equipamentos (GND 4) - Ministério da Agricultura e Pecuária - Aquisição de Máquinas e Equipamentos (GND 4) - Ministério da Agricultura e Pecuária;;Banco do Brasil;001;644-0;644;66380-8;66380
09032026-095813;202639320001-CAROLINE DE TONI;82777228000157;MUNICIPIO DE OURO;3932;Caroline de Toni;398000.0;Pavimentação Urbana - Ministério das Cidades - Pavimentação Urbana - Ministério das Cidades;2026OB001465;Caixa Econômica Federal;104;1071-5;1071;569446583-7;569446583
09032021-013431;202141850007-Jorginho Mello;82963216000117;MUNICIPIO DE SOMBRIO;4185;Jorginho Mello;200000.0;;2021OB802431;Caixa Econômica Federal;104;2892-4;2892;575856896-8;575856896
09032022-021851;202241850010-Jorginho Mello;82963216000117;MUNICIPIO DE SOMBRIO;4185;Jorginho Mello;200000.0;;2023OB804952;Banco do Brasil;001;1410-9;1410;35990-4;35990
09032024-068710;202442510013-Ivete da Silveira;82963216000117;MUNICIPIO DE SOMBRIO;4251;Ivete da Silveira;150000.0;;2024OB010041;Caixa Econômica Federal;104;2892-4;2892;575856902-6;575856902
09032024-074484;202443390001-Daniela Reinehr;82963216000117;MUNICIPIO DE SOMBRIO;4339;Daniela Reinehr;150000.0;;2024OB010886;Caixa Econômica Federal;104;2892-4;2892;575856903-4;575856903
09032024-068827;202442510012-Ivete da Silveira;82963216000117;MUNICIPIO DE SOMBRIO;4251;Ivete da Silveira;150000.0;;2024OB003555;Caixa Econômica Federal;104;2892-4;2892;575856901-8;575856901
09032026-089626;202632350004-GEOVANIA DE SÁ;82963216000117;MUNICIPIO DE SOMBRIO;3235;Geovania De Sá;398000.0;Aquisição de Insumos (GND 3) - Ministério da Agricultura e Pecuária - Aquisição de Insumos (GND 3) - Ministério da Agricultura e Pecuária;2026OB004487;Caixa Econômica Federal;104;2892-4;2892;569002285-0;569002285
09032026-094210;202643920005-ISMAEL;82963216000117;MUNICIPIO DE SOMBRIO;4392;Ismael;497500.0;Pavimentação Urbana - Ministério das Cidades - Pavimentação Urbana - Ministério das Cidades;2026OB003142;Caixa Econômica Federal;104;2892-4;2892;569734348-1;569734348
09032026-097349;202643390009-DANIELA REINEHR;82963216000117;MUNICIPIO DE SOMBRIO;4339;Daniela Reinehr;348250.0;Retroescavadeira - Infraestrutura Produtiva  - Ministério da Integração e do Desenvolvimento Regional - Retroescavadeira - Infraestrutura Produtiva  - Ministério da Integração e do Desenvolvimento Regional;2026OB002920;Caixa Econômica Federal;104;2892-4;2892;569487345-5;569487345
0903-004617;202022100018-Esperidião Amin;82892365000132;MUNICIPIO DE PAULO LOPES;2210;Esperidião Amin;150000.0;;2020OB801192;Banco do Brasil;001;5314-7;5314;8898-6;8898
0903-004370;202032350006-Geovania De Sá;82892365000132;MUNICIPIO DE PAULO LOPES;3235;Geovania De Sá;250000.0;;2020OB801194;Banco do Brasil;001;5314-7;5314;8898-6;8898
09032022-017139;202218800004-Angela Amin;82892365000132;MUNICIPIO DE PAULO LOPES;1880;Angela Amin;150000.0;;2022OB800482;Banco do Brasil;001;5314-7;5314;9960-0;9960
09032023-034158;202318800004-Angela Amin;82892365000132;MUNICIPIO DE PAULO LOPES;1880;Angela Amin;150000.0;;2023OB809124;Banco do Brasil;001;5314-7;5314;10632-1;10632
09032024-068006;202444010006-Julia Zanatta;82892365000132;MUNICIPIO DE PAULO LOPES;4401;Julia Zanatta;300000.0;;2024OB011559;Banco do Brasil;001;5314-7;5314;11187-2;11187
09032024-073975;202442730001-Jorge Seif;82892365000132;MUNICIPIO DE PAULO LOPES;4273;Jorge Seif;100000.0;;2024OB010229;Banco do Brasil;001;5314-7;5314;11186-4;11186
09032024-072821;202439320001-Caroline de Toni;82892365000132;MUNICIPIO DE PAULO LOPES;3932;Caroline de Toni;100000.0;;2024OB008474;Banco do Brasil;001;5314-7;5314;11184-8;11184
09032024-073866;202442090002-Jorge Goetten;82892365000132;MUNICIPIO DE PAULO LOPES;4209;Jorge Goetten;100000.0;;2024OB009935;Banco do Brasil;001;5314-7;5314;11185-6;11185
09032024-074455;202443390001-Daniela Reinehr;82892365000132;MUNICIPIO DE PAULO LOPES;4339;Daniela Reinehr;200000.0;;2024OB010888;Banco do Brasil;001;5314-7;5314;11189-9;11189
09032024-075294;202444930001-Zé Trovão;82892365000132;MUNICIPIO DE PAULO LOPES;4493;Zé Trovão;1000000.0;;2024OB012330;Banco do Brasil;001;5314-7;5314;11188-0;11188
09032025-083182;202539290001-CARLOS CHIODINI;82892365000132;MUNICIPIO DE PAULO LOPES;3929;Carlos Chiodini;445500.0;Pavimentação - Pavimentação;2025OB001169;Banco do Brasil;001;5314-7;5314;12041-3;12041
09032025-083883;202540620003-RICARDO GUIDI;82892365000132;MUNICIPIO DE PAULO LOPES;4062;Ricardo Guidi;495000.0;Pavimentação: Adequação De Vias - Pavimentação: Adequação De Vias;2025OB001496;Banco do Brasil;001;5314-7;5314;12012-X;12012
09032026-094189;202643920005-ISMAEL;82892365000132;MUNICIPIO DE PAULO LOPES;4392;Ismael;696500.0;Pavimentação Urbana - Ministério das Cidades - Pavimentação Urbana - Ministério das Cidades;2026OB003138;Banco do Brasil;001;5314-7;5314;12356-0;12356
09032025-085005;202543920008-ISMAEL;82892365000132;MUNICIPIO DE PAULO LOPES;4392;Ismael;990000.0;Pavimentação: Adequação De Vias - Pavimentação: Adequação De Vias;2025OB002373;Banco do Brasil;001;5314-7;5314;12032-4;12032
09032025-085069;202544010008-JULIA ZANATTA;82892365000132;MUNICIPIO DE PAULO LOPES;4401;Julia Zanatta;1980000.0;Pavimentação - Pavimentação;2025OB002405;Banco do Brasil;001;5314-7;5314;12014-6;12014
09032025-085406;202544930005-ZÉ TROVÃO;82892365000132;MUNICIPIO DE PAULO LOPES;4493;Zé Trovão;990000.0;Pavimentação - Pavimentação;2025OB002738;Banco do Brasil;001;5314-7;5314;12039-1;12039
09032025-081287;202542090003-JORGE GOETTEN;82892365000132;MUNICIPIO DE PAULO LOPES;4209;Jorge Goetten;396000.0;Pavimentação - Pavimentação;2025OB001909;Banco do Brasil;001;5314-7;5314;12021-9;12021
09032025-2-088539;202544930004-ZÉ TROVÃO;82892365000132;MUNICIPIO DE PAULO LOPES;4493;Zé Trovão;1485000.0;Pavimentação - Pavimentação;2025OB009117;Banco do Brasil;001;5314-7;5314;12157-6;12157
09032025-2-087459;202542510003-IVETE DA SILVEIRA;82892365000132;MUNICIPIO DE PAULO LOPES;4251;Ivete da Silveira;198000.0;Aquisição De Equipamento E Material Permanente - Aquisição De Equipamento E Material Permanente;;Banco do Brasil;001;5314-7;5314;;
09032025-2-087995;202539490004-DANIEL FREITAS;82892365000132;MUNICIPIO DE PAULO LOPES;3949;Daniel Freitas;990000.0;Pavimentação - Pavimentação;2025OB008130;Banco do Brasil;001;5314-7;5314;12156-8;12156
09032026-089772;202639490005-DANIEL FREITAS;82892365000132;MUNICIPIO DE PAULO LOPES;3949;Daniel Freitas;1990000.0;Pavimentação Urbana - Ministério das Cidades - Pavimentação Urbana - Ministério das Cidades;;Banco do Brasil;001;5314-7;5314;;
09032025-080636;202542510003-IVETE DA SILVEIRA;82892365000132;MUNICIPIO DE PAULO LOPES;4251;Ivete da Silveira;198000.0;Aquisição De Equipamento E Material Permanente - Aquisição De Equipamento E Material Permanente;;Banco do Brasil;001;5314-7;5314;;
09032026-089608;202632350004-GEOVANIA DE SÁ;82892365000132;MUNICIPIO DE PAULO LOPES;3235;Geovania De Sá;398000.0;Pavimentação Urbana - Ministério das Cidades - Pavimentação Urbana - Ministério das Cidades;2026OB000952;Banco do Brasil;001;5314-7;5314;12357-9;12357
09032026-096343;202640620003-RICARDO GUIDI;82892365000132;MUNICIPIO DE PAULO LOPES;4062;Ricardo Guidi;398000.0;Pavimentação Urbana - Ministério das Cidades - Pavimentação Urbana - Ministério das Cidades;2026OB001831;Banco do Brasil;001;5314-7;5314;12372-2;12372
09032021-010981;202132350006-Geovania De Sá;82827999000101;MUNICIPIO DE TANGARA;3235;Geovania De Sá;200000.0;;2021OB801985;Banco do Brasil;001;737-4;737;25924-1;25924
09032023-2-041698;202342510010-Ivete da Silveira;82827999000101;MUNICIPIO DE TANGARA;4251;Ivete da Silveira;200000.0;;2023OB815941;Caixa Econômica Federal;104;796-0;796;575997201-0;575997201
09032024-068023;202444010006-Julia Zanatta;82827999000101;MUNICIPIO DE TANGARA;4401;Julia Zanatta;250000.0;;2024OB011583;Caixa Econômica Federal;104;796-0;796;575997207-0;575997207
09032024-068711;202442510013-Ivete da Silveira;82827999000101;MUNICIPIO DE TANGARA;4251;Ivete da Silveira;100000.0;;2024OB003591, 2024OB009956;Caixa Econômica Federal;104;796-0;796;575997206-1;575997206
09032024-069392;202439800001-Fabio Schiochet;82827999000101;MUNICIPIO DE TANGARA;3980;Fabio Schiochet;300000.0;;2024OB008740;Caixa Econômica Federal;104;796-0;796;575997203-7;575997203
09032024-072862;202439320001-Caroline de Toni;82827999000101;MUNICIPIO DE TANGARA;3932;Caroline de Toni;150000.0;;2024OB008488;Caixa Econômica Federal;104;796-0;796;575997202-9;575997202
09032024-074485;202443390001-Daniela Reinehr;82827999000101;MUNICIPIO DE TANGARA;4339;Daniela Reinehr;250000.0;;2024OB010894;Caixa Econômica Federal;104;796-0;796;575997205-3;575997205
09032024-068828;202442510012-Ivete da Silveira;82827999000101;MUNICIPIO DE TANGARA;4251;Ivete da Silveira;100000.0;;2024OB003542;Caixa Econômica Federal;104;796-0;796;575997204-5;575997204
09032026-095962;202639800001-FABIO SCHIOCHET;82827999000101;MUNICIPIO DE TANGARA;3980;Fabio Schiochet;398000.0;Pavimentação Urbana - Ministério das Cidades - Pavimentação Urbana - Ministério das Cidades;2026OB001595;Caixa Econômica Federal;104;796-0;796;569610328-2;569610328
09032025-080755;202544010010-JULIA ZANATTA;82827999000101;MUNICIPIO DE TANGARA;4401;Julia Zanatta;198000.0;Objeto Único Não Padronizado – Demais - Aquisição de materiais para Manutenção de Estradas Vicinais, a cargo do Ministério da Agricultura e Pecuária -  Código UO 22000;2025OB007042;Caixa Econômica Federal;104;796-0;796;574081666-8;574081666
09032025-081807;202522100013-ESPERIDIÃO AMIN;82827999000101;MUNICIPIO DE TANGARA;2210;Esperidião Amin;396000.0;Pavimentação: Adequação De Vias - Pavimentação: Adequação De Vias;2025OB000258;Caixa Econômica Federal;104;796-0;796;574776046-3;574776046
09032025-084752;202543390010-DANIELA REINEHR;82827999000101;MUNICIPIO DE TANGARA;4339;Daniela Reinehr;495000.0;Pavimentação - Pavimentação;2025OB002235;Caixa Econômica Federal;104;796-0;796;574739308-8;574739308
09032026-097350;202643390009-DANIELA REINEHR;82827999000101;MUNICIPIO DE TANGARA;4339;Daniela Reinehr;497500.0;Pavimentação Urbana - Ministério das Cidades - Pavimentação Urbana - Ministério das Cidades;2026OB002922;Caixa Econômica Federal;104;796-0;796;569610329-0;569610329
09032025-083248;202539320001-CAROLINE DE TONI;82827999000101;MUNICIPIO DE TANGARA;3932;Caroline de Toni;207900.0;Equipamentos Agrícolas E Agropecuários - Equipamentos Agrícolas E Agropecuários - Rotas De Integração Nacional;2025OB001186;Caixa Econômica Federal;104;796-0;796;574824046-3;574824046
09032026-091795;202644010005-JULIA ZANATTA;82827999000101;MUNICIPIO DE TANGARA;4401;Julia Zanatta;497500.0;Objeto Único Não Padronizado – Demais - Aquisição de veículo para transporte escolar - Fundo Nacional de Desenvolvimento da Educação;;Caixa Econômica Federal;104;796-0;796;;
0903-003254;202041850004-Jorginho Mello;82892373000189;MUNICIPIO DE GOVERNADOR CELSO RAMOS;4185;Jorginho Mello;400000.0;;2020OB801637;Caixa Econômica Federal;104;1874-0;1874;575858539-0;575858539
09032021-012116;202139530003-Darci de Matos;82892373000189;MUNICIPIO DE GOVERNADOR CELSO RAMOS;3953;Darci de Matos;300000.0;;2021OB802277;Caixa Econômica Federal;104;1874-0;1874;575858541-2;575858541
09032022-014120;202232350003-Geovania De Sá;82892373000189;MUNICIPIO DE GOVERNADOR CELSO RAMOS;3235;Geovania De Sá;100000.0;;2023OB801650;Caixa Econômica Federal;104;1874-0;1874;575858543-9;575858543
09032022-016115;202237860003-Dário Berger;82892373000189;MUNICIPIO DE GOVERNADOR CELSO RAMOS;3786;Dário Berger;500000.0;;2022OB802270;Caixa Econômica Federal;104;1874-0;1874;575858543-9;575858543
09032022-016329;202239530001-Darci de Matos;82892373000189;MUNICIPIO DE GOVERNADOR CELSO RAMOS;3953;Darci de Matos;500000.0;;2022OB802724;Caixa Econômica Federal;104;1874-0;1874;575858543-9;575858543
09032022-020032;202239490001-Daniel Freitas;82892373000189;MUNICIPIO DE GOVERNADOR CELSO RAMOS;3949;Daniel Freitas;1000000.0;;2022OB802687, 2023OB802781;Caixa Econômica Federal;104;1874-0;1874;575858543-9;575858543
09032023-031239;202332350003-Geovania De Sá;82892373000189;MUNICIPIO DE GOVERNADOR CELSO RAMOS;3235;Geovania De Sá;200000.0;;2023OB808356;Caixa Econômica Federal;104;1874-0;1874;575858544-7;575858544
09032023-038041;202340620003-Ricardo Guidi;82892373000189;MUNICIPIO DE GOVERNADOR CELSO RAMOS;4062;Ricardo Guidi;1500000.0;;2023OB808442;Caixa Econômica Federal;104;1874-0;1874;575858544-7;575858544
09032024-068221;202439490003-Daniel Freitas;82892373000189;MUNICIPIO DE GOVERNADOR CELSO RAMOS;3949;Daniel Freitas;2000000.0;;2024OB002399;Caixa Econômica Federal;104;1874-0;1874;575858549-8;575858549
09032024-073508;202440620002-Ricardo Guidi;82892373000189;MUNICIPIO DE GOVERNADOR CELSO RAMOS;4062;Ricardo Guidi;800000.0;;2024OB002859;Caixa Econômica Federal;104;1874-0;1874;575858548-0;575858548
09032024-074444;202443390001-Daniela Reinehr;82892373000189;MUNICIPIO DE GOVERNADOR CELSO RAMOS;4339;Daniela Reinehr;200000.0;;2024OB010875;Caixa Econômica Federal;104;1874-0;1874;575858547-1;575858547
09032025-2-088153;202540620003-RICARDO GUIDI;82892373000189;MUNICIPIO DE GOVERNADOR CELSO RAMOS;4062;Ricardo Guidi;495000.0;Abastecimento De Água: Rede De Distribuição - Abastecimento De Água: Rede De Distribuição;2025OB009463;Caixa Econômica Federal;104;1874-0;1874;573443125-3;573443125
09032025-084304;202542730001-JORGE SEIF;82892373000189;MUNICIPIO DE GOVERNADOR CELSO RAMOS;4273;Jorge Seif;396000.0;Pavimentação - Pavimentação;2025OB003901;Caixa Econômica Federal;104;1874-0;1874;574600834-2;574600834
09032026-089602;202632350004-GEOVANIA DE SÁ;82892373000189;MUNICIPIO DE GOVERNADOR CELSO RAMOS;3235;Geovania De Sá;398000.0;Apoio a gestão dos sistemas de saneamento básico - Fundação Nacional de Saúde - Apoio a gestão dos sistemas de saneamento básico - Fundação Nacional de Saúde;2026OB004485;Banco do Brasil;001;5414-3;5414;61050-X;61050
09032025-083876;202540620003-RICARDO GUIDI;82892373000189;MUNICIPIO DE GOVERNADOR CELSO RAMOS;4062;Ricardo Guidi;495000.0;Abastecimento De Água: Rede De Distribuição - Abastecimento De Água: Rede De Distribuição;;Caixa Econômica Federal;104;1874-0;1874;;
09032026-094086;202644480001-PEZENTI;82892373000189;MUNICIPIO DE GOVERNADOR CELSO RAMOS;4448;Pezenti;398000.0;Construção, Reforma Ou Ampliação De Espaços De Esporte E Lazer  - Ministério do Esporte - Construção, Reforma Ou Ampliação De Espaços De Esporte E Lazer  - Ministério do Esporte;2026OB003402;Banco do Brasil;001;5414-3;5414;61046-1;61046
09032026-096339;202640620003-RICARDO GUIDI;82892373000189;MUNICIPIO DE GOVERNADOR CELSO RAMOS;4062;Ricardo Guidi;2611875.0;Construção, Reforma Ou Ampliação De Infraestrutura Esportiva  - Ministério do Esporte - Construção, Reforma Ou Ampliação De Infraestrutura Esportiva  - Ministério do Esporte;2026OB005082;Banco do Brasil;001;5414-3;5414;61048-8;61048
09032021-013424;202141850007-Jorginho Mello;80913031000172;MUNICIPIO DE OURO VERDE;4185;Jorginho Mello;200000.0;;2021OB803322;Banco do Brasil;001;1382-X;1382;33953-9;33953
09032024-074007;202442730001-Jorge Seif;80913031000172;MUNICIPIO DE OURO VERDE;4273;Jorge Seif;200000.0;;2024OB003741;Caixa Econômica Federal;104;3407-0;3407;575995668-6;575995668
09032022-020519;202240150005-Hélio Costa;80913031000172;MUNICIPIO DE OURO VERDE;4015;Hélio Costa;250000.0;;2022OB802990;Caixa Econômica Federal;104;3407-0;3407;575995666-0;575995666
09032022-021842;202241850010-Jorginho Mello;80913031000172;MUNICIPIO DE OURO VERDE;4185;Jorginho Mello;200000.0;;2022OB804114;Caixa Econômica Federal;104;3407-0;3407;575995666-0;575995666
09032023-037062;202339320001-Caroline de Toni;80913031000172;MUNICIPIO DE OURO VERDE;3932;Caroline de Toni;100000.0;;2023OB813643;Caixa Econômica Federal;104;3407-0;3407;575995667-8;575995667
09032023-039018;202342510010-Ivete da Silveira;80913031000172;MUNICIPIO DE OURO VERDE;4251;Ivete da Silveira;400000.0;;2023OB808084, 2023OB811489;Caixa Econômica Federal;104;3407-0;3407;575995667-8;575995667
09032024-072842;202439320001-Caroline de Toni;80913031000172;MUNICIPIO DE OURO VERDE;3932;Caroline de Toni;200000.0;;2024OB008471;Caixa Econômica Federal;104;3407-0;3407;575995669-4;575995669
09032025-075745;202542730002-JORGE SEIF;80913031000172;MUNICIPIO DE OURO VERDE;4273;Jorge Seif;198000.0;Custeio Ao Piso Da Atenção Primária - Custeio Ao Piso Da Atenção Primária;;Caixa Econômica Federal;104;3407-0;3407;;
09032026-095804;202639320001-CAROLINE DE TONI;80913031000172;MUNICIPIO DE OURO VERDE;3932;Caroline de Toni;363175.0;Aquisição De Unidade Móvel De Saúde - Ministério da Saúde - Aquisição De Unidade Móvel De Saúde - Ministério da Saúde;;Banco do Brasil;001;1382-X;1382;38281-7;38281
0903-004407;202028560001-Rogério Peninha Mendonça;95815379000102;MUNICIPIO DE BOMBINHAS;2856;Rogério Peninha Mendonça;200000.0;;2020OB801335;Caixa Econômica Federal;104;4729-5;4729;575993853-0;575993853
09032021-010955;202132350006-Geovania De Sá;95815379000102;MUNICIPIO DE BOMBINHAS;3235;Geovania De Sá;100000.0;;2021OB800870;Caixa Econômica Federal;104;4729-5;4729;575993855-6;575993855
09032022-021516;202241290001-Rodrigo Coelho;95815379000102;MUNICIPIO DE BOMBINHAS;4129;Rodrigo Coelho;350000.0;;2022OB803771;Caixa Econômica Federal;104;4729-5;4729;575993857-2;575993857
09032023-037198;202339490001-Daniel Freitas;95815379000102;MUNICIPIO DE BOMBINHAS;3949;Daniel Freitas;1000000.0;;2023OB813715;Caixa Econômica Federal;104;4729-5;4729;575993858-0;575993858
09032024-066076;202442730002-Jorge Seif;95815379000102;MUNICIPIO DE BOMBINHAS;4273;Jorge Seif;87000.0;;2024OB010304;Caixa Econômica Federal;104;4729-5;4729;575854755-3;575854755
09032024-072802;202439320001-Caroline de Toni;95815379000102;MUNICIPIO DE BOMBINHAS;3932;Caroline de Toni;200000.0;;2024OB002362;Caixa Econômica Federal;104;4729-5;4729;575993859-9;575993859
09032026-098058;202644930015-ZÉ TROVÃO;95815379000102;MUNICIPIO DE BOMBINHAS;4493;Zé Trovão;2985000.0;Pavimentação Urbana - Ministério das Cidades - Pavimentação Urbana - Ministério das Cidades;2026OB003617;Banco do Brasil;001;7127-7;7127;9183-9;9183
09032026-094177;202643920005-ISMAEL;95815379000102;MUNICIPIO DE BOMBINHAS;4392;Ismael;398000.0;Áreas De Lazer E Estruturas Para Atividades Físicas Em Espaços Públicos - Parques E Praças - Ministério das Cidades - Áreas De Lazer E Estruturas Para Atividades Físicas Em Espaços Públicos - Parques E Praças - Ministério das Cidades;2026OB003140;Banco do Brasil;001;7127-7;7127;9187-1;9187
09032026-095930;202639800001-FABIO SCHIOCHET;95815379000102;MUNICIPIO DE BOMBINHAS;3980;Fabio Schiochet;248750.0;Aquisição de Máquinas e Equipamentos (GND 4) - Ministério da Agricultura e Pecuária - Aquisição de Máquinas e Equipamentos (GND 4) - Ministério da Agricultura e Pecuária;;Banco do Brasil;001;7127-7;7127;9228-2;9228
0903-003346;202022100018-Esperidião Amin;82915232000134;MUNICIPIO DE TIMBE DO SUL;2210;Esperidião Amin;100000.0;;2020OB801202;Banco do Brasil;001;5300-7;5300;7580-9;7580
0903-004591;202018800013-Angela Amin;82915232000134;MUNICIPIO DE TIMBE DO SUL;1880;Angela Amin;150000.0;;2020OB801200;Banco do Brasil;001;5300-7;5300;7580-9;7580
09032022-017385;202222100001-Esperidião Amin;82915232000134;MUNICIPIO DE TIMBE DO SUL;2210;Esperidião Amin;150000.0;;2023OB800454;Banco do Brasil;001;5300-7;5300;8207-4;8207
09032023-034407;202322100001-Esperidião Amin;82915232000134;MUNICIPIO DE TIMBE DO SUL;2210;Esperidião Amin;400000.0;;2023OB811981;Banco do Brasil;001;5300-7;5300;8629-0;8629
09032024-072769;202439290001-Carlos Chiodini;82915232000134;MUNICIPIO DE TIMBE DO SUL;3929;Carlos Chiodini;500000.0;;2024OB008450;Caixa Econômica Federal;104;1084-7;1084;575860797-1;575860797
09032025-081793;202522100013-ESPERIDIÃO AMIN;82915232000134;MUNICIPIO DE TIMBE DO SUL;2210;Esperidião Amin;396000.0;Pavimentação De Estradas Vicinais - Pavimentação De Estradas Vicinais;2025OB002907;Banco do Brasil;001;5300-7;5300;9499-4;9499
09032026-091784;202644010005-JULIA ZANATTA;82915232000134;MUNICIPIO DE TIMBE DO SUL;4401;Julia Zanatta;398000.0;Áreas De Lazer E Estruturas Para Atividades Físicas Em Espaços Públicos - Parques E Praças - Ministério das Cidades - Áreas De Lazer E Estruturas Para Atividades Físicas Em Espaços Públicos - Parques E Praças - Ministério das Cidades;2026OB003210;Banco do Brasil;001;5300-7;5300;9686-5;9686
09032026-094585;202622100012-ESPERIDIÃO AMIN;82915232000134;MUNICIPIO DE TIMBE DO SUL;2210;Esperidião Amin;398000.0;Construção, Reforma Ou Ampliação De Espaços De Esporte E Lazer  - Ministério do Esporte - Construção, Reforma Ou Ampliação De Espaços De Esporte E Lazer  - Ministério do Esporte;;Banco do Brasil;001;5300-7;5300;9693-8;9693
09032022-014113;202232350003-Geovania De Sá;95949806000137;MUNICIPIO DE CALMON;3235;Geovania De Sá;200000.0;;2022OB803315;Caixa Econômica Federal;104;572-0;572;575864464-8;575864464
09032023-033054;202328550022-Pedro Uczai;95949806000137;MUNICIPIO DE CALMON;2855;Pedro Uczai;150000.0;;2023OB806612;Caixa Econômica Federal;104;3655-2;3655;575856069-0;575856069
0903-004265;202028550021-Pedro Uczai;95949806000137;MUNICIPIO DE CALMON;2855;Pedro Uczai;250000.0;;2020OB801337;Caixa Econômica Federal;104;3655-2;3655;575856068-1;575856068
09032024-073503;202440620002-Ricardo Guidi;95949806000137;MUNICIPIO DE CALMON;4062;Ricardo Guidi;150000.0;;2024OB009111;Caixa Econômica Federal;104;3655-2;3655;575856071-1;575856071
09032024-073939;202442730001-Jorge Seif;95949806000137;MUNICIPIO DE CALMON;4273;Jorge Seif;100000.0;;2024OB010256;Caixa Econômica Federal;104;3655-2;3655;575856072-0;575856072
09032025-084659;202543250005-COBALCHINI;95949806000137;MUNICIPIO DE CALMON;4325;Cobalchini;495000.0;Pavimentação - Pavimentação;2025OB004026;Caixa Econômica Federal;104;572-0;572;574599979-5;574599979
09032025-080630;202542510003-IVETE DA SILVEIRA;95949806000137;MUNICIPIO DE CALMON;4251;Ivete da Silveira;198000.0;Aquisição De Equipamentos/Material Permanente - Aquisição De Equipamentos/Material Permanente;2025OB003847;Caixa Econômica Federal;104;572-0;572;574599981-7;574599981
09032026-097230;202643250001-COBALCHINI;95949806000137;MUNICIPIO DE CALMON;4325;Cobalchini;398000.0;Pavimentação Urbana - Ministério das Cidades - Pavimentação Urbana - Ministério das Cidades;;Caixa Econômica Federal;104;572-0;572;569300256-6;569300256
09032024-075300;202444930001-Zé Trovão;83102285000107;MUNICIPIO DE BALNEARIO CAMBORIU;4493;Zé Trovão;200000.0;;2024OB012321;Caixa Econômica Federal;104;921-0;921;575862182-6;575862182
09032024-069186;202428550022-Pedro Uczai;83102285000107;MUNICIPIO DE BALNEARIO CAMBORIU;2855;Pedro Uczai;100000.0;;2024OB007081;Caixa Econômica Federal;104;921-0;921;575862181-8;575862181
09032023-2-041700;202342510010-Ivete da Silveira;83102285000107;MUNICIPIO DE BALNEARIO CAMBORIU;4251;Ivete da Silveira;441572.0;;2023OB815920;Caixa Econômica Federal;104;921-0;921;575862178-8;575862178
09032022-015125;202229250013-Carmen Zanotto;83102285000107;MUNICIPIO DE BALNEARIO CAMBORIU;2925;Carmen Zanotto;100000.0;;2023OB801296;Caixa Econômica Federal;104;921-0;921;575862177-0;575862177
09032024-068720;202442510013-Ivete da Silveira;83102285000107;MUNICIPIO DE BALNEARIO CAMBORIU;4251;Ivete da Silveira;200000.0;;2024OB003571;Caixa Econômica Federal;104;921-0;921;575862191-5;575862191
09032024-069315;202490550002-Gilson Marques;83102285000107;MUNICIPIO DE BALNEARIO CAMBORIU;9055;Gilson Marques;700000.0;;2024OB005309;Caixa Econômica Federal;104;921-0;921;575862192-3;575862192
09032023-035167;202328560013-Rogério Peninha Mendonça;83102285000107;MUNICIPIO DE BALNEARIO CAMBORIU;2856;Rogério Peninha Mendonça;300000.0;;2023OB808699;Caixa Econômica Federal;104;921-0;921;575862178-8;575862178
09032024-067062;202429250006-Carmen Zanotto;83102285000107;MUNICIPIO DE BALNEARIO CAMBORIU;2925;Carmen Zanotto;350000.0;;2024OB007328;Caixa Econômica Federal;104;921-0;921;575862183-4;575862183
09032024-068837;202442510012-Ivete da Silveira;83102285000107;MUNICIPIO DE BALNEARIO CAMBORIU;4251;Ivete da Silveira;200000.0;;2024OB003562;Caixa Econômica Federal;104;921-0;921;575862184-2;575862184
09032024-073530;202440620002-Ricardo Guidi;83102285000107;MUNICIPIO DE BALNEARIO CAMBORIU;4062;Ricardo Guidi;200000.0;;2024OB002901;Caixa Econômica Federal;104;921-0;921;575862185-0;575862185
09032024-072869;202439320001-Caroline de Toni;83102285000107;MUNICIPIO DE BALNEARIO CAMBORIU;3932;Caroline de Toni;350000.0;;2024OB002347;Caixa Econômica Federal;104;921-0;921;575862187-7;575862187
09032024-074039;202442730001-Jorge Seif;83102285000107;MUNICIPIO DE BALNEARIO CAMBORIU;4273;Jorge Seif;200000.0;;2024OB003714;Caixa Econômica Federal;104;921-0;921;575862188-5;575862188
09032024-074496;202443390001-Daniela Reinehr;83102285000107;MUNICIPIO DE BALNEARIO CAMBORIU;4339;Daniela Reinehr;100000.0;;2024OB010874;Caixa Econômica Federal;104;921-0;921;575862186-9;575862186
09032024-074731;202443920007-Ismael;83102285000107;MUNICIPIO DE BALNEARIO CAMBORIU;4392;Ismael;200000.0;;2024OB004556;Caixa Econômica Federal;104;921-0;921;575862179-6;575862179
09032024-075091;202444480002-Pezenti;83102285000107;MUNICIPIO DE BALNEARIO CAMBORIU;4448;Pezenti;350000.0;;2024OB004948, 2024OB011983;Caixa Econômica Federal;104;921-0;921;575862189-3;575862189
09032025-079230;202544480001-PEZENTI;83102285000107;MUNICIPIO DE BALNEARIO CAMBORIU;4448;Pezenti;495000.0;Ampliação De Casa De Passagem - Ampliação De Casa De Passagem;2025OB004263;Caixa Econômica Federal;104;921-0;921;574600854-7;574600854
09032025-2-087292;202542090003-JORGE GOETTEN;83102285000107;MUNICIPIO DE BALNEARIO CAMBORIU;4209;Jorge Goetten;198000.0;Adquirir Equipamento De Climatização (Capital) - Adquirir Equipamento De Climatização (Capital);2025OB008561;Caixa Econômica Federal;104;921-0;921;573269658-6;573269658
09032025-2-087462;202542510003-IVETE DA SILVEIRA;83102285000107;MUNICIPIO DE BALNEARIO CAMBORIU;4251;Ivete da Silveira;198000.0;Objeto Único Não Padronizado – Demais - Ação 21FR - MDS;;Caixa Econômica Federal;104;921-0;921;;
09032025-083414;202539800001-FABIO SCHIOCHET;83102285000107;MUNICIPIO DE BALNEARIO CAMBORIU;3980;Fabio Schiochet;297000.0;Objeto Único Não Padronizado – Demais - Objeto Aquisição de equipamentos para Polo Tecnológico - A cargo do Ministério Código 24000 (Ministério da Ciência, Tecnologia e Inovação);;Caixa Econômica Federal;104;921-0;921;;
09032025-081308;202542090003-JORGE GOETTEN;83102285000107;MUNICIPIO DE BALNEARIO CAMBORIU;4209;Jorge Goetten;198000.0;Adquirir Equipamento De Climatização (Capital) - Adquirir Equipamento De Climatização (Capital);;Caixa Econômica Federal;104;921-0;921;;
09032025-080646;202542510003-IVETE DA SILVEIRA;83102285000107;MUNICIPIO DE BALNEARIO CAMBORIU;4251;Ivete da Silveira;198000.0;Objeto Único Não Padronizado – Demais - Ação 21FR - MDS;;Caixa Econômica Federal;104;921-0;921;;
09032023-039038;202342510010-Ivete da Silveira;83102285000107;MUNICIPIO DE BALNEARIO CAMBORIU;4251;Ivete da Silveira;641572.0;;;;;;;;
09032026-093929;202642090003-JORGE GOETTEN;83102285000107;MUNICIPIO DE BALNEARIO CAMBORIU;4209;Jorge Goetten;199000.0;Adquirir Mobiliário Para Outros Ambientes Escolares (Capital) - Fundo Nacional de Desenvolvimento da Educação - Adquirir Mobiliário Para Outros Ambientes Escolares (Capital) - Fundo Nacional de Desenvolvimento da Educação;;Caixa Econômica Federal;104;921-0;921;569171463-1;569171463
09032026-093931;202642090003-JORGE GOETTEN;83102285000107;MUNICIPIO DE BALNEARIO CAMBORIU;4209;Jorge Goetten;199000.0;Objeto Único Não Padronizado – Demais - Aquisição de equipamentos de tecnologia é materiais pedagógicos na edução básica - A cargo do FNDE;;Caixa Econômica Federal;104;921-0;921;569300201-9;569300201
09032026-093930;202642090003-JORGE GOETTEN;83102285000107;MUNICIPIO DE BALNEARIO CAMBORIU;4209;Jorge Goetten;199000.0;Aquisição De Veículo - Ministério do Desenvolvimento e Assistência Social, Família e Combate à Fome - Aquisição De Veículo - Ministério do Desenvolvimento e Assistência Social, Família e Combate à Fome;;Caixa Econômica Federal;104;921-0;921;569128357-6;569128357
0903-003243;202029250015-Carmen Zanotto;95991287000175;MUNICIPIO DE PONTE ALTA DO NORTE;2925;Carmen Zanotto;120000.0;;2020OB801367;Caixa Econômica Federal;104;571-1;571;576001379-0;576001379
0903-003802;202018800013-Angela Amin;95991287000175;MUNICIPIO DE PONTE ALTA DO NORTE;1880;Angela Amin;150000.0;;2020OB801363;Banco do Brasil;001;1987-9;1987;6441-6;6441
09032021-013405;202141850007-Jorginho Mello;95991287000175;MUNICIPIO DE PONTE ALTA DO NORTE;4185;Jorginho Mello;200000.0;;2021OB804786;Banco do Brasil;001;1987-9;1987;6620-6;6620
09032022-021821;202241850010-Jorginho Mello;95991287000175;MUNICIPIO DE PONTE ALTA DO NORTE;4185;Jorginho Mello;200000.0;;2023OB804950;Banco do Brasil;001;1987-9;1987;6764-4;6764
09032023-2-041687;202342510010-Ivete da Silveira;95991287000175;MUNICIPIO DE PONTE ALTA DO NORTE;4251;Ivete da Silveira;350000.0;;2023OB815945;Banco do Brasil;001;1987-9;1987;7048-3;7048
0903-004565;202025690009-Celso Maldaner;95991287000175;MUNICIPIO DE PONTE ALTA DO NORTE;2569;Celso Maldaner;150000.0;;2020OB801365;Banco do Brasil;001;1987-9;1987;6441-6;6441
09032024-070530;202443250003-Cobalchini;95991287000175;MUNICIPIO DE PONTE ALTA DO NORTE;4325;Cobalchini;300000.0;;2024OB010775;Caixa Econômica Federal;104;571-1;571;576001386-2;576001386
0903-004389;202029250015-Carmen Zanotto;95995130000118;MUNICIPIO DE VARGEM;2925;Carmen Zanotto;150000.0;;2020OB801369;Banco do Brasil;001;685-8;685;41885-4;41885
09032021-013404;202141850007-Jorginho Mello;95995130000118;MUNICIPIO DE VARGEM;4185;Jorginho Mello;200000.0;;2021OB804785;Banco do Brasil;001;685-8;685;44090-6;44090
09032022-019898;202239320002-Caroline de Toni;95995130000118;MUNICIPIO DE VARGEM;3932;Caroline de Toni;280000.0;;2023OB802620;Banco do Brasil;001;685-8;685;45581-4;45581
09032022-021820;202241850010-Jorginho Mello;95995130000118;MUNICIPIO DE VARGEM;4185;Jorginho Mello;200000.0;;2023OB804938;Banco do Brasil;001;685-8;685;45581-4;45581
09032023-032855;202329250001-Carmen Zanotto;95995130000118;MUNICIPIO DE VARGEM;2925;Carmen Zanotto;150000.0;;2023OB812595;Banco do Brasil;001;685-8;685;47831-8;47831
09032023-2-041686;202342510010-Ivete da Silveira;95995130000118;MUNICIPIO DE VARGEM;4251;Ivete da Silveira;300000.0;;2023OB815929;Banco do Brasil;001;685-8;685;47831-8;47831
09032024-067033;202429250006-Carmen Zanotto;95995130000118;MUNICIPIO DE VARGEM;2925;Carmen Zanotto;350000.0;;2024OB007346;Banco do Brasil;001;685-8;685;49567-0;49567
09032024-072804;202439320001-Caroline de Toni;95995130000118;MUNICIPIO DE VARGEM;3932;Caroline de Toni;120000.0;;2024OB008497;Banco do Brasil;001;685-8;685;49568-9;49568
09032024-073851;202442090002-Jorge Goetten;95995130000118;MUNICIPIO DE VARGEM;4209;Jorge Goetten;200000.0;;2024OB009918;Banco do Brasil;001;685-8;685;49539-5;49539
09032025-084660;202543250005-COBALCHINI;95995130000118;MUNICIPIO DE VARGEM;4325;Cobalchini;594000.0;Construção, Reforma Ou Ampliação De Espaços De Esporte E Lazer - Construção, Reforma Ou Ampliação De Espaços De Esporte E Lazer;2025OB004973;Banco do Brasil;001;685-8;685;53294-0;53294
09032026-095931;202639800001-FABIO SCHIOCHET;95995130000118;MUNICIPIO DE VARGEM;3980;Fabio Schiochet;497500.0;Pavimentação Urbana - Ministério das Cidades - Pavimentação Urbana - Ministério das Cidades;;Banco do Brasil;001;685-8;685;54958-4;54958
0903-004287;202028560001-Rogério Peninha Mendonça;95952248000169;MUNICIPIO DE MIRIM DOCE;2856;Rogério Peninha Mendonça;250000.0;;2020OB801341;Banco do Brasil;001;809-5;809;24067-2;24067
09032022-016324;202239530001-Darci de Matos;95952248000169;MUNICIPIO DE MIRIM DOCE;3953;Darci de Matos;200000.0;;2023OB802834;Caixa Econômica Federal;104;2815-0;2815;575995381-4;575995381
09032024-075056;202444480002-Pezenti;95952248000169;MUNICIPIO DE MIRIM DOCE;4448;Pezenti;300000.0;;2024OB012018;Banco do Brasil;001;809-5;809;27488-7;27488
09032024-072782;202439290001-Carlos Chiodini;83102400000135;TRÊS BARRAS;3929;Carlos Chiodini;1000000.0;;2024OB002327, 2024OB008436;Caixa Econômica Federal;104;413-8;413;575864714-0;575864714
09032024-072879;202439320001-Caroline de Toni;83102400000135;TRÊS BARRAS;3932;Caroline de Toni;100000.0;;2024OB008499;Caixa Econômica Federal;104;413-8;413;575864713-2;575864713
09032024-069114;202422100016-Esperidião Amin;83102400000135;TRÊS BARRAS;2210;Esperidião Amin;400000.0;;2024OB006412;Caixa Econômica Federal;104;413-8;413;575864712-4;575864712
09032025-079237;202544480001-PEZENTI;83102400000135;TRÊS BARRAS;4448;Pezenti;198000.0;Aquisição De Veículo - Aquisição De Veículo;2025OB007166;Caixa Econômica Federal;104;413-8;413;574347386-9;574347386
09032025-083199;202539290001-CARLOS CHIODINI;83102400000135;TRÊS BARRAS;3929;Carlos Chiodini;990000.0;Pavimentação - Pavimentação;2025OB001161;Caixa Econômica Federal;104;413-8;413;574810399-7;574810399
09032026-095759;202639290001-CARLOS CHIODINI;83102400000135;TRÊS BARRAS;3929;Carlos Chiodini;995000.0;Pavimentação Urbana - Ministério das Cidades - Pavimentação Urbana - Ministério das Cidades;;Caixa Econômica Federal;104;413-8;413;569372401-4;569372401
0903-003978;202025690009-Celso Maldaner;95990255000155;MUNICIPIO DE PLANALTO ALEGRE;2569;Celso Maldaner;200000.0;;2020OB801348;Caixa Econômica Federal;104;3592-0;3592;575994803-9;575994803
09032021-009648;202122100006-Esperidião Amin;95990255000155;MUNICIPIO DE PLANALTO ALEGRE;2210;Esperidião Amin;200000.0;;2021OB800315;Caixa Econômica Federal;104;3592-0;3592;575994804-7;575994804
09032022-016415;202228550021-Pedro Uczai;95990255000155;MUNICIPIO DE PLANALTO ALEGRE;2855;Pedro Uczai;329681.0;;2022OB801258, 2023OB801104;Caixa Econômica Federal;104;3592-0;3592;575994805-5;575994805
09032023-033055;202328550022-Pedro Uczai;95990255000155;MUNICIPIO DE PLANALTO ALEGRE;2855;Pedro Uczai;300000.0;;2023OB812420;Caixa Econômica Federal;104;3592-0;3592;575994806-3;575994806
09032023-034381;202322100001-Esperidião Amin;95990255000155;MUNICIPIO DE PLANALTO ALEGRE;2210;Esperidião Amin;300000.0;;2023OB809293, 2023OB811973;Caixa Econômica Federal;104;3592-0;3592;575994806-3;575994806
09032024-068644;202442510013-Ivete da Silveira;95990255000155;MUNICIPIO DE PLANALTO ALEGRE;4251;Ivete da Silveira;75000.0;;2024OB010021;Caixa Econômica Federal;104;3592-0;3592;575994812-8;575994812
09032024-068761;202442510012-Ivete da Silveira;95990255000155;MUNICIPIO DE PLANALTO ALEGRE;4251;Ivete da Silveira;75000.0;;2024OB003539;Caixa Econômica Federal;104;3592-0;3592;575994811-0;575994811
09032024-073942;202442730001-Jorge Seif;95990255000155;MUNICIPIO DE PLANALTO ALEGRE;4273;Jorge Seif;100000.0;;2024OB003786;Caixa Econômica Federal;104;3592-0;3592;575994809-8;575994809
09032026-094290;202628550010-PEDRO UCZAI;95990255000155;MUNICIPIO DE PLANALTO ALEGRE;2855;Pedro Uczai;199000.0;Ações de Qualificação Turística - Ministério do Turismo - Ações de Qualificação Turística - Ministério do Turismo;;Caixa Econômica Federal;104;3592-0;3592;;
09032026-097231;202643250001-COBALCHINI;95990255000155;MUNICIPIO DE PLANALTO ALEGRE;4325;Cobalchini;398000.0;Pavimentação Urbana - Ministério das Cidades - Pavimentação Urbana - Ministério das Cidades;2026OB002850;Caixa Econômica Federal;104;3592-0;3592;569563273-7;569563273
09032026-097322;202643390009-DANIELA REINEHR;95990255000155;MUNICIPIO DE PLANALTO ALEGRE;4339;Daniela Reinehr;497500.0;Trator de Esteiras - Infraestrutura Produtiva  - Ministério da Integração e do Desenvolvimento Regional - Trator de Esteiras - Infraestrutura Produtiva  - Ministério da Integração e do Desenvolvimento Regional;2026OB002903;Caixa Econômica Federal;104;3592-0;3592;569446679-5;569446679
09032021-010980;202132350006-Geovania De Sá;82777244000140;MUNICIPIO DE PRESIDENTE CASTELO BRANCO;3235;Geovania De Sá;150000.0;;2021OB801779;Caixa Econômica Federal;104;3886-5;3886;575995053-0;575995053
09032021-013429;202141850007-Jorginho Mello;82777244000140;MUNICIPIO DE PRESIDENTE CASTELO BRANCO;4185;Jorginho Mello;200000.0;;2021OB801795;Caixa Econômica Federal;104;3886-5;3886;575995053-0;575995053
09032022-016422;202228550021-Pedro Uczai;82777244000140;MUNICIPIO DE PRESIDENTE CASTELO BRANCO;2855;Pedro Uczai;250000.0;;2023OB801099;Banco do Brasil;001;5350-3;5350;6250-2;6250
09032022-021849;202241850010-Jorginho Mello;82777244000140;MUNICIPIO DE PRESIDENTE CASTELO BRANCO;4185;Jorginho Mello;200000.0;;2023OB804943;Banco do Brasil;001;5350-3;5350;6250-2;6250
09032023-034746;202325690018-Celso Maldaner;82777244000140;MUNICIPIO DE PRESIDENTE CASTELO BRANCO;2569;Celso Maldaner;407302.0;;2023OB812149;Banco do Brasil;001;5350-3;5350;6488-2;6488
09032023-039032;202342510010-Ivete da Silveira;82777244000140;MUNICIPIO DE PRESIDENTE CASTELO BRANCO;4251;Ivete da Silveira;300000.0;;2023OB806461;Banco do Brasil;001;5350-3;5350;6488-2;6488
09032024-066103;202442730002-Jorge Seif;82777244000140;MUNICIPIO DE PRESIDENTE CASTELO BRANCO;4273;Jorge Seif;87000.0;;2024OB010293;Caixa Econômica Federal;104;3886-5;3886;575995058-0;575995058
09032024-068706;202442510013-Ivete da Silveira;82777244000140;MUNICIPIO DE PRESIDENTE CASTELO BRANCO;4251;Ivete da Silveira;150000.0;;2024OB010028;Caixa Econômica Federal;104;3886-5;3886;575995057-2;575995057
09032024-068823;202442510012-Ivete da Silveira;82777244000140;MUNICIPIO DE PRESIDENTE CASTELO BRANCO;4251;Ivete da Silveira;150000.0;;2024OB003532;Caixa Econômica Federal;104;3886-5;3886;575995056-4;575995056
09032026-097253;202643250001-COBALCHINI;82777244000140;MUNICIPIO DE PRESIDENTE CASTELO BRANCO;4325;Cobalchini;398000.0;Pavimentação Urbana - Ministério das Cidades - Pavimentação Urbana - Ministério das Cidades;2026OB002838;Caixa Econômica Federal;104;627-0;627;569698676-1;569698676
09032022-020036;202239490001-Daniel Freitas;01614019000190;MUNICIPIO DE TREVISO;3949;Daniel Freitas;400000.0;;2023OB802787;Banco do Brasil;001;2688-3;2688;17715-6;17715
09032024-066096;202442730002-Jorge Seif;01614019000190;MUNICIPIO DE TREVISO;4273;Jorge Seif;87000.0;;2024OB010290;Banco do Brasil;001;2688-3;2688;19081-0;19081
09032024-068801;202442510012-Ivete da Silveira;01614019000190;MUNICIPIO DE TREVISO;4251;Ivete da Silveira;125000.0;;2024OB003510;Banco do Brasil;001;2688-3;2688;19079-9;19079
09032021-009947;202125690003-Celso Maldaner;01614019000190;MUNICIPIO DE TREVISO;2569;Celso Maldaner;200000.0;;2021OB800434;Banco do Brasil;001;2688-3;2688;17197-2;17197
09032024-068684;202442510013-Ivete da Silveira;01614019000190;MUNICIPIO DE TREVISO;4251;Ivete da Silveira;125000.0;;2024OB009972;Banco do Brasil;001;2688-3;2688;19080-2;19080
09032026-089774;202639490005-DANIEL FREITAS;01614019000190;MUNICIPIO DE TREVISO;3949;Daniel Freitas;497500.0;Pavimentação Urbana - Ministério das Cidades - Pavimentação Urbana - Ministério das Cidades;;Banco do Brasil;001;2688-3;2688;;
09032026-091785;202644010005-JULIA ZANATTA;01614019000190;MUNICIPIO DE TREVISO;4401;Julia Zanatta;597000.0;Pavimentação: Adequação De Vias, Pontes, Travessias e Obras de Artes Especiais em Área Urbana - Ministério das Cidades - Pavimentação: Adequação De Vias, Pontes, Travessias e Obras de Artes Especiais em Área Urbana - Ministério das Cidades;2026OB005859;Banco do Brasil;001;2688-3;2688;20585-0;20585
0903-003745;202032350006-Geovania De Sá;95990107000130;MUNICIPIO DE SUL BRASIL;3235;Geovania De Sá;1300000.0;;2020OB801346;Caixa Econômica Federal;104;2894-0;2894;575856909-3;575856909
09032021-009933;202125690003-Celso Maldaner;95990107000130;MUNICIPIO DE SUL BRASIL;2569;Celso Maldaner;250000.0;;2021OB803810;Caixa Econômica Federal;104;2894-0;2894;575856913-1;575856913
09032021-010415;202128550001-Pedro Uczai;95990107000130;MUNICIPIO DE SUL BRASIL;2855;Pedro Uczai;200000.0;;2021OB803942;Caixa Econômica Federal;104;2894-0;2894;575856913-1;575856913
09032021-011492;202137860003-Dário Berger;95990107000130;MUNICIPIO DE SUL BRASIL;3786;Dário Berger;100000.0;;2021OB803412;Caixa Econômica Federal;104;2894-0;2894;575856913-1;575856913
09032022-016108;202237860003-Dário Berger;95990107000130;MUNICIPIO DE SUL BRASIL;3786;Dário Berger;250000.0;;2023OB802166;Banco do Brasil;001;1392-7;1392;36626-9;36626
09032022-016325;202239530001-Darci de Matos;95990107000130;MUNICIPIO DE SUL BRASIL;3953;Darci de Matos;150000.0;;2023OB802819;Banco do Brasil;001;1392-7;1392;36626-9;36626
09032022-017701;202225690003-Celso Maldaner;95990107000130;MUNICIPIO DE SUL BRASIL;2569;Celso Maldaner;300000.0;;2023OB800698;Banco do Brasil;001;1392-7;1392;36626-9;36626
09032023-033056;202328550022-Pedro Uczai;95990107000130;MUNICIPIO DE SUL BRASIL;2855;Pedro Uczai;150000.0;;2023OB809637;Caixa Econômica Federal;104;2894-0;2894;575856916-6;575856916
09032024-066078;202442730002-Jorge Seif;95990107000130;MUNICIPIO DE SUL BRASIL;4273;Jorge Seif;87000.0;;2024OB010302;Caixa Econômica Federal;104;2894-0;2894;575856928-0;575856928
09032024-068645;202442510013-Ivete da Silveira;95990107000130;MUNICIPIO DE SUL BRASIL;4251;Ivete da Silveira;100000.0;;2024OB010034;Caixa Econômica Federal;104;2894-0;2894;575856933-6;575856933
09032024-069173;202428550022-Pedro Uczai;95990107000130;MUNICIPIO DE SUL BRASIL;2855;Pedro Uczai;100000.0;;2024OB007087;Caixa Econômica Federal;104;2894-0;2894;575856927-1;575856927
09032024-070531;202443250003-Cobalchini;95990107000130;MUNICIPIO DE SUL BRASIL;4325;Cobalchini;300000.0;;2024OB010772;Caixa Econômica Federal;104;2894-0;2894;575856931-0;575856931
09032024-074433;202443390001-Daniela Reinehr;95990107000130;MUNICIPIO DE SUL BRASIL;4339;Daniela Reinehr;150000.0;;2024OB004282;Caixa Econômica Federal;104;2894-0;2894;575856929-8;575856929
09032024-068762;202442510012-Ivete da Silveira;95990107000130;MUNICIPIO DE SUL BRASIL;4251;Ivete da Silveira;100000.0;;2024OB003557;Caixa Econômica Federal;104;2894-0;2894;575856932-8;575856932
0903-004646;202022100018-Esperidião Amin;82945718000115;MUNICIPIO DE SAO CARLOS;2210;Esperidião Amin;150000.0;;2020OB801234;Caixa Econômica Federal;104;1080-4;1080;575996502-2;575996502
09032021-012243;202139800001-Fabio Schiochet;82945718000115;MUNICIPIO DE SAO CARLOS;3980;Fabio Schiochet;200000.0;;2021OB804438;Caixa Econômica Federal;104;1080-4;1080;575996503-0;575996503
09032022-017380;202222100001-Esperidião Amin;82945718000115;MUNICIPIO DE SAO CARLOS;2210;Esperidião Amin;150000.0;;2023OB800448;Caixa Econômica Federal;104;1080-4;1080;575996504-9;575996504
09032023-033070;202328550022-Pedro Uczai;82945718000115;MUNICIPIO DE SAO CARLOS;2855;Pedro Uczai;200000.0;;2023OB812423;Caixa Econômica Federal;104;1080-4;1080;575996505-7;575996505
09032023-037050;202339320001-Caroline de Toni;82945718000115;MUNICIPIO DE SAO CARLOS;3932;Caroline de Toni;100000.0;;2023OB813621;Caixa Econômica Federal;104;1080-4;1080;575996505-7;575996505
09032023-039008;202342510010-Ivete da Silveira;82945718000115;MUNICIPIO DE SAO CARLOS;4251;Ivete da Silveira;300000.0;;2023OB808354;Caixa Econômica Federal;104;1080-4;1080;575996505-7;575996505
09032024-069079;202422100016-Esperidião Amin;82945718000115;MUNICIPIO DE SAO CARLOS;2210;Esperidião Amin;450000.0;;2024OB006407;Caixa Econômica Federal;104;1080-4;1080;575996507-3;575996507
09032024-072829;202439320001-Caroline de Toni;82945718000115;MUNICIPIO DE SAO CARLOS;3932;Caroline de Toni;250000.0;;2024OB008484;Caixa Econômica Federal;104;1080-4;1080;575996506-5;575996506
09032025-084667;202543250005-COBALCHINI;82945718000115;MUNICIPIO DE SAO CARLOS;4325;Cobalchini;495000.0;Pavimentação - Pavimentação;2025OB002196;Caixa Econômica Federal;104;1080-4;1080;574881329-3;574881329
09032026-095944;202639800001-FABIO SCHIOCHET;82945718000115;MUNICIPIO DE SAO CARLOS;3980;Fabio Schiochet;398000.0;Pavimentação De Estradas Vicinais - Ministério da Integração e do Desenvolvimento Regional - Pavimentação De Estradas Vicinais - Ministério da Integração e do Desenvolvimento Regional;2026OB001607;Caixa Econômica Federal;104;1080-4;1080;569446595-0;569446595
09032026-097242;202643250001-COBALCHINI;82945718000115;MUNICIPIO DE SAO CARLOS;4325;Cobalchini;497500.0;Construção, Reforma Ou Ampliação De Infraestrutura Esportiva  - Ministério do Esporte - Construção, Reforma Ou Ampliação De Infraestrutura Esportiva  - Ministério do Esporte;2026OB002843;Caixa Econômica Federal;104;1080-4;1080;569487344-7;569487344
0903-003490;202028550021-Pedro Uczai;83024687000122;MUNICIPIO DE ANCHIETA;2855;Pedro Uczai;250000.0;;2020OB801265;Caixa Econômica Federal;104;1885-6;1885;575858606-0;575858606
09032021-010417;202128550001-Pedro Uczai;83024687000122;MUNICIPIO DE ANCHIETA;2855;Pedro Uczai;250000.0;;2021OB800665;Banco do Brasil;001;1439-7;1439;14706-0;14706
09032021-011493;202137860003-Dário Berger;83024687000122;MUNICIPIO DE ANCHIETA;3786;Dário Berger;100000.0;;2021OB800995;Banco do Brasil;001;1439-7;1439;14706-0;14706
09032022-021827;202241850010-Jorginho Mello;83024687000122;MUNICIPIO DE ANCHIETA;4185;Jorginho Mello;100682.0;;2022OB804102;Banco do Brasil;001;1439-7;1439;15145-9;15145
09032023-038992;202342510010-Ivete da Silveira;83024687000122;MUNICIPIO DE ANCHIETA;4251;Ivete da Silveira;300000.0;;2023OB811494;Caixa Econômica Federal;104;1885-6;1885;575858612-5;575858612
09032024-072808;202439320001-Caroline de Toni;83024687000122;MUNICIPIO DE ANCHIETA;3932;Caroline de Toni;150000.0;;2024OB002363;Caixa Econômica Federal;104;1885-6;1885;575858619-2;575858619
09032025-2-086802;202544480001-PEZENTI;83024687000122;MUNICIPIO DE ANCHIETA;4448;Pezenti;297000.0;Aquisição de Máquinas e Equipamentos (GND 4) - Aquisição de Máquinas e Equipamentos (GND 4);2025OB009015;Banco do Brasil;001;1439-7;1439;16761-4;16761
09032025-080631;202542510003-IVETE DA SILVEIRA;83024687000122;MUNICIPIO DE ANCHIETA;4251;Ivete da Silveira;198000.0;Aquisição De Equipamentos/Material Permanente - Aquisição De Equipamentos/Material Permanente;2025OB003850;Banco do Brasil;001;1439-7;1439;16686-3;16686
09032025-084662;202543250005-COBALCHINI;83024687000122;MUNICIPIO DE ANCHIETA;4325;Cobalchini;495000.0;Pavimentação - Pavimentação;2025OB002194;Caixa Econômica Federal;104;1885-6;1885;574824056-0;574824056
09032025-075723;202542730002-JORGE SEIF;83024687000122;MUNICIPIO DE ANCHIETA;4273;Jorge Seif;198000.0;Objeto Único Não Padronizado – Demais - Órgão 53000 - MIDR;;Caixa Econômica Federal;104;1885-6;1885;;
09032025-079191;202544480001-PEZENTI;83024687000122;MUNICIPIO DE ANCHIETA;4448;Pezenti;297000.0;Aquisição De Máquinas, Implementos E Equipamentos Agrícolas Adaptados À Agricultura Familiar E Tecnologias Sociais - Aquisição De Máquinas, Implementos E Equipamentos Agrícolas Adaptados À Agricultura Familiar E Tecnologias Sociais.;;Caixa Econômica Federal;104;1885-6;1885;;
09032026-089598;202632350004-GEOVANIA DE SÁ;83024687000122;MUNICIPIO DE ANCHIETA;3235;Geovania De Sá;199000.0;Aquisição de Máquinas e Equipamentos (GND 4) - Ministério da Agricultura e Pecuária - Aquisição de Máquinas e Equipamentos (GND 4) - Ministério da Agricultura e Pecuária;;Caixa Econômica Federal;104;1885-6;1885;569002287-6;569002287
09032025-2-085705;202542730002-JORGE SEIF;83024687000122;MUNICIPIO DE ANCHIETA;4273;Jorge Seif;198000.0;Custeio Ao Piso Da Atenção Primária - Custeio Ao Piso Da Atenção Primária;2025OB009534;Banco do Brasil;001;1439-7;1439;16757-6;16757
09032022-016424;202228550021-Pedro Uczai;82947979000174;MUNICIPIO DE FRAIBURGO;2855;Pedro Uczai;400000.0;;2023OB801096;Banco do Brasil;001;1387-0;1387;33672-6;33672
09032023-037076;202339320001-Caroline de Toni;82947979000174;MUNICIPIO DE FRAIBURGO;3932;Caroline de Toni;201700.0;;2023OB813618;Caixa Econômica Federal;104;1791-4;1791;575859324-5;575859324
09032024-069313;202490550002-Gilson Marques;82947979000174;MUNICIPIO DE FRAIBURGO;9055;Gilson Marques;300000.0;;2024OB011321;Caixa Econômica Federal;104;1791-4;1791;575859325-3;575859325
09032025-083254;202539320001-CAROLINE DE TONI;82947979000174;MUNICIPIO DE FRAIBURGO;3932;Caroline de Toni;396000.0;Pavimentação - Pavimentação;2025OB001174;Caixa Econômica Federal;104;1791-4;1791;574909972-1;574909972
09032026-097260;202643250001-COBALCHINI;82947979000174;MUNICIPIO DE FRAIBURGO;4325;Cobalchini;398000.0;Pavimentação Urbana - Ministério das Cidades - Pavimentação Urbana - Ministério das Cidades;2026OB002844;Caixa Econômica Federal;104;1791-4;1791;569650862-2;569650862
09032026-089635;202632350004-GEOVANIA DE SÁ;82947979000174;MUNICIPIO DE FRAIBURGO;3235;Geovania De Sá;497500.0;Aquisição de Máquinas e Equipamentos (GND 4) - Ministério da Agricultura e Pecuária - Aquisição de Máquinas e Equipamentos (GND 4) - Ministério da Agricultura e Pecuária;;Banco do Brasil;001;1387-0;1387;41003-9;41003
09032026-094607;202622100012-ESPERIDIÃO AMIN;82947979000174;MUNICIPIO DE FRAIBURGO;2210;Esperidião Amin;398000.0;Pavimentação De Estradas Vicinais - Ministério da Integração e do Desenvolvimento Regional - Pavimentação De Estradas Vicinais - Ministério da Integração e do Desenvolvimento Regional;;Caixa Econômica Federal;104;1791-4;1791;569171457-7;569171457
09032025-084339;202542730001-JORGE SEIF;82947979000174;MUNICIPIO DE FRAIBURGO;4273;Jorge Seif;396000.0;Custeio Da Média E Alta Complexidade (Mac) - Custeio Da Média E Alta Complexidade (Mac);;;;;;;
09032023-037083;202339320001-Caroline de Toni;86051398000100;MUNICIPIO DE SAO BENTO DO SUL;3932;Caroline de Toni;250000.0;;2023OB810549;Caixa Econômica Federal;104;628-9;628;575863667-0;575863667
09032022-018239;202228560001-Rogério Peninha Mendonça;86051398000100;MUNICIPIO DE SAO BENTO DO SUL;2856;Rogério Peninha Mendonça;200000.0;;2023OB801109;Caixa Econômica Federal;104;628-9;628;575863666-1;575863666
09032023-035178;202328560024-Rogério Peninha Mendonça;86051398000100;MUNICIPIO DE SAO BENTO DO SUL;2856;Rogério Peninha Mendonça;252448.0;;2023OB812432;Caixa Econômica Federal;104;628-9;628;575863667-0;575863667
09032024-067064;202429250006-Carmen Zanotto;86051398000100;MUNICIPIO DE SAO BENTO DO SUL;2925;Carmen Zanotto;250000.0;;2024OB007344;Caixa Econômica Federal;104;628-9;628;575863674-2;575863674
09032024-069187;202428550022-Pedro Uczai;86051398000100;MUNICIPIO DE SAO BENTO DO SUL;2855;Pedro Uczai;300000.0;;2024OB007079;Caixa Econômica Federal;104;628-9;628;575863673-4;575863673
09032024-073901;202442090002-Jorge Goetten;86051398000100;MUNICIPIO DE SAO BENTO DO SUL;4209;Jorge Goetten;200000.0;;2024OB003495, 2024OB009922;Caixa Econômica Federal;104;628-9;628;575863675-0;575863675
09032025-084342;202542730001-JORGE SEIF;86051398000100;MUNICIPIO DE SAO BENTO DO SUL;4273;Jorge Seif;396000.0;Pavimentação - Pavimentação;2025OB002028;Caixa Econômica Federal;104;628-9;628;574824064-1;574824064
09032024-068723;202442510013-Ivete da Silveira;86051398000100;MUNICIPIO DE SAO BENTO DO SUL;4251;Ivete da Silveira;125000.0;;2024OB010030;Caixa Econômica Federal;104;628-9;628;575863671-8;575863671
09032024-072872;202439320001-Caroline de Toni;86051398000100;MUNICIPIO DE SAO BENTO DO SUL;3932;Caroline de Toni;250000.0;;2024OB008483;Caixa Econômica Federal;104;628-9;628;575863668-8;575863668
09032024-068840;202442510012-Ivete da Silveira;86051398000100;MUNICIPIO DE SAO BENTO DO SUL;4251;Ivete da Silveira;125000.0;;2024OB003545;Caixa Econômica Federal;104;628-9;628;575863669-6;575863669
09032024-075094;202444480002-Pezenti;86051398000100;MUNICIPIO DE SAO BENTO DO SUL;4448;Pezenti;250000.0;;2024OB012020;Caixa Econômica Federal;104;628-9;628;575863672-6;575863672
09032025-079235;202544480001-PEZENTI;86051398000100;MUNICIPIO DE SAO BENTO DO SUL;4448;Pezenti;396000.0;Pavimentação - Pavimentação;2025OB002575;Caixa Econômica Federal;104;628-9;628;574776063-3;574776063
09032025-083256;202539320001-CAROLINE DE TONI;86051398000100;MUNICIPIO DE SAO BENTO DO SUL;3932;Caroline de Toni;396000.0;Pavimentação - Pavimentação;2025OB001183;Caixa Econômica Federal;104;628-9;628;574776064-1;574776064
09032026-095823;202639320001-CAROLINE DE TONI;86051398000100;MUNICIPIO DE SAO BENTO DO SUL;3932;Caroline de Toni;398000.0;Pavimentação Urbana - Ministério das Cidades - Pavimentação Urbana - Ministério das Cidades;;Caixa Econômica Federal;104;628-9;628;569372427-8;569372427
0903-003625;202041850004-Jorginho Mello;83102434000120;MUNICIPIO DE PRESIDENTE GETULIO;4185;Jorginho Mello;250000.0;;2020OB801760;Caixa Econômica Federal;104;4441-5;4441;575855648-0;575855648
0903-003964;202028560001-Rogério Peninha Mendonça;83102434000120;MUNICIPIO DE PRESIDENTE GETULIO;2856;Rogério Peninha Mendonça;350000.0;;2020OB801145;Caixa Econômica Federal;104;4441-5;4441;575855648-0;575855648
09032025-083885;202540620003-RICARDO GUIDI;83102434000120;MUNICIPIO DE PRESIDENTE GETULIO;4062;Ricardo Guidi;297000.0;Retroescavadeira - Retroescavadeira - Infraestrutura Produtiva;2025OB001499;Caixa Econômica Federal;104;4441-5;4441;574881334-0;574881334
09032021-2-013848;202128560001-Rogério Peninha Mendonça;83102434000120;MUNICIPIO DE PRESIDENTE GETULIO;2856;Rogério Peninha Mendonça;1050000.0;;2021OB804920;Banco do Brasil;001;2501-1;2501;45363-3;45363
09032022-015105;202229250013-Carmen Zanotto;83102434000120;MUNICIPIO DE PRESIDENTE GETULIO;2925;Carmen Zanotto;70000.0;;2023OB804361;Caixa Econômica Federal;104;4441-5;4441;575855649-8;575855649
09032023-035161;202328560006-Rogério Peninha Mendonça;83102434000120;MUNICIPIO DE PRESIDENTE GETULIO;2856;Rogério Peninha Mendonça;450000.0;;2023OB809649;Caixa Econômica Federal;104;4441-5;4441;575855653-6;575855653
09032023-038044;202340620003-Ricardo Guidi;83102434000120;MUNICIPIO DE PRESIDENTE GETULIO;4062;Ricardo Guidi;200000.0;;2023OB811035, 2023OB814236;Caixa Econômica Federal;104;4441-5;4441;575855653-6;575855653
09032024-073511;202440620002-Ricardo Guidi;83102434000120;MUNICIPIO DE PRESIDENTE GETULIO;4062;Ricardo Guidi;150000.0;;2024OB009096;Caixa Econômica Federal;104;4441-5;4441;575855654-4;575855654
09032024-074716;202443920007-Ismael;83102434000120;MUNICIPIO DE PRESIDENTE GETULIO;4392;Ismael;500000.0;;2024OB011119;Caixa Econômica Federal;104;4441-5;4441;575855656-0;575855656
09032024-075070;202444480002-Pezenti;83102434000120;MUNICIPIO DE PRESIDENTE GETULIO;4448;Pezenti;500000.0;;2024OB004936;Caixa Econômica Federal;104;4441-5;4441;575855655-2;575855655
09032025-2-087597;202522100013-ESPERIDIÃO AMIN;83102434000120;MUNICIPIO DE PRESIDENTE GETULIO;2210;Esperidião Amin;396000.0;Objeto Único Não Padronizado – Obras e Serviços de Engenharia - Construção/Ampliação de Escola Municipal;2025OB007491;Caixa Econômica Federal;104;4441-5;4441;573503655-2;573503655
09032025-081783;202522100013-ESPERIDIÃO AMIN;83102434000120;MUNICIPIO DE PRESIDENTE GETULIO;2210;Esperidião Amin;396000.0;Objeto Único Não Padronizado – Obras e Serviços de Engenharia - Construção/Ampliação de Escola Municipal;;Caixa Econômica Federal;104;4441-5;4441;;
09032026-093906;202642090003-JORGE GOETTEN;83102434000120;MUNICIPIO DE PRESIDENTE GETULIO;4209;Jorge Goetten;398000.0;Pavimentação De Estradas Vicinais - Ministério da Integração e do Desenvolvimento Regional - Pavimentação De Estradas Vicinais - Ministério da Integração e do Desenvolvimento Regional;;Caixa Econômica Federal;104;4441-5;4441;569171468-2;569171468
0903-004545;202041850004-Jorginho Mello;82939448000130;MUNICIPIO DE IBICARE;4185;Jorginho Mello;200000.0;;2020OB801751;Banco do Brasil;001;5358-9;5358;6959-0;6959
09032022-017704;202225690003-Celso Maldaner;82939448000130;MUNICIPIO DE IBICARE;2569;Celso Maldaner;300000.0;;2023OB800692;Banco do Brasil;001;5358-9;5358;7400-4;7400
09032023-037043;202339320001-Caroline de Toni;82939448000130;MUNICIPIO DE IBICARE;3932;Caroline de Toni;300000.0;;2023OB810527;Caixa Econômica Federal;104;418-9;418;576008048-9;576008048
09032023-038998;202342510010-Ivete da Silveira;82939448000130;MUNICIPIO DE IBICARE;4251;Ivete da Silveira;300000.0;;2023OB807738;Caixa Econômica Federal;104;418-9;418;576008048-9;576008048
09032024-068660;202442510013-Ivete da Silveira;82939448000130;MUNICIPIO DE IBICARE;4251;Ivete da Silveira;50000.0;;2024OB009997;Caixa Econômica Federal;104;418-9;418;576008057-8;576008057
09032024-068777;202442510012-Ivete da Silveira;82939448000130;MUNICIPIO DE IBICARE;4251;Ivete da Silveira;50000.0;;2024OB003617;Caixa Econômica Federal;104;418-9;418;576008051-9;576008051
09032024-070534;202443250003-Cobalchini;82939448000130;MUNICIPIO DE IBICARE;4325;Cobalchini;450000.0;;2024OB004174;Caixa Econômica Federal;104;418-9;418;576008061-6;576008061
09032024-072816;202439320001-Caroline de Toni;82939448000130;MUNICIPIO DE IBICARE;3932;Caroline de Toni;300000.0;;2024OB002336;Caixa Econômica Federal;104;418-9;418;576008053-5;576008053
09032026-089604;202632350004-GEOVANIA DE SÁ;82939448000130;MUNICIPIO DE IBICARE;3235;Geovania De Sá;1094500.0;Obra - Galpões (Máquinas) - Infraestrutura Produtiva - Ministério da Integração e do Desenvolvimento Regional - Obra - Galpões (Máquinas) - Infraestrutura Produtiva - Ministério da Integração e do Desenvolvimento Regional;2026OB000942;Caixa Econômica Federal;104;418-9;418;569487343-9;569487343
09032026-095790;202639320001-CAROLINE DE TONI;82939448000130;MUNICIPIO DE IBICARE;3932;Caroline de Toni;348250.0;Aquisição de Máquinas e Equipamentos (GND 4) - Ministério da Agricultura e Pecuária - Aquisição de Máquinas e Equipamentos (GND 4) - Ministério da Agricultura e Pecuária;;Caixa Econômica Federal;104;418-9;418;569002282-5;569002282
09032021-013433;202141850007-Jorginho Mello;79373767000116;MUNICIPIO DE APIUNA;4185;Jorginho Mello;200000.0;;2021OB804792;Caixa Econômica Federal;104;2775-8;2775;575996438-7;575996438
09032022-021854;202241850010-Jorginho Mello;79373767000116;MUNICIPIO DE APIUNA;4185;Jorginho Mello;100000.0;;2022OB804098;Caixa Econômica Federal;104;2775-8;2775;575996439-5;575996439
09032023-039034;202342510010-Ivete da Silveira;79373767000116;MUNICIPIO DE APIUNA;4251;Ivete da Silveira;300000.0;;2023OB814991;Caixa Econômica Federal;104;2775-8;2775;575996441-7;575996441
09032024-068831;202442510012-Ivete da Silveira;79373767000116;MUNICIPIO DE APIUNA;4251;Ivete da Silveira;50000.0;;2024OB003516;Caixa Econômica Federal;104;2775-8;2775;575996443-3;575996443
09032024-068713;202442510013-Ivete da Silveira;79373767000116;MUNICIPIO DE APIUNA;4251;Ivete da Silveira;50000.0;;2024OB009977;Caixa Econômica Federal;104;2775-8;2775;575996444-1;575996444
09032025-083249;202539320001-CAROLINE DE TONI;79373767000116;MUNICIPIO DE APIUNA;3932;Caroline de Toni;396000.0;Pavimentação - Pavimentação;2025OB001188;Caixa Econômica Federal;104;2775-8;2775;574793535-2;574793535
09032025-083899;202540620003-RICARDO GUIDI;79373767000116;MUNICIPIO DE APIUNA;4062;Ricardo Guidi;247500.0;Veículo Funcional Tipo Caminhonete Para Prestação De Ater - Veículo Funcional Tipo Caminhonete Para Prestação De Ater;2025OB006263;Caixa Econômica Federal;104;2775-8;2775;574040188-3;574040188
09032025-084336;202542730001-JORGE SEIF;79373767000116;MUNICIPIO DE APIUNA;4273;Jorge Seif;396000.0;Pavimentação - Pavimentação;2025OB002001;Caixa Econômica Federal;104;2775-8;2775;574847018-3;574847018
09032026-094118;202644480001-PEZENTI;79373767000116;MUNICIPIO DE APIUNA;4448;Pezenti;298500.0;Aquisição De Veículo - Ministério do Desenvolvimento e Assistência Social, Família e Combate à Fome - Aquisição De Veículo - Ministério do Desenvolvimento e Assistência Social, Família e Combate à Fome;2026OB005981;Caixa Econômica Federal;104;2775-8;2775;569128353-3;569128353
09032026-094602;202622100012-ESPERIDIÃO AMIN;79373767000116;MUNICIPIO DE APIUNA;2210;Esperidião Amin;398000.0;Pavimentação De Estradas Vicinais - Ministério da Integração e do Desenvolvimento Regional - Pavimentação De Estradas Vicinais - Ministério da Integração e do Desenvolvimento Regional;2026OB003970;Caixa Econômica Federal;104;2775-8;2775;569171441-0;569171441
0903-004573;202018800013-Angela Amin;83102749000177;MUNICIPIO DE CAMPO ALEGRE;1880;Angela Amin;150000.0;;2020OB801187;Banco do Brasil;001;1715-9;1715;17044-5;17044
09032021-010959;202132350006-Geovania De Sá;83102749000177;MUNICIPIO DE CAMPO ALEGRE;3235;Geovania De Sá;150000.0;;2021OB800466;Banco do Brasil;001;1715-9;1715;17691-5;17691
09032021-011497;202137860003-Dário Berger;83102749000177;MUNICIPIO DE CAMPO ALEGRE;3786;Dário Berger;100000.0;;2021OB800947;Banco do Brasil;001;1715-9;1715;17691-5;17691
09032023-037237;202339530014-Darci de Matos;83102749000177;MUNICIPIO DE CAMPO ALEGRE;3953;Darci de Matos;5750000.0;;2023OB805431, 2023OB810609, 2023OB813717;Caixa Econômica Federal;104;628-9;628;576002085-0;576002085
09032022-019862;202239290005-Carlos Chiodini;83102749000177;MUNICIPIO DE CAMPO ALEGRE;3929;Carlos Chiodini;700000.0;;2022OB802575;Banco do Brasil;001;1715-9;1715;18079-3;18079
09032021-009936;202125690003-Celso Maldaner;83102749000177;MUNICIPIO DE CAMPO ALEGRE;2569;Celso Maldaner;200000.0;;2021OB800428;Banco do Brasil;001;1715-9;1715;17691-5;17691
09032023-037626;202340150002-Hélio Costa;83102749000177;MUNICIPIO DE CAMPO ALEGRE;4015;Hélio Costa;1250000.0;;2023OB808126;Caixa Econômica Federal;104;628-9;628;576002085-0;576002085
09032024-072760;202439290001-Carlos Chiodini;83102749000177;MUNICIPIO DE CAMPO ALEGRE;3929;Carlos Chiodini;500000.0;;2024OB002332;Caixa Econômica Federal;104;628-9;628;576002098-2;576002098
0903-004749;202029250015-Carmen Zanotto;82777319000192;MUNICIPIO DE CAMPO BELO DO SUL;2925;Carmen Zanotto;250000.0;;2020OB801153;Banco do Brasil;001;1716-7;1716;11728-5;11728
09032021-010631;202129250018-Carmen Zanotto;82777319000192;MUNICIPIO DE CAMPO BELO DO SUL;2925;Carmen Zanotto;240000.0;;2021OB800759;Banco do Brasil;001;1716-7;1716;12095-2;12095
09032022-017135;202218800004-Angela Amin;82777319000192;MUNICIPIO DE CAMPO BELO DO SUL;1880;Angela Amin;250000.0;;2023OB800273;Caixa Econômica Federal;104;420-0;420;576008066-7;576008066
09032023-032861;202329250001-Carmen Zanotto;82777319000192;MUNICIPIO DE CAMPO BELO DO SUL;2925;Carmen Zanotto;100000.0;;2023OB812597;Caixa Econômica Federal;104;420-0;420;576008082-9;576008082
0903-003792;202032350006-Geovania De Sá;82916818000113;MUNICIPIO DE CRICIUMA;3235;Geovania De Sá;2500000.0;;2020OB801204, 2020OB801206;Caixa Econômica Federal;104;415-4;415;575864734-5;575864734
09032021-009469;202118800011-Angela Amin;82916818000113;MUNICIPIO DE CRICIUMA;1880;Angela Amin;200000.0;;2021OB800236;Banco do Brasil;001;3226-3;3226;21203-2;21203
09032023-034388;202322100001-Esperidião Amin;82916818000113;MUNICIPIO DE CRICIUMA;2210;Esperidião Amin;1500000.0;;2023OB808340;Caixa Econômica Federal;104;415-4;415;575864736-1;575864736
09032022-020031;202239490001-Daniel Freitas;82916818000113;MUNICIPIO DE CRICIUMA;3949;Daniel Freitas;1700000.0;;2022OB802691;Caixa Econômica Federal;104;415-4;415;575864735-3;575864735
09032023-034152;202318800004-Angela Amin;82916818000113;MUNICIPIO DE CRICIUMA;1880;Angela Amin;200000.0;;2023OB808109;Caixa Econômica Federal;104;415-4;415;575864736-1;575864736
09032023-037199;202339490001-Daniel Freitas;82916818000113;MUNICIPIO DE CRICIUMA;3949;Daniel Freitas;2977488.0;;2023OB808111;Caixa Econômica Federal;104;415-4;415;575864736-1;575864736
09032023-038040;202340620003-Ricardo Guidi;82916818000113;MUNICIPIO DE CRICIUMA;4062;Ricardo Guidi;1250000.0;;2023OB808113;Caixa Econômica Federal;104;415-4;415;575864736-1;575864736
09032024-068000;202444010006-Julia Zanatta;82916818000113;MUNICIPIO DE CRICIUMA;4401;Julia Zanatta;400000.0;;2024OB011562;Caixa Econômica Federal;104;415-4;415;575864737-0;575864737
09032024-073507;202440620002-Ricardo Guidi;82916818000113;MUNICIPIO DE CRICIUMA;4062;Ricardo Guidi;2400000.0;;2024OB009113;Caixa Econômica Federal;104;415-4;415;575864739-6;575864739
09032024-069069;202422100016-Esperidião Amin;82916818000113;MUNICIPIO DE CRICIUMA;2210;Esperidião Amin;550000.0;;2024OB005622;Caixa Econômica Federal;104;415-4;415;575864738-8;575864738
0903-003835;202041850004-Jorginho Mello;82928680000172;MUNICIPIO DE PEDRAS GRANDES;4185;Jorginho Mello;200000.0;;2020OB801720;Caixa Econômica Federal;104;425-1;425;576008204-0;576008204
09032021-009653;202122100006-Esperidião Amin;82928680000172;MUNICIPIO DE PEDRAS GRANDES;2210;Esperidião Amin;200000.0;;2021OB803736;Banco do Brasil;001;5333-3;5333;7936-7;7936
09032021-010962;202132350006-Geovania De Sá;82928680000172;MUNICIPIO DE PEDRAS GRANDES;3235;Geovania De Sá;500000.0;;2021OB803406;Banco do Brasil;001;5333-3;5333;7936-7;7936
09032021-012240;202139800001-Fabio Schiochet;82928680000172;MUNICIPIO DE PEDRAS GRANDES;3980;Fabio Schiochet;100000.0;;2021OB804445;Banco do Brasil;001;5333-3;5333;7936-7;7936
09032022-014128;202232350003-Geovania De Sá;82928680000172;MUNICIPIO DE PEDRAS GRANDES;3235;Geovania De Sá;500000.0;;2023OB801646, 2023OB801647;Caixa Econômica Federal;104;425-1;425;576008205-8;576008205
09032022-021832;202241850010-Jorginho Mello;82928680000172;MUNICIPIO DE PEDRAS GRANDES;4185;Jorginho Mello;100000.0;;2023OB804939;Caixa Econômica Federal;104;425-1;425;576008205-8;576008205
09032023-031245;202332350003-Geovania De Sá;82928680000172;MUNICIPIO DE PEDRAS GRANDES;3235;Geovania De Sá;1000000.0;;2023OB809976, 2023OB812886;Caixa Econômica Federal;104;425-1;425;576008217-1;576008217
09032023-034159;202318800004-Angela Amin;82928680000172;MUNICIPIO DE PEDRAS GRANDES;1880;Angela Amin;300000.0;;2023OB809125;Caixa Econômica Federal;104;425-1;425;576008217-1;576008217
09032023-2-041691;202342510010-Ivete da Silveira;82928680000172;MUNICIPIO DE PEDRAS GRANDES;4251;Ivete da Silveira;150000.0;;2023OB815935;Caixa Econômica Federal;104;425-1;425;576008217-1;576008217
09032026-094576;202622100012-ESPERIDIÃO AMIN;82928680000172;MUNICIPIO DE PEDRAS GRANDES;2210;Esperidião Amin;398000.0;Pavimentação: Adequação De Vias, Pontes, Travessias e Obras de Artes Especiais em Área Urbana - Ministério das Cidades - Pavimentação: Adequação De Vias, Pontes, Travessias e Obras de Artes Especiais em Área Urbana - Ministério das Cidades;2026OB000219;Caixa Econômica Federal;104;425-1;425;569446591-8;569446591
09032026-097330;202643390009-DANIELA REINEHR;82928680000172;MUNICIPIO DE PEDRAS GRANDES;4339;Daniela Reinehr;497500.0;Pavimentação De Estradas Vicinais - Ministério da Integração e do Desenvolvimento Regional - Pavimentação De Estradas Vicinais - Ministério da Integração e do Desenvolvimento Regional;2026OB002909;Caixa Econômica Federal;104;425-1;425;569372389-1;569372389
0903-004309;202025690009-Celso Maldaner;82821182000126;MUNICIPIO DE ROMELANDIA;2569;Celso Maldaner;250000.0;;2020OB801173;Banco do Brasil;001;5328-7;5328;7716-X;7716
09032023-031251;202332350003-Geovania De Sá;82821182000126;MUNICIPIO DE ROMELANDIA;3235;Geovania De Sá;300000.0;;2023OB812890;Banco do Brasil;001;5328-7;5328;8631-2;8631
09032023-037423;202339800001-Fabio Schiochet;82821182000126;MUNICIPIO DE ROMELANDIA;3980;Fabio Schiochet;300000.0;;2023OB813845;Banco do Brasil;001;5328-7;5328;8631-2;8631
09032021-010965;202132350006-Geovania De Sá;82821182000126;MUNICIPIO DE ROMELANDIA;3235;Geovania De Sá;250000.0;;2021OB800760;Banco do Brasil;001;5328-7;5328;8061-6;8061
09032024-072828;202439320001-Caroline de Toni;82821182000126;MUNICIPIO DE ROMELANDIA;3932;Caroline de Toni;150000.0;;2024OB008480;Banco do Brasil;001;5328-7;5328;8864-1;8864
09032024-066082;202442730002-Jorge Seif;82821182000126;MUNICIPIO DE ROMELANDIA;4273;Jorge Seif;100000.0;;2024OB010275;Banco do Brasil;001;5328-7;5328;8863-3;8863
09032026-095942;202639800001-FABIO SCHIOCHET;82821182000126;MUNICIPIO DE ROMELANDIA;3980;Fabio Schiochet;398000.0;Pavimentação De Estradas Vicinais - Ministério da Integração e do Desenvolvimento Regional - Pavimentação De Estradas Vicinais - Ministério da Integração e do Desenvolvimento Regional;2026OB004852;Banco do Brasil;001;5328-7;5328;9589-3;9589
0903-003319;202022100018-Esperidião Amin;82892340000139;MUNICIPIO DE SAO BONIFACIO;2210;Esperidião Amin;180000.0;;2020OB801189;Caixa Econômica Federal;104;3684-6;3684;575994881-0;575994881
09032022-019865;202239290005-Carlos Chiodini;82892340000139;MUNICIPIO DE SAO BONIFACIO;3929;Carlos Chiodini;119682.0;;2023OB802604;Banco do Brasil;001;5352-X;5352;6697-4;6697
09032022-021031;202240620006-Ricardo Guidi;82892340000139;MUNICIPIO DE SAO BONIFACIO;4062;Ricardo Guidi;200000.0;;2023OB803710;Banco do Brasil;001;5352-X;5352;6697-4;6697
09032023-039007;202342510010-Ivete da Silveira;82892340000139;MUNICIPIO DE SAO BONIFACIO;4251;Ivete da Silveira;100000.0;;2023OB808289;Banco do Brasil;001;5352-X;5352;7023-8;7023
09032026-094580;202622100012-ESPERIDIÃO AMIN;82892340000139;MUNICIPIO DE SAO BONIFACIO;2210;Esperidião Amin;398000.0;Pavimentação De Estradas Vicinais - Ministério da Integração e do Desenvolvimento Regional - Pavimentação De Estradas Vicinais - Ministério da Integração e do Desenvolvimento Regional;;Banco do Brasil;001;5352-X;5352;7678-3;7678
0903-004285;202029250015-Carmen Zanotto;83102723000129;MUNICIPIO DE SALETE;2925;Carmen Zanotto;150000.0;;2020OB801180;Banco do Brasil;001;2561-5;2561;14435-5;14435
0903-003407;202041850004-Jorginho Mello;83102723000129;MUNICIPIO DE SALETE;4185;Jorginho Mello;100000.0;;2020OB801634;Banco do Brasil;001;2561-5;2561;14435-5;14435
09032021-013416;202141850007-Jorginho Mello;83102723000129;MUNICIPIO DE SALETE;4185;Jorginho Mello;200000.0;;2021OB801798;Caixa Econômica Federal;104;2815-0;2815;575857663-4;575857663
09032022-018223;202228560001-Rogério Peninha Mendonça;83102723000129;MUNICIPIO DE SALETE;2856;Rogério Peninha Mendonça;250000.0;;2023OB801106;Caixa Econômica Federal;104;2815-0;2815;575857667-7;575857667
09032022-020237;202239800001-Fabio Schiochet;83102723000129;MUNICIPIO DE SALETE;3980;Fabio Schiochet;200000.0;;2023OB802990;Caixa Econômica Federal;104;2815-0;2815;575857667-7;575857667
09032023-032864;202329250001-Carmen Zanotto;83102723000129;MUNICIPIO DE SALETE;2925;Carmen Zanotto;240000.0;;2023OB808408;Caixa Econômica Federal;104;2815-0;2815;575857668-5;575857668
09032023-039006;202342510010-Ivete da Silveira;83102723000129;MUNICIPIO DE SALETE;4251;Ivete da Silveira;626144.0;;2023OB811519, 2023OB814986;Caixa Econômica Federal;104;2815-0;2815;575857668-5;575857668
09032026-095943;202639800001-FABIO SCHIOCHET;83102723000129;MUNICIPIO DE SALETE;3980;Fabio Schiochet;398000.0;Pavimentação: Adequação De Vias, Pontes, Travessias e Obras de Artes Especiais em Área Urbana - Ministério das Cidades - Pavimentação: Adequação De Vias, Pontes, Travessias e Obras de Artes Especiais em Área Urbana - Ministério das Cidades;;Caixa Econômica Federal;104;2815-0;2815;569260835-5;569260835
09032026-096348;202640620003-RICARDO GUIDI;83102723000129;MUNICIPIO DE SALETE;4062;Ricardo Guidi;895500.0;Aquisição de Máquinas e Equipamentos (GND 4) - Ministério da Agricultura e Pecuária - Aquisição de Máquinas e Equipamentos (GND 4) - Ministério da Agricultura e Pecuária;2026OB005077;Caixa Econômica Federal;104;2815-0;2815;568891843-4;568891843
0903-003422;202041850004-Jorginho Mello;83102459000123;MUNICIPIO DE JARAGUA DO SUL;4185;Jorginho Mello;100000.0;;2020OB801658;Caixa Econômica Federal;104;2707-3;2707;575858465-3;575858465
09032022-014124;202232350003-Geovania De Sá;83102459000123;MUNICIPIO DE JARAGUA DO SUL;3235;Geovania De Sá;250000.0;;2022OB801782;Caixa Econômica Federal;104;2707-3;2707;575858466-1;575858466
09032023-036993;202339290002-Carlos Chiodini;83102459000123;MUNICIPIO DE JARAGUA DO SUL;3929;Carlos Chiodini;1351701.0;;2023OB807547;Caixa Econômica Federal;104;2707-3;2707;575858467-0;575858467
09032024-068005;202444010006-Julia Zanatta;83102459000123;MUNICIPIO DE JARAGUA DO SUL;4401;Julia Zanatta;300000.0;;2024OB011568;Caixa Econômica Federal;104;2707-3;2707;575858469-6;575858469
09032024-068666;202442510013-Ivete da Silveira;83102459000123;MUNICIPIO DE JARAGUA DO SUL;4251;Ivete da Silveira;75000.0;;2024OB003583;Caixa Econômica Federal;104;2707-3;2707;575858471-8;575858471
09032024-072762;202439290001-Carlos Chiodini;83102459000123;MUNICIPIO DE JARAGUA DO SUL;3929;Carlos Chiodini;1000000.0;;2024OB002311;Caixa Econômica Federal;104;2707-3;2707;575858474-2;575858474
09032024-073863;202442090002-Jorge Goetten;83102459000123;MUNICIPIO DE JARAGUA DO SUL;4209;Jorge Goetten;350000.0;;2024OB003476;Caixa Econômica Federal;104;2707-3;2707;575858473-4;575858473
09032024-069307;202490550002-Gilson Marques;83102459000123;MUNICIPIO DE JARAGUA DO SUL;9055;Gilson Marques;600000.0;;2024OB005311;Caixa Econômica Federal;104;2707-3;2707;575858472-6;575858472
09032024-068783;202442510012-Ivete da Silveira;83102459000123;MUNICIPIO DE JARAGUA DO SUL;4251;Ivete da Silveira;75000.0;;2024OB003572;Caixa Econômica Federal;104;2707-3;2707;575858468-8;575858468
0903-003489;202041850004-Jorginho Mello;82575812000120;MUNICIPIO DE PORTO BELO;4185;Jorginho Mello;250000.0;;2020OB801739;Caixa Econômica Federal;104;4729-5;4729;575993854-8;575993854
09032022-016122;202237860003-Dário Berger;82575812000120;MUNICIPIO DE PORTO BELO;3786;Dário Berger;100000.0;;2023OB802149;Caixa Econômica Federal;104;4729-5;4729;575993856-4;575993856
09032021-010438;202128560001-Rogério Peninha Mendonça;82575812000120;MUNICIPIO DE PORTO BELO;2856;Rogério Peninha Mendonça;300000.0;;2021OB802116;Caixa Econômica Federal;104;4729-5;4729;576119558-1;576119558
09032023-031247;202332350003-Geovania De Sá;82575812000120;MUNICIPIO DE PORTO BELO;3235;Geovania De Sá;150000.0;;2023OB812882;Caixa Econômica Federal;104;4729-5;4729;576119559-0;576119559
09032022-021834;202241850010-Jorginho Mello;82575812000120;MUNICIPIO DE PORTO BELO;4185;Jorginho Mello;100000.0;;2023OB804958;Caixa Econômica Federal;104;4729-5;4729;575993856-4;575993856
09032022-018218;202228560001-Rogério Peninha Mendonça;82575812000120;MUNICIPIO DE PORTO BELO;2856;Rogério Peninha Mendonça;250000.0;;2023OB801111;Caixa Econômica Federal;104;4729-5;4729;575993856-4;575993856
09032021-011501;202137860003-Dário Berger;82575812000120;MUNICIPIO DE PORTO BELO;3786;Dário Berger;250000.0;;2021OB802213;Caixa Econômica Federal;104;4729-5;4729;576119558-1;576119558
09032023-034396;202322100001-Esperidião Amin;82575812000120;MUNICIPIO DE PORTO BELO;2210;Esperidião Amin;100000.0;;2023OB811980;Caixa Econômica Federal;104;4729-5;4729;576119559-0;576119559
09032024-072826;202439320001-Caroline de Toni;82575812000120;MUNICIPIO DE PORTO BELO;3932;Caroline de Toni;150000.0;;2024OB008477;Caixa Econômica Federal;104;4729-5;4729;576119563-8;576119563
09032024-073869;202442090002-Jorge Goetten;82575812000120;MUNICIPIO DE PORTO BELO;4209;Jorge Goetten;200000.0;;2024OB009945;Caixa Econômica Federal;104;4729-5;4729;576119579-4;576119579
09032024-073979;202442730001-Jorge Seif;82575812000120;MUNICIPIO DE PORTO BELO;4273;Jorge Seif;100000.0;;2024OB010215;Caixa Econômica Federal;104;4729-5;4729;576119564-6;576119564
09032024-075069;202444480002-Pezenti;82575812000120;MUNICIPIO DE PORTO BELO;4448;Pezenti;500000.0;;2024OB004942;Caixa Econômica Federal;104;4729-5;4729;576119565-4;576119565
09032023-035163;202328560008-Rogério Peninha Mendonça;82575812000120;MUNICIPIO DE PORTO BELO;2856;Rogério Peninha Mendonça;500000.0;;2023OB809648;Caixa Econômica Federal;104;4729-5;4729;576119559-0;576119559
0903-004273;202039800001-Fabio Schiochet;82575812000120;MUNICIPIO DE PORTO BELO;3980;Fabio Schiochet;300000.0;;2020OB801140;Caixa Econômica Federal;104;4729-5;4729;575993854-8;575993854
09032026-093905;202642090003-JORGE GOETTEN;82575812000120;MUNICIPIO DE PORTO BELO;4209;Jorge Goetten;398000.0;Pavimentação Urbana - Ministério das Cidades - Pavimentação Urbana - Ministério das Cidades;2026OB002382;Caixa Econômica Federal;104;4729-5;4729;569734346-5;569734346
09032026-094192;202643920005-ISMAEL;82575812000120;MUNICIPIO DE PORTO BELO;4392;Ismael;199000.0;Adquirir Equipamento De Climatização (Capital) - Fundo Nacional de Desenvolvimento da Educação - Adquirir Equipamento De Climatização (Capital) - Fundo Nacional de Desenvolvimento da Educação;2026OB003147;Caixa Econômica Federal;104;4729-5;4729;569610326-6;569610326
0903-003351;202041850004-Jorginho Mello;82827148000169;MUNICIPIO DE PINHEIRO PRETO;4185;Jorginho Mello;100000.0;;2020OB801690;Banco do Brasil;001;5327-9;5327;7059-9;7059
0903-004080;202025690009-Celso Maldaner;82827148000169;MUNICIPIO DE PINHEIRO PRETO;2569;Celso Maldaner;150000.0;;2020OB801178;Banco do Brasil;001;5327-9;5327;7059-9;7059
09032022-014129;202232350003-Geovania De Sá;82827148000169;MUNICIPIO DE PINHEIRO PRETO;3235;Geovania De Sá;150000.0;;2022OB801815;Banco do Brasil;001;5327-9;5327;7582-5;7582
09032023-034395;202322100001-Esperidião Amin;82827148000169;MUNICIPIO DE PINHEIRO PRETO;2210;Esperidião Amin;450000.0;;2023OB809290;Banco do Brasil;001;403-0;403;55453-7;55453
09032024-070536;202443250003-Cobalchini;82827148000169;MUNICIPIO DE PINHEIRO PRETO;4325;Cobalchini;100000.0;;2024OB010765;Caixa Econômica Federal;104;4444-0;4444;575994476-9;575994476
09032024-072823;202439320001-Caroline de Toni;82827148000169;MUNICIPIO DE PINHEIRO PRETO;3932;Caroline de Toni;100000.0;;2024OB008507;Caixa Econômica Federal;104;4444-0;4444;575994475-0;575994475
09032024-073867;202442090002-Jorge Goetten;82827148000169;MUNICIPIO DE PINHEIRO PRETO;4209;Jorge Goetten;100000.0;;2024OB009929;Caixa Econômica Federal;104;4444-0;4444;575994477-7;575994477
09032024-069075;202422100016-Esperidião Amin;82827148000169;MUNICIPIO DE PINHEIRO PRETO;2210;Esperidião Amin;500000.0;;2024OB006398;Caixa Econômica Federal;104;4444-0;4444;575994479-3;575994479
09032024-068007;202444010006-Julia Zanatta;82827148000169;MUNICIPIO DE PINHEIRO PRETO;4401;Julia Zanatta;150000.0;;2024OB011590;Caixa Econômica Federal;104;4444-0;4444;575994478-5;575994478
09032026-093904;202642090003-JORGE GOETTEN;82827148000169;MUNICIPIO DE PINHEIRO PRETO;4209;Jorge Goetten;398000.0;Construção, Reforma Ou Ampliação De Espaços De Esporte E Lazer  - Ministério do Esporte - Construção, Reforma Ou Ampliação De Espaços De Esporte E Lazer  - Ministério do Esporte;2026OB002386;Caixa Econômica Federal;104;796-0;796;569446586-1;569446586
09032026-097332;202643390009-DANIELA REINEHR;82827148000169;MUNICIPIO DE PINHEIRO PRETO;4339;Daniela Reinehr;398000.0;Pavimentação Urbana - Ministério das Cidades - Pavimentação Urbana - Ministério das Cidades;;Caixa Econômica Federal;104;796-0;796;569339486-3;569339486
0903-003794;202018800013-Angela Amin;82930181000110;MUNICIPIO DE URUSSANGA;1880;Angela Amin;250000.0;;2020OB801223;Caixa Econômica Federal;104;853-2;853;575862928-2;575862928
0903-003713;202032350006-Geovania De Sá;82930181000110;MUNICIPIO DE URUSSANGA;3235;Geovania De Sá;504818.0;;2020OB801225, 2020OB801227;Caixa Econômica Federal;104;853-2;853;575862928-2;575862928
09032023-034165;202318800004-Angela Amin;82930181000110;MUNICIPIO DE URUSSANGA;1880;Angela Amin;500000.0;;2023OB811824;Caixa Econômica Federal;104;853-2;853;575862929-0;575862929
09032023-034406;202322100001-Esperidião Amin;82930181000110;MUNICIPIO DE URUSSANGA;2210;Esperidião Amin;500000.0;;2023OB812002;Caixa Econômica Federal;104;853-2;853;575862929-0;575862929
09032024-066090;202442730002-Jorge Seif;82930181000110;MUNICIPIO DE URUSSANGA;4273;Jorge Seif;100000.0;;2024OB010265;Caixa Econômica Federal;104;853-2;853;575862931-2;575862931
09032024-068012;202444010006-Julia Zanatta;82930181000110;MUNICIPIO DE URUSSANGA;4401;Julia Zanatta;300000.0;;2024OB011567;Caixa Econômica Federal;104;853-2;853;575862933-9;575862933
09032024-069082;202422100016-Esperidião Amin;82930181000110;MUNICIPIO DE URUSSANGA;2210;Esperidião Amin;400000.0;;2024OB006405;Caixa Econômica Federal;104;853-2;853;575862932-0;575862932
09032024-073514;202440620002-Ricardo Guidi;82930181000110;MUNICIPIO DE URUSSANGA;4062;Ricardo Guidi;300000.0;;2024OB009110;Caixa Econômica Federal;104;853-2;853;575862934-7;575862934
09032026-096350;202640620003-RICARDO GUIDI;82930181000110;MUNICIPIO DE URUSSANGA;4062;Ricardo Guidi;696500.0;Estradas Vicinais e Obras (GND 3/4) - Ministério da Agricultura e Pecuária - Estradas Vicinais e Obras (GND 3/4) - Ministério da Agricultura e Pecuária;;Banco do Brasil;001;880-X;880;29720-8;29720
09032026-094100;202644480001-PEZENTI;82930181000110;MUNICIPIO DE URUSSANGA;4448;Pezenti;497500.0;Pavimentação De Estradas Vicinais - Ministério da Integração e do Desenvolvimento Regional - Pavimentação De Estradas Vicinais - Ministério da Integração e do Desenvolvimento Regional;2026OB003393;Banco do Brasil;001;880-X;880;29692-9;29692
0903-003646;202041850004-Jorginho Mello;82804212000196;MUNICIPIO DE AGUAS DE CHAPECO;4185;Jorginho Mello;250000.0;;2020OB801684;Caixa Econômica Federal;104;1080-4;1080;575861852-3;575861852
09032021-013409;202141850007-Jorginho Mello;82804212000196;MUNICIPIO DE AGUAS DE CHAPECO;4185;Jorginho Mello;200000.0;;2021OB804787;Caixa Econômica Federal;104;1080-4;1080;575861855-8;575861855
09032022-021826;202241850010-Jorginho Mello;82804212000196;MUNICIPIO DE AGUAS DE CHAPECO;4185;Jorginho Mello;200000.0;;2022OB804100;Caixa Econômica Federal;104;1080-4;1080;575861857-4;575861857
09032023-038991;202342510010-Ivete da Silveira;82804212000196;MUNICIPIO DE AGUAS DE CHAPECO;4251;Ivete da Silveira;400000.0;;2023OB808353;Caixa Econômica Federal;104;1080-4;1080;575861861-2;575861861
09032026-094179;202643920005-ISMAEL;82804212000196;MUNICIPIO DE AGUAS DE CHAPECO;4392;Ismael;398000.0;Construção, Reforma Ou Ampliação De Infraestrutura Esportiva  - Ministério do Esporte - Construção, Reforma Ou Ampliação De Infraestrutura Esportiva  - Ministério do Esporte;2026OB003137;Caixa Econômica Federal;104;1080-4;1080;569446584-5;569446584
09032026-094566;202622100012-ESPERIDIÃO AMIN;82804212000196;MUNICIPIO DE AGUAS DE CHAPECO;2210;Esperidião Amin;398000.0;Abastecimento De Água - Ministério das Cidades - Abastecimento De Água - Ministério das Cidades;;Caixa Econômica Federal;104;1080-4;1080;;
0903-003786;202022100018-Esperidião Amin;82928672000126;MUNICIPIO DE TREZE DE MAIO;2210;Esperidião Amin;100000.0;;2020OB801219;Banco do Brasil;001;2736-7;2736;14989-6;14989
09032022-017382;202222100001-Esperidião Amin;82928672000126;MUNICIPIO DE TREZE DE MAIO;2210;Esperidião Amin;250000.0;;2022OB800668, 2023OB800459;Caixa Econômica Federal;104;2891-6;2891;575995402-0;575995402
09032022-017140;202218800004-Angela Amin;82928672000126;MUNICIPIO DE TREZE DE MAIO;1880;Angela Amin;250000.0;;2022OB800503;Caixa Econômica Federal;104;2891-6;2891;575995402-0;575995402
09032022-021035;202240620006-Ricardo Guidi;82928672000126;MUNICIPIO DE TREZE DE MAIO;4062;Ricardo Guidi;500000.0;;2023OB803705;Caixa Econômica Federal;104;2891-6;2891;575995402-0;575995402
09032023-038047;202340620003-Ricardo Guidi;82928672000126;MUNICIPIO DE TREZE DE MAIO;4062;Ricardo Guidi;500000.0;;2023OB814215;Caixa Econômica Federal;104;2891-6;2891;575995403-9;575995403
09032024-068678;202442510013-Ivete da Silveira;82928672000126;MUNICIPIO DE TREZE DE MAIO;4251;Ivete da Silveira;75000.0;;2024OB009968;Caixa Econômica Federal;104;2891-6;2891;575995404-7;575995404
09032024-068795;202442510012-Ivete da Silveira;82928672000126;MUNICIPIO DE TREZE DE MAIO;4251;Ivete da Silveira;75000.0;;2024OB003580;Caixa Econômica Federal;104;2891-6;2891;575995405-5;575995405
0903-004282;202025690009-Celso Maldaner;82940776000156;MUNICIPIO DE CAIBI;2569;Celso Maldaner;250000.0;;2020OB801232;Banco do Brasil;001;1698-5;1698;11078-7;11078
09032021-009649;202122100006-Esperidião Amin;82940776000156;MUNICIPIO DE CAIBI;2210;Esperidião Amin;200000.0;;2021OB802610;Banco do Brasil;001;1698-5;1698;11405-7;11405
09032022-017371;202222100001-Esperidião Amin;82940776000156;MUNICIPIO DE CAIBI;2210;Esperidião Amin;150000.0;;2022OB800669;Caixa Econômica Federal;104;1080-4;1080;575861858-2;575861858
09032023-034385;202322100001-Esperidião Amin;82940776000156;MUNICIPIO DE CAIBI;2210;Esperidião Amin;1500000.0;;2023OB808306;Caixa Econômica Federal;104;1080-4;1080;575861859-0;575861859
09032024-066079;202442730002-Jorge Seif;82940776000156;MUNICIPIO DE CAIBI;4273;Jorge Seif;87000.0;;2024OB010292;Caixa Econômica Federal;104;1080-4;1080;575861865-5;575861865
09032024-072809;202439320001-Caroline de Toni;82940776000156;MUNICIPIO DE CAIBI;3932;Caroline de Toni;120000.0;;2024OB002360;Caixa Econômica Federal;104;1080-4;1080;575861862-0;575861862
09032024-069068;202422100016-Esperidião Amin;82940776000156;MUNICIPIO DE CAIBI;2210;Esperidião Amin;500000.0;;2024OB006399;Banco do Brasil;001;1698-5;1698;12304-8;12304
0903-004780;202041850004-Jorginho Mello;82892308000153;MUNICIPIO DE BIGUACU;4185;Jorginho Mello;100000.0;;2020OB801661;Caixa Econômica Federal;104;1874-0;1874;575858538-2;575858538
09032021-011495;202137860003-Dário Berger;82892308000153;MUNICIPIO DE BIGUACU;3786;Dário Berger;100000.0;;2021OB803533;Caixa Econômica Federal;104;1874-0;1874;575858542-0;575858542
09032022-016112;202237860003-Dário Berger;82892308000153;MUNICIPIO DE BIGUACU;3786;Dário Berger;250000.0;;2022OB802271;Banco do Brasil;001;1644-6;1644;43848-0;43848
09032024-067997;202444010006-Julia Zanatta;82892308000153;MUNICIPIO DE BIGUACU;4401;Julia Zanatta;100000.0;;2024OB011581;Caixa Econômica Federal;104;1874-0;1874;575858546-3;575858546
09032024-068769;202442510012-Ivete da Silveira;82892308000153;MUNICIPIO DE BIGUACU;4251;Ivete da Silveira;150000.0;;2024OB003552;Banco do Brasil;001;1644-6;1644;49074-1;49074
09032024-069067;202422100016-Esperidião Amin;82892308000153;MUNICIPIO DE BIGUACU;2210;Esperidião Amin;400000.0;;2024OB005617;Banco do Brasil;001;1644-6;1644;49073-3;49073
09032024-074439;202443390001-Daniela Reinehr;82892308000153;MUNICIPIO DE BIGUACU;4339;Daniela Reinehr;350000.0;;2024OB010869;Banco do Brasil;001;1644-6;1644;49072-5;49072
09032024-068652;202442510013-Ivete da Silveira;82892308000153;MUNICIPIO DE BIGUACU;4251;Ivete da Silveira;150000.0;;2024OB009984;Caixa Econômica Federal;104;1874-0;1874;575858545-5;575858545
09032026-095934;202639800001-FABIO SCHIOCHET;82892308000153;MUNICIPIO DE BIGUACU;3980;Fabio Schiochet;497500.0;Pavimentação Urbana - Ministério das Cidades - Pavimentação Urbana - Ministério das Cidades;2026OB004862;Caixa Econômica Federal;104;1874-0;1874;569372386-7;569372386
09032026-094084;202644480001-PEZENTI;82892308000153;MUNICIPIO DE BIGUACU;4448;Pezenti;199000.0;Aquisição De Unidade Móvel De Saúde - Ministério da Saúde - Aquisição De Unidade Móvel De Saúde - Ministério da Saúde;;Caixa Econômica Federal;104;1874-0;1874;;
09032026-094182;202643920005-ISMAEL;82892308000153;MUNICIPIO DE BIGUACU;4392;Ismael;497500.0;Pavimentação Urbana - Ministério das Cidades - Pavimentação Urbana - Ministério das Cidades;2026OB005827;Caixa Econômica Federal;104;1874-0;1874;569171453-4;569171453
09032026-098060;202644930018-ZÉ TROVÃO;82892308000153;MUNICIPIO DE BIGUACU;4493;Zé Trovão;995000.0;Pavimentação De Estradas Vicinais - Ministério da Integração e do Desenvolvimento Regional - Pavimentação De Estradas Vicinais - Ministério da Integração e do Desenvolvimento Regional;2026OB006129;Caixa Econômica Federal;104;1874-0;1874;569171451-8;569171451
09032026-095732;202639290001-CARLOS CHIODINI;82892308000153;MUNICIPIO DE BIGUACU;3929;Carlos Chiodini;497500.0;Pavimentação Urbana - Ministério das Cidades - Pavimentação Urbana - Ministério das Cidades;2026OB004804;Caixa Econômica Federal;104;1874-0;1874;569171452-6;569171452
09032026-098059;202644930017-ZÉ TROVÃO;82892308000153;MUNICIPIO DE BIGUACU;4493;Zé Trovão;1990000.0;Pavimentação Urbana - Ministério das Cidades - Pavimentação Urbana - Ministério das Cidades;2026OB006128;Caixa Econômica Federal;104;1874-0;1874;569300192-6;569300192
09032026-095782;202639320001-CAROLINE DE TONI;82892308000153;MUNICIPIO DE BIGUACU;3932;Caroline de Toni;497500.0;Aquisições ou serviços para a modernização do Sistema de Justiça - Tribunais de Justiça, Ministério Público e Defensorias Pública - Ministério da Justiça e Segurança Pública - Aquisições ou serviços para a modernização do Sistema de Justiça - Tribunais de Justiça, Ministério Público e Defensorias Pública - Ministério da Justiça e Segurança Pública;;Caixa Econômica Federal;104;1874-0;1874;;
0903-004605;202022100018-Esperidião Amin;82939398000190;MUNICIPIO DE AGUA DOCE;2210;Esperidião Amin;100000.0;;2020OB801229;Caixa Econômica Federal;104;3554-8;3554;575855791-5;575855791
09032021-013408;202141850007-Jorginho Mello;82939398000190;MUNICIPIO DE AGUA DOCE;4185;Jorginho Mello;200000.0;;2021OB802427;Caixa Econômica Federal;104;3554-8;3554;575855792-3;575855792
09032023-032858;202329250001-Carmen Zanotto;82939398000190;MUNICIPIO DE AGUA DOCE;2925;Carmen Zanotto;100000.0;;2023OB812594;Caixa Econômica Federal;104;418-9;418;575864752-3;575864752
09032023-034151;202318800004-Angela Amin;82939398000190;MUNICIPIO DE AGUA DOCE;1880;Angela Amin;300000.0;;2023OB808067;Caixa Econômica Federal;104;418-9;418;575864752-3;575864752
09032023-037036;202339320001-Caroline de Toni;82939398000190;MUNICIPIO DE AGUA DOCE;3932;Caroline de Toni;500000.0;;2023OB808068;Caixa Econômica Federal;104;418-9;418;575864752-3;575864752
09032023-038990;202342510010-Ivete da Silveira;82939398000190;MUNICIPIO DE AGUA DOCE;4251;Ivete da Silveira;700000.0;;2023OB808069;Caixa Econômica Federal;104;418-9;418;575864752-3;575864752
09032023-034383;202322100001-Esperidião Amin;82939398000190;MUNICIPIO DE AGUA DOCE;2210;Esperidião Amin;200000.0;;2023OB809271;Caixa Econômica Federal;104;418-9;418;575864752-3;575864752
09032024-067036;202429250006-Carmen Zanotto;82939398000190;MUNICIPIO DE AGUA DOCE;2925;Carmen Zanotto;100000.0;;2024OB001387;Caixa Econômica Federal;104;3554-8;3554;575855799-0;575855799
09032024-067994;202444010006-Julia Zanatta;82939398000190;MUNICIPIO DE AGUA DOCE;4401;Julia Zanatta;300000.0;;2024OB011569;Caixa Econômica Federal;104;3554-8;3554;575855804-0;575855804
09032024-072806;202439320001-Caroline de Toni;82939398000190;MUNICIPIO DE AGUA DOCE;3932;Caroline de Toni;500000.0;;2024OB002352;Caixa Econômica Federal;104;3554-8;3554;575855801-6;575855801
09032024-073853;202442090002-Jorge Goetten;82939398000190;MUNICIPIO DE AGUA DOCE;4209;Jorge Goetten;200000.0;;2024OB003479;Caixa Econômica Federal;104;3554-8;3554;575855798-2;575855798
09032024-074436;202443390001-Daniela Reinehr;82939398000190;MUNICIPIO DE AGUA DOCE;4339;Daniela Reinehr;150000.0;;2024OB004295;Caixa Econômica Federal;104;3554-8;3554;575855803-2;575855803
09032022-021825;202241850010-Jorginho Mello;82939398000190;MUNICIPIO DE AGUA DOCE;4185;Jorginho Mello;200000.0;;2022OB804110;Caixa Econômica Federal;104;3554-8;3554;575855793-1;575855793
09032024-073947;202442730001-Jorge Seif;82939398000190;MUNICIPIO DE AGUA DOCE;4273;Jorge Seif;200000.0;;2024OB003729;Caixa Econômica Federal;104;3554-8;3554;575855802-4;575855802
0903-003258;202022100018-Esperidião Amin;01616039000109;MUNICIPIO DE FREI ROGERIO;2210;Esperidião Amin;150000.0;;2020OB800147;Caixa Econômica Federal;104;571-1;571;575864457-5;575864457
0903-003520;202041850004-Jorginho Mello;01616039000109;MUNICIPIO DE FREI ROGERIO;4185;Jorginho Mello;100000.0;;2020OB801733;Caixa Econômica Federal;104;571-1;571;575864457-5;575864457
09032021-012109;202139530003-Darci de Matos;01616039000109;MUNICIPIO DE FREI ROGERIO;3953;Darci de Matos;100000.0;;2021OB801330;Banco do Brasil;001;517-7;517;47771-0;47771
09032023-034378;202322100001-Esperidião Amin;01616039000109;MUNICIPIO DE FREI ROGERIO;2210;Esperidião Amin;200000.0;;2023OB808346;Banco do Brasil;001;517-7;517;52686-X;52686
09032022-017365;202222100001-Esperidião Amin;01616039000109;MUNICIPIO DE FREI ROGERIO;2210;Esperidião Amin;150000.0;;2022OB800656;Banco do Brasil;001;517-7;517;49680-4;49680
09032024-073931;202442730001-Jorge Seif;01616039000109;MUNICIPIO DE FREI ROGERIO;4273;Jorge Seif;200000.0;;2024OB003762;Banco do Brasil;001;517-7;517;54410-8;54410
09032026-094558;202622100012-ESPERIDIÃO AMIN;01616039000109;MUNICIPIO DE FREI ROGERIO;2210;Esperidião Amin;398000.0;Implantação De Pontes Em Estradas Vicinais - Ministério da Integração e do Desenvolvimento Regional - Implantação De Pontes Em Estradas Vicinais - Ministério da Integração e do Desenvolvimento Regional;;Caixa Econômica Federal;104;571-1;571;568812858-1;568812858
09032026-096333;202640620003-RICARDO GUIDI;01616039000109;MUNICIPIO DE FREI ROGERIO;4062;Ricardo Guidi;398000.0;Desenvolvimento das cadeias produtivas da agropecuária - Ministério da Agricultura e Pecuária - Desenvolvimento das cadeias produtivas da agropecuária - Ministério da Agricultura e Pecuária;;Caixa Econômica Federal;104;571-1;571;568689038-9;568689038
0903-004742;202025690009-Celso Maldaner;01566620000155;MUNICIPIO DE TIGRINHOS;2569;Celso Maldaner;200000.0;;2020OB800134;Banco do Brasil;001;858-3;858;34535-0;34535
09032021-009931;202125690003-Celso Maldaner;01566620000155;MUNICIPIO DE TIGRINHOS;2569;Celso Maldaner;300000.0;;2021OB800448;Banco do Brasil;001;858-3;858;36065-1;36065
09032022-017698;202225690003-Celso Maldaner;01566620000155;MUNICIPIO DE TIGRINHOS;2569;Celso Maldaner;300000.0;;2022OB800889;Banco do Brasil;001;858-3;858;36988-8;36988
09032023-037031;202339320001-Caroline de Toni;01566620000155;MUNICIPIO DE TIGRINHOS;3932;Caroline de Toni;75000.0;;2023OB813640;Banco do Brasil;001;858-3;858;38386-4;38386
09032024-070528;202443250003-Cobalchini;01566620000155;MUNICIPIO DE TIGRINHOS;4325;Cobalchini;400000.0;;2024OB010789;Banco do Brasil;001;858-3;858;39589-7;39589
09032024-066071;202442730002-Jorge Seif;01566620000155;MUNICIPIO DE TIGRINHOS;4273;Jorge Seif;100000.0;;2024OB010281;Banco do Brasil;001;858-3;858;39595-1;39595
0903-003543;202029250015-Carmen Zanotto;01599409000139;MUNICIPIO DE CAPAO ALTO;2925;Carmen Zanotto;250000.0;;2020OB800137;Banco do Brasil;001;5215-9;5215;16053-9;16053
0903-003807;202022100018-Esperidião Amin;01599409000139;MUNICIPIO DE CAPAO ALTO;2210;Esperidião Amin;100000.0;;2020OB801776;Banco do Brasil;001;5215-9;5215;16053-9;16053
09032021-012108;202139530003-Darci de Matos;01599409000139;MUNICIPIO DE CAPAO ALTO;3953;Darci de Matos;100000.0;;2021OB801309;Banco do Brasil;001;5215-9;5215;17271-5;17271
09032022-015092;202229250013-Carmen Zanotto;01599409000139;MUNICIPIO DE CAPAO ALTO;2925;Carmen Zanotto;100000.0;;2022OB801455;Caixa Econômica Federal;104;420-0;420;576008069-1;576008069
09032022-016320;202239530001-Darci de Matos;01599409000139;MUNICIPIO DE CAPAO ALTO;3953;Darci de Matos;150000.0;;2022OB802725;Caixa Econômica Federal;104;420-0;420;576008069-1;576008069
09032022-017131;202218800004-Angela Amin;01599409000139;MUNICIPIO DE CAPAO ALTO;1880;Angela Amin;250000.0;;2022OB800501;Caixa Econômica Federal;104;420-0;420;576008069-1;576008069
09032023-034377;202322100001-Esperidião Amin;01599409000139;MUNICIPIO DE CAPAO ALTO;2210;Esperidião Amin;300000.0;;2023OB809262;Banco do Brasil;001;5215-9;5215;19963-X;19963
09032023-037030;202339320001-Caroline de Toni;01599409000139;MUNICIPIO DE CAPAO ALTO;3932;Caroline de Toni;75000.0;;2023OB813641;Banco do Brasil;001;5215-9;5215;19963-X;19963
09032023-032853;202329250001-Carmen Zanotto;01599409000139;MUNICIPIO DE CAPAO ALTO;2925;Carmen Zanotto;150000.0;;2023OB812589;Banco do Brasil;001;5215-9;5215;19963-X;19963
09032024-067031;202429250006-Carmen Zanotto;01599409000139;MUNICIPIO DE CAPAO ALTO;2925;Carmen Zanotto;250000.0;;2024OB001359;Caixa Econômica Federal;104;420-0;420;576008103-5;576008103
09032024-073930;202442730001-Jorge Seif;01599409000139;MUNICIPIO DE CAPAO ALTO;4273;Jorge Seif;100000.0;;2024OB010261;Caixa Econômica Federal;104;420-0;420;576008104-3;576008104
0903-003253;202041850004-Jorginho Mello;01612844000156;MUNICIPIO DE SALTINHO;4185;Jorginho Mello;100000.0;;2020OB801696;Banco do Brasil;001;1718-3;1718;4550-0;4550
09032021-010412;202128550001-Pedro Uczai;01612844000156;MUNICIPIO DE SALTINHO;2855;Pedro Uczai;250000.0;;2021OB800674;Banco do Brasil;001;1718-3;1718;14937-3;14937
09032021-010953;202132350006-Geovania De Sá;01612844000156;MUNICIPIO DE SALTINHO;3235;Geovania De Sá;200000.0;;2021OB800850;Banco do Brasil;001;1718-3;1718;14937-3;14937
09032022-016321;202239530001-Darci de Matos;01612844000156;MUNICIPIO DE SALTINHO;3953;Darci de Matos;150000.0;;2023OB802830;Banco do Brasil;001;1718-3;1718;15784-8;15784
09032022-018196;202228550020-Pedro Uczai;01612844000156;MUNICIPIO DE SALTINHO;2855;Pedro Uczai;200000.0;;2022OB801251;Banco do Brasil;001;1718-3;1718;15784-8;15784
09032023-033051;202328550022-Pedro Uczai;01612844000156;MUNICIPIO DE SALTINHO;2855;Pedro Uczai;250000.0;;2023OB807297;Banco do Brasil;001;1718-3;1718;16775-4;16775
09032023-037033;202339320001-Caroline de Toni;01612844000156;MUNICIPIO DE SALTINHO;3932;Caroline de Toni;100000.0;;2023OB810547;Banco do Brasil;001;1718-3;1718;16775-4;16775
09032024-069169;202428550022-Pedro Uczai;01612844000156;MUNICIPIO DE SALTINHO;2855;Pedro Uczai;300000.0;;2024OB001134, 2024OB001143;Banco do Brasil;001;1718-3;1718;17342-8;17342
09032024-066073;202442730002-Jorge Seif;01612844000156;MUNICIPIO DE SALTINHO;4273;Jorge Seif;100000.0;;2024OB010273;Banco do Brasil;001;1718-3;1718;17343-6;17343
09032024-072798;202439320001-Caroline de Toni;01612844000156;MUNICIPIO DE SALTINHO;3932;Caroline de Toni;100000.0;;2024OB008481;Banco do Brasil;001;1718-3;1718;17345-2;17345
09032026-097229;202643250001-COBALCHINI;01612844000156;MUNICIPIO DE SALTINHO;4325;Cobalchini;199000.0;Objeto Único Não Padronizado – Demais - Perfuração de poço artesiano no município de Saltinho/SC.;2026OB005668;Banco do Brasil;001;1718-3;1718;18820-4;18820
0903-003458;202018800013-Angela Amin;78511052000110;MUNICIPIO DE ABDON BATISTA;1880;Angela Amin;150000.0;;2020OB801089;Banco do Brasil;001;5433-X;5433;10225-3;10225
09032021-012120;202139530003-Darci de Matos;78511052000110;MUNICIPIO DE ABDON BATISTA;3953;Darci de Matos;100000.0;;2021OB804396;Caixa Econômica Federal;104;851-6;851;575998013-7;575998013
09032022-017386;202222100001-Esperidião Amin;78511052000110;MUNICIPIO DE ABDON BATISTA;2210;Esperidião Amin;150000.0;;2022OB800662;Banco do Brasil;001;5433-X;5433;10717-4;10717
09032023-034408;202322100001-Esperidião Amin;78511052000110;MUNICIPIO DE ABDON BATISTA;2210;Esperidião Amin;150000.0;;2023OB809279;Caixa Econômica Federal;104;851-6;851;575998096-0;575998096
09032024-068681;202442510013-Ivete da Silveira;78511052000110;MUNICIPIO DE ABDON BATISTA;4251;Ivete da Silveira;200000.0;;2024OB009961;Banco do Brasil;001;5433-X;5433;11251-8;11251
09032024-068798;202442510012-Ivete da Silveira;78511052000110;MUNICIPIO DE ABDON BATISTA;4251;Ivete da Silveira;200000.0;;2024OB003515;Banco do Brasil;001;5433-X;5433;11250-X;11250
09032021-011507;202137860003-Dário Berger;78511052000110;MUNICIPIO DE ABDON BATISTA;3786;Dário Berger;150000.0;;2021OB804241;Caixa Econômica Federal;104;851-6;851;575998013-7;575998013
09032024-067048;202429250006-Carmen Zanotto;78511052000110;MUNICIPIO DE ABDON BATISTA;2925;Carmen Zanotto;250000.0;;2024OB001367, 2024OB001372;Banco do Brasil;001;5433-X;5433;11252-6;11252
09032024-067048;202429250006-Carmen Zanotto;78511052000110;MUNICIPIO DE ABDON BATISTA;2925;Carmen Zanotto;250000.0;;2024OB001367, 2024OB001372;Banco do Brasil;001;5433-X;5433;11252-6;11252
09032024-073515;202440620002-Ricardo Guidi;78511052000110;MUNICIPIO DE ABDON BATISTA;4062;Ricardo Guidi;200000.0;;2024OB009105;Caixa Econômica Federal;104;851-6;851;575998193-1;575998193
09032024-073988;202442730001-Jorge Seif;78511052000110;MUNICIPIO DE ABDON BATISTA;4273;Jorge Seif;100000.0;;2024OB010234;Caixa Econômica Federal;104;851-6;851;575998123-0;575998123
09032024-070541;202443250003-Cobalchini;78511052000110;MUNICIPIO DE ABDON BATISTA;4325;Cobalchini;350000.0;;2024OB004162;Banco do Brasil;001;5433-X;5433;11249-6;11249
09032026-097243;202643250001-COBALCHINI;78511052000110;MUNICIPIO DE ABDON BATISTA;4325;Cobalchini;497500.0;Pavimentação Urbana - Ministério das Cidades - Pavimentação Urbana - Ministério das Cidades;2026OB005678;Banco do Brasil;001;5433-X;5433;11721-8;11721
0903-004290;202041850004-Jorginho Mello;01551148000187;MUNICIPIO DE BOM JESUS;4185;Jorginho Mello;300000.0;;2020OB801687;Caixa Econômica Federal;104;701-3;701;575864058-8;575864058
09032021-010410;202128550001-Pedro Uczai;01551148000187;MUNICIPIO DE BOM JESUS;2855;Pedro Uczai;150000.0;;2021OB802110;Banco do Brasil;001;586-X;586;49874-2;49874
09032021-012235;202139800001-Fabio Schiochet;01551148000187;MUNICIPIO DE BOM JESUS;3980;Fabio Schiochet;500000.0;;2021OB802313;Banco do Brasil;001;586-X;586;49874-2;49874
09032021-013403;202141850007-Jorginho Mello;01551148000187;MUNICIPIO DE BOM JESUS;4185;Jorginho Mello;200000.0;;2021OB802432;Banco do Brasil;001;586-X;586;49874-2;49874
09032022-014111;202232350003-Geovania De Sá;01551148000187;MUNICIPIO DE BOM JESUS;3235;Geovania De Sá;100000.0;;2023OB801651;Banco do Brasil;001;586-X;586;51845-X;51845
09032022-016414;202228550021-Pedro Uczai;01551148000187;MUNICIPIO DE BOM JESUS;2855;Pedro Uczai;150000.0;;2022OB801259;Banco do Brasil;001;586-X;586;51845-X;51845
09032023-037032;202339320001-Caroline de Toni;01551148000187;MUNICIPIO DE BOM JESUS;3932;Caroline de Toni;200000.0;;2023OB807104;Caixa Econômica Federal;104;701-3;701;575864064-2;575864064
09032024-069379;202439800001-Fabio Schiochet;01551148000187;MUNICIPIO DE BOM JESUS;3980;Fabio Schiochet;250000.0;;2024OB008721;Caixa Econômica Federal;104;701-3;701;575864075-8;575864075
09032024-074432;202443390001-Daniela Reinehr;01551148000187;MUNICIPIO DE BOM JESUS;4339;Daniela Reinehr;100000.0;;2024OB010884;Caixa Econômica Federal;104;701-3;701;575864079-0;575864079
09032024-073847;202442090002-Jorge Goetten;01551148000187;MUNICIPIO DE BOM JESUS;4209;Jorge Goetten;100000.0;;2024OB009943;Caixa Econômica Federal;104;701-3;701;575864078-2;575864078
0903-004397;202041850004-Jorginho Mello;01612812000150;MUNICIPIO DE SAO BERNARDINO;4185;Jorginho Mello;200000.0;;2020OB801724;Caixa Econômica Federal;104;1884-8;1884;575996156-6;575996156
09032021-010414;202128550001-Pedro Uczai;01612812000150;MUNICIPIO DE SAO BERNARDINO;2855;Pedro Uczai;150000.0;;2021OB802728;Caixa Econômica Federal;104;1884-8;1884;575996157-4;575996157
09032021-010954;202132350006-Geovania De Sá;01612812000150;MUNICIPIO DE SAO BERNARDINO;3235;Geovania De Sá;300000.0;;2021OB803405;Caixa Econômica Federal;104;1884-8;1884;575996157-4;575996157
09032023-031232;202332350003-Geovania De Sá;01612812000150;MUNICIPIO DE SAO BERNARDINO;3235;Geovania De Sá;300000.0;;2023OB812884;Caixa Econômica Federal;104;1884-8;1884;575858587-0;575858587
09032023-033053;202328550022-Pedro Uczai;01612812000150;MUNICIPIO DE SAO BERNARDINO;2855;Pedro Uczai;250000.0;;2023OB809635;Caixa Econômica Federal;104;1884-8;1884;575858587-0;575858587
09032024-066075;202442730002-Jorge Seif;01612812000150;MUNICIPIO DE SAO BERNARDINO;4273;Jorge Seif;100000.0;;2024OB010283;Banco do Brasil;001;1718-3;1718;17353-3;17353
09032024-069171;202428550022-Pedro Uczai;01612812000150;MUNICIPIO DE SAO BERNARDINO;2855;Pedro Uczai;100000.0;;2024OB001125;Banco do Brasil;001;1718-3;1718;17352-5;17352
09032024-075053;202444480002-Pezenti;01612812000150;MUNICIPIO DE SAO BERNARDINO;4448;Pezenti;200000.0;;2024OB012024;Banco do Brasil;001;1718-3;1718;17358-4;17358
