"Mês/Ano";"Favorecido";"Natureza Jurídica do Favorecido";"Tipo do Favorecido";"UF do Favorecido";"Munícipio do Favorecido";"Código da Emenda";"Autor da Emenda";"Valor";
"07/2024";"86.051.398/0001-00 - MUNICIPIO DE SAO BENTO DO SUL";"Município";"Pessoa Jurídica";"SC";"SÃO BENTO DO SUL";"202442090002";"4209 - JORGE GOETTEN";"899,89";
"09/2023";"80.623.606/0001-12 - MUNICIPIO DE IRACEMINHA";"Município";"Pessoa Jurídica";"SC";"IRACEMINHA";"202325690004";"2569 - CELSO MALDANER";"3.990,50";
"10/2023";"83.026.138/0001-97 - MUNICIPIO DE DESCANSO";"Município";"Pessoa Jurídica";"SC";"DESCANSO";"202339320001";"3932 - CAROLINE DE TONI";"4.150,00";
"03/2023";"83.102.665/0001-33 - MUNICIPIO DE LONTRAS";"Município";"Pessoa Jurídica";"SC";"LONTRAS";"202228560001";"2856 - ROGERIO PENINHA MENDONCA";"9.159,00";
"07/2024";"82.827.999/0001-01 - MUNICIPIO DE TANGARA";"Município";"Pessoa Jurídica";"SC";"TANGARÁ";"202442510013";"4251 - IVETE DA SILVEIRA";"10.843,27";
"12/2024";"01.613.101/0001-09 - MUNICIPIO DE SAO PEDRO DE ALCANTARA";"Município";"Pessoa Jurídica";"SC";"SÃO PEDRO DE ALCÂNTARA";"202444010006";"4401 - JULIA ZANATTA";"11.453,10";
"08/2023";"80.913.031/0001-72 - MUNICIPIO DE OURO VERDE";"Município";"Pessoa Jurídica";"SC";"OURO VERDE";"202342510010";"4251 - IVETE DA SILVEIRA";"13.072,00";
"09/2023";"78.486.198/0001-52 - MUNICIPIO DE TUNAPOLIS";"Município";"Pessoa Jurídica";"SC";"TUNÁPOLIS";"202328550022";"2855 - PEDRO UCZAI";"18.229,50";
"03/2023";"80.911.936/0001-03 - MUNICIPIO DE SAO JOAO DO OESTE";"Município";"Pessoa Jurídica";"SC";"SÃO JOÃO DO OESTE";"202232350003";"3235 - GEOVANIA DE SA";"20.159,00";
"03/2023";"83.102.319/0001-55 - MUNICIPIO DE LUIZ ALVES";"Município";"Pessoa Jurídica";"SC";"LUIZ ALVES";"202241290001";"4129 - RODRIGO COELHO";"25.000,00";
"12/2023";"82.577.636/0001-65 - MUNICIPIO DE TIJUCAS";"Município";"Pessoa Jurídica";"SC";"TIJUCAS";"202318800004";"1880 - ANGELA AMIN";"28.226,00";
"09/2023";"95.990.255/0001-55 - MUNICIPIO DE PLANALTO ALEGRE";"Município";"Pessoa Jurídica";"SC";"PLANALTO ALEGRE";"202322100001";"2210 - ESPERIDIAO AMIN";"28.645,50";
"03/2023";"82.854.670/0001-30 - MUNICIPIO DE XAXIM";"Município";"Pessoa Jurídica";"SC";"XAXIM";"202229250013";"2925 - CARMEN ZANOTTO";"30.000,00";
"12/2024";"82.916.800/0001-11 - MUNICIPIO DE ICARA";"Município";"Pessoa Jurídica";"SC";"IÇARA";"202442730001";"4273 - JORGE SEIF";"30.395,97";
"12/2023";"83.021.147/0001-95 - MUNICIPIO DE CUNHA PORA";"Município";"Pessoa Jurídica";"SC";"CUNHA PORÃ";"202339320001";"3932 - CAROLINE DE TONI";"40.000,00";
"12/2024";"95.996.104/0001-04 - MUNICIPIO DE MONTE CARLO";"Município";"Pessoa Jurídica";"SC";"MONTE CARLO";"202439320001";"3932 - CAROLINE DE TONI";"40.042,33";
"07/2022";"01.608.820/0001-23 - MUNICIPIO DE PAINEL";"Município";"Pessoa Jurídica";"SC";"PAINEL";"202241850010";"4185 - JORGINHO MELLO";"40.159,00";
"03/2023";"82.928.672/0001-26 - MUNICIPIO DE TREZE DE MAIO";"Município";"Pessoa Jurídica";"SC";"TREZE DE MAIO";"202222100001";"2210 - ESPERIDIAO AMIN";"40.159,00";
"07/2022";"01.612.744/0001-20 - MUNICIPIO DE IOMERE";"Município";"Pessoa Jurídica";"SC";"IOMERÊ";"202218800004";"1880 - ANGELA AMIN";"40.160,00";
"12/2023";"01.610.566/0001-06 - MUNICIPIO DE PALMEIRA";"Município";"Pessoa Jurídica";"SC";"PALMEIRA";"202329250001";"2925 - CARMEN ZANOTTO";"41.261,75";
"10/2023";"83.102.434/0001-20 - MUNICIPIO DE PRESIDENTE GETULIO";"Município";"Pessoa Jurídica";"SC";"PRESIDENTE GETÚLIO";"202340620003";"4062 - RICARDO GUIDI";"48.170,75";
"12/2024";"83.102.343/0001-94 - MUNICIPIO DE BRUSQUE";"Município";"Pessoa Jurídica";"SC";"BRUSQUE";"202442510013";"4251 - IVETE DA SILVEIRA";"50.000,00";
"07/2024";"83.102.343/0001-94 - MUNICIPIO DE BRUSQUE";"Município";"Pessoa Jurídica";"SC";"BRUSQUE";"202442510012";"4251 - IVETE DA SILVEIRA";"50.000,00";
"07/2024";"82.892.357/0001-96 - MUNICIPIO DE RANCHO QUEIMADO";"Município";"Pessoa Jurídica";"SC";"RANCHO QUEIMADO";"202442510012";"4251 - IVETE DA SILVEIRA";"50.000,00";
"12/2024";"82.892.357/0001-96 - MUNICIPIO DE RANCHO QUEIMADO";"Município";"Pessoa Jurídica";"SC";"RANCHO QUEIMADO";"202442510013";"4251 - IVETE DA SILVEIRA";"50.000,00";
"03/2023";"81.531.162/0001-58 - MUNICIPIO DE FORQUILHINHA";"Município";"Pessoa Jurídica";"SC";"FORQUILHINHA";"202240150005";"4015 - HELIO COSTA";"50.000,00";
"07/2024";"78.493.343/0001-22 - MUNICIPIO DE CELSO RAMOS";"Município";"Pessoa Jurídica";"SC";"CELSO RAMOS";"202429250006";"2925 - CARMEN ZANOTTO";"50.000,00";
"07/2024";"83.102.269/0001-06 - MUNICIPIO DE SAO FRANCISCO DO SUL";"Município";"Pessoa Jurídica";"SC";"SÃO FRANCISCO DO SUL";"202442510013";"4251 - IVETE DA SILVEIRA";"50.000,00";
"07/2024";"83.102.269/0001-06 - MUNICIPIO DE SAO FRANCISCO DO SUL";"Município";"Pessoa Jurídica";"SC";"SÃO FRANCISCO DO SUL";"202442510012";"4251 - IVETE DA SILVEIRA";"50.000,00";
"07/2022";"83.039.842/0001-84 - MUNICIPIO DE VIDEIRA";"Município";"Pessoa Jurídica";"SC";"VIDEIRA";"202229250013";"2925 - CARMEN ZANOTTO";"50.000,00";
"12/2024";"82.892.332/0001-92 - MUNICIPIO DE ANITAPOLIS";"Município";"Pessoa Jurídica";"SC";"ANITÁPOLIS";"202429250006";"2925 - CARMEN ZANOTTO";"50.000,00";
"07/2022";"82.939.380/0001-99 - MUNICIPIO DE JOACABA";"Município";"Pessoa Jurídica";"SC";"JOAÇABA";"202229250013";"2925 - CARMEN ZANOTTO";"50.000,00";
"07/2024";"75.438.655/0001-45 - MUNICIPIO DE CORREIA PINTO";"Município";"Pessoa Jurídica";"SC";"CORREIA PINTO";"202442510012";"4251 - IVETE DA SILVEIRA";"50.000,00";
"12/2024";"75.438.655/0001-45 - MUNICIPIO DE CORREIA PINTO";"Município";"Pessoa Jurídica";"SC";"CORREIA PINTO";"202442510013";"4251 - IVETE DA SILVEIRA";"50.000,00";
"07/2024";"82.854.670/0001-30 - MUNICIPIO DE XAXIM";"Município";"Pessoa Jurídica";"SC";"XAXIM";"202442510012";"4251 - IVETE DA SILVEIRA";"50.000,00";
"07/2022";"82.939.232/0001-74 - MUNICIPIO DE CAMPOS NOVOS";"Município";"Pessoa Jurídica";"SC";"CAMPOS NOVOS";"202229250013";"2925 - CARMEN ZANOTTO";"50.000,00";
"12/2024";"82.909.409/0001-90 - MUNICIPIO DE IMBITUBA";"Município";"Pessoa Jurídica";"SC";"IMBITUBA";"202442510013";"4251 - IVETE DA SILVEIRA";"50.000,00";
"07/2024";"82.909.409/0001-90 - MUNICIPIO DE IMBITUBA";"Município";"Pessoa Jurídica";"SC";"IMBITUBA";"202442510012";"4251 - IVETE DA SILVEIRA";"50.000,00";
"07/2024";"83.102.350/0001-96 - MUNICIPIO DE BOTUVERA";"Município";"Pessoa Jurídica";"SC";"BOTUVERÁ";"202442510012";"4251 - IVETE DA SILVEIRA";"50.000,00";
"12/2024";"83.102.350/0001-96 - MUNICIPIO DE BOTUVERA";"Município";"Pessoa Jurídica";"SC";"BOTUVERÁ";"202442510013";"4251 - IVETE DA SILVEIRA";"50.000,00";
"08/2023";"78.492.576/0001-00 - MUNICIPIO DE URUPEMA";"Município";"Pessoa Jurídica";"SC";"URUPEMA";"202329250001";"2925 - CARMEN ZANOTTO";"50.000,00";
"12/2024";"83.102.483/0001-62 - MUNICIPIO DE MASSARANDUBA";"Município";"Pessoa Jurídica";"SC";"MASSARANDUBA";"202429250006";"2925 - CARMEN ZANOTTO";"50.000,00";
"07/2024";"01.612.698/0001-69 - MUNICIPIO DE ENTRE RIOS";"Município";"Pessoa Jurídica";"SC";"ENTRE RIOS";"202442510012";"4251 - IVETE DA SILVEIRA";"50.000,00";
"07/2024";"01.612.698/0001-69 - MUNICIPIO DE ENTRE RIOS";"Município";"Pessoa Jurídica";"SC";"ENTRE RIOS";"202442510013";"4251 - IVETE DA SILVEIRA";"50.000,00";
"12/2024";"95.778.056/0001-88 - MUNICIPIO DE COCAL DO SUL";"Município";"Pessoa Jurídica";"SC";"COCAL DO SUL";"202442510013";"4251 - IVETE DA SILVEIRA";"50.000,00";
"07/2024";"95.778.056/0001-88 - MUNICIPIO DE COCAL DO SUL";"Município";"Pessoa Jurídica";"SC";"COCAL DO SUL";"202442510012";"4251 - IVETE DA SILVEIRA";"50.000,00";
"07/2024";"82.892.290/0001-90 - MUNICIPIO DE ANTONIO CARLOS";"Município";"Pessoa Jurídica";"SC";"ANTÔNIO CARLOS";"202442510013";"4251 - IVETE DA SILVEIRA";"50.000,00";
"07/2024";"83.102.319/0001-55 - MUNICIPIO DE LUIZ ALVES";"Município";"Pessoa Jurídica";"SC";"LUIZ ALVES";"202442510012";"4251 - IVETE DA SILVEIRA";"50.000,00";
"12/2024";"83.102.319/0001-55 - MUNICIPIO DE LUIZ ALVES";"Município";"Pessoa Jurídica";"SC";"LUIZ ALVES";"202442510013";"4251 - IVETE DA SILVEIRA";"50.000,00";
"07/2024";"79.373.767/0001-16 - MUNICIPIO DE APIUNA";"Município";"Pessoa Jurídica";"SC";"APIÚNA";"202442510012";"4251 - IVETE DA SILVEIRA";"50.000,00";
"12/2024";"79.373.767/0001-16 - MUNICIPIO DE APIUNA";"Município";"Pessoa Jurídica";"SC";"APIÚNA";"202442510013";"4251 - IVETE DA SILVEIRA";"50.000,00";
"03/2023";"01.610.566/0001-06 - MUNICIPIO DE PALMEIRA";"Município";"Pessoa Jurídica";"SC";"PALMEIRA";"202229250013";"2925 - CARMEN ZANOTTO";"50.000,00";
"12/2024";"83.102.426/0001-83 - MUNICIPIO DE DONA EMMA";"Município";"Pessoa Jurídica";"SC";"DONA EMMA";"202442510013";"4251 - IVETE DA SILVEIRA";"50.000,00";
"07/2024";"83.102.426/0001-83 - MUNICIPIO DE DONA EMMA";"Município";"Pessoa Jurídica";"SC";"DONA EMMA";"202442510012";"4251 - IVETE DA SILVEIRA";"50.000,00";
"07/2024";"82.939.448/0001-30 - MUNICIPIO DE IBICARE";"Município";"Pessoa Jurídica";"SC";"IBICARÉ";"202442510012";"4251 - IVETE DA SILVEIRA";"50.000,00";
"12/2024";"82.939.448/0001-30 - MUNICIPIO DE IBICARE";"Município";"Pessoa Jurídica";"SC";"IBICARÉ";"202442510013";"4251 - IVETE DA SILVEIRA";"50.000,00";
"07/2024";"83.102.285/0001-07 - MUNICIPIO DE BALNEARIO CAMBORIU";"Município";"Pessoa Jurídica";"SC";"BALNEÁRIO CAMBORIÚ";"202444480002";"4448 - PEZENTI";"54.665,87";
"06/2026";"82.538.851/0001-57 - MUNICIPIO DE IMARUI";"Município";"Pessoa Jurídica";"SC";"IMARUÍ";"202643390009";"4339 - DANIELA REINEHR";"54.848,89";
"03/2023";"95.990.206/0001-12 - MUNICIPIO DE GUATAMBU";"Município";"Pessoa Jurídica";"SC";"GUATAMBÚ";"202232350003";"3235 - GEOVANIA DE SA";"59.682,00";
"12/2024";"82.826.462/0001-27 - MUNICIPIO DE ARROIO TRINTA";"Município";"Pessoa Jurídica";"SC";"ARROIO TRINTA";"202443390001";"4339 - DANIELA REINEHR";"62.101,82";
"12/2024";"78.492.576/0001-00 - MUNICIPIO DE URUPEMA";"Município";"Pessoa Jurídica";"SC";"URUPEMA";"202429250006";"2925 - CARMEN ZANOTTO";"62.861,50";
"07/2024";"82.916.800/0001-11 - MUNICIPIO DE ICARA";"Município";"Pessoa Jurídica";"SC";"IÇARA";"202442730001";"4273 - JORGE SEIF";"69.604,03";
"12/2024";"83.102.244/0001-02 - MUNICIPIO DE GASPAR";"Município";"Pessoa Jurídica";"SC";"GASPAR";"202444010006";"4401 - JULIA ZANATTA";"70.000,00";
"03/2023";"83.102.434/0001-20 - MUNICIPIO DE PRESIDENTE GETULIO";"Município";"Pessoa Jurídica";"SC";"PRESIDENTE GETÚLIO";"202229250013";"2925 - CARMEN ZANOTTO";"70.000,00";
"12/2023";"83.009.894/0001-08 - MUNICIPIO DE SAO DOMINGOS";"Município";"Pessoa Jurídica";"SC";"SÃO DOMINGOS";"202339320001";"3932 - CAROLINE DE TONI";"71.225,00";
"12/2024";"82.926.536/0001-05 - MUNICIPIO DE SAO LUDGERO";"Município";"Pessoa Jurídica";"SC";"SÃO LUDGERO";"202442510013";"4251 - IVETE DA SILVEIRA";"75.000,00";
"07/2024";"82.926.536/0001-05 - MUNICIPIO DE SAO LUDGERO";"Município";"Pessoa Jurídica";"SC";"SÃO LUDGERO";"202442510012";"4251 - IVETE DA SILVEIRA";"75.000,00";
"12/2024";"95.990.255/0001-55 - MUNICIPIO DE PLANALTO ALEGRE";"Município";"Pessoa Jurídica";"SC";"PLANALTO ALEGRE";"202442510013";"4251 - IVETE DA SILVEIRA";"75.000,00";
"07/2024";"95.990.255/0001-55 - MUNICIPIO DE PLANALTO ALEGRE";"Município";"Pessoa Jurídica";"SC";"PLANALTO ALEGRE";"202442510012";"4251 - IVETE DA SILVEIRA";"75.000,00";
"07/2024";"82.558.149/0001-55 - MUNICIPIO DE GRAO PARA";"Município";"Pessoa Jurídica";"SC";"GRÃO PARÁ";"202442510012";"4251 - IVETE DA SILVEIRA";"75.000,00";
"12/2024";"82.558.149/0001-55 - MUNICIPIO DE GRAO PARA";"Município";"Pessoa Jurídica";"SC";"GRÃO PARÁ";"202442510013";"4251 - IVETE DA SILVEIRA";"75.000,00";
"12/2023";"83.102.525/0001-65 - MUNICIPIO DE MONTE CASTELO";"Município";"Pessoa Jurídica";"SC";"MONTE CASTELO";"202339320001";"3932 - CAROLINE DE TONI";"75.000,00";
"12/2024";"82.928.672/0001-26 - MUNICIPIO DE TREZE DE MAIO";"Município";"Pessoa Jurídica";"SC";"TREZE DE MAIO";"202442510013";"4251 - IVETE DA SILVEIRA";"75.000,00";
"07/2024";"82.928.672/0001-26 - MUNICIPIO DE TREZE DE MAIO";"Município";"Pessoa Jurídica";"SC";"TREZE DE MAIO";"202442510012";"4251 - IVETE DA SILVEIRA";"75.000,00";
"07/2024";"01.608.905/0001-01 - MUNICIPIO DE ERMO";"Município";"Pessoa Jurídica";"SC";"ERMO";"202442510013";"4251 - IVETE DA SILVEIRA";"75.000,00";
"07/2024";"01.608.905/0001-01 - MUNICIPIO DE ERMO";"Município";"Pessoa Jurídica";"SC";"ERMO";"202442510012";"4251 - IVETE DA SILVEIRA";"75.000,00";
"12/2024";"82.561.093/0001-98 - MUNICIPIO DE SAO JOAQUIM";"Município";"Pessoa Jurídica";"SC";"SÃO JOAQUIM";"202442510013";"4251 - IVETE DA SILVEIRA";"75.000,00";
"07/2024";"82.561.093/0001-98 - MUNICIPIO DE SAO JOAQUIM";"Município";"Pessoa Jurídica";"SC";"SÃO JOAQUIM";"202442510012";"4251 - IVETE DA SILVEIRA";"75.000,00";
"07/2024";"82.926.544/0001-43 - MUNICIPIO DE ORLEANS";"Município";"Pessoa Jurídica";"SC";"ORLEANS";"202442510012";"4251 - IVETE DA SILVEIRA";"75.000,00";
"12/2024";"82.926.544/0001-43 - MUNICIPIO DE ORLEANS";"Município";"Pessoa Jurídica";"SC";"ORLEANS";"202442510013";"4251 - IVETE DA SILVEIRA";"75.000,00";
"12/2024";"83.000.323/0001-02 - MUNICIPIO DE MORRO DA FUMACA";"Município";"Pessoa Jurídica";"SC";"MORRO DA FUMAÇA";"202442510013";"4251 - IVETE DA SILVEIRA";"75.000,00";
"07/2024";"83.000.323/0001-02 - MUNICIPIO DE MORRO DA FUMACA";"Município";"Pessoa Jurídica";"SC";"MORRO DA FUMAÇA";"202442510012";"4251 - IVETE DA SILVEIRA";"75.000,00";
"12/2024";"82.777.335/0001-85 - MUNICIPIO DE ANITA GARIBALDI";"Município";"Pessoa Jurídica";"SC";"ANITA GARIBALDI";"202442510013";"4251 - IVETE DA SILVEIRA";"75.000,00";
"07/2024";"82.777.335/0001-85 - MUNICIPIO DE ANITA GARIBALDI";"Município";"Pessoa Jurídica";"SC";"ANITA GARIBALDI";"202442510012";"4251 - IVETE DA SILVEIRA";"75.000,00";
"12/2023";"01.566.620/0001-55 - MUNICIPIO DE TIGRINHOS";"Município";"Pessoa Jurídica";"SC";"TIGRINHOS";"202339320001";"3932 - CAROLINE DE TONI";"75.000,00";
"12/2023";"01.599.409/0001-39 - MUNICIPIO DE CAPAO ALTO";"Município";"Pessoa Jurídica";"SC";"CAPÃO ALTO";"202339320001";"3932 - CAROLINE DE TONI";"75.000,00";
"07/2024";"83.108.357/0001-15 - MUNICIPIO DE BLUMENAU";"Município";"Pessoa Jurídica";"SC";"BLUMENAU";"202442510013";"4251 - IVETE DA SILVEIRA";"75.000,00";
"07/2024";"83.108.357/0001-15 - MUNICIPIO DE BLUMENAU";"Município";"Pessoa Jurídica";"SC";"BLUMENAU";"202442510012";"4251 - IVETE DA SILVEIRA";"75.000,00";
"12/2024";"95.782.793/0001-54 - MUNICIPIO DE PASSO DE TORRES";"Município";"Pessoa Jurídica";"SC";"PASSO DE TORRES";"202442510013";"4251 - IVETE DA SILVEIRA";"75.000,00";
"07/2024";"95.782.793/0001-54 - MUNICIPIO DE PASSO DE TORRES";"Município";"Pessoa Jurídica";"SC";"PASSO DE TORRES";"202442510012";"4251 - IVETE DA SILVEIRA";"75.000,00";
"07/2024";"82.836.818/0001-03 - MUNICIPIO DE SAO MARTINHO";"Município";"Pessoa Jurídica";"SC";"SÃO MARTINHO";"202442510012";"4251 - IVETE DA SILVEIRA";"75.000,00";
"12/2024";"82.836.818/0001-03 - MUNICIPIO DE SAO MARTINHO";"Município";"Pessoa Jurídica";"SC";"SÃO MARTINHO";"202442510013";"4251 - IVETE DA SILVEIRA";"75.000,00";
"07/2024";"82.960.758/0001-36 - MUNICIPIO DE JACINTO MACHADO";"Município";"Pessoa Jurídica";"SC";"JACINTO MACHADO";"202442510012";"4251 - IVETE DA SILVEIRA";"75.000,00";
"07/2024";"82.960.758/0001-36 - MUNICIPIO DE JACINTO MACHADO";"Município";"Pessoa Jurídica";"SC";"JACINTO MACHADO";"202442510013";"4251 - IVETE DA SILVEIRA";"75.000,00";
"07/2024";"83.102.459/0001-23 - MUNICIPIO DE JARAGUA DO SUL";"Município";"Pessoa Jurídica";"SC";"JARAGUÁ DO SUL";"202442510013";"4251 - IVETE DA SILVEIRA";"75.000,00";
"07/2024";"83.102.459/0001-23 - MUNICIPIO DE JARAGUA DO SUL";"Município";"Pessoa Jurídica";"SC";"JARAGUÁ DO SUL";"202442510012";"4251 - IVETE DA SILVEIRA";"75.000,00";
"12/2023";"01.613.101/0001-09 - MUNICIPIO DE SAO PEDRO DE ALCANTARA";"Município";"Pessoa Jurídica";"SC";"SÃO PEDRO DE ALCÂNTARA";"202339320001";"3932 - CAROLINE DE TONI";"75.000,00";
"07/2022";"95.991.097/0001-58 - MUNICIPIO DE CERRO NEGRO";"Município";"Pessoa Jurídica";"SC";"CERRO NEGRO";"202229250013";"2925 - CARMEN ZANOTTO";"76.063,50";
"03/2023";"83.102.269/0001-06 - MUNICIPIO DE SAO FRANCISCO DO SUL";"Município";"Pessoa Jurídica";"SC";"SÃO FRANCISCO DO SUL";"202229250013";"2925 - CARMEN ZANOTTO";"80.000,00";
"07/2022";"95.992.020/0001-00 - MUNICIPIO DE MACIEIRA";"Município";"Pessoa Jurídica";"SC";"MACIEIRA";"202229250013";"2925 - CARMEN ZANOTTO";"80.000,00";
"12/2023";"82.765.488/0001-02 - MUNICIPIO DE TAIO";"Município";"Pessoa Jurídica";"SC";"TAIÓ";"202328560022";"2856 - ROGERIO PENINHA MENDONCA";"86.505,50";
"12/2024";"82.777.244/0001-40 - MUNICIPIO DE PRESIDENTE CASTELO BRANCO";"Município";"Pessoa Jurídica";"SC";"PRESIDENTE CASTELLO BRANCO";"202442730002";"4273 - JORGE SEIF";"87.000,00";
"12/2024";"82.765.488/0001-02 - MUNICIPIO DE TAIO";"Município";"Pessoa Jurídica";"SC";"TAIÓ";"202442730002";"4273 - JORGE SEIF";"87.000,00";
"12/2024";"01.614.019/0001-90 - MUNICIPIO DE TREVISO";"Município";"Pessoa Jurídica";"SC";"TREVISO";"202442730002";"4273 - JORGE SEIF";"87.000,00";
"12/2024";"83.102.640/0001-30 - MUNICIPIO DE ITUPORANGA";"Município";"Pessoa Jurídica";"SC";"ITUPORANGA";"202442730002";"4273 - JORGE SEIF";"87.000,00";
"12/2024";"82.939.232/0001-74 - MUNICIPIO DE CAMPOS NOVOS";"Município";"Pessoa Jurídica";"SC";"CAMPOS NOVOS";"202442730002";"4273 - JORGE SEIF";"87.000,00";
"12/2024";"83.102.673/0001-80 - MUNICIPIO DE PETROLANDIA";"Município";"Pessoa Jurídica";"SC";"PETROLÂNDIA";"202442730002";"4273 - JORGE SEIF";"87.000,00";
"12/2024";"82.913.211/0001-80 - MUNICIPIO DE PRAIA GRANDE";"Município";"Pessoa Jurídica";"SC";"PRAIA GRANDE";"202442730002";"4273 - JORGE SEIF";"87.000,00";
"12/2024";"95.990.107/0001-30 - MUNICIPIO DE SUL BRASIL";"Município";"Pessoa Jurídica";"SC";"SUL BRASIL";"202442730002";"4273 - JORGE SEIF";"87.000,00";
"12/2024";"83.102.467/0001-70 - MUNICIPIO DE CORUPA";"Município";"Pessoa Jurídica";"SC";"CORUPÁ";"202442730002";"4273 - JORGE SEIF";"87.000,00";
"12/2024";"79.372.553/0001-25 - MUNICIPIO DE JOSE BOITEUX";"Município";"Pessoa Jurídica";"SC";"JOSÉ BOITEUX";"202442730002";"4273 - JORGE SEIF";"87.000,00";
"12/2024";"82.843.582/0001-32 - MUNICIPIO DE URUBICI";"Município";"Pessoa Jurídica";"SC";"URUBICI";"202442730002";"4273 - JORGE SEIF";"87.000,00";
"12/2024";"01.612.528/0001-84 - MUNICIPIO DE BANDEIRANTE";"Município";"Pessoa Jurídica";"SC";"BANDEIRANTE";"202442730002";"4273 - JORGE SEIF";"87.000,00";
"12/2024";"82.940.776/0001-56 - MUNICIPIO DE CAIBI";"Município";"Pessoa Jurídica";"SC";"CAIBI";"202442730002";"4273 - JORGE SEIF";"87.000,00";
"12/2024";"01.614.376/0001-59 - MUNICIPIO DE PAIAL";"Município";"Pessoa Jurídica";"SC";"PAIAL";"202442730002";"4273 - JORGE SEIF";"87.000,00";
"12/2024";"83.102.517/0001-19 - MUNICIPIO DE ITAIOPOLIS";"Município";"Pessoa Jurídica";"SC";"ITAIÓPOLIS";"202442730002";"4273 - JORGE SEIF";"87.000,00";
"12/2024";"83.009.894/0001-08 - MUNICIPIO DE SAO DOMINGOS";"Município";"Pessoa Jurídica";"SC";"SÃO DOMINGOS";"202442730002";"4273 - JORGE SEIF";"87.000,00";
"12/2024";"82.845.744/0001-71 - MUNICIPIO DE MAJOR GERCINO";"Município";"Pessoa Jurídica";"SC";"MAJOR GERCINO";"202442730002";"4273 - JORGE SEIF";"87.000,00";
"12/2024";"83.102.558/0001-05 - MUNICIPIO DE IRINEOPOLIS";"Município";"Pessoa Jurídica";"SC";"IRINEÓPOLIS";"202442730002";"4273 - JORGE SEIF";"87.000,00";
"12/2024";"01.612.745/0001-74 - MUNICIPIO DE IBIAM";"Município";"Pessoa Jurídica";"SC";"IBIAM";"202442730002";"4273 - JORGE SEIF";"87.000,00";
"12/2024";"95.815.379/0001-02 - MUNICIPIO DE BOMBINHAS";"Município";"Pessoa Jurídica";"SC";"BOMBINHAS";"202442730002";"4273 - JORGE SEIF";"87.000,00";
"12/2024";"82.827.999/0001-01 - MUNICIPIO DE TANGARA";"Município";"Pessoa Jurídica";"SC";"TANGARÁ";"202442510013";"4251 - IVETE DA SILVEIRA";"89.156,73";
"10/2023";"82.926.569/0001-47 - MUNICIPIO DE GRAVATAL";"Município";"Pessoa Jurídica";"SC";"GRAVATAL";"202332350003";"3235 - GEOVANIA DE SA";"89.657,50";
"03/2023";"83.102.442/0001-76 - MUNICIPIO DE WITMARSUM";"Município";"Pessoa Jurídica";"SC";"WITMARSUM";"202239530001";"3953 - DARCI DE MATOS";"90.159,00";
"12/2023";"81.531.162/0001-58 - MUNICIPIO DE FORQUILHINHA";"Município";"Pessoa Jurídica";"SC";"FORQUILHINHA";"202329250001";"2925 - CARMEN ZANOTTO";"92.289,00";
"09/2023";"01.594.009/0001-30 - MUNICIPIO DE BOM JESUS DO OESTE";"Município";"Pessoa Jurídica";"SC";"BOM JESUS DO OESTE";"202328550022";"2855 - PEDRO UCZAI";"94.176,00";
"08/2023";"83.026.138/0001-97 - MUNICIPIO DE DESCANSO";"Município";"Pessoa Jurídica";"SC";"DESCANSO";"202339320001";"3932 - CAROLINE DE TONI";"95.850,00";
"07/2024";"01.511.659/0001-75 - MUNICIPIO DE BALNEARIO GAIVOTA";"Município";"Pessoa Jurídica";"SC";"BALNEÁRIO GAIVOTA";"202442730001";"4273 - JORGE SEIF";"100.000,00";
"12/2024";"83.102.509/0001-72 - MUNICIPIO DE MAFRA";"Município";"Pessoa Jurídica";"SC";"MAFRA";"202429250006";"2925 - CARMEN ZANOTTO";"100.000,00";
"07/2024";"83.009.910/0001-62 - MUNICIPIO DE FAXINAL DOS GUEDES";"Município";"Pessoa Jurídica";"SC";"FAXINAL DOS GUEDES";"202442730001";"4273 - JORGE SEIF";"100.000,00";
"12/2023";"82.765.488/0001-02 - MUNICIPIO DE TAIO";"Município";"Pessoa Jurídica";"SC";"TAIÓ";"202329250001";"2925 - CARMEN ZANOTTO";"100.000,00";
"12/2024";"85.361.863/0001-47 - MUNICIPIO DE PALMITOS";"Município";"Pessoa Jurídica";"SC";"PALMITOS";"202442730001";"4273 - JORGE SEIF";"100.000,00";
"07/2024";"95.993.077/0001-16 - MUNICIPIO DE LAJEADO GRANDE";"Município";"Pessoa Jurídica";"SC";"LAJEADO GRANDE";"202442730001";"4273 - JORGE SEIF";"100.000,00";
"12/2024";"95.990.131/0001-70 - MUNICIPIO DE NOVA ITABERABA";"Município";"Pessoa Jurídica";"SC";"NOVA ITABERABA";"202442730001";"4273 - JORGE SEIF";"100.000,00";
"07/2024";"95.990.131/0001-70 - MUNICIPIO DE NOVA ITABERABA";"Município";"Pessoa Jurídica";"SC";"NOVA ITABERABA";"202443390001";"4339 - DANIELA REINEHR";"100.000,00";
"07/2024";"80.912.009/0001-08 - MUNICIPIO DE PARAISO";"Município";"Pessoa Jurídica";"SC";"PARAÍSO";"202442730001";"4273 - JORGE SEIF";"100.000,00";
"07/2024";"80.912.009/0001-08 - MUNICIPIO DE PARAISO";"Município";"Pessoa Jurídica";"SC";"PARAÍSO";"202443390001";"4339 - DANIELA REINEHR";"100.000,00";
"12/2024";"80.912.009/0001-08 - MUNICIPIO DE PARAISO";"Município";"Pessoa Jurídica";"SC";"PARAÍSO";"202439320001";"3932 - CAROLINE DE TONI";"100.000,00";
"07/2024";"82.892.357/0001-96 - MUNICIPIO DE RANCHO QUEIMADO";"Município";"Pessoa Jurídica";"SC";"RANCHO QUEIMADO";"202442090002";"4209 - JORGE GOETTEN";"100.000,00";
"12/2024";"01.612.888/0001-86 - MUNICIPIO DE BELA VISTA DO TOLDO";"Município";"Pessoa Jurídica";"SC";"BELA VISTA DO TOLDO";"202442730001";"4273 - JORGE SEIF";"100.000,00";
"03/2023";"01.612.888/0001-86 - MUNICIPIO DE BELA VISTA DO TOLDO";"Município";"Pessoa Jurídica";"SC";"BELA VISTA DO TOLDO";"202229250013";"2925 - CARMEN ZANOTTO";"100.000,00";
"12/2024";"95.990.115/0001-87 - MUNICIPIO DE NOVO HORIZONTE";"Município";"Pessoa Jurídica";"SC";"NOVO HORIZONTE";"202439320001";"3932 - CAROLINE DE TONI";"100.000,00";
"12/2023";"95.996.187/0001-31 - MUNICIPIO DE VARGEM BONITA";"Município";"Pessoa Jurídica";"SC";"VARGEM BONITA";"202339320001";"3932 - CAROLINE DE TONI";"100.000,00";
"08/2023";"83.754.044/0001-34 - MUNICIPIO DE CURITIBANOS";"Município";"Pessoa Jurídica";"SC";"CURITIBANOS";"202329250001";"2925 - CARMEN ZANOTTO";"100.000,00";
"03/2023";"83.754.044/0001-34 - MUNICIPIO DE CURITIBANOS";"Município";"Pessoa Jurídica";"SC";"CURITIBANOS";"202229250013";"2925 - CARMEN ZANOTTO";"100.000,00";
"12/2024";"82.821.182/0001-26 - MUNICIPIO DE ROMELANDIA";"Município";"Pessoa Jurídica";"SC";"ROMELÂNDIA";"202442730002";"4273 - JORGE SEIF";"100.000,00";
"12/2024";"83.102.400/0001-35 - MUNICIPIO DE TRES BARRAS";"Município";"Pessoa Jurídica";"SC";"TRÊS BARRAS";"202439320001";"3932 - CAROLINE DE TONI";"100.000,00";
"07/2024";"80.637.424/0001-09 - MUNICIPIO DE FORMOSA DO SUL";"Município";"Pessoa Jurídica";"SC";"FORMOSA DO SUL";"202442510013";"4251 - IVETE DA SILVEIRA";"100.000,00";
"07/2024";"80.637.424/0001-09 - MUNICIPIO DE FORMOSA DO SUL";"Município";"Pessoa Jurídica";"SC";"FORMOSA DO SUL";"202443390001";"4339 - DANIELA REINEHR";"100.000,00";
"07/2024";"80.637.424/0001-09 - MUNICIPIO DE FORMOSA DO SUL";"Município";"Pessoa Jurídica";"SC";"FORMOSA DO SUL";"202442510012";"4251 - IVETE DA SILVEIRA";"100.000,00";
"07/2022";"95.995.221/0001-53 - MUNICIPIO DE ARABUTA";"Município";"Pessoa Jurídica";"SC";"ARABUTÃ";"202232350003";"3235 - GEOVANIA DE SA";"100.000,00";
"12/2024";"95.995.221/0001-53 - MUNICIPIO DE ARABUTA";"Município";"Pessoa Jurídica";"SC";"ARABUTÃ";"202442090002";"4209 - JORGE GOETTEN";"100.000,00";
"12/2024";"81.531.162/0001-58 - MUNICIPIO DE FORQUILHINHA";"Município";"Pessoa Jurídica";"SC";"FORQUILHINHA";"202442730001";"4273 - JORGE SEIF";"100.000,00";
"03/2023";"83.755.850/0001-27 - MUNICIPIO DE PONTE ALTA";"Município";"Pessoa Jurídica";"SC";"PONTE ALTA";"202229250013";"2925 - CARMEN ZANOTTO";"100.000,00";
"03/2023";"83.755.850/0001-27 - MUNICIPIO DE PONTE ALTA";"Município";"Pessoa Jurídica";"SC";"PONTE ALTA";"202241850010";"4185 - JORGINHO MELLO";"100.000,00";
"03/2023";"83.755.850/0001-27 - MUNICIPIO DE PONTE ALTA";"Município";"Pessoa Jurídica";"SC";"PONTE ALTA";"202239530001";"3953 - DARCI DE MATOS";"100.000,00";
"07/2024";"83.755.850/0001-27 - MUNICIPIO DE PONTE ALTA";"Município";"Pessoa Jurídica";"SC";"PONTE ALTA";"202442730001";"4273 - JORGE SEIF";"100.000,00";
"12/2024";"78.511.052/0001-10 - MUNICIPIO DE ABDON BATISTA";"Município";"Pessoa Jurídica";"SC";"ABDON BATISTA";"202442730001";"4273 - JORGE SEIF";"100.000,00";
"07/2024";"83.021.824/0001-75 - MUNICIPIO DE CORONEL FREITAS";"Município";"Pessoa Jurídica";"SC";"CORONEL FREITAS";"202442730001";"4273 - JORGE SEIF";"100.000,00";
"12/2024";"95.996.104/0001-04 - MUNICIPIO DE MONTE CARLO";"Município";"Pessoa Jurídica";"SC";"MONTE CARLO";"202442090002";"4209 - JORGE GOETTEN";"100.000,00";
"12/2024";"83.102.665/0001-33 - MUNICIPIO DE LONTRAS";"Município";"Pessoa Jurídica";"SC";"LONTRAS";"202443390001";"4339 - DANIELA REINEHR";"100.000,00";
"12/2024";"83.102.665/0001-33 - MUNICIPIO DE LONTRAS";"Município";"Pessoa Jurídica";"SC";"LONTRAS";"202442730001";"4273 - JORGE SEIF";"100.000,00";
"12/2024";"82.538.851/0001-57 - MUNICIPIO DE IMARUI";"Município";"Pessoa Jurídica";"SC";"IMARUÍ";"202442730001";"4273 - JORGE SEIF";"100.000,00";
"07/2024";"82.538.851/0001-57 - MUNICIPIO DE IMARUI";"Município";"Pessoa Jurídica";"SC";"IMARUÍ";"202439320001";"3932 - CAROLINE DE TONI";"100.000,00";
"03/2023";"83.102.640/0001-30 - MUNICIPIO DE ITUPORANGA";"Município";"Pessoa Jurídica";"SC";"ITUPORANGA";"202237860003";"3786 - DARIO BERGER";"100.000,00";
"12/2024";"01.614.374/0001-60 - MUNICIPIO DE ALTO BELA VISTA";"Município";"Pessoa Jurídica";"SC";"ALTO BELA VISTA";"202442730001";"4273 - JORGE SEIF";"100.000,00";
"12/2024";"82.892.324/0001-46 - MUNICIPIO DE SANTO AMARO DA IMPERATRIZ";"Município";"Pessoa Jurídica";"SC";"SANTO AMARO DA IMPERATRIZ";"202442730002";"4273 - JORGE SEIF";"100.000,00";
"03/2023";"82.892.324/0001-46 - MUNICIPIO DE SANTO AMARO DA IMPERATRIZ";"Município";"Pessoa Jurídica";"SC";"SANTO AMARO DA IMPERATRIZ";"202239530001";"3953 - DARCI DE MATOS";"100.000,00";
"12/2024";"82.827.148/0001-69 - MUNICIPIO DE PINHEIRO PRETO";"Município";"Pessoa Jurídica";"SC";"PINHEIRO PRETO";"202443250003";"4325 - COBALCHINI";"100.000,00";
"12/2024";"82.827.148/0001-69 - MUNICIPIO DE PINHEIRO PRETO";"Município";"Pessoa Jurídica";"SC";"PINHEIRO PRETO";"202439320001";"3932 - CAROLINE DE TONI";"100.000,00";
"12/2024";"82.827.148/0001-69 - MUNICIPIO DE PINHEIRO PRETO";"Município";"Pessoa Jurídica";"SC";"PINHEIRO PRETO";"202442090002";"4209 - JORGE GOETTEN";"100.000,00";
"03/2023";"82.892.373/0001-89 - MUNICIPIO DE GOVERNADOR CELSO RAMOS";"Município";"Pessoa Jurídica";"SC";"GOVERNADOR CELSO RAMOS";"202232350003";"3235 - GEOVANIA DE SA";"100.000,00";
"03/2023";"82.854.670/0001-30 - MUNICIPIO DE XAXIM";"Município";"Pessoa Jurídica";"SC";"XAXIM";"202241850010";"4185 - JORGINHO MELLO";"100.000,00";
"12/2024";"82.854.670/0001-30 - MUNICIPIO DE XAXIM";"Município";"Pessoa Jurídica";"SC";"XAXIM";"202442730002";"4273 - JORGE SEIF";"100.000,00";
"12/2024";"82.939.232/0001-74 - MUNICIPIO DE CAMPOS NOVOS";"Município";"Pessoa Jurídica";"SC";"CAMPOS NOVOS";"202442090002";"4209 - JORGE GOETTEN";"100.000,00";
"07/2024";"95.990.230/0001-51 - MUNICIPIO DE IRATI";"Município";"Pessoa Jurídica";"SC";"IRATI";"202443390001";"4339 - DANIELA REINEHR";"100.000,00";
"12/2024";"95.990.230/0001-51 - MUNICIPIO DE IRATI";"Município";"Pessoa Jurídica";"SC";"IRATI";"202442730001";"4273 - JORGE SEIF";"100.000,00";
"12/2024";"80.989.965/0001-98 - MUNICIPIO DE SANTA ROSA DO SUL";"Município";"Pessoa Jurídica";"SC";"SANTA ROSA DO SUL";"202442730002";"4273 - JORGE SEIF";"100.000,00";
"12/2024";"82.821.216/0001-82 - MUNICIPIO DE GUARACIABA";"Município";"Pessoa Jurídica";"SC";"GUARACIABA";"202442730001";"4273 - JORGE SEIF";"100.000,00";
"12/2024";"83.009.928/0001-64 - MUNICIPIO DE VARGEAO";"Município";"Pessoa Jurídica";"SC";"VARGEÃO";"202442730002";"4273 - JORGE SEIF";"100.000,00";
"08/2023";"82.939.463/0001-88 - MUNICIPIO DE JABORA";"Município";"Pessoa Jurídica";"SC";"JABORÁ";"202342510010";"4251 - IVETE DA SILVEIRA";"100.000,00";
"12/2023";"82.916.800/0001-11 - MUNICIPIO DE ICARA";"Município";"Pessoa Jurídica";"SC";"IÇARA";"202342510010";"4251 - IVETE DA SILVEIRA";"100.000,00";
"12/2024";"95.949.806/0001-37 - MUNICIPIO DE CALMON";"Município";"Pessoa Jurídica";"SC";"CALMON";"202442730001";"4273 - JORGE SEIF";"100.000,00";
"10/2023";"83.102.673/0001-80 - MUNICIPIO DE PETROLANDIA";"Município";"Pessoa Jurídica";"SC";"PETROLÂNDIA";"202342510010";"4251 - IVETE DA SILVEIRA";"100.000,00";
"12/2023";"82.945.718/0001-15 - MUNICIPIO DE SAO CARLOS";"Município";"Pessoa Jurídica";"SC";"SÃO CARLOS";"202339320001";"3932 - CAROLINE DE TONI";"100.000,00";
"12/2024";"83.102.814/0001-64 - MUNICIPIO DE RODEIO";"Município";"Pessoa Jurídica";"SC";"RODEIO";"202442730001";"4273 - JORGE SEIF";"100.000,00";
"12/2023";"95.990.206/0001-12 - MUNICIPIO DE GUATAMBU";"Município";"Pessoa Jurídica";"SC";"GUATAMBÚ";"202342510010";"4251 - IVETE DA SILVEIRA";"100.000,00";
"07/2024";"95.995.247/0001-00 - MUNICIPIO DE ARVOREDO";"Município";"Pessoa Jurídica";"SC";"ARVOREDO";"202443390001";"4339 - DANIELA REINEHR";"100.000,00";
"03/2023";"95.995.247/0001-00 - MUNICIPIO DE ARVOREDO";"Município";"Pessoa Jurídica";"SC";"ARVOREDO";"202232350003";"3235 - GEOVANIA DE SA";"100.000,00";
"12/2024";"95.995.247/0001-00 - MUNICIPIO DE ARVOREDO";"Município";"Pessoa Jurídica";"SC";"ARVOREDO";"202439320001";"3932 - CAROLINE DE TONI";"100.000,00";
"07/2024";"95.990.255/0001-55 - MUNICIPIO DE PLANALTO ALEGRE";"Município";"Pessoa Jurídica";"SC";"PLANALTO ALEGRE";"202442730001";"4273 - JORGE SEIF";"100.000,00";
"08/2023";"82.913.211/0001-80 - MUNICIPIO DE PRAIA GRANDE";"Município";"Pessoa Jurídica";"SC";"PRAIA GRANDE";"202342510010";"4251 - IVETE DA SILVEIRA";"100.000,00";
"03/2023";"01.612.744/0001-20 - MUNICIPIO DE IOMERE";"Município";"Pessoa Jurídica";"SC";"IOMERÊ";"202229250013";"2925 - CARMEN ZANOTTO";"100.000,00";
"12/2024";"95.990.107/0001-30 - MUNICIPIO DE SUL BRASIL";"Município";"Pessoa Jurídica";"SC";"SUL BRASIL";"202428550022";"2855 - PEDRO UCZAI";"100.000,00";
"07/2024";"95.990.107/0001-30 - MUNICIPIO DE SUL BRASIL";"Município";"Pessoa Jurídica";"SC";"SUL BRASIL";"202442510012";"4251 - IVETE DA SILVEIRA";"100.000,00";
"12/2024";"95.990.107/0001-30 - MUNICIPIO DE SUL BRASIL";"Município";"Pessoa Jurídica";"SC";"SUL BRASIL";"202442510013";"4251 - IVETE DA SILVEIRA";"100.000,00";
"07/2024";"82.777.327/0001-39 - MUNICIPIO DE SAO JOSE DO CERRITO";"Município";"Pessoa Jurídica";"SC";"SÃO JOSÉ DO CERRITO";"202429250006";"2925 - CARMEN ZANOTTO";"100.000,00";
"07/2022";"83.102.632/0001-93 - MUNICIPIO DE IMBUIA";"Município";"Pessoa Jurídica";"SC";"IMBUIA";"202228560001";"2856 - ROGERIO PENINHA MENDONCA";"100.000,00";
"12/2024";"83.102.632/0001-93 - MUNICIPIO DE IMBUIA";"Município";"Pessoa Jurídica";"SC";"IMBUIA";"202442730001";"4273 - JORGE SEIF";"100.000,00";
"07/2022";"95.988.309/0001-48 - MUNICIPIO DE RIQUEZA";"Município";"Pessoa Jurídica";"SC";"RIQUEZA";"202229250013";"2925 - CARMEN ZANOTTO";"100.000,00";
"03/2023";"95.988.309/0001-48 - MUNICIPIO DE RIQUEZA";"Município";"Pessoa Jurídica";"SC";"RIQUEZA";"202241850010";"4185 - JORGINHO MELLO";"100.000,00";
"12/2024";"95.988.309/0001-48 - MUNICIPIO DE RIQUEZA";"Município";"Pessoa Jurídica";"SC";"RIQUEZA";"202442730001";"4273 - JORGE SEIF";"100.000,00";
"12/2024";"95.988.309/0001-48 - MUNICIPIO DE RIQUEZA";"Município";"Pessoa Jurídica";"SC";"RIQUEZA";"202439320001";"3932 - CAROLINE DE TONI";"100.000,00";
"12/2024";"82.925.652/0001-00 - MUNICIPIO DE SAO JOAO BATISTA";"Município";"Pessoa Jurídica";"SC";"SÃO JOÃO BATISTA";"202442730002";"4273 - JORGE SEIF";"100.000,00";
"12/2024";"82.925.652/0001-00 - MUNICIPIO DE SAO JOAO BATISTA";"Município";"Pessoa Jurídica";"SC";"SÃO JOÃO BATISTA";"202442510013";"4251 - IVETE DA SILVEIRA";"100.000,00";
"12/2023";"80.913.031/0001-72 - MUNICIPIO DE OURO VERDE";"Município";"Pessoa Jurídica";"SC";"OURO VERDE";"202339320001";"3932 - CAROLINE DE TONI";"100.000,00";
"12/2024";"83.021.881/0001-54 - MUNICIPIO DE SAUDADES";"Município";"Pessoa Jurídica";"SC";"SAUDADES";"202442730002";"4273 - JORGE SEIF";"100.000,00";
"12/2024";"83.027.045/0001-87 - MUNICIPIO DE GUARUJA DO SUL";"Município";"Pessoa Jurídica";"SC";"GUARUJÁ DO SUL";"202443390001";"4339 - DANIELA REINEHR";"100.000,00";
"12/2024";"83.027.045/0001-87 - MUNICIPIO DE GUARUJA DO SUL";"Município";"Pessoa Jurídica";"SC";"GUARUJÁ DO SUL";"202442730001";"4273 - JORGE SEIF";"100.000,00";
"12/2024";"82.826.462/0001-27 - MUNICIPIO DE ARROIO TRINTA";"Município";"Pessoa Jurídica";"SC";"ARROIO TRINTA";"202439320001";"3932 - CAROLINE DE TONI";"100.000,00";
"12/2024";"83.102.715/0001-82 - MUNICIPIO DE RIO DO OESTE";"Município";"Pessoa Jurídica";"SC";"RIO DO OESTE";"202442730001";"4273 - JORGE SEIF";"100.000,00";
"12/2024";"79.373.775/0001-62 - MUNICIPIO DE DOUTOR PEDRINHO";"Município";"Pessoa Jurídica";"SC";"DOUTOR PEDRINHO";"202442730001";"4273 - JORGE SEIF";"100.000,00";
"12/2024";"83.102.244/0001-02 - MUNICIPIO DE GASPAR";"Município";"Pessoa Jurídica";"SC";"GASPAR";"202442730001";"4273 - JORGE SEIF";"100.000,00";
"07/2024";"83.102.384/0001-80 - MUNICIPIO DE CANOINHAS";"Município";"Pessoa Jurídica";"SC";"CANOINHAS";"202443250003";"4325 - COBALCHINI";"100.000,00";
"12/2024";"83.102.467/0001-70 - MUNICIPIO DE CORUPA";"Município";"Pessoa Jurídica";"SC";"CORUPÁ";"202443390001";"4339 - DANIELA REINEHR";"100.000,00";
"12/2024";"82.916.826/0001-60 - MUNICIPIO DE NOVA VENEZA";"Município";"Pessoa Jurídica";"SC";"NOVA VENEZA";"202442730001";"4273 - JORGE SEIF";"100.000,00";
"07/2024";"01.612.812/0001-50 - MUNICIPIO DE SAO BERNARDINO";"Município";"Pessoa Jurídica";"SC";"SÃO BERNARDINO";"202428550022";"2855 - PEDRO UCZAI";"100.000,00";
"12/2024";"01.612.812/0001-50 - MUNICIPIO DE SAO BERNARDINO";"Município";"Pessoa Jurídica";"SC";"SÃO BERNARDINO";"202442730002";"4273 - JORGE SEIF";"100.000,00";
"12/2024";"83.009.886/0001-61 - MUNICIPIO DE ABELARDO LUZ";"Município";"Pessoa Jurídica";"SC";"ABELARDO LUZ";"202442730001";"4273 - JORGE SEIF";"100.000,00";
"12/2024";"83.009.886/0001-61 - MUNICIPIO DE ABELARDO LUZ";"Município";"Pessoa Jurídica";"SC";"ABELARDO LUZ";"202442510013";"4251 - IVETE DA SILVEIRA";"100.000,00";
"07/2024";"83.009.886/0001-61 - MUNICIPIO DE ABELARDO LUZ";"Município";"Pessoa Jurídica";"SC";"ABELARDO LUZ";"202442510012";"4251 - IVETE DA SILVEIRA";"100.000,00";
"12/2024";"83.102.350/0001-96 - MUNICIPIO DE BOTUVERA";"Município";"Pessoa Jurídica";"SC";"BOTUVERÁ";"202444010006";"4401 - JULIA ZANATTA";"100.000,00";
"12/2024";"01.612.844/0001-56 - MUNICIPIO DE SALTINHO";"Município";"Pessoa Jurídica";"SC";"SALTINHO";"202442730002";"4273 - JORGE SEIF";"100.000,00";
"12/2024";"01.612.844/0001-56 - MUNICIPIO DE SALTINHO";"Município";"Pessoa Jurídica";"SC";"SALTINHO";"202439320001";"3932 - CAROLINE DE TONI";"100.000,00";
"10/2023";"01.612.844/0001-56 - MUNICIPIO DE SALTINHO";"Município";"Pessoa Jurídica";"SC";"SALTINHO";"202339320001";"3932 - CAROLINE DE TONI";"100.000,00";
"12/2024";"82.926.551/0001-45 - MUNICIPIO DE BRACO DO NORTE";"Município";"Pessoa Jurídica";"SC";"BRAÇO DO NORTE";"202442090002";"4209 - JORGE GOETTEN";"100.000,00";
"07/2022";"82.926.551/0001-45 - MUNICIPIO DE BRACO DO NORTE";"Município";"Pessoa Jurídica";"SC";"BRAÇO DO NORTE";"202229250013";"2925 - CARMEN ZANOTTO";"100.000,00";
"12/2024";"82.926.551/0001-45 - MUNICIPIO DE BRACO DO NORTE";"Município";"Pessoa Jurídica";"SC";"BRAÇO DO NORTE";"202442730001";"4273 - JORGE SEIF";"100.000,00";
"12/2024";"83.169.623/0001-10 - MUNICIPIO DE JOINVILLE";"Município";"Pessoa Jurídica";"SC";"JOINVILLE";"202444010006";"4401 - JULIA ZANATTA";"100.000,00";
"03/2023";"82.837.741/0001-96 - MUNICIPIO DE MELEIRO";"Município";"Pessoa Jurídica";"SC";"MELEIRO";"202239530001";"3953 - DARCI DE MATOS";"100.000,00";
"12/2023";"79.372.553/0001-25 - MUNICIPIO DE JOSE BOITEUX";"Município";"Pessoa Jurídica";"SC";"JOSÉ BOITEUX";"202329250001";"2925 - CARMEN ZANOTTO";"100.000,00";
"12/2023";"01.613.428/0001-72 - MUNICIPIO DE LUZERNA";"Município";"Pessoa Jurídica";"SC";"LUZERNA";"202339320001";"3932 - CAROLINE DE TONI";"100.000,00";
"12/2023";"78.510.112/0001-80 - MUNICIPIO DE LINDOIA DO SUL";"Município";"Pessoa Jurídica";"SC";"LINDÓIA DO SUL";"202329250001";"2925 - CARMEN ZANOTTO";"100.000,00";
"12/2024";"83.102.699/0001-28 - MUNICIPIO DE PRESIDENTE NEREU";"Município";"Pessoa Jurídica";"SC";"PRESIDENTE NEREU";"202442730001";"4273 - JORGE SEIF";"100.000,00";
"03/2023";"83.102.483/0001-62 - MUNICIPIO DE MASSARANDUBA";"Município";"Pessoa Jurídica";"SC";"MASSARANDUBA";"202232350003";"3235 - GEOVANIA DE SA";"100.000,00";
"12/2024";"83.102.483/0001-62 - MUNICIPIO DE MASSARANDUBA";"Município";"Pessoa Jurídica";"SC";"MASSARANDUBA";"202442730001";"4273 - JORGE SEIF";"100.000,00";
"07/2024";"01.612.698/0001-69 - MUNICIPIO DE ENTRE RIOS";"Município";"Pessoa Jurídica";"SC";"ENTRE RIOS";"202442730001";"4273 - JORGE SEIF";"100.000,00";
"07/2022";"95.778.056/0001-88 - MUNICIPIO DE COCAL DO SUL";"Município";"Pessoa Jurídica";"SC";"COCAL DO SUL";"202241850010";"4185 - JORGINHO MELLO";"100.000,00";
"12/2024";"82.892.290/0001-90 - MUNICIPIO DE ANTONIO CARLOS";"Município";"Pessoa Jurídica";"SC";"ANTÔNIO CARLOS";"202442730001";"4273 - JORGE SEIF";"100.000,00";
"03/2023";"82.892.290/0001-90 - MUNICIPIO DE ANTONIO CARLOS";"Município";"Pessoa Jurídica";"SC";"ANTÔNIO CARLOS";"202237860003";"3786 - DARIO BERGER";"100.000,00";
"12/2024";"83.102.541/0001-58 - MUNICIPIO DE PORTO UNIAO";"Município";"Pessoa Jurídica";"SC";"PORTO UNIÃO";"202442730001";"4273 - JORGE SEIF";"100.000,00";
"10/2023";"83.102.525/0001-65 - MUNICIPIO DE MONTE CASTELO";"Município";"Pessoa Jurídica";"SC";"MONTE CASTELO";"202342510010";"4251 - IVETE DA SILVEIRA";"100.000,00";
"03/2023";"83.102.301/0001-53 - MUNICIPIO DE ILHOTA";"Município";"Pessoa Jurídica";"SC";"ILHOTA";"202232350003";"3235 - GEOVANIA DE SA";"100.000,00";
"12/2024";"83.102.301/0001-53 - MUNICIPIO DE ILHOTA";"Município";"Pessoa Jurídica";"SC";"ILHOTA";"202442730001";"4273 - JORGE SEIF";"100.000,00";
"07/2022";"79.373.767/0001-16 - MUNICIPIO DE APIUNA";"Município";"Pessoa Jurídica";"SC";"APIÚNA";"202241850010";"4185 - JORGINHO MELLO";"100.000,00";
"12/2024";"83.021.873/0001-08 - MUNICIPIO DE SAO LOURENCO D'OESTE";"Município";"Pessoa Jurídica";"SC";"SÃO LOURENÇO DO OESTE";"202442730002";"4273 - JORGE SEIF";"100.000,00";
"07/2024";"83.021.873/0001-08 - MUNICIPIO DE SAO LOURENCO D'OESTE";"Município";"Pessoa Jurídica";"SC";"SÃO LOURENÇO DO OESTE";"202439320001";"3932 - CAROLINE DE TONI";"100.000,00";
"12/2024";"82.827.353/0001-24 - MUNICIPIO DE SALTO VELOSO";"Município";"Pessoa Jurídica";"SC";"SALTO VELOSO";"202442090002";"4209 - JORGE GOETTEN";"100.000,00";
"03/2023";"82.827.353/0001-24 - MUNICIPIO DE SALTO VELOSO";"Município";"Pessoa Jurídica";"SC";"SALTO VELOSO";"202241850010";"4185 - JORGINHO MELLO";"100.000,00";
"10/2023";"82.827.353/0001-24 - MUNICIPIO DE SALTO VELOSO";"Município";"Pessoa Jurídica";"SC";"SALTO VELOSO";"202339320001";"3932 - CAROLINE DE TONI";"100.000,00";
"03/2023";"82.827.353/0001-24 - MUNICIPIO DE SALTO VELOSO";"Município";"Pessoa Jurídica";"SC";"SALTO VELOSO";"202229250013";"2925 - CARMEN ZANOTTO";"100.000,00";
"12/2023";"83.024.505/0001-13 - MUNICIPIO DE SEARA";"Município";"Pessoa Jurídica";"SC";"SEARA";"202329250001";"2925 - CARMEN ZANOTTO";"100.000,00";
"12/2024";"83.026.765/0001-28 - MUNICIPIO DE CAMPO ERE";"Município";"Pessoa Jurídica";"SC";"CAMPO ERÊ";"202442730001";"4273 - JORGE SEIF";"100.000,00";
"07/2024";"83.026.765/0001-28 - MUNICIPIO DE CAMPO ERE";"Município";"Pessoa Jurídica";"SC";"CAMPO ERÊ";"202428550022";"2855 - PEDRO UCZAI";"100.000,00";
"07/2024";"81.140.303/0001-01 - MUNICIPIO DE ITAPOA";"Município";"Pessoa Jurídica";"SC";"ITAPOÁ";"202443390001";"4339 - DANIELA REINEHR";"100.000,00";
"12/2024";"95.990.198/0001-04 - MUNICIPIO DE CORDILHEIRA ALTA";"Município";"Pessoa Jurídica";"SC";"CORDILHEIRA ALTA";"202442730001";"4273 - JORGE SEIF";"100.000,00";
"12/2024";"83.102.624/0001-47 - MUNICIPIO DE AURORA";"Município";"Pessoa Jurídica";"SC";"AURORA";"202442730001";"4273 - JORGE SEIF";"100.000,00";
"12/2023";"82.777.319/0001-92 - MUNICIPIO DE CAMPO BELO DO SUL";"Município";"Pessoa Jurídica";"SC";"CAMPO BELO DO SUL";"202329250001";"2925 - CARMEN ZANOTTO";"100.000,00";
"07/2024";"82.928.698/0001-74 - MUNICIPIO DE JAGUARUNA";"Município";"Pessoa Jurídica";"SC";"JAGUARUNA";"202442510012";"4251 - IVETE DA SILVEIRA";"100.000,00";
"12/2024";"82.928.698/0001-74 - MUNICIPIO DE JAGUARUNA";"Município";"Pessoa Jurídica";"SC";"JAGUARUNA";"202442510013";"4251 - IVETE DA SILVEIRA";"100.000,00";
"07/2024";"82.928.698/0001-74 - MUNICIPIO DE JAGUARUNA";"Município";"Pessoa Jurídica";"SC";"JAGUARUNA";"202442730001";"4273 - JORGE SEIF";"100.000,00";
"12/2024";"95.991.261/0001-27 - MUNICIPIO DE SAO CRISTOVAO DO SUL";"Município";"Pessoa Jurídica";"SC";"SÃO CRISTOVÃO DO SUL";"202442730002";"4273 - JORGE SEIF";"100.000,00";
"12/2024";"82.951.195/0001-10 - MUNICIPIO DE ANGELINA";"Município";"Pessoa Jurídica";"SC";"ANGELINA";"202442730001";"4273 - JORGE SEIF";"100.000,00";
"07/2022";"82.951.195/0001-10 - MUNICIPIO DE ANGELINA";"Município";"Pessoa Jurídica";"SC";"ANGELINA";"202228550020";"2855 - PEDRO UCZAI";"100.000,00";
"12/2023";"01.612.528/0001-84 - MUNICIPIO DE BANDEIRANTE";"Município";"Pessoa Jurídica";"SC";"BANDEIRANTE";"202342510010";"4251 - IVETE DA SILVEIRA";"100.000,00";
"03/2023";"82.929.407/0001-62 - MUNICIPIO DE SIDEROPOLIS";"Município";"Pessoa Jurídica";"SC";"SIDERÓPOLIS";"202241850010";"4185 - JORGINHO MELLO";"100.000,00";
"12/2024";"82.929.407/0001-62 - MUNICIPIO DE SIDEROPOLIS";"Município";"Pessoa Jurídica";"SC";"SIDERÓPOLIS";"202442730002";"4273 - JORGE SEIF";"100.000,00";
"12/2024";"82.577.636/0001-65 - MUNICIPIO DE TIJUCAS";"Município";"Pessoa Jurídica";"SC";"TIJUCAS";"202442730002";"4273 - JORGE SEIF";"100.000,00";
"12/2024";"83.102.582/0001-44 - MUNICIPIO DE AGROLANDIA";"Município";"Pessoa Jurídica";"SC";"AGROLÂNDIA";"202442730001";"4273 - JORGE SEIF";"100.000,00";
"12/2024";"83.102.582/0001-44 - MUNICIPIO DE AGROLANDIA";"Município";"Pessoa Jurídica";"SC";"AGROLÂNDIA";"202490550002";"9055 - GILSON MARQUES";"100.000,00";
"07/2022";"83.102.293/0001-45 - MUNICIPIO DE CAMBORIU";"Município";"Pessoa Jurídica";"SC";"CAMBORIÚ";"202228560001";"2856 - ROGERIO PENINHA MENDONCA";"100.000,00";
"07/2022";"83.102.293/0001-45 - MUNICIPIO DE CAMBORIU";"Município";"Pessoa Jurídica";"SC";"CAMBORIÚ";"202225690003";"2569 - CELSO MALDANER";"100.000,00";
"07/2022";"83.102.293/0001-45 - MUNICIPIO DE CAMBORIU";"Município";"Pessoa Jurídica";"SC";"CAMBORIÚ";"202241850010";"4185 - JORGINHO MELLO";"100.000,00";
"07/2022";"95.993.028/0001-83 - MUNICIPIO DE IPUACU";"Município";"Pessoa Jurídica";"SC";"IPUAÇU";"202229250013";"2925 - CARMEN ZANOTTO";"100.000,00";
"08/2023";"95.993.028/0001-83 - MUNICIPIO DE IPUACU";"Município";"Pessoa Jurídica";"SC";"IPUAÇU";"202322100001";"2210 - ESPERIDIAO AMIN";"100.000,00";
"07/2024";"95.993.028/0001-83 - MUNICIPIO DE IPUACU";"Município";"Pessoa Jurídica";"SC";"IPUAÇU";"202442510012";"4251 - IVETE DA SILVEIRA";"100.000,00";
"12/2024";"95.993.028/0001-83 - MUNICIPIO DE IPUACU";"Município";"Pessoa Jurídica";"SC";"IPUAÇU";"202442510013";"4251 - IVETE DA SILVEIRA";"100.000,00";
"12/2024";"82.575.812/0001-20 - MUNICIPIO DE PORTO BELO";"Município";"Pessoa Jurídica";"SC";"PORTO BELO";"202442730001";"4273 - JORGE SEIF";"100.000,00";
"03/2023";"82.575.812/0001-20 - MUNICIPIO DE PORTO BELO";"Município";"Pessoa Jurídica";"SC";"PORTO BELO";"202241850010";"4185 - JORGINHO MELLO";"100.000,00";
"03/2023";"82.575.812/0001-20 - MUNICIPIO DE PORTO BELO";"Município";"Pessoa Jurídica";"SC";"PORTO BELO";"202237860003";"3786 - DARIO BERGER";"100.000,00";
"08/2023";"95.991.097/0001-58 - MUNICIPIO DE CERRO NEGRO";"Município";"Pessoa Jurídica";"SC";"CERRO NEGRO";"202329250001";"2925 - CARMEN ZANOTTO";"100.000,00";
"12/2023";"82.575.812/0001-20 - MUNICIPIO DE PORTO BELO";"Município";"Pessoa Jurídica";"SC";"PORTO BELO";"202322100001";"2210 - ESPERIDIAO AMIN";"100.000,00";
"12/2024";"95.952.230/0001-67 - MUNICIPIO DE BRACO DO TROMBUDO";"Município";"Pessoa Jurídica";"SC";"BRAÇO DO TROMBUDO";"202442730001";"4273 - JORGE SEIF";"100.000,00";
"12/2024";"95.952.230/0001-67 - MUNICIPIO DE BRACO DO TROMBUDO";"Município";"Pessoa Jurídica";"SC";"BRAÇO DO TROMBUDO";"202443920007";"4392 - ISMAEL";"100.000,00";
"12/2024";"83.021.816/0001-29 - MUNICIPIO DE CAXAMBU DO SUL";"Município";"Pessoa Jurídica";"SC";"CAXAMBU DO SUL";"202442730001";"4273 - JORGE SEIF";"100.000,00";
"03/2023";"95.954.509/0001-80 - MUNICIPIO DE BALNEARIO BARRA DO SUL";"Município";"Pessoa Jurídica";"SC";"BALNEÁRIO BARRA DO SUL";"202232350003";"3235 - GEOVANIA DE SA";"100.000,00";
"12/2024";"95.954.509/0001-80 - MUNICIPIO DE BALNEARIO BARRA DO SUL";"Município";"Pessoa Jurídica";"SC";"BALNEÁRIO BARRA DO SUL";"202443390001";"4339 - DANIELA REINEHR";"100.000,00";
"12/2024";"82.892.365/0001-32 - MUNICIPIO DE PAULO LOPES";"Município";"Pessoa Jurídica";"SC";"PAULO LOPES";"202439320001";"3932 - CAROLINE DE TONI";"100.000,00";
"12/2024";"82.892.365/0001-32 - MUNICIPIO DE PAULO LOPES";"Município";"Pessoa Jurídica";"SC";"PAULO LOPES";"202442730001";"4273 - JORGE SEIF";"100.000,00";
"12/2024";"82.892.365/0001-32 - MUNICIPIO DE PAULO LOPES";"Município";"Pessoa Jurídica";"SC";"PAULO LOPES";"202442090002";"4209 - JORGE GOETTEN";"100.000,00";
"12/2023";"01.608.905/0001-01 - MUNICIPIO DE ERMO";"Município";"Pessoa Jurídica";"SC";"ERMO";"202342510010";"4251 - IVETE DA SILVEIRA";"100.000,00";
"12/2024";"85.997.237/0001-41 - MUNICIPIO DE SANTA CECILIA";"Município";"Pessoa Jurídica";"SC";"SANTA CECÍLIA";"202439800001";"3980 - FABIO SCHIOCHET";"100.000,00";
"12/2024";"85.997.237/0001-41 - MUNICIPIO DE SANTA CECILIA";"Município";"Pessoa Jurídica";"SC";"SANTA CECÍLIA";"202442730002";"4273 - JORGE SEIF";"100.000,00";
"12/2023";"82.939.398/0001-90 - MUNICIPIO DE AGUA DOCE";"Município";"Pessoa Jurídica";"SC";"ÁGUA DOCE";"202329250001";"2925 - CARMEN ZANOTTO";"100.000,00";
"07/2024";"82.939.398/0001-90 - MUNICIPIO DE AGUA DOCE";"Município";"Pessoa Jurídica";"SC";"ÁGUA DOCE";"202429250006";"2925 - CARMEN ZANOTTO";"100.000,00";
"12/2024";"82.939.406/0001-07 - MUNICIPIO DE CAPINZAL";"Município";"Pessoa Jurídica";"SC";"CAPINZAL";"202429250006";"2925 - CARMEN ZANOTTO";"100.000,00";
"12/2024";"95.780.441/0001-60 - MUNICIPIO DE CAPIVARI DE BAIXO";"Município";"Pessoa Jurídica";"SC";"CAPIVARI DE BAIXO";"202439320001";"3932 - CAROLINE DE TONI";"100.000,00";
"07/2024";"95.780.441/0001-60 - MUNICIPIO DE CAPIVARI DE BAIXO";"Município";"Pessoa Jurídica";"SC";"CAPIVARI DE BAIXO";"202442730001";"4273 - JORGE SEIF";"100.000,00";
"12/2024";"82.892.266/0001-50 - MUNICIPIO DE AGUAS MORNAS";"Município";"Pessoa Jurídica";"SC";"ÁGUAS MORNAS";"202439320001";"3932 - CAROLINE DE TONI";"100.000,00";
"03/2023";"01.551.148/0001-87 - MUNICIPIO DE BOM JESUS";"Município";"Pessoa Jurídica";"SC";"BOM JESUS";"202232350003";"3235 - GEOVANIA DE SA";"100.000,00";
"12/2024";"01.551.148/0001-87 - MUNICIPIO DE BOM JESUS";"Município";"Pessoa Jurídica";"SC";"BOM JESUS";"202443390001";"4339 - DANIELA REINEHR";"100.000,00";
"12/2024";"01.551.148/0001-87 - MUNICIPIO DE BOM JESUS";"Município";"Pessoa Jurídica";"SC";"BOM JESUS";"202442090002";"4209 - JORGE GOETTEN";"100.000,00";
"12/2023";"79.372.520/0001-85 - MUNICIPIO DE VITOR MEIRELES";"Município";"Pessoa Jurídica";"SC";"VITOR MEIRELES";"202342510010";"4251 - IVETE DA SILVEIRA";"100.000,00";
"12/2024";"79.372.520/0001-85 - MUNICIPIO DE VITOR MEIRELES";"Município";"Pessoa Jurídica";"SC";"VITOR MEIRELES";"202442730002";"4273 - JORGE SEIF";"100.000,00";
"03/2023";"79.372.520/0001-85 - MUNICIPIO DE VITOR MEIRELES";"Município";"Pessoa Jurídica";"SC";"VITOR MEIRELES";"202239530001";"3953 - DARCI DE MATOS";"100.000,00";
"03/2023";"82.928.680/0001-72 - MUNICIPIO DE PEDRAS GRANDES";"Município";"Pessoa Jurídica";"SC";"PEDRAS GRANDES";"202241850010";"4185 - JORGINHO MELLO";"100.000,00";
"12/2024";"95.954.442/0001-83 - MUNICIPIO DE SAO JOAO DO ITAPERIU";"Município";"Pessoa Jurídica";"SC";"SÃO JOÃO DO ITAPERIÚ";"202439320001";"3932 - CAROLINE DE TONI";"100.000,00";
"03/2023";"95.954.442/0001-83 - MUNICIPIO DE SAO JOAO DO ITAPERIU";"Município";"Pessoa Jurídica";"SC";"SÃO JOÃO DO ITAPERIÚ";"202241850010";"4185 - JORGINHO MELLO";"100.000,00";
"07/2022";"82.928.664/0001-80 - MUNICIPIO DE ARMAZEM";"Município";"Pessoa Jurídica";"SC";"ARMAZÉM";"202241850010";"4185 - JORGINHO MELLO";"100.000,00";
"12/2024";"82.930.181/0001-10 - MUNICIPIO DE URUSSANGA";"Município";"Pessoa Jurídica";"SC";"URUSSANGA";"202442730002";"4273 - JORGE SEIF";"100.000,00";
"03/2023";"82.951.229/0001-76 - ESTADO DE SANTA CATARINA";"Estado ou Distrito Federal";"Pessoa Jurídica";"SC";"FLORIANÓPOLIS";"202229250013";"2925 - CARMEN ZANOTTO";"100.000,00";
"07/2022";"75.326.066/0001-75 - MUNICIPIO DE OTACILIO COSTA";"Município";"Pessoa Jurídica";"SC";"OTACÍLIO COSTA";"202229250013";"2925 - CARMEN ZANOTTO";"100.000,00";
"12/2024";"82.547.274/0001-60 - MUNICIPIO DE SAO JOAO DO SUL";"Município";"Pessoa Jurídica";"SC";"SÃO JOÃO DO SUL";"202442730002";"4273 - JORGE SEIF";"100.000,00";
"12/2024";"83.102.772/0001-61 - MUNICIPIO DE ASCURRA";"Município";"Pessoa Jurídica";"SC";"ASCURRA";"202442730001";"4273 - JORGE SEIF";"100.000,00";
"10/2023";"83.102.772/0001-61 - MUNICIPIO DE ASCURRA";"Município";"Pessoa Jurídica";"SC";"ASCURRA";"202342510010";"4251 - IVETE DA SILVEIRA";"100.000,00";
"03/2023";"82.561.093/0001-98 - MUNICIPIO DE SAO JOAQUIM";"Município";"Pessoa Jurídica";"SC";"SÃO JOAQUIM";"202229250013";"2925 - CARMEN ZANOTTO";"100.000,00";
"12/2024";"82.925.025/0001-60 - MUNICIPIO DE NOVA TRENTO";"Município";"Pessoa Jurídica";"SC";"NOVA TRENTO";"202442730001";"4273 - JORGE SEIF";"100.000,00";
"12/2024";"95.993.093/0001-09 - MUNICIPIO DE CORONEL MARTINS";"Município";"Pessoa Jurídica";"SC";"CORONEL MARTINS";"202442730001";"4273 - JORGE SEIF";"100.000,00";
"07/2024";"95.993.093/0001-09 - MUNICIPIO DE CORONEL MARTINS";"Município";"Pessoa Jurídica";"SC";"CORONEL MARTINS";"202442510012";"4251 - IVETE DA SILVEIRA";"100.000,00";
"12/2024";"95.993.093/0001-09 - MUNICIPIO DE CORONEL MARTINS";"Município";"Pessoa Jurídica";"SC";"CORONEL MARTINS";"202442510013";"4251 - IVETE DA SILVEIRA";"100.000,00";
"12/2024";"95.993.093/0001-09 - MUNICIPIO DE CORONEL MARTINS";"Município";"Pessoa Jurídica";"SC";"CORONEL MARTINS";"202439320001";"3932 - CAROLINE DE TONI";"100.000,00";
"07/2024";"01.612.116/0001-44 - MUNICIPIO DE CUNHATAI";"Município";"Pessoa Jurídica";"SC";"CUNHATAÍ";"202443390001";"4339 - DANIELA REINEHR";"100.000,00";
"12/2024";"83.102.764/0001-15 - MUNICIPIO DE TIMBO";"Município";"Pessoa Jurídica";"SC";"TIMBÓ";"202439800001";"3980 - FABIO SCHIOCHET";"100.000,00";
"12/2024";"83.102.764/0001-15 - MUNICIPIO DE TIMBO";"Município";"Pessoa Jurídica";"SC";"TIMBÓ";"202442730002";"4273 - JORGE SEIF";"100.000,00";
"07/2024";"80.912.108/0001-90 - MUNICIPIO DE BELMONTE";"Município";"Pessoa Jurídica";"SC";"BELMONTE";"202443390001";"4339 - DANIELA REINEHR";"100.000,00";
"08/2023";"80.912.108/0001-90 - MUNICIPIO DE BELMONTE";"Município";"Pessoa Jurídica";"SC";"BELMONTE";"202332350003";"3235 - GEOVANIA DE SA";"100.000,00";
"07/2024";"82.821.190/0001-72 - MUNICIPIO DE MARAVILHA";"Município";"Pessoa Jurídica";"SC";"MARAVILHA";"202442730001";"4273 - JORGE SEIF";"100.000,00";
"10/2023";"82.821.190/0001-72 - MUNICIPIO DE MARAVILHA";"Município";"Pessoa Jurídica";"SC";"MARAVILHA";"202339320001";"3932 - CAROLINE DE TONI";"100.000,00";
"03/2023";"83.102.780/0001-08 - MUNICIPIO DE BENEDITO NOVO";"Município";"Pessoa Jurídica";"SC";"BENEDITO NOVO";"202240620006";"4062 - RICARDO GUIDI";"100.000,00";
"07/2024";"83.102.517/0001-19 - MUNICIPIO DE ITAIOPOLIS";"Município";"Pessoa Jurídica";"SC";"ITAIÓPOLIS";"202442510012";"4251 - IVETE DA SILVEIRA";"100.000,00";
"12/2024";"83.102.517/0001-19 - MUNICIPIO DE ITAIOPOLIS";"Município";"Pessoa Jurídica";"SC";"ITAIÓPOLIS";"202442510013";"4251 - IVETE DA SILVEIRA";"100.000,00";
"03/2023";"01.612.847/0001-90 - MUNICIPIO DE SANTA TEREZINHA DO PROGRESSO";"Município";"Pessoa Jurídica";"SC";"SANTA TEREZINHA DO PROGRESSO";"202241850010";"4185 - JORGINHO MELLO";"100.000,00";
"12/2024";"01.612.847/0001-90 - MUNICIPIO DE SANTA TEREZINHA DO PROGRESSO";"Município";"Pessoa Jurídica";"SC";"SANTA TEREZINHA DO PROGRESSO";"202442730002";"4273 - JORGE SEIF";"100.000,00";
"03/2023";"01.612.847/0001-90 - MUNICIPIO DE SANTA TEREZINHA DO PROGRESSO";"Município";"Pessoa Jurídica";"SC";"SANTA TEREZINHA DO PROGRESSO";"202239530001";"3953 - DARCI DE MATOS";"100.000,00";
"12/2024";"01.612.847/0001-90 - MUNICIPIO DE SANTA TEREZINHA DO PROGRESSO";"Município";"Pessoa Jurídica";"SC";"SANTA TEREZINHA DO PROGRESSO";"202428550022";"2855 - PEDRO UCZAI";"100.000,00";
"07/2022";"80.623.606/0001-12 - MUNICIPIO DE IRACEMINHA";"Município";"Pessoa Jurídica";"SC";"IRACEMINHA";"202241850010";"4185 - JORGINHO MELLO";"100.000,00";
"03/2023";"80.623.606/0001-12 - MUNICIPIO DE IRACEMINHA";"Município";"Pessoa Jurídica";"SC";"IRACEMINHA";"202225690003";"2569 - CELSO MALDANER";"100.000,00";
"12/2024";"82.926.544/0001-43 - MUNICIPIO DE ORLEANS";"Município";"Pessoa Jurídica";"SC";"ORLEANS";"202442730001";"4273 - JORGE SEIF";"100.000,00";
"12/2024";"83.102.707/0001-36 - MUNICIPIO DE RIO DO CAMPO";"Município";"Pessoa Jurídica";"SC";"RIO DO CAMPO";"202429250006";"2925 - CARMEN ZANOTTO";"100.000,00";
"07/2024";"83.102.830/0001-57 - MUNICIPIO DE BARRA VELHA";"Município";"Pessoa Jurídica";"SC";"BARRA VELHA";"202443390001";"4339 - DANIELA REINEHR";"100.000,00";
"12/2024";"82.562.893/0001-23 - MUNICIPIO DE CANELINHA";"Município";"Pessoa Jurídica";"SC";"CANELINHA";"202442090002";"4209 - JORGE GOETTEN";"100.000,00";
"08/2023";"82.562.893/0001-23 - MUNICIPIO DE CANELINHA";"Município";"Pessoa Jurídica";"SC";"CANELINHA";"202332350003";"3235 - GEOVANIA DE SA";"100.000,00";
"12/2024";"83.026.138/0001-97 - MUNICIPIO DE DESCANSO";"Município";"Pessoa Jurídica";"SC";"DESCANSO";"202442730001";"4273 - JORGE SEIF";"100.000,00";
"08/2023";"83.026.138/0001-97 - MUNICIPIO DE DESCANSO";"Município";"Pessoa Jurídica";"SC";"DESCANSO";"202332350003";"3235 - GEOVANIA DE SA";"100.000,00";
"12/2024";"95.991.071/0001-00 - MUNICIPIO DE RIO RUFINO";"Município";"Pessoa Jurídica";"SC";"RIO RUFINO";"202428550022";"2855 - PEDRO UCZAI";"100.000,00";
"07/2024";"95.991.071/0001-00 - MUNICIPIO DE RIO RUFINO";"Município";"Pessoa Jurídica";"SC";"RIO RUFINO";"202442730001";"4273 - JORGE SEIF";"100.000,00";
"12/2023";"95.991.071/0001-00 - MUNICIPIO DE RIO RUFINO";"Município";"Pessoa Jurídica";"SC";"RIO RUFINO";"202329250001";"2925 - CARMEN ZANOTTO";"100.000,00";
"12/2023";"95.991.071/0001-00 - MUNICIPIO DE RIO RUFINO";"Município";"Pessoa Jurídica";"SC";"RIO RUFINO";"202342510010";"4251 - IVETE DA SILVEIRA";"100.000,00";
"03/2023";"83.102.285/0001-07 - MUNICIPIO DE BALNEARIO CAMBORIU";"Município";"Pessoa Jurídica";"SC";"BALNEÁRIO CAMBORIÚ";"202229250013";"2925 - CARMEN ZANOTTO";"100.000,00";
"12/2024";"83.102.285/0001-07 - MUNICIPIO DE BALNEARIO CAMBORIU";"Município";"Pessoa Jurídica";"SC";"BALNEÁRIO CAMBORIÚ";"202443390001";"4339 - DANIELA REINEHR";"100.000,00";
"12/2024";"83.102.285/0001-07 - MUNICIPIO DE BALNEARIO CAMBORIU";"Município";"Pessoa Jurídica";"SC";"BALNEÁRIO CAMBORIÚ";"202428550022";"2855 - PEDRO UCZAI";"100.000,00";
"03/2023";"83.102.376/0001-34 - MUNICIPIO DE VIDAL RAMOS";"Município";"Pessoa Jurídica";"SC";"VIDAL RAMOS";"202237860003";"3786 - DARIO BERGER";"100.000,00";
"07/2024";"83.102.574/0001-06 - MUNICIPIO DE RIO DO SUL";"Município";"Pessoa Jurídica";"SC";"RIO DO SUL";"202442730001";"4273 - JORGE SEIF";"100.000,00";
"08/2023";"01.594.009/0001-30 - MUNICIPIO DE BOM JESUS DO OESTE";"Município";"Pessoa Jurídica";"SC";"BOM JESUS DO OESTE";"202342510010";"4251 - IVETE DA SILVEIRA";"100.000,00";
"12/2024";"01.594.009/0001-30 - MUNICIPIO DE BOM JESUS DO OESTE";"Município";"Pessoa Jurídica";"SC";"BOM JESUS DO OESTE";"202442730001";"4273 - JORGE SEIF";"100.000,00";
"10/2023";"83.021.865/0001-61 - MUNICIPIO DE QUILOMBO";"Município";"Pessoa Jurídica";"SC";"QUILOMBO";"202342510010";"4251 - IVETE DA SILVEIRA";"100.000,00";
"12/2024";"82.558.909/0001-24 - MUNICIPIO DE LAURO MULLER";"Município";"Pessoa Jurídica";"SC";"LAURO MULLER";"202442730001";"4273 - JORGE SEIF";"100.000,00";
"07/2022";"82.558.909/0001-24 - MUNICIPIO DE LAURO MULLER";"Município";"Pessoa Jurídica";"SC";"LAURO MULLER";"202229250013";"2925 - CARMEN ZANOTTO";"100.000,00";
"12/2024";"78.509.072/0001-56 - MUNICIPIO DE MAREMA";"Município";"Pessoa Jurídica";"SC";"MAREMA";"202443390001";"4339 - DANIELA REINEHR";"100.000,00";
"12/2024";"83.102.491/0001-09 - MUNICIPIO DE SCHROEDER";"Município";"Pessoa Jurídica";"SC";"SCHROEDER";"202442730002";"4273 - JORGE SEIF";"100.000,00";
"12/2024";"83.000.323/0001-02 - MUNICIPIO DE MORRO DA FUMACA";"Município";"Pessoa Jurídica";"SC";"MORRO DA FUMAÇA";"202442730001";"4273 - JORGE SEIF";"100.000,00";
"12/2024";"82.939.455/0001-31 - MUNICIPIO DE IRANI";"Município";"Pessoa Jurídica";"SC";"IRANI";"202442730001";"4273 - JORGE SEIF";"100.000,00";
"07/2022";"82.939.455/0001-31 - MUNICIPIO DE IRANI";"Município";"Pessoa Jurídica";"SC";"IRANI";"202229250013";"2925 - CARMEN ZANOTTO";"100.000,00";
"08/2023";"82.939.455/0001-31 - MUNICIPIO DE IRANI";"Município";"Pessoa Jurídica";"SC";"IRANI";"202342510010";"4251 - IVETE DA SILVEIRA";"100.000,00";
"12/2024";"82.777.335/0001-85 - MUNICIPIO DE ANITA GARIBALDI";"Município";"Pessoa Jurídica";"SC";"ANITA GARIBALDI";"202444010006";"4401 - JULIA ZANATTA";"100.000,00";
"12/2024";"01.566.620/0001-55 - MUNICIPIO DE TIGRINHOS";"Município";"Pessoa Jurídica";"SC";"TIGRINHOS";"202442730002";"4273 - JORGE SEIF";"100.000,00";
"12/2024";"82.777.236/0001-01 - MUNICIPIO DE PONTE SERRADA";"Município";"Pessoa Jurídica";"SC";"PONTE SERRADA";"202442730001";"4273 - JORGE SEIF";"100.000,00";
"07/2022";"80.637.457/0001-40 - MUNICIPIO DE JARDINOPOLIS";"Município";"Pessoa Jurídica";"SC";"JARDINÓPOLIS";"202225690003";"2569 - CELSO MALDANER";"100.000,00";
"12/2024";"80.637.457/0001-40 - MUNICIPIO DE JARDINOPOLIS";"Município";"Pessoa Jurídica";"SC";"JARDINÓPOLIS";"202443390001";"4339 - DANIELA REINEHR";"100.000,00";
"07/2024";"80.637.457/0001-40 - MUNICIPIO DE JARDINOPOLIS";"Município";"Pessoa Jurídica";"SC";"JARDINÓPOLIS";"202442730001";"4273 - JORGE SEIF";"100.000,00";
"03/2023";"83.021.808/0001-82 - MUNICIPIO DE CHAPECO";"Município";"Pessoa Jurídica";"SC";"CHAPECÓ";"202222100001";"2210 - ESPERIDIAO AMIN";"100.000,00";
"07/2022";"01.599.409/0001-39 - MUNICIPIO DE CAPAO ALTO";"Município";"Pessoa Jurídica";"SC";"CAPÃO ALTO";"202229250013";"2925 - CARMEN ZANOTTO";"100.000,00";
"12/2024";"01.599.409/0001-39 - MUNICIPIO DE CAPAO ALTO";"Município";"Pessoa Jurídica";"SC";"CAPÃO ALTO";"202442730001";"4273 - JORGE SEIF";"100.000,00";
"12/2024";"82.844.754/0001-92 - MUNICIPIO DE BOM JARDIM DA SERRA";"Município";"Pessoa Jurídica";"SC";"BOM JARDIM DA SERRA";"202443390001";"4339 - DANIELA REINEHR";"100.000,00";
"12/2024";"95.782.785/0001-08 - MUNICIPIO DE MORRO GRANDE";"Município";"Pessoa Jurídica";"SC";"MORRO GRANDE";"202442730001";"4273 - JORGE SEIF";"100.000,00";
"03/2023";"83.102.418/0001-37 - MUNICIPIO DE IBIRAMA";"Município";"Pessoa Jurídica";"SC";"IBIRAMA";"202239320002";"3932 - CAROLINE DE TONI";"100.000,00";
"03/2023";"83.102.418/0001-37 - MUNICIPIO DE IBIRAMA";"Município";"Pessoa Jurídica";"SC";"IBIRAMA";"202241290001";"4129 - RODRIGO COELHO";"100.000,00";
"07/2022";"83.102.418/0001-37 - MUNICIPIO DE IBIRAMA";"Município";"Pessoa Jurídica";"SC";"IBIRAMA";"202228560001";"2856 - ROGERIO PENINHA MENDONCA";"100.000,00";
"07/2024";"78.505.591/0001-46 - MUNICIPIO DE UNIAO DO OESTE";"Município";"Pessoa Jurídica";"SC";"UNIÃO DO OESTE";"202443390001";"4339 - DANIELA REINEHR";"100.000,00";
"12/2024";"78.505.591/0001-46 - MUNICIPIO DE UNIAO DO OESTE";"Município";"Pessoa Jurídica";"SC";"UNIÃO DO OESTE";"202442730002";"4273 - JORGE SEIF";"100.000,00";
"07/2024";"83.102.475/0001-16 - MUNICIPIO DE GUARAMIRIM";"Município";"Pessoa Jurídica";"SC";"GUARAMIRIM";"202439320001";"3932 - CAROLINE DE TONI";"100.000,00";
"12/2024";"83.102.475/0001-16 - MUNICIPIO DE GUARAMIRIM";"Município";"Pessoa Jurídica";"SC";"GUARAMIRIM";"202442730001";"4273 - JORGE SEIF";"100.000,00";
"07/2022";"83.074.294/0001-23 - MUNICIPIO DE RIO DAS ANTAS";"Município";"Pessoa Jurídica";"SC";"RIO DAS ANTAS";"202237860003";"3786 - DARIO BERGER";"100.000,00";
"12/2024";"83.074.294/0001-23 - MUNICIPIO DE RIO DAS ANTAS";"Município";"Pessoa Jurídica";"SC";"RIO DAS ANTAS";"202442730001";"4273 - JORGE SEIF";"100.000,00";
"12/2024";"82.548.983/0001-60 - MUNICIPIO DE TURVO";"Município";"Pessoa Jurídica";"SC";"TURVO";"202442730002";"4273 - JORGE SEIF";"100.000,00";
"12/2023";"82.548.983/0001-60 - MUNICIPIO DE TURVO";"Município";"Pessoa Jurídica";"SC";"TURVO";"202332350003";"3235 - GEOVANIA DE SA";"100.000,00";
"12/2024";"82.892.308/0001-53 - MUNICIPIO DE BIGUACU";"Município";"Pessoa Jurídica";"SC";"BIGUAÇU";"202444010006";"4401 - JULIA ZANATTA";"100.000,00";
"12/2024";"82.836.057/0001-90 - MUNICIPIO DE GAROPABA";"Município";"Pessoa Jurídica";"SC";"GAROPABA";"202442730001";"4273 - JORGE SEIF";"100.000,00";
"12/2024";"83.102.277/0001-52 - MUNICIPIO DE ITAJAI";"Município";"Pessoa Jurídica";"SC";"ITAJAÍ";"202443390001";"4339 - DANIELA REINEHR";"100.000,00";
"12/2024";"83.102.277/0001-52 - MUNICIPIO DE ITAJAI";"Município";"Pessoa Jurídica";"SC";"ITAJAÍ";"202442510013";"4251 - IVETE DA SILVEIRA";"100.000,00";
"07/2024";"95.782.793/0001-54 - MUNICIPIO DE PASSO DE TORRES";"Município";"Pessoa Jurídica";"SC";"PASSO DE TORRES";"202442730001";"4273 - JORGE SEIF";"100.000,00";
"12/2024";"83.102.558/0001-05 - MUNICIPIO DE IRINEOPOLIS";"Município";"Pessoa Jurídica";"SC";"IRINEÓPOLIS";"202442510013";"4251 - IVETE DA SILVEIRA";"100.000,00";
"07/2024";"83.102.558/0001-05 - MUNICIPIO DE IRINEOPOLIS";"Município";"Pessoa Jurídica";"SC";"IRINEÓPOLIS";"202442510012";"4251 - IVETE DA SILVEIRA";"100.000,00";
"07/2024";"95.990.180/0001-02 - MUNICIPIO DE AGUAS FRIAS";"Município";"Pessoa Jurídica";"SC";"ÁGUAS FRIAS";"202442510012";"4251 - IVETE DA SILVEIRA";"100.000,00";
"12/2024";"95.990.180/0001-02 - MUNICIPIO DE AGUAS FRIAS";"Município";"Pessoa Jurídica";"SC";"ÁGUAS FRIAS";"202442510013";"4251 - IVETE DA SILVEIRA";"100.000,00";
"12/2024";"01.605.479/0001-52 - MUNICIPIO DE BALNEARIO ARROIO DO SILVA";"Município";"Pessoa Jurídica";"SC";"BALNEÁRIO ARROIO DO SILVA";"202442730001";"4273 - JORGE SEIF";"100.000,00";
"12/2024";"82.928.706/0001-82 - MUNICIPIO DE LAGUNA";"Município";"Pessoa Jurídica";"SC";"LAGUNA";"202442510013";"4251 - IVETE DA SILVEIRA";"100.000,00";
"07/2024";"82.928.706/0001-82 - MUNICIPIO DE LAGUNA";"Município";"Pessoa Jurídica";"SC";"LAGUNA";"202442510012";"4251 - IVETE DA SILVEIRA";"100.000,00";
"07/2024";"01.612.527/0001-30 - MUNICIPIO DE BARRA BONITA";"Município";"Pessoa Jurídica";"SC";"BARRA BONITA";"202443390001";"4339 - DANIELA REINEHR";"100.000,00";
"12/2024";"01.612.527/0001-30 - MUNICIPIO DE BARRA BONITA";"Município";"Pessoa Jurídica";"SC";"BARRA BONITA";"202442730001";"4273 - JORGE SEIF";"100.000,00";
"12/2024";"82.926.593/0001-86 - MUNICIPIO DE SANTA ROSA DE LIMA";"Município";"Pessoa Jurídica";"SC";"SANTA ROSA DE LIMA";"202444010006";"4401 - JULIA ZANATTA";"100.000,00";
"12/2024";"82.926.593/0001-86 - MUNICIPIO DE SANTA ROSA DE LIMA";"Município";"Pessoa Jurídica";"SC";"SANTA ROSA DE LIMA";"202442730002";"4273 - JORGE SEIF";"100.000,00";
"03/2023";"82.836.818/0001-03 - MUNICIPIO DE SAO MARTINHO";"Município";"Pessoa Jurídica";"SC";"SÃO MARTINHO";"202241850010";"4185 - JORGINHO MELLO";"100.000,00";
"12/2024";"83.102.368/0001-98 - MUNICIPIO DE GUABIRUBA";"Município";"Pessoa Jurídica";"SC";"GUABIRUBA";"202442730001";"4273 - JORGE SEIF";"100.000,00";
"12/2023";"83.102.368/0001-98 - MUNICIPIO DE GUABIRUBA";"Município";"Pessoa Jurídica";"SC";"GUABIRUBA";"202342510010";"4251 - IVETE DA SILVEIRA";"100.000,00";
"12/2024";"82.911.249/0001-13 - MUNICIPIO DE ARARANGUA";"Município";"Pessoa Jurídica";"SC";"ARARANGUÁ";"202442510013";"4251 - IVETE DA SILVEIRA";"100.000,00";
"07/2024";"82.911.249/0001-13 - MUNICIPIO DE ARARANGUA";"Município";"Pessoa Jurídica";"SC";"ARARANGUÁ";"202442510012";"4251 - IVETE DA SILVEIRA";"100.000,00";
"03/2023";"01.612.745/0001-74 - MUNICIPIO DE IBIAM";"Município";"Pessoa Jurídica";"SC";"IBIAM";"202232350003";"3235 - GEOVANIA DE SA";"100.000,00";
"12/2024";"95.780.458/0001-17 - MUNICIPIO DE SANGAO";"Município";"Pessoa Jurídica";"SC";"SANGÃO";"202442730002";"4273 - JORGE SEIF";"100.000,00";
"12/2024";"82.960.758/0001-36 - MUNICIPIO DE JACINTO MACHADO";"Município";"Pessoa Jurídica";"SC";"JACINTO MACHADO";"202442730001";"4273 - JORGE SEIF";"100.000,00";
"12/2024";"80.622.319/0001-98 - MUNICIPIO DE SERRA ALTA";"Município";"Pessoa Jurídica";"SC";"SERRA ALTA";"202442730002";"4273 - JORGE SEIF";"100.000,00";
"03/2023";"83.102.426/0001-83 - MUNICIPIO DE DONA EMMA";"Município";"Pessoa Jurídica";"SC";"DONA EMMA";"202232350003";"3235 - GEOVANIA DE SA";"100.000,00";
"10/2023";"83.102.426/0001-83 - MUNICIPIO DE DONA EMMA";"Município";"Pessoa Jurídica";"SC";"DONA EMMA";"202342510010";"4251 - IVETE DA SILVEIRA";"100.000,00";
"07/2024";"82.827.999/0001-01 - MUNICIPIO DE TANGARA";"Município";"Pessoa Jurídica";"SC";"TANGARÁ";"202442510012";"4251 - IVETE DA SILVEIRA";"100.000,00";
"12/2024";"01.613.101/0001-09 - MUNICIPIO DE SAO PEDRO DE ALCANTARA";"Município";"Pessoa Jurídica";"SC";"SÃO PEDRO DE ALCÂNTARA";"202439320001";"3932 - CAROLINE DE TONI";"100.000,00";
"12/2024";"78.486.198/0001-52 - MUNICIPIO DE TUNAPOLIS";"Município";"Pessoa Jurídica";"SC";"TUNÁPOLIS";"202443390001";"4339 - DANIELA REINEHR";"100.000,00";
"12/2024";"78.486.198/0001-52 - MUNICIPIO DE TUNAPOLIS";"Município";"Pessoa Jurídica";"SC";"TUNÁPOLIS";"202442730002";"4273 - JORGE SEIF";"100.000,00";
"12/2024";"83.102.228/0001-10 - MUNICIPIO DE ARAQUARI";"Município";"Pessoa Jurídica";"SC";"ARAQUARI";"202442730001";"4273 - JORGE SEIF";"100.000,00";
"08/2023";"82.892.340/0001-39 - MUNICIPIO DE SAO BONIFACIO";"Município";"Pessoa Jurídica";"SC";"SÃO BONIFÁCIO";"202342510010";"4251 - IVETE DA SILVEIRA";"100.000,00";
"07/2024";"01.613.853/0001-61 - MUNICIPIO DE BRUNOPOLIS";"Município";"Pessoa Jurídica";"SC";"BRUNÓPOLIS";"202442730001";"4273 - JORGE SEIF";"100.000,00";
"03/2023";"82.924.390/0001-50 - MUNICIPIO DE LEOBERTO LEAL";"Município";"Pessoa Jurídica";"SC";"LEOBERTO LEAL";"202218800004";"1880 - ANGELA AMIN";"100.000,00";
"12/2024";"83.026.781/0001-10 - MUNICIPIO DE SAO JOSE DO CEDRO";"Município";"Pessoa Jurídica";"SC";"SÃO JOSÉ DO CEDRO";"202442730002";"4273 - JORGE SEIF";"100.000,00";
"07/2024";"83.026.773/0001-74 - MUNICIPIO DE DIONISIO CERQUEIRA";"Município";"Pessoa Jurídica";"SC";"DIONÍSIO CERQUEIRA";"202443390001";"4339 - DANIELA REINEHR";"100.000,00";
"07/2022";"83.074.310/0001-88 - MUNICIPIO DE LEBON REGIS";"Município";"Pessoa Jurídica";"SC";"LEBON RÉGIS";"202241850010";"4185 - JORGINHO MELLO";"100.000,00";
"12/2024";"83.074.310/0001-88 - MUNICIPIO DE LEBON REGIS";"Município";"Pessoa Jurídica";"SC";"LEBON RÉGIS";"202442730001";"4273 - JORGE SEIF";"100.000,00";
"07/2022";"83.024.687/0001-22 - MUNICIPIO DE ANCHIETA";"Município";"Pessoa Jurídica";"SC";"ANCHIETA";"202241850010";"4185 - JORGINHO MELLO";"100.682,00";
"03/2023";"80.912.140/0001-75 - MUNICIPIO DE SANTA HELENA";"Município";"Pessoa Jurídica";"SC";"SANTA HELENA";"202225690003";"2569 - CELSO MALDANER";"105.500,00";
"08/2023";"01.594.009/0001-30 - MUNICIPIO DE BOM JESUS DO OESTE";"Município";"Pessoa Jurídica";"SC";"BOM JESUS DO OESTE";"202328550022";"2855 - PEDRO UCZAI";"105.824,00";
"10/2023";"01.610.566/0001-06 - MUNICIPIO DE PALMEIRA";"Município";"Pessoa Jurídica";"SC";"PALMEIRA";"202329250001";"2925 - CARMEN ZANOTTO";"108.738,25";
"12/2023";"82.928.656/0001-33 - MUNICIPIO DE TUBARAO";"Município";"Pessoa Jurídica";"SC";"TUBARÃO";"202329250001";"2925 - CARMEN ZANOTTO";"109.362,00";
"07/2022";"95.954.442/0001-83 - MUNICIPIO DE SAO JOAO DO ITAPERIU";"Município";"Pessoa Jurídica";"SC";"SÃO JOÃO DO ITAPERIÚ";"202239290005";"3929 - CARLOS CHIODINI";"109.841,00";
"07/2024";"01.612.847/0001-90 - MUNICIPIO DE SANTA TEREZINHA DO PROGRESSO";"Município";"Pessoa Jurídica";"SC";"SANTA TEREZINHA DO PROGRESSO";"202442510012";"4251 - IVETE DA SILVEIRA";"112.500,00";
"07/2024";"01.612.847/0001-90 - MUNICIPIO DE SANTA TEREZINHA DO PROGRESSO";"Município";"Pessoa Jurídica";"SC";"SANTA TEREZINHA DO PROGRESSO";"202442510013";"4251 - IVETE DA SILVEIRA";"112.500,00";
"07/2024";"82.915.026/0001-24 - MUNICIPIO DE MARACAJA";"Município";"Pessoa Jurídica";"SC";"MARACAJÁ";"202440620002";"4062 - RICARDO GUIDI";"114.000,00";
"12/2024";"83.102.400/0001-35 - MUNICIPIO DE TRES BARRAS";"Município";"Pessoa Jurídica";"SC";"TRÊS BARRAS";"202439290001";"3929 - CARLOS CHIODINI";"114.964,60";
"03/2023";"82.827.353/0001-24 - MUNICIPIO DE SALTO VELOSO";"Município";"Pessoa Jurídica";"SC";"SALTO VELOSO";"202239320002";"3932 - CAROLINE DE TONI";"119.682,00";
"03/2023";"82.892.340/0001-39 - MUNICIPIO DE SAO BONIFACIO";"Município";"Pessoa Jurídica";"SC";"SÃO BONIFÁCIO";"202239290005";"3929 - CARLOS CHIODINI";"119.682,00";
"03/2023";"01.612.698/0001-69 - MUNICIPIO DE ENTRE RIOS";"Município";"Pessoa Jurídica";"SC";"ENTRE RIOS";"202239320002";"3932 - CAROLINE DE TONI";"120.000,00";
"03/2023";"82.892.266/0001-50 - MUNICIPIO DE AGUAS MORNAS";"Município";"Pessoa Jurídica";"SC";"ÁGUAS MORNAS";"202229250013";"2925 - CARMEN ZANOTTO";"120.000,00";
"12/2024";"95.995.130/0001-18 - MUNICIPIO DE VARGEM";"Município";"Pessoa Jurídica";"SC";"VARGEM";"202439320001";"3932 - CAROLINE DE TONI";"120.000,00";
"12/2024";"75.326.066/0001-75 - MUNICIPIO DE OTACILIO COSTA";"Município";"Pessoa Jurídica";"SC";"OTACÍLIO COSTA";"202439320001";"3932 - CAROLINE DE TONI";"120.000,00";
"07/2024";"82.940.776/0001-56 - MUNICIPIO DE CAIBI";"Município";"Pessoa Jurídica";"SC";"CAIBI";"202439320001";"3932 - CAROLINE DE TONI";"120.000,00";
"12/2024";"83.074.294/0001-23 - MUNICIPIO DE RIO DAS ANTAS";"Município";"Pessoa Jurídica";"SC";"RIO DAS ANTAS";"202439320001";"3932 - CAROLINE DE TONI";"120.000,00";
"08/2023";"83.102.467/0001-70 - MUNICIPIO DE CORUPA";"Município";"Pessoa Jurídica";"SC";"CORUPÁ";"202339440010";"3944 - CORONEL ARMANDO";"122.190,00";
"12/2024";"85.361.863/0001-47 - MUNICIPIO DE PALMITOS";"Município";"Pessoa Jurídica";"SC";"PALMITOS";"202442510013";"4251 - IVETE DA SILVEIRA";"125.000,00";
"07/2024";"85.361.863/0001-47 - MUNICIPIO DE PALMITOS";"Município";"Pessoa Jurídica";"SC";"PALMITOS";"202442510012";"4251 - IVETE DA SILVEIRA";"125.000,00";
"07/2024";"01.614.019/0001-90 - MUNICIPIO DE TREVISO";"Município";"Pessoa Jurídica";"SC";"TREVISO";"202442510012";"4251 - IVETE DA SILVEIRA";"125.000,00";
"12/2024";"01.614.019/0001-90 - MUNICIPIO DE TREVISO";"Município";"Pessoa Jurídica";"SC";"TREVISO";"202442510013";"4251 - IVETE DA SILVEIRA";"125.000,00";
"07/2024";"82.926.551/0001-45 - MUNICIPIO DE BRACO DO NORTE";"Município";"Pessoa Jurídica";"SC";"BRAÇO DO NORTE";"202442510012";"4251 - IVETE DA SILVEIRA";"125.000,00";
"12/2024";"82.926.551/0001-45 - MUNICIPIO DE BRACO DO NORTE";"Município";"Pessoa Jurídica";"SC";"BRAÇO DO NORTE";"202442510013";"4251 - IVETE DA SILVEIRA";"125.000,00";
"07/2024";"80.912.108/0001-90 - MUNICIPIO DE BELMONTE";"Município";"Pessoa Jurídica";"SC";"BELMONTE";"202442510012";"4251 - IVETE DA SILVEIRA";"125.000,00";
"12/2024";"80.912.108/0001-90 - MUNICIPIO DE BELMONTE";"Município";"Pessoa Jurídica";"SC";"BELMONTE";"202442510013";"4251 - IVETE DA SILVEIRA";"125.000,00";
"07/2024";"01.614.376/0001-59 - MUNICIPIO DE PAIAL";"Município";"Pessoa Jurídica";"SC";"PAIAL";"202442510012";"4251 - IVETE DA SILVEIRA";"125.000,00";
"12/2024";"01.614.376/0001-59 - MUNICIPIO DE PAIAL";"Município";"Pessoa Jurídica";"SC";"PAIAL";"202442510013";"4251 - IVETE DA SILVEIRA";"125.000,00";
"12/2024";"86.051.398/0001-00 - MUNICIPIO DE SAO BENTO DO SUL";"Município";"Pessoa Jurídica";"SC";"SÃO BENTO DO SUL";"202442510013";"4251 - IVETE DA SILVEIRA";"125.000,00";
"07/2024";"86.051.398/0001-00 - MUNICIPIO DE SAO BENTO DO SUL";"Município";"Pessoa Jurídica";"SC";"SÃO BENTO DO SUL";"202442510012";"4251 - IVETE DA SILVEIRA";"125.000,00";
"07/2024";"82.815.085/0001-20 - MUNICIPIO DE PERITIBA";"Município";"Pessoa Jurídica";"SC";"PERITIBA";"202442510012";"4251 - IVETE DA SILVEIRA";"125.000,00";
"12/2024";"82.815.085/0001-20 - MUNICIPIO DE PERITIBA";"Município";"Pessoa Jurídica";"SC";"PERITIBA";"202442510013";"4251 - IVETE DA SILVEIRA";"125.000,00";
"12/2024";"82.925.025/0001-60 - MUNICIPIO DE NOVA TRENTO";"Município";"Pessoa Jurídica";"SC";"NOVA TRENTO";"202443390001";"4339 - DANIELA REINEHR";"125.792,00";
"10/2023";"83.009.894/0001-08 - MUNICIPIO DE SAO DOMINGOS";"Município";"Pessoa Jurídica";"SC";"SÃO DOMINGOS";"202339320001";"3932 - CAROLINE DE TONI";"128.775,00";
"10/2023";"95.993.077/0001-16 - MUNICIPIO DE LAJEADO GRANDE";"Município";"Pessoa Jurídica";"SC";"LAJEADO GRANDE";"202339320001";"3932 - CAROLINE DE TONI";"130.000,00";
"07/2022";"78.493.343/0001-22 - MUNICIPIO DE CELSO RAMOS";"Município";"Pessoa Jurídica";"SC";"CELSO RAMOS";"202229250013";"2925 - CARMEN ZANOTTO";"130.000,00";
"10/2023";"83.755.850/0001-27 - MUNICIPIO DE PONTE ALTA";"Município";"Pessoa Jurídica";"SC";"PONTE ALTA";"202329250001";"2925 - CARMEN ZANOTTO";"130.000,00";
"08/2023";"95.954.509/0001-80 - MUNICIPIO DE BALNEARIO BARRA DO SUL";"Município";"Pessoa Jurídica";"SC";"BALNEÁRIO BARRA DO SUL";"202339320001";"3932 - CAROLINE DE TONI";"130.000,00";
"07/2022";"82.928.664/0001-80 - MUNICIPIO DE ARMAZEM";"Município";"Pessoa Jurídica";"SC";"ARMAZÉM";"202232350003";"3235 - GEOVANIA DE SA";"130.000,00";
"07/2024";"82.821.190/0001-72 - MUNICIPIO DE MARAVILHA";"Município";"Pessoa Jurídica";"SC";"MARAVILHA";"202439320001";"3932 - CAROLINE DE TONI";"130.000,00";
"06/2026";"82.892.266/0001-50 - MUNICIPIO DE AGUAS MORNAS";"Município";"Pessoa Jurídica";"SC";"ÁGUAS MORNAS";"202639290001";"3929 - CARLOS CHIODINI";"135.651,98";
"12/2024";"82.777.327/0001-39 - MUNICIPIO DE SAO JOSE DO CERRITO";"Município";"Pessoa Jurídica";"SC";"SÃO JOSÉ DO CERRITO";"202439320001";"3932 - CAROLINE DE TONI";"140.000,00";
"07/2022";"83.102.798/0001-00 - MUNICIPIO DE INDAIAL";"Município";"Pessoa Jurídica";"SC";"INDAIAL";"202290550001";"9055 - GILSON MARQUES";"140.000,00";
"12/2024";"95.990.131/0001-70 - MUNICIPIO DE NOVA ITABERABA";"Município";"Pessoa Jurídica";"SC";"NOVA ITABERABA";"202428550022";"2855 - PEDRO UCZAI";"147.609,21";
"12/2024";"01.608.820/0001-23 - MUNICIPIO DE PAINEL";"Município";"Pessoa Jurídica";"SC";"PAINEL";"202440620002";"4062 - RICARDO GUIDI";"150.000,00";
"07/2024";"82.777.244/0001-40 - MUNICIPIO DE PRESIDENTE CASTELO BRANCO";"Município";"Pessoa Jurídica";"SC";"PRESIDENTE CASTELLO BRANCO";"202442510012";"4251 - IVETE DA SILVEIRA";"150.000,00";
"12/2024";"82.777.244/0001-40 - MUNICIPIO DE PRESIDENTE CASTELO BRANCO";"Município";"Pessoa Jurídica";"SC";"PRESIDENTE CASTELLO BRANCO";"202442510013";"4251 - IVETE DA SILVEIRA";"150.000,00";
"12/2024";"83.102.343/0001-94 - MUNICIPIO DE BRUSQUE";"Município";"Pessoa Jurídica";"SC";"BRUSQUE";"202444010006";"4401 - JULIA ZANATTA";"150.000,00";
"08/2023";"01.593.132/0001-37 - MUNICIPIO DE JUPIA";"Município";"Pessoa Jurídica";"SC";"JUPIÁ";"202328550022";"2855 - PEDRO UCZAI";"150.000,00";
"12/2024";"80.912.009/0001-08 - MUNICIPIO DE PARAISO";"Município";"Pessoa Jurídica";"SC";"PARAÍSO";"202443250003";"4325 - COBALCHINI";"150.000,00";
"10/2023";"95.990.115/0001-87 - MUNICIPIO DE NOVO HORIZONTE";"Município";"Pessoa Jurídica";"SC";"NOVO HORIZONTE";"202332350003";"3235 - GEOVANIA DE SA";"150.000,00";
"03/2023";"95.996.187/0001-31 - MUNICIPIO DE VARGEM BONITA";"Município";"Pessoa Jurídica";"SC";"VARGEM BONITA";"202232350003";"3235 - GEOVANIA DE SA";"150.000,00";
"12/2024";"95.996.187/0001-31 - MUNICIPIO DE VARGEM BONITA";"Município";"Pessoa Jurídica";"SC";"VARGEM BONITA";"202439320001";"3932 - CAROLINE DE TONI";"150.000,00";
"07/2024";"83.754.044/0001-34 - MUNICIPIO DE CURITIBANOS";"Município";"Pessoa Jurídica";"SC";"CURITIBANOS";"202442510012";"4251 - IVETE DA SILVEIRA";"150.000,00";
"03/2023";"83.754.044/0001-34 - MUNICIPIO DE CURITIBANOS";"Município";"Pessoa Jurídica";"SC";"CURITIBANOS";"202237860003";"3786 - DARIO BERGER";"150.000,00";
"12/2024";"83.754.044/0001-34 - MUNICIPIO DE CURITIBANOS";"Município";"Pessoa Jurídica";"SC";"CURITIBANOS";"202442510013";"4251 - IVETE DA SILVEIRA";"150.000,00";
"12/2024";"82.821.182/0001-26 - MUNICIPIO DE ROMELANDIA";"Município";"Pessoa Jurídica";"SC";"ROMELÂNDIA";"202439320001";"3932 - CAROLINE DE TONI";"150.000,00";
"03/2023";"01.612.387/0001-08 - MUNICIPIO DE ZORTEA";"Município";"Pessoa Jurídica";"SC";"ZORTÉA";"202222100001";"2210 - ESPERIDIAO AMIN";"150.000,00";
"12/2024";"01.612.387/0001-08 - MUNICIPIO DE ZORTEA";"Município";"Pessoa Jurídica";"SC";"ZORTÉA";"202439320001";"3932 - CAROLINE DE TONI";"150.000,00";
"07/2022";"80.637.424/0001-09 - MUNICIPIO DE FORMOSA DO SUL";"Município";"Pessoa Jurídica";"SC";"FORMOSA DO SUL";"202222100001";"2210 - ESPERIDIAO AMIN";"150.000,00";
"07/2024";"80.637.424/0001-09 - MUNICIPIO DE FORMOSA DO SUL";"Município";"Pessoa Jurídica";"SC";"FORMOSA DO SUL";"202428550022";"2855 - PEDRO UCZAI";"150.000,00";
"12/2024";"95.995.221/0001-53 - MUNICIPIO DE ARABUTA";"Município";"Pessoa Jurídica";"SC";"ARABUTÃ";"202443390001";"4339 - DANIELA REINEHR";"150.000,00";
"12/2024";"01.612.836/0001-00 - MUNICIPIO DE PRINCESA";"Município";"Pessoa Jurídica";"SC";"PRINCESA";"202443390001";"4339 - DANIELA REINEHR";"150.000,00";
"07/2024";"83.755.850/0001-27 - MUNICIPIO DE PONTE ALTA";"Município";"Pessoa Jurídica";"SC";"PONTE ALTA";"202442090002";"4209 - JORGE GOETTEN";"150.000,00";
"07/2022";"78.511.052/0001-10 - MUNICIPIO DE ABDON BATISTA";"Município";"Pessoa Jurídica";"SC";"ABDON BATISTA";"202222100001";"2210 - ESPERIDIAO AMIN";"150.000,00";
"09/2023";"78.511.052/0001-10 - MUNICIPIO DE ABDON BATISTA";"Município";"Pessoa Jurídica";"SC";"ABDON BATISTA";"202322100001";"2210 - ESPERIDIAO AMIN";"150.000,00";
"07/2022";"83.021.824/0001-75 - MUNICIPIO DE CORONEL FREITAS";"Município";"Pessoa Jurídica";"SC";"CORONEL FREITAS";"202222100001";"2210 - ESPERIDIAO AMIN";"150.000,00";
"10/2023";"82.538.851/0001-57 - MUNICIPIO DE IMARUI";"Município";"Pessoa Jurídica";"SC";"IMARUÍ";"202339320001";"3932 - CAROLINE DE TONI";"150.000,00";
"07/2022";"83.102.640/0001-30 - MUNICIPIO DE ITUPORANGA";"Município";"Pessoa Jurídica";"SC";"ITUPORANGA";"202222100001";"2210 - ESPERIDIAO AMIN";"150.000,00";
"07/2022";"82.827.148/0001-69 - MUNICIPIO DE PINHEIRO PRETO";"Município";"Pessoa Jurídica";"SC";"PINHEIRO PRETO";"202232350003";"3235 - GEOVANIA DE SA";"150.000,00";
"12/2024";"82.827.148/0001-69 - MUNICIPIO DE PINHEIRO PRETO";"Município";"Pessoa Jurídica";"SC";"PINHEIRO PRETO";"202444010006";"4401 - JULIA ZANATTA";"150.000,00";
"07/2024";"82.892.332/0001-92 - MUNICIPIO DE ANITAPOLIS";"Município";"Pessoa Jurídica";"SC";"ANITÁPOLIS";"202442730001";"4273 - JORGE SEIF";"150.000,00";
"07/2024";"01.612.781/0001-38 - MUNICIPIO DE SANTIAGO DO SUL";"Município";"Pessoa Jurídica";"SC";"SANTIAGO DO SUL";"202442730001";"4273 - JORGE SEIF";"150.000,00";
"08/2023";"82.814.575/0001-02 - MUNICIPIO DE IPUMIRIM";"Município";"Pessoa Jurídica";"SC";"IPUMIRIM";"202328550022";"2855 - PEDRO UCZAI";"150.000,00";
"07/2022";"75.438.655/0001-45 - MUNICIPIO DE CORREIA PINTO";"Município";"Pessoa Jurídica";"SC";"CORREIA PINTO";"202237860003";"3786 - DARIO BERGER";"150.000,00";
"12/2024";"83.102.533/0001-01 - MUNICIPIO DE PAPANDUVA";"Município";"Pessoa Jurídica";"SC";"PAPANDUVA";"202439320001";"3932 - CAROLINE DE TONI";"150.000,00";
"07/2022";"83.102.533/0001-01 - MUNICIPIO DE PAPANDUVA";"Município";"Pessoa Jurídica";"SC";"PAPANDUVA";"202237860003";"3786 - DARIO BERGER";"150.000,00";
"07/2024";"82.821.216/0001-82 - MUNICIPIO DE GUARACIABA";"Município";"Pessoa Jurídica";"SC";"GUARACIABA";"202439320001";"3932 - CAROLINE DE TONI";"150.000,00";
"03/2023";"83.009.928/0001-64 - MUNICIPIO DE VARGEAO";"Município";"Pessoa Jurídica";"SC";"VARGEÃO";"202239320002";"3932 - CAROLINE DE TONI";"150.000,00";
"12/2023";"83.009.928/0001-64 - MUNICIPIO DE VARGEAO";"Município";"Pessoa Jurídica";"SC";"VARGEÃO";"202339320001";"3932 - CAROLINE DE TONI";"150.000,00";
"08/2023";"78.485.554/0001-13 - MUNICIPIO DE IPORA DO OESTE";"Município";"Pessoa Jurídica";"SC";"IPORÃ DO OESTE";"202322100001";"2210 - ESPERIDIAO AMIN";"150.000,00";
"12/2024";"78.485.554/0001-13 - MUNICIPIO DE IPORA DO OESTE";"Município";"Pessoa Jurídica";"SC";"IPORÃ DO OESTE";"202443390001";"4339 - DANIELA REINEHR";"150.000,00";
"12/2024";"95.949.806/0001-37 - MUNICIPIO DE CALMON";"Município";"Pessoa Jurídica";"SC";"CALMON";"202440620002";"4062 - RICARDO GUIDI";"150.000,00";
"08/2023";"95.949.806/0001-37 - MUNICIPIO DE CALMON";"Município";"Pessoa Jurídica";"SC";"CALMON";"202328550022";"2855 - PEDRO UCZAI";"150.000,00";
"03/2023";"83.102.673/0001-80 - MUNICIPIO DE PETROLANDIA";"Município";"Pessoa Jurídica";"SC";"PETROLÂNDIA";"202222100001";"2210 - ESPERIDIAO AMIN";"150.000,00";
"03/2023";"83.102.673/0001-80 - MUNICIPIO DE PETROLANDIA";"Município";"Pessoa Jurídica";"SC";"PETROLÂNDIA";"202237860003";"3786 - DARIO BERGER";"150.000,00";
"03/2023";"82.945.718/0001-15 - MUNICIPIO DE SAO CARLOS";"Município";"Pessoa Jurídica";"SC";"SÃO CARLOS";"202222100001";"2210 - ESPERIDIAO AMIN";"150.000,00";
"07/2022";"95.990.206/0001-12 - MUNICIPIO DE GUATAMBU";"Município";"Pessoa Jurídica";"SC";"GUATAMBÚ";"202222100001";"2210 - ESPERIDIAO AMIN";"150.000,00";
"07/2024";"95.990.206/0001-12 - MUNICIPIO DE GUATAMBU";"Município";"Pessoa Jurídica";"SC";"GUATAMBÚ";"202442730001";"4273 - JORGE SEIF";"150.000,00";
"07/2022";"17.243.084/0001-97 - MUNICIPIO DE BALNEARIO RINCAO";"Município";"Pessoa Jurídica";"SC";"BALNEÁRIO RINCÃO";"202237860003";"3786 - DARIO BERGER";"150.000,00";
"07/2022";"83.102.657/0001-97 - MUNICIPIO DE LAURENTINO";"Município";"Pessoa Jurídica";"SC";"LAURENTINO";"202237860003";"3786 - DARIO BERGER";"150.000,00";
"07/2024";"83.009.902/0001-16 - MUNICIPIO DE GALVAO";"Município";"Pessoa Jurídica";"SC";"GALVÃO";"202439320001";"3932 - CAROLINE DE TONI";"150.000,00";
"07/2022";"82.939.430/0001-38 - MUNICIPIO DE HERVAL D'OESTE";"Município";"Pessoa Jurídica";"SC";"HERVAL D'OESTE";"202222100001";"2210 - ESPERIDIAO AMIN";"150.000,00";
"07/2022";"82.939.430/0001-38 - MUNICIPIO DE HERVAL D'OESTE";"Município";"Pessoa Jurídica";"SC";"HERVAL D'OESTE";"202239530001";"3953 - DARCI DE MATOS";"150.000,00";
"03/2023";"82.913.211/0001-80 - MUNICIPIO DE PRAIA GRANDE";"Município";"Pessoa Jurídica";"SC";"PRAIA GRANDE";"202222100001";"2210 - ESPERIDIAO AMIN";"150.000,00";
"07/2024";"95.990.107/0001-30 - MUNICIPIO DE SUL BRASIL";"Município";"Pessoa Jurídica";"SC";"SUL BRASIL";"202443390001";"4339 - DANIELA REINEHR";"150.000,00";
"09/2023";"95.990.107/0001-30 - MUNICIPIO DE SUL BRASIL";"Município";"Pessoa Jurídica";"SC";"SUL BRASIL";"202328550022";"2855 - PEDRO UCZAI";"150.000,00";
"03/2023";"95.990.107/0001-30 - MUNICIPIO DE SUL BRASIL";"Município";"Pessoa Jurídica";"SC";"SUL BRASIL";"202239530001";"3953 - DARCI DE MATOS";"150.000,00";
"03/2023";"82.777.327/0001-39 - MUNICIPIO DE SAO JOSE DO CERRITO";"Município";"Pessoa Jurídica";"SC";"SÃO JOSÉ DO CERRITO";"202237860003";"3786 - DARIO BERGER";"150.000,00";
"12/2024";"83.102.632/0001-93 - MUNICIPIO DE IMBUIA";"Município";"Pessoa Jurídica";"SC";"IMBUIA";"202442510013";"4251 - IVETE DA SILVEIRA";"150.000,00";
"07/2024";"83.102.632/0001-93 - MUNICIPIO DE IMBUIA";"Município";"Pessoa Jurídica";"SC";"IMBUIA";"202442510012";"4251 - IVETE DA SILVEIRA";"150.000,00";
"12/2024";"83.021.147/0001-95 - MUNICIPIO DE CUNHA PORA";"Município";"Pessoa Jurídica";"SC";"CUNHA PORÃ";"202429250006";"2925 - CARMEN ZANOTTO";"150.000,00";
"07/2022";"83.021.840/0001-68 - MUNICIPIO DE NOVA ERECHIM";"Município";"Pessoa Jurídica";"SC";"NOVA ERECHIM";"202222100001";"2210 - ESPERIDIAO AMIN";"150.000,00";
"07/2024";"83.021.840/0001-68 - MUNICIPIO DE NOVA ERECHIM";"Município";"Pessoa Jurídica";"SC";"NOVA ERECHIM";"202443390001";"4339 - DANIELA REINEHR";"150.000,00";
"12/2023";"82.925.652/0001-00 - MUNICIPIO DE SAO JOAO BATISTA";"Município";"Pessoa Jurídica";"SC";"SÃO JOÃO BATISTA";"202339320001";"3932 - CAROLINE DE TONI";"150.000,00";
"07/2024";"82.925.652/0001-00 - MUNICIPIO DE SAO JOAO BATISTA";"Município";"Pessoa Jurídica";"SC";"SÃO JOÃO BATISTA";"202442510013";"4251 - IVETE DA SILVEIRA";"150.000,00";
"03/2023";"82.925.652/0001-00 - MUNICIPIO DE SAO JOAO BATISTA";"Município";"Pessoa Jurídica";"SC";"SÃO JOÃO BATISTA";"202237860003";"3786 - DARIO BERGER";"150.000,00";
"07/2024";"80.912.140/0001-75 - MUNICIPIO DE SANTA HELENA";"Município";"Pessoa Jurídica";"SC";"SANTA HELENA";"202442510012";"4251 - IVETE DA SILVEIRA";"150.000,00";
"12/2024";"80.912.140/0001-75 - MUNICIPIO DE SANTA HELENA";"Município";"Pessoa Jurídica";"SC";"SANTA HELENA";"202442510013";"4251 - IVETE DA SILVEIRA";"150.000,00";
"12/2024";"83.102.855/0001-50 - MUNICIPIO DE NAVEGANTES";"Município";"Pessoa Jurídica";"SC";"NAVEGANTES";"202442510013";"4251 - IVETE DA SILVEIRA";"150.000,00";
"03/2023";"83.102.715/0001-82 - MUNICIPIO DE RIO DO OESTE";"Município";"Pessoa Jurídica";"SC";"RIO DO OESTE";"202222100001";"2210 - ESPERIDIAO AMIN";"150.000,00";
"07/2022";"82.558.149/0001-55 - MUNICIPIO DE GRAO PARA";"Município";"Pessoa Jurídica";"SC";"GRÃO PARÁ";"202222100001";"2210 - ESPERIDIAO AMIN";"150.000,00";
"12/2024";"83.102.244/0001-02 - MUNICIPIO DE GASPAR";"Município";"Pessoa Jurídica";"SC";"GASPAR";"202442510013";"4251 - IVETE DA SILVEIRA";"150.000,00";
"03/2023";"83.102.244/0001-02 - MUNICIPIO DE GASPAR";"Município";"Pessoa Jurídica";"SC";"GASPAR";"202239530001";"3953 - DARCI DE MATOS";"150.000,00";
"07/2024";"83.102.244/0001-02 - MUNICIPIO DE GASPAR";"Município";"Pessoa Jurídica";"SC";"GASPAR";"202442510012";"4251 - IVETE DA SILVEIRA";"150.000,00";
"12/2024";"83.102.384/0001-80 - MUNICIPIO DE CANOINHAS";"Município";"Pessoa Jurídica";"SC";"CANOINHAS";"202440620002";"4062 - RICARDO GUIDI";"150.000,00";
"12/2024";"83.102.384/0001-80 - MUNICIPIO DE CANOINHAS";"Município";"Pessoa Jurídica";"SC";"CANOINHAS";"202442510013";"4251 - IVETE DA SILVEIRA";"150.000,00";
"07/2024";"83.102.384/0001-80 - MUNICIPIO DE CANOINHAS";"Município";"Pessoa Jurídica";"SC";"CANOINHAS";"202442510012";"4251 - IVETE DA SILVEIRA";"150.000,00";
"07/2024";"83.102.467/0001-70 - MUNICIPIO DE CORUPA";"Município";"Pessoa Jurídica";"SC";"CORUPÁ";"202442510012";"4251 - IVETE DA SILVEIRA";"150.000,00";
"12/2024";"83.102.467/0001-70 - MUNICIPIO DE CORUPA";"Município";"Pessoa Jurídica";"SC";"CORUPÁ";"202442510013";"4251 - IVETE DA SILVEIRA";"150.000,00";
"03/2023";"82.572.207/0001-03 - MUNICIPIO DE ITAPEMA";"Município";"Pessoa Jurídica";"SC";"ITAPEMA";"202237860003";"3786 - DARIO BERGER";"150.000,00";
"03/2023";"83.009.886/0001-61 - MUNICIPIO DE ABELARDO LUZ";"Município";"Pessoa Jurídica";"SC";"ABELARDO LUZ";"202232350003";"3235 - GEOVANIA DE SA";"150.000,00";
"03/2023";"01.612.844/0001-56 - MUNICIPIO DE SALTINHO";"Município";"Pessoa Jurídica";"SC";"SALTINHO";"202239530001";"3953 - DARCI DE MATOS";"150.000,00";
"07/2022";"82.926.569/0001-47 - MUNICIPIO DE GRAVATAL";"Município";"Pessoa Jurídica";"SC";"GRAVATAL";"202222100001";"2210 - ESPERIDIAO AMIN";"150.000,00";
"12/2024";"78.497.492/0001-60 - MUNICIPIO DE TIMBO GRANDE";"Município";"Pessoa Jurídica";"SC";"TIMBÓ GRANDE";"202439320001";"3932 - CAROLINE DE TONI";"150.000,00";
"03/2023";"78.492.576/0001-00 - MUNICIPIO DE URUPEMA";"Município";"Pessoa Jurídica";"SC";"URUPEMA";"202240150005";"4015 - HELIO COSTA";"150.000,00";
"07/2022";"79.372.553/0001-25 - MUNICIPIO DE JOSE BOITEUX";"Município";"Pessoa Jurídica";"SC";"JOSÉ BOITEUX";"202222100001";"2210 - ESPERIDIAO AMIN";"150.000,00";
"07/2022";"79.372.553/0001-25 - MUNICIPIO DE JOSE BOITEUX";"Município";"Pessoa Jurídica";"SC";"JOSÉ BOITEUX";"202239530001";"3953 - DARCI DE MATOS";"150.000,00";
"07/2022";"95.778.056/0001-88 - MUNICIPIO DE COCAL DO SUL";"Município";"Pessoa Jurídica";"SC";"COCAL DO SUL";"202237860003";"3786 - DARIO BERGER";"150.000,00";
"10/2023";"82.815.481/0001-58 - MUNICIPIO DE PIRATUBA";"Município";"Pessoa Jurídica";"SC";"PIRATUBA";"202339320001";"3932 - CAROLINE DE TONI";"150.000,00";
"07/2024";"82.892.290/0001-90 - MUNICIPIO DE ANTONIO CARLOS";"Município";"Pessoa Jurídica";"SC";"ANTÔNIO CARLOS";"202443390001";"4339 - DANIELA REINEHR";"150.000,00";
"03/2023";"83.102.681/0001-26 - MUNICIPIO DE POUSO REDONDO";"Município";"Pessoa Jurídica";"SC";"POUSO REDONDO";"202237860003";"3786 - DARIO BERGER";"150.000,00";
"07/2024";"83.102.525/0001-65 - MUNICIPIO DE MONTE CASTELO";"Município";"Pessoa Jurídica";"SC";"MONTE CASTELO";"202442510012";"4251 - IVETE DA SILVEIRA";"150.000,00";
"12/2024";"83.102.525/0001-65 - MUNICIPIO DE MONTE CASTELO";"Município";"Pessoa Jurídica";"SC";"MONTE CASTELO";"202442510013";"4251 - IVETE DA SILVEIRA";"150.000,00";
"03/2023";"83.021.873/0001-08 - MUNICIPIO DE SAO LOURENCO D'OESTE";"Município";"Pessoa Jurídica";"SC";"SÃO LOURENÇO DO OESTE";"202222100001";"2210 - ESPERIDIAO AMIN";"150.000,00";
"03/2023";"82.827.353/0001-24 - MUNICIPIO DE SALTO VELOSO";"Município";"Pessoa Jurídica";"SC";"SALTO VELOSO";"202222100001";"2210 - ESPERIDIAO AMIN";"150.000,00";
"07/2022";"95.990.198/0001-04 - MUNICIPIO DE CORDILHEIRA ALTA";"Município";"Pessoa Jurídica";"SC";"CORDILHEIRA ALTA";"202222100001";"2210 - ESPERIDIAO AMIN";"150.000,00";
"03/2023";"83.102.624/0001-47 - MUNICIPIO DE AURORA";"Município";"Pessoa Jurídica";"SC";"AURORA";"202237860003";"3786 - DARIO BERGER";"150.000,00";
"12/2023";"82.843.582/0001-32 - MUNICIPIO DE URUBICI";"Município";"Pessoa Jurídica";"SC";"URUBICI";"202329250001";"2925 - CARMEN ZANOTTO";"150.000,00";
"07/2024";"82.951.195/0001-10 - MUNICIPIO DE ANGELINA";"Município";"Pessoa Jurídica";"SC";"ANGELINA";"202440620002";"4062 - RICARDO GUIDI";"150.000,00";
"12/2024";"82.963.216/0001-17 - MUNICIPIO DE SOMBRIO";"Município";"Pessoa Jurídica";"SC";"SOMBRIO";"202442510013";"4251 - IVETE DA SILVEIRA";"150.000,00";
"12/2024";"82.963.216/0001-17 - MUNICIPIO DE SOMBRIO";"Município";"Pessoa Jurídica";"SC";"SOMBRIO";"202443390001";"4339 - DANIELA REINEHR";"150.000,00";
"07/2024";"82.963.216/0001-17 - MUNICIPIO DE SOMBRIO";"Município";"Pessoa Jurídica";"SC";"SOMBRIO";"202442510012";"4251 - IVETE DA SILVEIRA";"150.000,00";
"12/2024";"82.929.407/0001-62 - MUNICIPIO DE SIDEROPOLIS";"Município";"Pessoa Jurídica";"SC";"SIDERÓPOLIS";"202422100016";"2210 - ESPERIDIAO AMIN";"150.000,00";
"12/2024";"83.028.415/0001-09 - MUNICIPIO DE MONDAI";"Município";"Pessoa Jurídica";"SC";"MONDAÍ";"202443390001";"4339 - DANIELA REINEHR";"150.000,00";
"07/2022";"83.028.415/0001-09 - MUNICIPIO DE MONDAI";"Município";"Pessoa Jurídica";"SC";"MONDAÍ";"202222100001";"2210 - ESPERIDIAO AMIN";"150.000,00";
"07/2024";"82.577.636/0001-65 - MUNICIPIO DE TIJUCAS";"Município";"Pessoa Jurídica";"SC";"TIJUCAS";"202442510012";"4251 - IVETE DA SILVEIRA";"150.000,00";
"12/2024";"82.577.636/0001-65 - MUNICIPIO DE TIJUCAS";"Município";"Pessoa Jurídica";"SC";"TIJUCAS";"202442510013";"4251 - IVETE DA SILVEIRA";"150.000,00";
"12/2024";"82.577.636/0001-65 - MUNICIPIO DE TIJUCAS";"Município";"Pessoa Jurídica";"SC";"TIJUCAS";"202439320001";"3932 - CAROLINE DE TONI";"150.000,00";
"07/2022";"83.102.582/0001-44 - MUNICIPIO DE AGROLANDIA";"Município";"Pessoa Jurídica";"SC";"AGROLÂNDIA";"202222100001";"2210 - ESPERIDIAO AMIN";"150.000,00";
"12/2024";"95.993.028/0001-83 - MUNICIPIO DE IPUACU";"Município";"Pessoa Jurídica";"SC";"IPUAÇU";"202443390001";"4339 - DANIELA REINEHR";"150.000,00";
"08/2023";"83.074.302/0001-31 - MUNICIPIO DE CACADOR";"Município";"Pessoa Jurídica";"SC";"CAÇADOR";"202339320001";"3932 - CAROLINE DE TONI";"150.000,00";
"12/2023";"82.575.812/0001-20 - MUNICIPIO DE PORTO BELO";"Município";"Pessoa Jurídica";"SC";"PORTO BELO";"202332350003";"3235 - GEOVANIA DE SA";"150.000,00";
"12/2024";"82.575.812/0001-20 - MUNICIPIO DE PORTO BELO";"Município";"Pessoa Jurídica";"SC";"PORTO BELO";"202439320001";"3932 - CAROLINE DE TONI";"150.000,00";
"12/2024";"95.952.230/0001-67 - MUNICIPIO DE BRACO DO TROMBUDO";"Município";"Pessoa Jurídica";"SC";"BRAÇO DO TROMBUDO";"202440620002";"4062 - RICARDO GUIDI";"150.000,00";
"07/2024";"83.028.639/0001-02 - MUNICIPIO DE PALMA SOLA";"Município";"Pessoa Jurídica";"SC";"PALMA SOLA";"202443250003";"4325 - COBALCHINI";"150.000,00";
"12/2024";"83.028.639/0001-02 - MUNICIPIO DE PALMA SOLA";"Município";"Pessoa Jurídica";"SC";"PALMA SOLA";"202439320001";"3932 - CAROLINE DE TONI";"150.000,00";
"07/2022";"01.616.039/0001-09 - MUNICIPIO DE FREI ROGERIO";"Município";"Pessoa Jurídica";"SC";"FREI ROGÉRIO";"202222100001";"2210 - ESPERIDIAO AMIN";"150.000,00";
"12/2024";"95.954.509/0001-80 - MUNICIPIO DE BALNEARIO BARRA DO SUL";"Município";"Pessoa Jurídica";"SC";"BALNEÁRIO BARRA DO SUL";"202442510013";"4251 - IVETE DA SILVEIRA";"150.000,00";
"07/2024";"95.954.509/0001-80 - MUNICIPIO DE BALNEARIO BARRA DO SUL";"Município";"Pessoa Jurídica";"SC";"BALNEÁRIO BARRA DO SUL";"202442510012";"4251 - IVETE DA SILVEIRA";"150.000,00";
"09/2023";"82.892.365/0001-32 - MUNICIPIO DE PAULO LOPES";"Município";"Pessoa Jurídica";"SC";"PAULO LOPES";"202318800004";"1880 - ANGELA AMIN";"150.000,00";
"07/2022";"82.892.365/0001-32 - MUNICIPIO DE PAULO LOPES";"Município";"Pessoa Jurídica";"SC";"PAULO LOPES";"202218800004";"1880 - ANGELA AMIN";"150.000,00";
"07/2024";"82.939.398/0001-90 - MUNICIPIO DE AGUA DOCE";"Município";"Pessoa Jurídica";"SC";"ÁGUA DOCE";"202443390001";"4339 - DANIELA REINEHR";"150.000,00";
"12/2023";"83.102.616/0001-09 - MUNICIPIO DE ATALANTA";"Município";"Pessoa Jurídica";"SC";"ATALANTA";"202340620003";"4062 - RICARDO GUIDI";"150.000,00";
"09/2023";"82.892.266/0001-50 - MUNICIPIO DE AGUAS MORNAS";"Município";"Pessoa Jurídica";"SC";"ÁGUAS MORNAS";"202322100001";"2210 - ESPERIDIAO AMIN";"150.000,00";
"07/2024";"82.892.266/0001-50 - MUNICIPIO DE AGUAS MORNAS";"Município";"Pessoa Jurídica";"SC";"ÁGUAS MORNAS";"202442090002";"4209 - JORGE GOETTEN";"150.000,00";
"07/2022";"01.551.148/0001-87 - MUNICIPIO DE BOM JESUS";"Município";"Pessoa Jurídica";"SC";"BOM JESUS";"202228550021";"2855 - PEDRO UCZAI";"150.000,00";
"03/2023";"79.372.520/0001-85 - MUNICIPIO DE VITOR MEIRELES";"Município";"Pessoa Jurídica";"SC";"VITOR MEIRELES";"202222100001";"2210 - ESPERIDIAO AMIN";"150.000,00";
"12/2023";"82.928.680/0001-72 - MUNICIPIO DE PEDRAS GRANDES";"Município";"Pessoa Jurídica";"SC";"PEDRAS GRANDES";"202342510010";"4251 - IVETE DA SILVEIRA";"150.000,00";
"12/2023";"95.995.130/0001-18 - MUNICIPIO DE VARGEM";"Município";"Pessoa Jurídica";"SC";"VARGEM";"202329250001";"2925 - CARMEN ZANOTTO";"150.000,00";
"07/2024";"82.928.664/0001-80 - MUNICIPIO DE ARMAZEM";"Município";"Pessoa Jurídica";"SC";"ARMAZÉM";"202443390001";"4339 - DANIELA REINEHR";"150.000,00";
"07/2024";"75.326.066/0001-75 - MUNICIPIO DE OTACILIO COSTA";"Município";"Pessoa Jurídica";"SC";"OTACÍLIO COSTA";"202443920007";"4392 - ISMAEL";"150.000,00";
"03/2023";"83.102.806/0001-18 - MUNICIPIO DE RIO DOS CEDROS";"Município";"Pessoa Jurídica";"SC";"RIO DOS CEDROS";"202222100001";"2210 - ESPERIDIAO AMIN";"150.000,00";
"12/2023";"83.102.806/0001-18 - MUNICIPIO DE RIO DOS CEDROS";"Município";"Pessoa Jurídica";"SC";"RIO DOS CEDROS";"202322100001";"2210 - ESPERIDIAO AMIN";"150.000,00";
"10/2023";"95.993.085/0001-62 - MUNICIPIO DE PASSOS MAIA";"Município";"Pessoa Jurídica";"SC";"PASSOS MAIA";"202339320001";"3932 - CAROLINE DE TONI";"150.000,00";
"12/2024";"95.993.085/0001-62 - MUNICIPIO DE PASSOS MAIA";"Município";"Pessoa Jurídica";"SC";"PASSOS MAIA";"202439320001";"3932 - CAROLINE DE TONI";"150.000,00";
"07/2022";"82.940.776/0001-56 - MUNICIPIO DE CAIBI";"Município";"Pessoa Jurídica";"SC";"CAIBI";"202222100001";"2210 - ESPERIDIAO AMIN";"150.000,00";
"07/2022";"83.102.608/0001-54 - MUNICIPIO DE ALFREDO WAGNER";"Município";"Pessoa Jurídica";"SC";"ALFREDO WAGNER";"202237860003";"3786 - DARIO BERGER";"150.000,00";
"12/2024";"83.102.798/0001-00 - MUNICIPIO DE INDAIAL";"Município";"Pessoa Jurídica";"SC";"INDAIAL";"202490550002";"9055 - GILSON MARQUES";"150.000,00";
"07/2024";"83.102.780/0001-08 - MUNICIPIO DE BENEDITO NOVO";"Município";"Pessoa Jurídica";"SC";"BENEDITO NOVO";"202442510013";"4251 - IVETE DA SILVEIRA";"150.000,00";
"07/2024";"83.102.780/0001-08 - MUNICIPIO DE BENEDITO NOVO";"Município";"Pessoa Jurídica";"SC";"BENEDITO NOVO";"202442510012";"4251 - IVETE DA SILVEIRA";"150.000,00";
"12/2024";"83.102.517/0001-19 - MUNICIPIO DE ITAIOPOLIS";"Município";"Pessoa Jurídica";"SC";"ITAIÓPOLIS";"202443390001";"4339 - DANIELA REINEHR";"150.000,00";
"07/2022";"83.102.517/0001-19 - MUNICIPIO DE ITAIOPOLIS";"Município";"Pessoa Jurídica";"SC";"ITAIÓPOLIS";"202232350003";"3235 - GEOVANIA DE SA";"150.000,00";
"12/2023";"83.102.442/0001-76 - MUNICIPIO DE WITMARSUM";"Município";"Pessoa Jurídica";"SC";"WITMARSUM";"202340620003";"4062 - RICARDO GUIDI";"150.000,00";
"07/2022";"01.612.847/0001-90 - MUNICIPIO DE SANTA TEREZINHA DO PROGRESSO";"Município";"Pessoa Jurídica";"SC";"SANTA TEREZINHA DO PROGRESSO";"202225690003";"2569 - CELSO MALDANER";"150.000,00";
"12/2024";"01.612.847/0001-90 - MUNICIPIO DE SANTA TEREZINHA DO PROGRESSO";"Município";"Pessoa Jurídica";"SC";"SANTA TEREZINHA DO PROGRESSO";"202439320001";"3932 - CAROLINE DE TONI";"150.000,00";
"03/2023";"01.612.847/0001-90 - MUNICIPIO DE SANTA TEREZINHA DO PROGRESSO";"Município";"Pessoa Jurídica";"SC";"SANTA TEREZINHA DO PROGRESSO";"202222100001";"2210 - ESPERIDIAO AMIN";"150.000,00";
"07/2024";"82.777.343/0001-21 - MUNICIPIO DE BOM RETIRO";"Município";"Pessoa Jurídica";"SC";"BOM RETIRO";"202442510012";"4251 - IVETE DA SILVEIRA";"150.000,00";
"12/2024";"82.777.343/0001-21 - MUNICIPIO DE BOM RETIRO";"Município";"Pessoa Jurídica";"SC";"BOM RETIRO";"202442510013";"4251 - IVETE DA SILVEIRA";"150.000,00";
"12/2024";"80.623.606/0001-12 - MUNICIPIO DE IRACEMINHA";"Município";"Pessoa Jurídica";"SC";"IRACEMINHA";"202442510013";"4251 - IVETE DA SILVEIRA";"150.000,00";
"07/2024";"80.623.606/0001-12 - MUNICIPIO DE IRACEMINHA";"Município";"Pessoa Jurídica";"SC";"IRACEMINHA";"202442510012";"4251 - IVETE DA SILVEIRA";"150.000,00";
"07/2022";"83.102.830/0001-57 - MUNICIPIO DE BARRA VELHA";"Município";"Pessoa Jurídica";"SC";"BARRA VELHA";"202228560001";"2856 - ROGERIO PENINHA MENDONCA";"150.000,00";
"03/2023";"82.562.893/0001-23 - MUNICIPIO DE CANELINHA";"Município";"Pessoa Jurídica";"SC";"CANELINHA";"202237860003";"3786 - DARIO BERGER";"150.000,00";
"07/2022";"83.026.138/0001-97 - MUNICIPIO DE DESCANSO";"Município";"Pessoa Jurídica";"SC";"DESCANSO";"202232350003";"3235 - GEOVANIA DE SA";"150.000,00";
"12/2023";"95.991.071/0001-00 - MUNICIPIO DE RIO RUFINO";"Município";"Pessoa Jurídica";"SC";"RIO RUFINO";"202332350003";"3235 - GEOVANIA DE SA";"150.000,00";
"03/2023";"83.021.865/0001-61 - MUNICIPIO DE QUILOMBO";"Município";"Pessoa Jurídica";"SC";"QUILOMBO";"202228550021";"2855 - PEDRO UCZAI";"150.000,00";
"03/2023";"83.009.894/0001-08 - MUNICIPIO DE SAO DOMINGOS";"Município";"Pessoa Jurídica";"SC";"SÃO DOMINGOS";"202222100001";"2210 - ESPERIDIAO AMIN";"150.000,00";
"08/2023";"82.558.909/0001-24 - MUNICIPIO DE LAURO MULLER";"Município";"Pessoa Jurídica";"SC";"LAURO MULLER";"202318800004";"1880 - ANGELA AMIN";"150.000,00";
"03/2023";"83.102.491/0001-09 - MUNICIPIO DE SCHROEDER";"Município";"Pessoa Jurídica";"SC";"SCHROEDER";"202222100001";"2210 - ESPERIDIAO AMIN";"150.000,00";
"10/2023";"82.939.455/0001-31 - MUNICIPIO DE IRANI";"Município";"Pessoa Jurídica";"SC";"IRANI";"202332350003";"3235 - GEOVANIA DE SA";"150.000,00";
"12/2024";"83.102.251/0001-04 - MUNICIPIO DE POMERODE";"Município";"Pessoa Jurídica";"SC";"POMERODE";"202439320001";"3932 - CAROLINE DE TONI";"150.000,00";
"07/2022";"82.777.335/0001-85 - MUNICIPIO DE ANITA GARIBALDI";"Município";"Pessoa Jurídica";"SC";"ANITA GARIBALDI";"202239530001";"3953 - DARCI DE MATOS";"150.000,00";
"12/2024";"82.777.236/0001-01 - MUNICIPIO DE PONTE SERRADA";"Município";"Pessoa Jurídica";"SC";"PONTE SERRADA";"202439320001";"3932 - CAROLINE DE TONI";"150.000,00";
"12/2023";"01.599.409/0001-39 - MUNICIPIO DE CAPAO ALTO";"Município";"Pessoa Jurídica";"SC";"CAPÃO ALTO";"202329250001";"2925 - CARMEN ZANOTTO";"150.000,00";
"07/2022";"01.599.409/0001-39 - MUNICIPIO DE CAPAO ALTO";"Município";"Pessoa Jurídica";"SC";"CAPÃO ALTO";"202239530001";"3953 - DARCI DE MATOS";"150.000,00";
"07/2022";"82.844.754/0001-92 - MUNICIPIO DE BOM JARDIM DA SERRA";"Município";"Pessoa Jurídica";"SC";"BOM JARDIM DA SERRA";"202218800004";"1880 - ANGELA AMIN";"150.000,00";
"10/2023";"82.892.282/0001-43 - MUNICIPIO DE FLORIANOPOLIS";"Município";"Pessoa Jurídica";"SC";"FLORIANÓPOLIS";"202339320001";"3932 - CAROLINE DE TONI";"150.000,00";
"12/2024";"83.102.434/0001-20 - MUNICIPIO DE PRESIDENTE GETULIO";"Município";"Pessoa Jurídica";"SC";"PRESIDENTE GETÚLIO";"202440620002";"4062 - RICARDO GUIDI";"150.000,00";
"03/2023";"83.074.294/0001-23 - MUNICIPIO DE RIO DAS ANTAS";"Município";"Pessoa Jurídica";"SC";"RIO DAS ANTAS";"202237860003";"3786 - DARIO BERGER";"150.000,00";
"07/2024";"82.548.983/0001-60 - MUNICIPIO DE TURVO";"Município";"Pessoa Jurídica";"SC";"TURVO";"202442510012";"4251 - IVETE DA SILVEIRA";"150.000,00";
"03/2023";"82.548.983/0001-60 - MUNICIPIO DE TURVO";"Município";"Pessoa Jurídica";"SC";"TURVO";"202222100001";"2210 - ESPERIDIAO AMIN";"150.000,00";
"12/2024";"82.548.983/0001-60 - MUNICIPIO DE TURVO";"Município";"Pessoa Jurídica";"SC";"TURVO";"202442510013";"4251 - IVETE DA SILVEIRA";"150.000,00";
"07/2024";"82.892.308/0001-53 - MUNICIPIO DE BIGUACU";"Município";"Pessoa Jurídica";"SC";"BIGUAÇU";"202442510012";"4251 - IVETE DA SILVEIRA";"150.000,00";
"12/2024";"82.892.308/0001-53 - MUNICIPIO DE BIGUACU";"Município";"Pessoa Jurídica";"SC";"BIGUAÇU";"202442510013";"4251 - IVETE DA SILVEIRA";"150.000,00";
"03/2023";"01.610.566/0001-06 - MUNICIPIO DE PALMEIRA";"Município";"Pessoa Jurídica";"SC";"PALMEIRA";"202222100001";"2210 - ESPERIDIAO AMIN";"150.000,00";
"03/2023";"95.782.793/0001-54 - MUNICIPIO DE PASSO DE TORRES";"Município";"Pessoa Jurídica";"SC";"PASSO DE TORRES";"202222100001";"2210 - ESPERIDIAO AMIN";"150.000,00";
"03/2023";"83.102.558/0001-05 - MUNICIPIO DE IRINEOPOLIS";"Município";"Pessoa Jurídica";"SC";"IRINEÓPOLIS";"202228550021";"2855 - PEDRO UCZAI";"150.000,00";
"07/2024";"01.612.527/0001-30 - MUNICIPIO DE BARRA BONITA";"Município";"Pessoa Jurídica";"SC";"BARRA BONITA";"202443250003";"4325 - COBALCHINI";"150.000,00";
"07/2022";"01.612.527/0001-30 - MUNICIPIO DE BARRA BONITA";"Município";"Pessoa Jurídica";"SC";"BARRA BONITA";"202228550020";"2855 - PEDRO UCZAI";"150.000,00";
"12/2023";"82.926.593/0001-86 - MUNICIPIO DE SANTA ROSA DE LIMA";"Município";"Pessoa Jurídica";"SC";"SANTA ROSA DE LIMA";"202322100001";"2210 - ESPERIDIAO AMIN";"150.000,00";
"07/2022";"83.102.368/0001-98 - MUNICIPIO DE GUABIRUBA";"Município";"Pessoa Jurídica";"SC";"GUABIRUBA";"202222100001";"2210 - ESPERIDIAO AMIN";"150.000,00";
"07/2024";"82.911.249/0001-13 - MUNICIPIO DE ARARANGUA";"Município";"Pessoa Jurídica";"SC";"ARARANGUÁ";"202442730001";"4273 - JORGE SEIF";"150.000,00";
"03/2023";"01.612.745/0001-74 - MUNICIPIO DE IBIAM";"Município";"Pessoa Jurídica";"SC";"IBIAM";"202229250013";"2925 - CARMEN ZANOTTO";"150.000,00";
"03/2023";"95.951.323/0001-77 - MUNICIPIO DE SANTA TEREZINHA";"Município";"Pessoa Jurídica";"SC";"SANTA TEREZINHA";"202237860003";"3786 - DARIO BERGER";"150.000,00";
"07/2022";"83.102.327/0001-00 - MUNICIPIO DE PENHA";"Município";"Pessoa Jurídica";"SC";"PENHA";"202237860003";"3786 - DARIO BERGER";"150.000,00";
"07/2022";"83.102.426/0001-83 - MUNICIPIO DE DONA EMMA";"Município";"Pessoa Jurídica";"SC";"DONA EMMA";"202237860003";"3786 - DARIO BERGER";"150.000,00";
"12/2024";"82.827.999/0001-01 - MUNICIPIO DE TANGARA";"Município";"Pessoa Jurídica";"SC";"TANGARÁ";"202439320001";"3932 - CAROLINE DE TONI";"150.000,00";
"07/2022";"83.021.832/0001-11 - MUNICIPIO DE MODELO";"Município";"Pessoa Jurídica";"SC";"MODELO";"202232350003";"3235 - GEOVANIA DE SA";"150.000,00";
"12/2023";"82.926.585/0001-30 - MUNICIPIO DE RIO FORTUNA";"Município";"Pessoa Jurídica";"SC";"RIO FORTUNA";"202332350003";"3235 - GEOVANIA DE SA";"150.000,00";
"03/2023";"01.613.101/0001-09 - MUNICIPIO DE SAO PEDRO DE ALCANTARA";"Município";"Pessoa Jurídica";"SC";"SÃO PEDRO DE ALCÂNTARA";"202222100001";"2210 - ESPERIDIAO AMIN";"150.000,00";
"07/2022";"83.102.228/0001-10 - MUNICIPIO DE ARAQUARI";"Município";"Pessoa Jurídica";"SC";"ARAQUARI";"202239800001";"3980 - FABIO SCHIOCHET";"150.000,00";
"07/2024";"16.780.795/0001-38 - MUNICIPIO DE PESCARIA BRAVA";"Município";"Pessoa Jurídica";"SC";"PESCARIA BRAVA";"202442510012";"4251 - IVETE DA SILVEIRA";"150.000,00";
"12/2024";"16.780.795/0001-38 - MUNICIPIO DE PESCARIA BRAVA";"Município";"Pessoa Jurídica";"SC";"PESCARIA BRAVA";"202442510013";"4251 - IVETE DA SILVEIRA";"150.000,00";
"03/2023";"82.915.232/0001-34 - MUNICIPIO DE TIMBE DO SUL";"Município";"Pessoa Jurídica";"SC";"TIMBÉ DO SUL";"202222100001";"2210 - ESPERIDIAO AMIN";"150.000,00";
"07/2024";"83.024.687/0001-22 - MUNICIPIO DE ANCHIETA";"Município";"Pessoa Jurídica";"SC";"ANCHIETA";"202439320001";"3932 - CAROLINE DE TONI";"150.000,00";
"12/2023";"83.102.434/0001-20 - MUNICIPIO DE PRESIDENTE GETULIO";"Município";"Pessoa Jurídica";"SC";"PRESIDENTE GETÚLIO";"202340620003";"4062 - RICARDO GUIDI";"151.829,25";
"06/2026";"82.892.316/0001-08 - MUNICIPIO DE PALHOCA";"Município";"Pessoa Jurídica";"SC";"PALHOÇA";"202643250001";"4325 - COBALCHINI";"154.173,85";
"08/2023";"82.926.551/0001-45 - MUNICIPIO DE BRACO DO NORTE";"Município";"Pessoa Jurídica";"SC";"BRAÇO DO NORTE";"202318800004";"1880 - ANGELA AMIN";"155.003,00";
"08/2023";"79.372.553/0001-25 - MUNICIPIO DE JOSE BOITEUX";"Município";"Pessoa Jurídica";"SC";"JOSÉ BOITEUX";"202322100001";"2210 - ESPERIDIAO AMIN";"157.291,00";
"12/2024";"16.780.795/0001-38 - MUNICIPIO DE PESCARIA BRAVA";"Município";"Pessoa Jurídica";"SC";"PESCARIA BRAVA";"202422100016";"2210 - ESPERIDIAO AMIN";"157.959,74";
"03/2023";"82.777.228/0001-57 - MUNICIPIO DE OURO";"Município";"Pessoa Jurídica";"SC";"OURO";"202239530001";"3953 - DARCI DE MATOS";"159.682,00";
"03/2023";"01.612.744/0001-20 - MUNICIPIO DE IOMERE";"Município";"Pessoa Jurídica";"SC";"IOMERÊ";"202218800004";"1880 - ANGELA AMIN";"159.840,00";
"03/2023";"01.608.820/0001-23 - MUNICIPIO DE PAINEL";"Município";"Pessoa Jurídica";"SC";"PAINEL";"202241850010";"4185 - JORGINHO MELLO";"159.841,00";
"07/2024";"95.996.104/0001-04 - MUNICIPIO DE MONTE CARLO";"Município";"Pessoa Jurídica";"SC";"MONTE CARLO";"202439320001";"3932 - CAROLINE DE TONI";"159.957,67";
"03/2023";"83.102.798/0001-00 - MUNICIPIO DE INDAIAL";"Município";"Pessoa Jurídica";"SC";"INDAIAL";"202290550001";"9055 - GILSON MARQUES";"160.000,00";
"07/2024";"83.102.327/0001-00 - MUNICIPIO DE PENHA";"Município";"Pessoa Jurídica";"SC";"PENHA";"202442510012";"4251 - IVETE DA SILVEIRA";"162.500,00";
"12/2024";"83.102.327/0001-00 - MUNICIPIO DE PENHA";"Município";"Pessoa Jurídica";"SC";"PENHA";"202442510013";"4251 - IVETE DA SILVEIRA";"162.500,00";
"12/2023";"83.102.848/0001-59 - MUNICIPIO DE GARUVA";"Município";"Pessoa Jurídica";"SC";"GARUVA";"202341290007";"4129 - RODRIGO COELHO";"162.920,00";
"03/2023";"95.990.255/0001-55 - MUNICIPIO DE PLANALTO ALEGRE";"Município";"Pessoa Jurídica";"SC";"PLANALTO ALEGRE";"202228550021";"2855 - PEDRO UCZAI";"164.840,50";
"07/2022";"95.990.255/0001-55 - MUNICIPIO DE PLANALTO ALEGRE";"Município";"Pessoa Jurídica";"SC";"PLANALTO ALEGRE";"202228550021";"2855 - PEDRO UCZAI";"164.840,50";
"07/2022";"83.169.623/0001-10 - MUNICIPIO DE JOINVILLE";"Município";"Pessoa Jurídica";"SC";"JOINVILLE";"202239440006";"3944 - CORONEL ARMANDO";"165.500,00";
"06/2026";"83.102.277/0001-52 - MUNICIPIO DE ITAJAI";"Município";"Pessoa Jurídica";"SC";"ITAJAÍ";"202632350004";"3235 - GEOVANIA DE SA";"166.989,28";
"03/2023";"83.039.842/0001-84 - MUNICIPIO DE VIDEIRA";"Município";"Pessoa Jurídica";"SC";"VIDEIRA";"202222100001";"2210 - ESPERIDIAO AMIN";"169.682,00";
"12/2024";"01.605.479/0001-52 - MUNICIPIO DE BALNEARIO ARROIO DO SILVA";"Município";"Pessoa Jurídica";"SC";"BALNEÁRIO ARROIO DO SILVA";"202442090002";"4209 - JORGE GOETTEN";"170.000,00";
"09/2023";"82.577.636/0001-65 - MUNICIPIO DE TIJUCAS";"Município";"Pessoa Jurídica";"SC";"TIJUCAS";"202318800004";"1880 - ANGELA AMIN";"171.774,00";
"10/2023";"82.913.211/0001-80 - MUNICIPIO DE PRAIA GRANDE";"Município";"Pessoa Jurídica";"SC";"PRAIA GRANDE";"202339800001";"3980 - FABIO SCHIOCHET";"174.150,00";
"07/2022";"95.951.323/0001-77 - MUNICIPIO DE SANTA TEREZINHA";"Município";"Pessoa Jurídica";"SC";"SANTA TEREZINHA";"202240620006";"4062 - RICARDO GUIDI";"174.682,50";
"12/2024";"83.102.848/0001-59 - MUNICIPIO DE GARUVA";"Município";"Pessoa Jurídica";"SC";"GARUVA";"202442510013";"4251 - IVETE DA SILVEIRA";"175.000,00";
"07/2024";"83.102.848/0001-59 - MUNICIPIO DE GARUVA";"Município";"Pessoa Jurídica";"SC";"GARUVA";"202442510012";"4251 - IVETE DA SILVEIRA";"175.000,00";
"12/2024";"82.939.406/0001-07 - MUNICIPIO DE CAPINZAL";"Município";"Pessoa Jurídica";"SC";"CAPINZAL";"202442510013";"4251 - IVETE DA SILVEIRA";"175.000,00";
"07/2024";"82.939.406/0001-07 - MUNICIPIO DE CAPINZAL";"Município";"Pessoa Jurídica";"SC";"CAPINZAL";"202442510012";"4251 - IVETE DA SILVEIRA";"175.000,00";
"12/2024";"82.939.414/0001-45 - MUNICIPIO DE CATANDUVAS";"Município";"Pessoa Jurídica";"SC";"CATANDUVAS";"202442510013";"4251 - IVETE DA SILVEIRA";"175.000,00";
"07/2024";"82.939.414/0001-45 - MUNICIPIO DE CATANDUVAS";"Município";"Pessoa Jurídica";"SC";"CATANDUVAS";"202442510012";"4251 - IVETE DA SILVEIRA";"175.000,00";
"08/2023";"82.924.390/0001-50 - MUNICIPIO DE LEOBERTO LEAL";"Município";"Pessoa Jurídica";"SC";"LEOBERTO LEAL";"202339290002";"3929 - CARLOS CHIODINI";"179.148,50";
"12/2024";"83.102.731/0001-75 - MUNICIPIO DE TROMBUDO CENTRAL";"Município";"Pessoa Jurídica";"SC";"TROMBUDO CENTRAL";"202490550002";"9055 - GILSON MARQUES";"179.429,62";
"07/2022";"80.911.936/0001-03 - MUNICIPIO DE SAO JOAO DO OESTE";"Município";"Pessoa Jurídica";"SC";"SÃO JOÃO DO OESTE";"202232350003";"3235 - GEOVANIA DE SA";"179.841,00";
"03/2023";"83.102.780/0001-08 - MUNICIPIO DE BENEDITO NOVO";"Município";"Pessoa Jurídica";"SC";"BENEDITO NOVO";"202232350003";"3235 - GEOVANIA DE SA";"180.000,00";
"12/2024";"83.102.228/0001-10 - MUNICIPIO DE ARAQUARI";"Município";"Pessoa Jurídica";"SC";"ARAQUARI";"202439800001";"3980 - FABIO SCHIOCHET";"185.792,00";
"10/2023";"83.102.798/0001-00 - MUNICIPIO DE INDAIAL";"Município";"Pessoa Jurídica";"SC";"INDAIAL";"202332350003";"3235 - GEOVANIA DE SA";"186.192,00";
"03/2023";"83.009.928/0001-64 - MUNICIPIO DE VARGEAO";"Município";"Pessoa Jurídica";"SC";"VARGEÃO";"202225690003";"2569 - CELSO MALDANER";"189.000,00";
"08/2023";"83.102.665/0001-33 - MUNICIPIO DE LONTRAS";"Município";"Pessoa Jurídica";"SC";"LONTRAS";"202328560014";"2856 - ROGERIO PENINHA MENDONCA";"189.145,00";
"06/2026";"83.102.376/0001-34 - MUNICIPIO DE VIDAL RAMOS";"Município";"Pessoa Jurídica";"SC";"VIDAL RAMOS";"202644480001";"4448 - PEZENTI";"194.339,94";
"09/2025";"82.777.251/0001-41 - MUNICIPIO DE TREZE TILIAS";"Município";"Pessoa Jurídica";"SC";"TREZE TÍLIAS";"202539320001";"3932 - CAROLINE DE TONI";"198.000,00";
"09/2025";"01.593.132/0001-37 - MUNICIPIO DE JUPIA";"Município";"Pessoa Jurídica";"SC";"JUPIÁ";"202542510003";"4251 - IVETE DA SILVEIRA";"198.000,00";
"10/2025";"82.814.260/0001-65 - MUNICIPIO DE IPIRA";"Município";"Pessoa Jurídica";"SC";"IPIRA";"202542730002";"4273 - JORGE SEIF";"198.000,00";
"10/2025";"83.102.400/0001-35 - MUNICIPIO DE TRES BARRAS";"Município";"Pessoa Jurídica";"SC";"TRÊS BARRAS";"202544480001";"4448 - PEZENTI";"198.000,00";
"12/2025";"01.612.387/0001-08 - MUNICIPIO DE ZORTEA";"Município";"Pessoa Jurídica";"SC";"ZORTÉA";"202542730002";"4273 - JORGE SEIF";"198.000,00";
"12/2025";"95.995.221/0001-53 - MUNICIPIO DE ARABUTA";"Município";"Pessoa Jurídica";"SC";"ARABUTÃ";"202542730002";"4273 - JORGE SEIF";"198.000,00";
"09/2025";"78.493.343/0001-22 - MUNICIPIO DE CELSO RAMOS";"Município";"Pessoa Jurídica";"SC";"CELSO RAMOS";"202539800001";"3980 - FABIO SCHIOCHET";"198.000,00";
"10/2025";"83.021.824/0001-75 - MUNICIPIO DE CORONEL FREITAS";"Município";"Pessoa Jurídica";"SC";"CORONEL FREITAS";"202539800001";"3980 - FABIO SCHIOCHET";"198.000,00";
"10/2025";"83.102.640/0001-30 - MUNICIPIO DE ITUPORANGA";"Município";"Pessoa Jurídica";"SC";"ITUPORANGA";"202544480001";"4448 - PEZENTI";"198.000,00";
"12/2025";"83.102.640/0001-30 - MUNICIPIO DE ITUPORANGA";"Município";"Pessoa Jurídica";"SC";"ITUPORANGA";"202544480001";"4448 - PEZENTI";"198.000,00";
"10/2025";"01.612.781/0001-38 - MUNICIPIO DE SANTIAGO DO SUL";"Município";"Pessoa Jurídica";"SC";"SANTIAGO DO SUL";"202542510003";"4251 - IVETE DA SILVEIRA";"198.000,00";
"10/2025";"75.438.655/0001-45 - MUNICIPIO DE CORREIA PINTO";"Município";"Pessoa Jurídica";"SC";"CORREIA PINTO";"202539800001";"3980 - FABIO SCHIOCHET";"198.000,00";
"09/2025";"95.990.230/0001-51 - MUNICIPIO DE IRATI";"Município";"Pessoa Jurídica";"SC";"IRATI";"202543390010";"4339 - DANIELA REINEHR";"198.000,00";
"09/2025";"95.949.806/0001-37 - MUNICIPIO DE CALMON";"Município";"Pessoa Jurídica";"SC";"CALMON";"202542510003";"4251 - IVETE DA SILVEIRA";"198.000,00";
"12/2025";"83.102.657/0001-97 - MUNICIPIO DE LAURENTINO";"Município";"Pessoa Jurídica";"SC";"LAURENTINO";"202543920009";"4392 - ISMAEL";"198.000,00";
"10/2025";"83.009.902/0001-16 - MUNICIPIO DE GALVAO";"Município";"Pessoa Jurídica";"SC";"GALVÃO";"202542730002";"4273 - JORGE SEIF";"198.000,00";
"09/2025";"82.821.174/0001-80 - MUNICIPIO DE SAO MIGUEL D'OESTE";"Município";"Pessoa Jurídica";"SC";"SÃO MIGUEL DO OESTE";"202539320001";"3932 - CAROLINE DE TONI";"198.000,00";
"12/2025";"83.102.632/0001-93 - MUNICIPIO DE IMBUIA";"Município";"Pessoa Jurídica";"SC";"IMBUIA";"202542730002";"4273 - JORGE SEIF";"198.000,00";
"10/2025";"83.021.840/0001-68 - MUNICIPIO DE NOVA ERECHIM";"Município";"Pessoa Jurídica";"SC";"NOVA ERECHIM";"202528550023";"2855 - PEDRO UCZAI";"198.000,00";
"09/2025";"82.925.652/0001-00 - MUNICIPIO DE SAO JOAO BATISTA";"Município";"Pessoa Jurídica";"SC";"SÃO JOÃO BATISTA";"202544480001";"4448 - PEZENTI";"198.000,00";
"09/2025";"83.027.045/0001-87 - MUNICIPIO DE GUARUJA DO SUL";"Município";"Pessoa Jurídica";"SC";"GUARUJÁ DO SUL";"202542730002";"4273 - JORGE SEIF";"198.000,00";
"12/2025";"83.102.350/0001-96 - MUNICIPIO DE BOTUVERA";"Município";"Pessoa Jurídica";"SC";"BOTUVERÁ";"202544480001";"4448 - PEZENTI";"198.000,00";
"12/2025";"78.492.576/0001-00 - MUNICIPIO DE URUPEMA";"Município";"Pessoa Jurídica";"SC";"URUPEMA";"202542730002";"4273 - JORGE SEIF";"198.000,00";
"10/2025";"78.510.112/0001-80 - MUNICIPIO DE LINDOIA DO SUL";"Município";"Pessoa Jurídica";"SC";"LINDÓIA DO SUL";"202544010010";"4401 - JULIA ZANATTA";"198.000,00";
"12/2025";"78.510.112/0001-80 - MUNICIPIO DE LINDOIA DO SUL";"Município";"Pessoa Jurídica";"SC";"LINDÓIA DO SUL";"202542730002";"4273 - JORGE SEIF";"198.000,00";
"09/2025";"78.510.112/0001-80 - MUNICIPIO DE LINDOIA DO SUL";"Município";"Pessoa Jurídica";"SC";"LINDÓIA DO SUL";"202529250007";"2925 - GEOVANIA DE SA (EX-PARLAMENTAR CARMEN ZANOTTO, NOS TERMOS ART. 78 LDO 2025 E DA MENSAGEM 95-CN, DE 06.11.25)";"198.000,00";
"12/2025";"83.102.699/0001-28 - MUNICIPIO DE PRESIDENTE NEREU";"Município";"Pessoa Jurídica";"SC";"PRESIDENTE NEREU";"202540620003";"4062 - RICARDO GUIDI";"198.000,00";
"12/2025";"83.102.699/0001-28 - MUNICIPIO DE PRESIDENTE NEREU";"Município";"Pessoa Jurídica";"SC";"PRESIDENTE NEREU";"202542730002";"4273 - JORGE SEIF";"198.000,00";
"10/2025";"82.777.228/0001-57 - MUNICIPIO DE OURO";"Município";"Pessoa Jurídica";"SC";"OURO";"202542730002";"4273 - JORGE SEIF";"198.000,00";
"10/2025";"01.612.698/0001-69 - MUNICIPIO DE ENTRE RIOS";"Município";"Pessoa Jurídica";"SC";"ENTRE RIOS";"202542730002";"4273 - JORGE SEIF";"198.000,00";
"12/2025";"82.892.290/0001-90 - MUNICIPIO DE ANTONIO CARLOS";"Município";"Pessoa Jurídica";"SC";"ANTÔNIO CARLOS";"202522100013";"2210 - ESPERIDIAO AMIN";"198.000,00";
"10/2025";"83.102.319/0001-55 - MUNICIPIO DE LUIZ ALVES";"Município";"Pessoa Jurídica";"SC";"LUIZ ALVES";"202543920009";"4392 - ISMAEL";"198.000,00";
"09/2025";"83.021.873/0001-08 - MUNICIPIO DE SAO LOURENCO D'OESTE";"Município";"Pessoa Jurídica";"SC";"SÃO LOURENÇO DO OESTE";"202539320001";"3932 - CAROLINE DE TONI";"198.000,00";
"10/2025";"83.026.765/0001-28 - MUNICIPIO DE CAMPO ERE";"Município";"Pessoa Jurídica";"SC";"CAMPO ERÊ";"202543920009";"4392 - ISMAEL";"198.000,00";
"09/2025";"81.140.303/0001-01 - MUNICIPIO DE ITAPOA";"Município";"Pessoa Jurídica";"SC";"ITAPOÁ";"202539800001";"3980 - FABIO SCHIOCHET";"198.000,00";
"12/2025";"83.102.624/0001-47 - MUNICIPIO DE AURORA";"Município";"Pessoa Jurídica";"SC";"AURORA";"202542730002";"4273 - JORGE SEIF";"198.000,00";
"12/2025";"82.928.698/0001-74 - MUNICIPIO DE JAGUARUNA";"Município";"Pessoa Jurídica";"SC";"JAGUARUNA";"202543920009";"4392 - ISMAEL";"198.000,00";
"12/2025";"82.951.195/0001-10 - MUNICIPIO DE ANGELINA";"Município";"Pessoa Jurídica";"SC";"ANGELINA";"202544480001";"4448 - PEZENTI";"198.000,00";
"12/2025";"82.939.422/0001-91 - MUNICIPIO DE ERVAL VELHO";"Município";"Pessoa Jurídica";"SC";"ERVAL VELHO";"202543390010";"4339 - DANIELA REINEHR";"198.000,00";
"12/2025";"83.102.616/0001-09 - MUNICIPIO DE ATALANTA";"Município";"Pessoa Jurídica";"SC";"ATALANTA";"202540620003";"4062 - RICARDO GUIDI";"198.000,00";
"12/2025";"82.892.266/0001-50 - MUNICIPIO DE AGUAS MORNAS";"Município";"Pessoa Jurídica";"SC";"ÁGUAS MORNAS";"202542730002";"4273 - JORGE SEIF";"198.000,00";
"12/2025";"82.928.664/0001-80 - MUNICIPIO DE ARMAZEM";"Município";"Pessoa Jurídica";"SC";"ARMAZÉM";"202542730002";"4273 - JORGE SEIF";"198.000,00";
"10/2025";"82.951.229/0001-76 - ESTADO DE SANTA CATARINA";"Estado ou Distrito Federal";"Pessoa Jurídica";"SC";"FLORIANÓPOLIS";"202528550023";"2855 - PEDRO UCZAI";"198.000,00";
"12/2025";"82.951.229/0001-76 - ESTADO DE SANTA CATARINA";"Estado ou Distrito Federal";"Pessoa Jurídica";"SC";"FLORIANÓPOLIS";"202528550023";"2855 - PEDRO UCZAI";"198.000,00";
"12/2025";"75.326.066/0001-75 - MUNICIPIO DE OTACILIO COSTA";"Município";"Pessoa Jurídica";"SC";"OTACÍLIO COSTA";"202544010010";"4401 - JULIA ZANATTA";"198.000,00";
"12/2025";"75.326.066/0001-75 - MUNICIPIO DE OTACILIO COSTA";"Município";"Pessoa Jurídica";"SC";"OTACÍLIO COSTA";"202544480001";"4448 - PEZENTI";"198.000,00";
"12/2025";"75.326.066/0001-75 - MUNICIPIO DE OTACILIO COSTA";"Município";"Pessoa Jurídica";"SC";"OTACÍLIO COSTA";"202542730002";"4273 - JORGE SEIF";"198.000,00";
"12/2025";"83.102.772/0001-61 - MUNICIPIO DE ASCURRA";"Município";"Pessoa Jurídica";"SC";"ASCURRA";"202544480001";"4448 - PEZENTI";"198.000,00";
"10/2025";"83.102.764/0001-15 - MUNICIPIO DE TIMBO";"Município";"Pessoa Jurídica";"SC";"TIMBÓ";"202542510003";"4251 - IVETE DA SILVEIRA";"198.000,00";
"12/2025";"83.102.764/0001-15 - MUNICIPIO DE TIMBO";"Município";"Pessoa Jurídica";"SC";"TIMBÓ";"202590550002";"9055 - GILSON MARQUES";"198.000,00";
"10/2025";"80.912.108/0001-90 - MUNICIPIO DE BELMONTE";"Município";"Pessoa Jurídica";"SC";"BELMONTE";"202542730002";"4273 - JORGE SEIF";"198.000,00";
"10/2025";"83.102.798/0001-00 - MUNICIPIO DE INDAIAL";"Município";"Pessoa Jurídica";"SC";"INDAIAL";"202542730002";"4273 - JORGE SEIF";"198.000,00";
"10/2025";"83.102.798/0001-00 - MUNICIPIO DE INDAIAL";"Município";"Pessoa Jurídica";"SC";"INDAIAL";"202590550002";"9055 - GILSON MARQUES";"198.000,00";
"10/2025";"83.102.517/0001-19 - MUNICIPIO DE ITAIOPOLIS";"Município";"Pessoa Jurídica";"SC";"ITAIÓPOLIS";"202542510003";"4251 - IVETE DA SILVEIRA";"198.000,00";
"12/2025";"80.623.606/0001-12 - MUNICIPIO DE IRACEMINHA";"Município";"Pessoa Jurídica";"SC";"IRACEMINHA";"202542730002";"4273 - JORGE SEIF";"198.000,00";
"12/2025";"83.102.285/0001-07 - MUNICIPIO DE BALNEARIO CAMBORIU";"Município";"Pessoa Jurídica";"SC";"BALNEÁRIO CAMBORIÚ";"202542090003";"4209 - JORGE GOETTEN";"198.000,00";
"10/2025";"83.102.376/0001-34 - MUNICIPIO DE VIDAL RAMOS";"Município";"Pessoa Jurídica";"SC";"VIDAL RAMOS";"202543920009";"4392 - ISMAEL";"198.000,00";
"09/2025";"01.594.009/0001-30 - MUNICIPIO DE BOM JESUS DO OESTE";"Município";"Pessoa Jurídica";"SC";"BOM JESUS DO OESTE";"202542730002";"4273 - JORGE SEIF";"198.000,00";
"12/2025";"01.594.009/0001-30 - MUNICIPIO DE BOM JESUS DO OESTE";"Município";"Pessoa Jurídica";"SC";"BOM JESUS DO OESTE";"202543920009";"4392 - ISMAEL";"198.000,00";
"12/2025";"83.009.894/0001-08 - MUNICIPIO DE SAO DOMINGOS";"Município";"Pessoa Jurídica";"SC";"SÃO DOMINGOS";"202542730002";"4273 - JORGE SEIF";"198.000,00";
"10/2025";"78.509.072/0001-56 - MUNICIPIO DE MAREMA";"Município";"Pessoa Jurídica";"SC";"MAREMA";"202542730002";"4273 - JORGE SEIF";"198.000,00";
"12/2025";"83.108.357/0001-15 - MUNICIPIO DE BLUMENAU";"Município";"Pessoa Jurídica";"SC";"BLUMENAU";"202543920009";"4392 - ISMAEL";"198.000,00";
"12/2025";"82.844.754/0001-92 - MUNICIPIO DE BOM JARDIM DA SERRA";"Município";"Pessoa Jurídica";"SC";"BOM JARDIM DA SERRA";"202543920009";"4392 - ISMAEL";"198.000,00";
"12/2025";"83.102.418/0001-37 - MUNICIPIO DE IBIRAMA";"Município";"Pessoa Jurídica";"SC";"IBIRAMA";"202590550002";"9055 - GILSON MARQUES";"198.000,00";
"09/2025";"83.102.475/0001-16 - MUNICIPIO DE GUARAMIRIM";"Município";"Pessoa Jurídica";"SC";"GUARAMIRIM";"202544480001";"4448 - PEZENTI";"198.000,00";
"12/2025";"82.548.983/0001-60 - MUNICIPIO DE TURVO";"Município";"Pessoa Jurídica";"SC";"TURVO";"202544480001";"4448 - PEZENTI";"198.000,00";
"09/2025";"01.610.566/0001-06 - MUNICIPIO DE PALMEIRA";"Município";"Pessoa Jurídica";"SC";"PALMEIRA";"202540620003";"4062 - RICARDO GUIDI";"198.000,00";
"09/2025";"01.610.566/0001-06 - MUNICIPIO DE PALMEIRA";"Município";"Pessoa Jurídica";"SC";"PALMEIRA";"202542730002";"4273 - JORGE SEIF";"198.000,00";
"10/2025";"95.990.180/0001-02 - MUNICIPIO DE AGUAS FRIAS";"Município";"Pessoa Jurídica";"SC";"ÁGUAS FRIAS";"202544010010";"4401 - JULIA ZANATTA";"198.000,00";
"12/2025";"95.990.180/0001-02 - MUNICIPIO DE AGUAS FRIAS";"Município";"Pessoa Jurídica";"SC";"ÁGUAS FRIAS";"202542730002";"4273 - JORGE SEIF";"198.000,00";
"10/2025";"01.605.479/0001-52 - MUNICIPIO DE BALNEARIO ARROIO DO SILVA";"Município";"Pessoa Jurídica";"SC";"BALNEÁRIO ARROIO DO SILVA";"202539320001";"3932 - CAROLINE DE TONI";"198.000,00";
"10/2025";"01.612.527/0001-30 - MUNICIPIO DE BARRA BONITA";"Município";"Pessoa Jurídica";"SC";"BARRA BONITA";"202542510003";"4251 - IVETE DA SILVEIRA";"198.000,00";
"12/2025";"01.612.527/0001-30 - MUNICIPIO DE BARRA BONITA";"Município";"Pessoa Jurídica";"SC";"BARRA BONITA";"202542730002";"4273 - JORGE SEIF";"198.000,00";
"12/2025";"83.102.368/0001-98 - MUNICIPIO DE GUABIRUBA";"Município";"Pessoa Jurídica";"SC";"GUABIRUBA";"202544480001";"4448 - PEZENTI";"198.000,00";
"12/2025";"01.612.745/0001-74 - MUNICIPIO DE IBIAM";"Município";"Pessoa Jurídica";"SC";"IBIAM";"202542730002";"4273 - JORGE SEIF";"198.000,00";
"10/2025";"95.992.020/0001-00 - MUNICIPIO DE MACIEIRA";"Município";"Pessoa Jurídica";"SC";"MACIEIRA";"202542730002";"4273 - JORGE SEIF";"198.000,00";
"09/2025";"80.622.319/0001-98 - MUNICIPIO DE SERRA ALTA";"Município";"Pessoa Jurídica";"SC";"SERRA ALTA";"202543390010";"4339 - DANIELA REINEHR";"198.000,00";
"12/2025";"83.102.426/0001-83 - MUNICIPIO DE DONA EMMA";"Município";"Pessoa Jurídica";"SC";"DONA EMMA";"202542730002";"4273 - JORGE SEIF";"198.000,00";
"10/2025";"82.827.999/0001-01 - MUNICIPIO DE TANGARA";"Município";"Pessoa Jurídica";"SC";"TANGARÁ";"202544010010";"4401 - JULIA ZANATTA";"198.000,00";
"12/2025";"82.926.585/0001-30 - MUNICIPIO DE RIO FORTUNA";"Município";"Pessoa Jurídica";"SC";"RIO FORTUNA";"202544480001";"4448 - PEZENTI";"198.000,00";
"12/2025";"01.613.101/0001-09 - MUNICIPIO DE SAO PEDRO DE ALCANTARA";"Município";"Pessoa Jurídica";"SC";"SÃO PEDRO DE ALCÂNTARA";"202542730002";"4273 - JORGE SEIF";"198.000,00";
"10/2025";"01.613.853/0001-61 - MUNICIPIO DE BRUNOPOLIS";"Município";"Pessoa Jurídica";"SC";"BRUNÓPOLIS";"202542730002";"4273 - JORGE SEIF";"198.000,00";
"12/2025";"82.892.274/0001-05 - MUNICIPIO DE SAO JOSE";"Município";"Pessoa Jurídica";"SC";"SÃO JOSÉ";"202543920009";"4392 - ISMAEL";"198.000,00";
"12/2025";"82.892.274/0001-05 - MUNICIPIO DE SAO JOSE";"Município";"Pessoa Jurídica";"SC";"SÃO JOSÉ";"202544480001";"4448 - PEZENTI";"198.000,00";
"10/2025";"82.915.026/0001-24 - MUNICIPIO DE MARACAJA";"Município";"Pessoa Jurídica";"SC";"MARACAJÁ";"202542510003";"4251 - IVETE DA SILVEIRA";"198.000,00";
"09/2025";"83.024.687/0001-22 - MUNICIPIO DE ANCHIETA";"Município";"Pessoa Jurídica";"SC";"ANCHIETA";"202542510003";"4251 - IVETE DA SILVEIRA";"198.000,00";
"12/2025";"83.024.687/0001-22 - MUNICIPIO DE ANCHIETA";"Município";"Pessoa Jurídica";"SC";"ANCHIETA";"202542730002";"4273 - JORGE SEIF";"198.000,00";
"05/2026";"95.993.077/0001-16 - MUNICIPIO DE LAJEADO GRANDE";"Município";"Pessoa Jurídica";"SC";"LAJEADO GRANDE";"202628550010";"2855 - PEDRO UCZAI";"199.000,00";
"06/2026";"82.572.207/0001-03 - MUNICIPIO DE ITAPEMA";"Município";"Pessoa Jurídica";"SC";"ITAPEMA";"202644480001";"4448 - PEZENTI";"199.000,00";
"06/2026";"01.612.844/0001-56 - MUNICIPIO DE SALTINHO";"Município";"Pessoa Jurídica";"SC";"SALTINHO";"202643250001";"4325 - COBALCHINI";"199.000,00";
"05/2026";"78.492.576/0001-00 - MUNICIPIO DE URUPEMA";"Município";"Pessoa Jurídica";"SC";"URUPEMA";"202632350004";"3235 - GEOVANIA DE SA";"199.000,00";
"06/2026";"83.102.301/0001-53 - MUNICIPIO DE ILHOTA";"Município";"Pessoa Jurídica";"SC";"ILHOTA";"202644010005";"4401 - JULIA ZANATTA";"199.000,00";
"05/2026";"81.140.303/0001-01 - MUNICIPIO DE ITAPOA";"Município";"Pessoa Jurídica";"SC";"ITAPOÁ";"202632350004";"3235 - GEOVANIA DE SA";"199.000,00";
"05/2026";"82.575.812/0001-20 - MUNICIPIO DE PORTO BELO";"Município";"Pessoa Jurídica";"SC";"PORTO BELO";"202643920005";"4392 - ISMAEL";"199.000,00";
"06/2026";"79.372.520/0001-85 - MUNICIPIO DE VITOR MEIRELES";"Município";"Pessoa Jurídica";"SC";"VITOR MEIRELES";"202640620003";"4062 - RICARDO GUIDI";"199.000,00";
"06/2026";"83.102.707/0001-36 - MUNICIPIO DE RIO DO CAMPO";"Município";"Pessoa Jurídica";"SC";"RIO DO CAMPO";"202640620003";"4062 - RICARDO GUIDI";"199.000,00";
"05/2026";"82.777.335/0001-85 - MUNICIPIO DE ANITA GARIBALDI";"Município";"Pessoa Jurídica";"SC";"ANITA GARIBALDI";"202628550010";"2855 - PEDRO UCZAI";"199.000,00";
"05/2026";"82.844.754/0001-92 - MUNICIPIO DE BOM JARDIM DA SERRA";"Município";"Pessoa Jurídica";"SC";"BOM JARDIM DA SERRA";"202643920005";"4392 - ISMAEL";"199.000,00";
"05/2026";"78.505.591/0001-46 - MUNICIPIO DE UNIAO DO OESTE";"Município";"Pessoa Jurídica";"SC";"UNIÃO DO OESTE";"202628550010";"2855 - PEDRO UCZAI";"199.000,00";
"06/2026";"82.777.301/0001-90 - MUNICIPIO DE LAGES";"Município";"Pessoa Jurídica";"SC";"LAGES";"202643250008";"4325 - COBALCHINI";"199.000,00";
"05/2026";"82.892.274/0001-05 - MUNICIPIO DE SAO JOSE";"Município";"Pessoa Jurídica";"SC";"SÃO JOSÉ";"202644010005";"4401 - JULIA ZANATTA";"199.000,00";
"12/2024";"86.051.398/0001-00 - MUNICIPIO DE SAO BENTO DO SUL";"Município";"Pessoa Jurídica";"SC";"SÃO BENTO DO SUL";"202442090002";"4209 - JORGE GOETTEN";"199.100,11";
"07/2024";"01.608.820/0001-23 - MUNICIPIO DE PAINEL";"Município";"Pessoa Jurídica";"SC";"PAINEL";"202442730001";"4273 - JORGE SEIF";"200.000,00";
"03/2023";"82.777.251/0001-41 - MUNICIPIO DE TREZE TILIAS";"Município";"Pessoa Jurídica";"SC";"TREZE TÍLIAS";"202241850010";"4185 - JORGINHO MELLO";"200.000,00";
"12/2023";"82.777.251/0001-41 - MUNICIPIO DE TREZE TILIAS";"Município";"Pessoa Jurídica";"SC";"TREZE TÍLIAS";"202318800004";"1880 - ANGELA AMIN";"200.000,00";
"03/2023";"01.511.659/0001-75 - MUNICIPIO DE BALNEARIO GAIVOTA";"Município";"Pessoa Jurídica";"SC";"BALNEÁRIO GAIVOTA";"202237860003";"3786 - DARIO BERGER";"200.000,00";
"03/2023";"82.777.244/0001-40 - MUNICIPIO DE PRESIDENTE CASTELO BRANCO";"Município";"Pessoa Jurídica";"SC";"PRESIDENTE CASTELLO BRANCO";"202241850010";"4185 - JORGINHO MELLO";"200.000,00";
"12/2023";"82.765.488/0001-02 - MUNICIPIO DE TAIO";"Município";"Pessoa Jurídica";"SC";"TAIÓ";"202340620003";"4062 - RICARDO GUIDI";"200.000,00";
"09/2023";"85.361.863/0001-47 - MUNICIPIO DE PALMITOS";"Município";"Pessoa Jurídica";"SC";"PALMITOS";"202328550022";"2855 - PEDRO UCZAI";"200.000,00";
"10/2023";"95.990.131/0001-70 - MUNICIPIO DE NOVA ITABERABA";"Município";"Pessoa Jurídica";"SC";"NOVA ITABERABA";"202339320001";"3932 - CAROLINE DE TONI";"200.000,00";
"12/2024";"95.990.131/0001-70 - MUNICIPIO DE NOVA ITABERABA";"Município";"Pessoa Jurídica";"SC";"NOVA ITABERABA";"202439320001";"3932 - CAROLINE DE TONI";"200.000,00";
"07/2024";"82.814.260/0001-65 - MUNICIPIO DE IPIRA";"Município";"Pessoa Jurídica";"SC";"IPIRA";"202442730001";"4273 - JORGE SEIF";"200.000,00";
"03/2023";"82.814.260/0001-65 - MUNICIPIO DE IPIRA";"Município";"Pessoa Jurídica";"SC";"IPIRA";"202241850010";"4185 - JORGINHO MELLO";"200.000,00";
"03/2023";"80.912.009/0001-08 - MUNICIPIO DE PARAISO";"Município";"Pessoa Jurídica";"SC";"PARAÍSO";"202225690003";"2569 - CELSO MALDANER";"200.000,00";
"12/2024";"82.892.357/0001-96 - MUNICIPIO DE RANCHO QUEIMADO";"Município";"Pessoa Jurídica";"SC";"RANCHO QUEIMADO";"202444010006";"4401 - JULIA ZANATTA";"200.000,00";
"07/2024";"82.892.357/0001-96 - MUNICIPIO DE RANCHO QUEIMADO";"Município";"Pessoa Jurídica";"SC";"RANCHO QUEIMADO";"202442730001";"4273 - JORGE SEIF";"200.000,00";
"12/2024";"95.996.187/0001-31 - MUNICIPIO DE VARGEM BONITA";"Município";"Pessoa Jurídica";"SC";"VARGEM BONITA";"202443920007";"4392 - ISMAEL";"200.000,00";
"12/2024";"83.754.044/0001-34 - MUNICIPIO DE CURITIBANOS";"Município";"Pessoa Jurídica";"SC";"CURITIBANOS";"202443920007";"4392 - ISMAEL";"200.000,00";
"07/2022";"83.754.044/0001-34 - MUNICIPIO DE CURITIBANOS";"Município";"Pessoa Jurídica";"SC";"CURITIBANOS";"202232350003";"3235 - GEOVANIA DE SA";"200.000,00";
"12/2023";"01.612.387/0001-08 - MUNICIPIO DE ZORTEA";"Município";"Pessoa Jurídica";"SC";"ZORTÉA";"202342510010";"4251 - IVETE DA SILVEIRA";"200.000,00";
"03/2023";"80.637.424/0001-09 - MUNICIPIO DE FORMOSA DO SUL";"Município";"Pessoa Jurídica";"SC";"FORMOSA DO SUL";"202218800004";"1880 - ANGELA AMIN";"200.000,00";
"08/2023";"95.995.221/0001-53 - MUNICIPIO DE ARABUTA";"Município";"Pessoa Jurídica";"SC";"ARABUTÃ";"202339320001";"3932 - CAROLINE DE TONI";"200.000,00";
"07/2024";"95.995.221/0001-53 - MUNICIPIO DE ARABUTA";"Município";"Pessoa Jurídica";"SC";"ARABUTÃ";"202442730001";"4273 - JORGE SEIF";"200.000,00";
"07/2022";"95.995.221/0001-53 - MUNICIPIO DE ARABUTA";"Município";"Pessoa Jurídica";"SC";"ARABUTÃ";"202241850010";"4185 - JORGINHO MELLO";"200.000,00";
"03/2023";"01.612.836/0001-00 - MUNICIPIO DE PRINCESA";"Município";"Pessoa Jurídica";"SC";"PRINCESA";"202225690003";"2569 - CELSO MALDANER";"200.000,00";
"07/2024";"01.613.120/0001-27 - MUNICIPIO DE CHAPADAO DO LAGEADO";"Município";"Pessoa Jurídica";"SC";"CHAPADÃO DO LAGEADO";"202440620002";"4062 - RICARDO GUIDI";"200.000,00";
"03/2023";"01.613.120/0001-27 - MUNICIPIO DE CHAPADAO DO LAGEADO";"Município";"Pessoa Jurídica";"SC";"CHAPADÃO DO LAGEADO";"202240620006";"4062 - RICARDO GUIDI";"200.000,00";
"03/2023";"95.991.287/0001-75 - MUNICIPIO DE PONTE ALTA DO NORTE";"Município";"Pessoa Jurídica";"SC";"PONTE ALTA DO NORTE";"202241850010";"4185 - JORGINHO MELLO";"200.000,00";
"07/2024";"82.926.536/0001-05 - MUNICIPIO DE SAO LUDGERO";"Município";"Pessoa Jurídica";"SC";"SÃO LUDGERO";"202442730001";"4273 - JORGE SEIF";"200.000,00";
"12/2023";"82.926.536/0001-05 - MUNICIPIO DE SAO LUDGERO";"Município";"Pessoa Jurídica";"SC";"SÃO LUDGERO";"202342510010";"4251 - IVETE DA SILVEIRA";"200.000,00";
"12/2024";"78.511.052/0001-10 - MUNICIPIO DE ABDON BATISTA";"Município";"Pessoa Jurídica";"SC";"ABDON BATISTA";"202442510013";"4251 - IVETE DA SILVEIRA";"200.000,00";
"12/2024";"78.511.052/0001-10 - MUNICIPIO DE ABDON BATISTA";"Município";"Pessoa Jurídica";"SC";"ABDON BATISTA";"202440620002";"4062 - RICARDO GUIDI";"200.000,00";
"07/2024";"78.511.052/0001-10 - MUNICIPIO DE ABDON BATISTA";"Município";"Pessoa Jurídica";"SC";"ABDON BATISTA";"202442510012";"4251 - IVETE DA SILVEIRA";"200.000,00";
"07/2024";"83.021.824/0001-75 - MUNICIPIO DE CORONEL FREITAS";"Município";"Pessoa Jurídica";"SC";"CORONEL FREITAS";"202442090002";"4209 - JORGE GOETTEN";"200.000,00";
"12/2023";"95.996.104/0001-04 - MUNICIPIO DE MONTE CARLO";"Município";"Pessoa Jurídica";"SC";"MONTE CARLO";"202339320001";"3932 - CAROLINE DE TONI";"200.000,00";
"03/2023";"82.538.851/0001-57 - MUNICIPIO DE IMARUI";"Município";"Pessoa Jurídica";"SC";"IMARUÍ";"202232350003";"3235 - GEOVANIA DE SA";"200.000,00";
"12/2024";"82.538.851/0001-57 - MUNICIPIO DE IMARUI";"Município";"Pessoa Jurídica";"SC";"IMARUÍ";"202443920007";"4392 - ISMAEL";"200.000,00";
"12/2024";"83.102.640/0001-30 - MUNICIPIO DE ITUPORANGA";"Município";"Pessoa Jurídica";"SC";"ITUPORANGA";"202443390001";"4339 - DANIELA REINEHR";"200.000,00";
"07/2022";"82.892.324/0001-46 - MUNICIPIO DE SANTO AMARO DA IMPERATRIZ";"Município";"Pessoa Jurídica";"SC";"SANTO AMARO DA IMPERATRIZ";"202237860003";"3786 - DARIO BERGER";"200.000,00";
"12/2023";"83.039.842/0001-84 - MUNICIPIO DE VIDEIRA";"Município";"Pessoa Jurídica";"SC";"VIDEIRA";"202318800004";"1880 - ANGELA AMIN";"200.000,00";
"12/2024";"82.939.380/0001-99 - MUNICIPIO DE JOACABA";"Município";"Pessoa Jurídica";"SC";"JOAÇABA";"202422100016";"2210 - ESPERIDIAO AMIN";"200.000,00";
"08/2023";"82.892.373/0001-89 - MUNICIPIO DE GOVERNADOR CELSO RAMOS";"Município";"Pessoa Jurídica";"SC";"GOVERNADOR CELSO RAMOS";"202332350003";"3235 - GEOVANIA DE SA";"200.000,00";
"12/2024";"82.892.373/0001-89 - MUNICIPIO DE GOVERNADOR CELSO RAMOS";"Município";"Pessoa Jurídica";"SC";"GOVERNADOR CELSO RAMOS";"202443390001";"4339 - DANIELA REINEHR";"200.000,00";
"03/2023";"01.612.781/0001-38 - MUNICIPIO DE SANTIAGO DO SUL";"Município";"Pessoa Jurídica";"SC";"SANTIAGO DO SUL";"202237860003";"3786 - DARIO BERGER";"200.000,00";
"03/2023";"01.612.781/0001-38 - MUNICIPIO DE SANTIAGO DO SUL";"Município";"Pessoa Jurídica";"SC";"SANTIAGO DO SUL";"202225690003";"2569 - CELSO MALDANER";"200.000,00";
"07/2024";"75.438.655/0001-45 - MUNICIPIO DE CORREIA PINTO";"Município";"Pessoa Jurídica";"SC";"CORREIA PINTO";"202443250003";"4325 - COBALCHINI";"200.000,00";
"07/2022";"95.990.230/0001-51 - MUNICIPIO DE IRATI";"Município";"Pessoa Jurídica";"SC";"IRATI";"202225690003";"2569 - CELSO MALDANER";"200.000,00";
"09/2023";"78.485.554/0001-13 - MUNICIPIO DE IPORA DO OESTE";"Município";"Pessoa Jurídica";"SC";"IPORÃ DO OESTE";"202328550022";"2855 - PEDRO UCZAI";"200.000,00";
"03/2023";"82.916.800/0001-11 - MUNICIPIO DE ICARA";"Município";"Pessoa Jurídica";"SC";"IÇARA";"202239800001";"3980 - FABIO SCHIOCHET";"200.000,00";
"07/2022";"95.949.806/0001-37 - MUNICIPIO DE CALMON";"Município";"Pessoa Jurídica";"SC";"CALMON";"202232350003";"3235 - GEOVANIA DE SA";"200.000,00";
"12/2023";"82.945.718/0001-15 - MUNICIPIO DE SAO CARLOS";"Município";"Pessoa Jurídica";"SC";"SÃO CARLOS";"202328550022";"2855 - PEDRO UCZAI";"200.000,00";
"07/2022";"83.102.756/0001-79 - MUNICIPIO DE RIO NEGRINHO";"Município";"Pessoa Jurídica";"SC";"RIO NEGRINHO";"202232350003";"3235 - GEOVANIA DE SA";"200.000,00";
"07/2022";"83.102.756/0001-79 - MUNICIPIO DE RIO NEGRINHO";"Município";"Pessoa Jurídica";"SC";"RIO NEGRINHO";"202228550020";"2855 - PEDRO UCZAI";"200.000,00";
"07/2022";"83.102.814/0001-64 - MUNICIPIO DE RODEIO";"Município";"Pessoa Jurídica";"SC";"RODEIO";"202232350003";"3235 - GEOVANIA DE SA";"200.000,00";
"07/2024";"01.566.621/0001-08 - MUNICIPIO DE FLOR DO SERTAO";"Município";"Pessoa Jurídica";"SC";"FLOR DO SERTÃO";"202428550022";"2855 - PEDRO UCZAI";"200.000,00";
"08/2023";"95.990.206/0001-12 - MUNICIPIO DE GUATAMBU";"Município";"Pessoa Jurídica";"SC";"GUATAMBÚ";"202322100001";"2210 - ESPERIDIAO AMIN";"200.000,00";
"07/2024";"17.243.084/0001-97 - MUNICIPIO DE BALNEARIO RINCAO";"Município";"Pessoa Jurídica";"SC";"BALNEÁRIO RINCÃO";"202442510013";"4251 - IVETE DA SILVEIRA";"200.000,00";
"07/2024";"17.243.084/0001-97 - MUNICIPIO DE BALNEARIO RINCAO";"Município";"Pessoa Jurídica";"SC";"BALNEÁRIO RINCÃO";"202442510012";"4251 - IVETE DA SILVEIRA";"200.000,00";
"12/2024";"82.909.409/0001-90 - MUNICIPIO DE IMBITUBA";"Município";"Pessoa Jurídica";"SC";"IMBITUBA";"202443390001";"4339 - DANIELA REINEHR";"200.000,00";
"07/2022";"83.009.902/0001-16 - MUNICIPIO DE GALVAO";"Município";"Pessoa Jurídica";"SC";"GALVÃO";"202241850010";"4185 - JORGINHO MELLO";"200.000,00";
"12/2024";"82.939.430/0001-38 - MUNICIPIO DE HERVAL D'OESTE";"Município";"Pessoa Jurídica";"SC";"HERVAL D'OESTE";"202443390001";"4339 - DANIELA REINEHR";"200.000,00";
"07/2024";"82.939.430/0001-38 - MUNICIPIO DE HERVAL D'OESTE";"Município";"Pessoa Jurídica";"SC";"HERVAL D'OESTE";"202442730001";"4273 - JORGE SEIF";"200.000,00";
"07/2024";"82.939.430/0001-38 - MUNICIPIO DE HERVAL D'OESTE";"Município";"Pessoa Jurídica";"SC";"HERVAL D'OESTE";"202439320001";"3932 - CAROLINE DE TONI";"200.000,00";
"07/2022";"82.939.430/0001-38 - MUNICIPIO DE HERVAL D'OESTE";"Município";"Pessoa Jurídica";"SC";"HERVAL D'OESTE";"202232350003";"3235 - GEOVANIA DE SA";"200.000,00";
"10/2023";"82.939.430/0001-38 - MUNICIPIO DE HERVAL D'OESTE";"Município";"Pessoa Jurídica";"SC";"HERVAL D'OESTE";"202332350003";"3235 - GEOVANIA DE SA";"200.000,00";
"08/2023";"01.612.744/0001-20 - MUNICIPIO DE IOMERE";"Município";"Pessoa Jurídica";"SC";"IOMERÊ";"202322100001";"2210 - ESPERIDIAO AMIN";"200.000,00";
"08/2023";"82.777.327/0001-39 - MUNICIPIO DE SAO JOSE DO CERRITO";"Município";"Pessoa Jurídica";"SC";"SÃO JOSÉ DO CERRITO";"202329250001";"2925 - CARMEN ZANOTTO";"200.000,00";
"03/2023";"82.777.327/0001-39 - MUNICIPIO DE SAO JOSE DO CERRITO";"Município";"Pessoa Jurídica";"SC";"SÃO JOSÉ DO CERRITO";"202229250013";"2925 - CARMEN ZANOTTO";"200.000,00";
"03/2023";"82.777.327/0001-39 - MUNICIPIO DE SAO JOSE DO CERRITO";"Município";"Pessoa Jurídica";"SC";"SÃO JOSÉ DO CERRITO";"202241850010";"4185 - JORGINHO MELLO";"200.000,00";
"07/2024";"82.777.327/0001-39 - MUNICIPIO DE SAO JOSE DO CERRITO";"Município";"Pessoa Jurídica";"SC";"SÃO JOSÉ DO CERRITO";"202442730001";"4273 - JORGE SEIF";"200.000,00";
"07/2022";"83.102.632/0001-93 - MUNICIPIO DE IMBUIA";"Município";"Pessoa Jurídica";"SC";"IMBUIA";"202237860003";"3786 - DARIO BERGER";"200.000,00";
"12/2024";"83.021.147/0001-95 - MUNICIPIO DE CUNHA PORA";"Município";"Pessoa Jurídica";"SC";"CUNHA PORÃ";"202443920007";"4392 - ISMAEL";"200.000,00";
"10/2023";"83.021.840/0001-68 - MUNICIPIO DE NOVA ERECHIM";"Município";"Pessoa Jurídica";"SC";"NOVA ERECHIM";"202339320001";"3932 - CAROLINE DE TONI";"200.000,00";
"03/2023";"83.021.840/0001-68 - MUNICIPIO DE NOVA ERECHIM";"Município";"Pessoa Jurídica";"SC";"NOVA ERECHIM";"202239320002";"3932 - CAROLINE DE TONI";"200.000,00";
"12/2023";"95.988.309/0001-48 - MUNICIPIO DE RIQUEZA";"Município";"Pessoa Jurídica";"SC";"RIQUEZA";"202342510010";"4251 - IVETE DA SILVEIRA";"200.000,00";
"07/2024";"83.009.860/0001-13 - MUNICIPIO DE XANXERE";"Município";"Pessoa Jurídica";"SC";"XANXERÊ";"202442730001";"4273 - JORGE SEIF";"200.000,00";
"03/2023";"83.009.860/0001-13 - MUNICIPIO DE XANXERE";"Município";"Pessoa Jurídica";"SC";"XANXERÊ";"202228550021";"2855 - PEDRO UCZAI";"200.000,00";
"07/2024";"83.102.335/0001-48 - MUNICIPIO DE BALNEARIO DE PICARRAS";"Município";"Pessoa Jurídica";"SC";"BALNEÁRIO PIÇARRAS";"202442730001";"4273 - JORGE SEIF";"200.000,00";
"07/2024";"83.102.335/0001-48 - MUNICIPIO DE BALNEARIO DE PICARRAS";"Município";"Pessoa Jurídica";"SC";"BALNEÁRIO PIÇARRAS";"202442510012";"4251 - IVETE DA SILVEIRA";"200.000,00";
"12/2024";"83.102.335/0001-48 - MUNICIPIO DE BALNEARIO DE PICARRAS";"Município";"Pessoa Jurídica";"SC";"BALNEÁRIO PIÇARRAS";"202443390001";"4339 - DANIELA REINEHR";"200.000,00";
"07/2022";"83.102.335/0001-48 - MUNICIPIO DE BALNEARIO DE PICARRAS";"Município";"Pessoa Jurídica";"SC";"BALNEÁRIO PIÇARRAS";"202228560001";"2856 - ROGERIO PENINHA MENDONCA";"200.000,00";
"12/2024";"83.102.335/0001-48 - MUNICIPIO DE BALNEARIO DE PICARRAS";"Município";"Pessoa Jurídica";"SC";"BALNEÁRIO PIÇARRAS";"202442510013";"4251 - IVETE DA SILVEIRA";"200.000,00";
"07/2022";"83.102.335/0001-48 - MUNICIPIO DE BALNEARIO DE PICARRAS";"Município";"Pessoa Jurídica";"SC";"BALNEÁRIO PIÇARRAS";"202232350003";"3235 - GEOVANIA DE SA";"200.000,00";
"12/2024";"80.913.031/0001-72 - MUNICIPIO DE OURO VERDE";"Município";"Pessoa Jurídica";"SC";"OURO VERDE";"202439320001";"3932 - CAROLINE DE TONI";"200.000,00";
"07/2022";"80.913.031/0001-72 - MUNICIPIO DE OURO VERDE";"Município";"Pessoa Jurídica";"SC";"OURO VERDE";"202241850010";"4185 - JORGINHO MELLO";"200.000,00";
"07/2024";"80.913.031/0001-72 - MUNICIPIO DE OURO VERDE";"Município";"Pessoa Jurídica";"SC";"OURO VERDE";"202442730001";"4273 - JORGE SEIF";"200.000,00";
"07/2022";"80.912.140/0001-75 - MUNICIPIO DE SANTA HELENA";"Município";"Pessoa Jurídica";"SC";"SANTA HELENA";"202228550020";"2855 - PEDRO UCZAI";"200.000,00";
"12/2023";"83.021.881/0001-54 - MUNICIPIO DE SAUDADES";"Município";"Pessoa Jurídica";"SC";"SAUDADES";"202332350003";"3235 - GEOVANIA DE SA";"200.000,00";
"08/2023";"83.027.045/0001-87 - MUNICIPIO DE GUARUJA DO SUL";"Município";"Pessoa Jurídica";"SC";"GUARUJÁ DO SUL";"202322100001";"2210 - ESPERIDIAO AMIN";"200.000,00";
"07/2024";"83.102.855/0001-50 - MUNICIPIO DE NAVEGANTES";"Município";"Pessoa Jurídica";"SC";"NAVEGANTES";"202442510013";"4251 - IVETE DA SILVEIRA";"200.000,00";
"03/2023";"82.826.462/0001-27 - MUNICIPIO DE ARROIO TRINTA";"Município";"Pessoa Jurídica";"SC";"ARROIO TRINTA";"202232350003";"3235 - GEOVANIA DE SA";"200.000,00";
"08/2023";"82.826.462/0001-27 - MUNICIPIO DE ARROIO TRINTA";"Município";"Pessoa Jurídica";"SC";"ARROIO TRINTA";"202342510010";"4251 - IVETE DA SILVEIRA";"200.000,00";
"07/2024";"82.826.462/0001-27 - MUNICIPIO DE ARROIO TRINTA";"Município";"Pessoa Jurídica";"SC";"ARROIO TRINTA";"202422100016";"2210 - ESPERIDIAO AMIN";"200.000,00";
"12/2024";"83.102.715/0001-82 - MUNICIPIO DE RIO DO OESTE";"Município";"Pessoa Jurídica";"SC";"RIO DO OESTE";"202439800001";"3980 - FABIO SCHIOCHET";"200.000,00";
"07/2022";"79.373.775/0001-62 - MUNICIPIO DE DOUTOR PEDRINHO";"Município";"Pessoa Jurídica";"SC";"DOUTOR PEDRINHO";"202222100001";"2210 - ESPERIDIAO AMIN";"200.000,00";
"08/2023";"79.373.775/0001-62 - MUNICIPIO DE DOUTOR PEDRINHO";"Município";"Pessoa Jurídica";"SC";"DOUTOR PEDRINHO";"202318800004";"1880 - ANGELA AMIN";"200.000,00";
"07/2022";"82.821.208/0001-36 - MUNICIPIO DE ITAPIRANGA";"Município";"Pessoa Jurídica";"SC";"ITAPIRANGA";"202237860003";"3786 - DARIO BERGER";"200.000,00";
"08/2023";"82.821.208/0001-36 - MUNICIPIO DE ITAPIRANGA";"Município";"Pessoa Jurídica";"SC";"ITAPIRANGA";"202328550022";"2855 - PEDRO UCZAI";"200.000,00";
"07/2022";"83.102.244/0001-02 - MUNICIPIO DE GASPAR";"Município";"Pessoa Jurídica";"SC";"GASPAR";"202232350003";"3235 - GEOVANIA DE SA";"200.000,00";
"07/2022";"83.102.384/0001-80 - MUNICIPIO DE CANOINHAS";"Município";"Pessoa Jurídica";"SC";"CANOINHAS";"202241850010";"4185 - JORGINHO MELLO";"200.000,00";
"07/2024";"83.102.467/0001-70 - MUNICIPIO DE CORUPA";"Município";"Pessoa Jurídica";"SC";"CORUPÁ";"202443920007";"4392 - ISMAEL";"200.000,00";
"09/2023";"82.916.826/0001-60 - MUNICIPIO DE NOVA VENEZA";"Município";"Pessoa Jurídica";"SC";"NOVA VENEZA";"202322100001";"2210 - ESPERIDIAO AMIN";"200.000,00";
"07/2024";"82.572.207/0001-03 - MUNICIPIO DE ITAPEMA";"Município";"Pessoa Jurídica";"SC";"ITAPEMA";"202442730001";"4273 - JORGE SEIF";"200.000,00";
"12/2024";"01.612.812/0001-50 - MUNICIPIO DE SAO BERNARDINO";"Município";"Pessoa Jurídica";"SC";"SÃO BERNARDINO";"202444480002";"4448 - PEZENTI";"200.000,00";
"07/2024";"83.102.350/0001-96 - MUNICIPIO DE BOTUVERA";"Município";"Pessoa Jurídica";"SC";"BOTUVERÁ";"202442730001";"4273 - JORGE SEIF";"200.000,00";
"07/2022";"01.612.844/0001-56 - MUNICIPIO DE SALTINHO";"Município";"Pessoa Jurídica";"SC";"SALTINHO";"202228550020";"2855 - PEDRO UCZAI";"200.000,00";
"03/2023";"78.497.492/0001-60 - MUNICIPIO DE TIMBO GRANDE";"Município";"Pessoa Jurídica";"SC";"TIMBÓ GRANDE";"202237860003";"3786 - DARIO BERGER";"200.000,00";
"12/2024";"78.497.492/0001-60 - MUNICIPIO DE TIMBO GRANDE";"Município";"Pessoa Jurídica";"SC";"TIMBÓ GRANDE";"202443250003";"4325 - COBALCHINI";"200.000,00";
"07/2024";"78.497.492/0001-60 - MUNICIPIO DE TIMBO GRANDE";"Município";"Pessoa Jurídica";"SC";"TIMBÓ GRANDE";"202442730001";"4273 - JORGE SEIF";"200.000,00";
"07/2022";"83.024.240/0001-53 - MUNICIPIO DE ITA";"Município";"Pessoa Jurídica";"SC";"ITÁ";"202241850010";"4185 - JORGINHO MELLO";"200.000,00";
"03/2023";"83.102.723/0001-29 - MUNICIPIO DE SALETE";"Município";"Pessoa Jurídica";"SC";"SALETE";"202239800001";"3980 - FABIO SCHIOCHET";"200.000,00";
"07/2024";"78.492.576/0001-00 - MUNICIPIO DE URUPEMA";"Município";"Pessoa Jurídica";"SC";"URUPEMA";"202442730001";"4273 - JORGE SEIF";"200.000,00";
"12/2024";"78.492.576/0001-00 - MUNICIPIO DE URUPEMA";"Município";"Pessoa Jurídica";"SC";"URUPEMA";"202442090002";"4209 - JORGE GOETTEN";"200.000,00";
"03/2023";"78.492.576/0001-00 - MUNICIPIO DE URUPEMA";"Município";"Pessoa Jurídica";"SC";"URUPEMA";"202229250013";"2925 - CARMEN ZANOTTO";"200.000,00";
"07/2022";"82.837.741/0001-96 - MUNICIPIO DE MELEIRO";"Município";"Pessoa Jurídica";"SC";"MELEIRO";"202241850010";"4185 - JORGINHO MELLO";"200.000,00";
"03/2023";"01.613.428/0001-72 - MUNICIPIO DE LUZERNA";"Município";"Pessoa Jurídica";"SC";"LUZERNA";"202239530001";"3953 - DARCI DE MATOS";"200.000,00";
"03/2023";"83.102.699/0001-28 - MUNICIPIO DE PRESIDENTE NEREU";"Município";"Pessoa Jurídica";"SC";"PRESIDENTE NEREU";"202228560001";"2856 - ROGERIO PENINHA MENDONCA";"200.000,00";
"12/2024";"83.102.483/0001-62 - MUNICIPIO DE MASSARANDUBA";"Município";"Pessoa Jurídica";"SC";"MASSARANDUBA";"202490550002";"9055 - GILSON MARQUES";"200.000,00";
"12/2023";"83.102.483/0001-62 - MUNICIPIO DE MASSARANDUBA";"Município";"Pessoa Jurídica";"SC";"MASSARANDUBA";"202339320001";"3932 - CAROLINE DE TONI";"200.000,00";
"07/2024";"83.102.483/0001-62 - MUNICIPIO DE MASSARANDUBA";"Município";"Pessoa Jurídica";"SC";"MASSARANDUBA";"202439320001";"3932 - CAROLINE DE TONI";"200.000,00";
"07/2022";"82.777.228/0001-57 - MUNICIPIO DE OURO";"Município";"Pessoa Jurídica";"SC";"OURO";"202241850010";"4185 - JORGINHO MELLO";"200.000,00";
"12/2024";"01.612.698/0001-69 - MUNICIPIO DE ENTRE RIOS";"Município";"Pessoa Jurídica";"SC";"ENTRE RIOS";"202429250006";"2925 - CARMEN ZANOTTO";"200.000,00";
"03/2023";"01.612.698/0001-69 - MUNICIPIO DE ENTRE RIOS";"Município";"Pessoa Jurídica";"SC";"ENTRE RIOS";"202239800001";"3980 - FABIO SCHIOCHET";"200.000,00";
"07/2024";"95.778.056/0001-88 - MUNICIPIO DE COCAL DO SUL";"Município";"Pessoa Jurídica";"SC";"COCAL DO SUL";"202443390001";"4339 - DANIELA REINEHR";"200.000,00";
"12/2023";"95.778.056/0001-88 - MUNICIPIO DE COCAL DO SUL";"Município";"Pessoa Jurídica";"SC";"COCAL DO SUL";"202342510010";"4251 - IVETE DA SILVEIRA";"200.000,00";
"08/2023";"82.892.290/0001-90 - MUNICIPIO DE ANTONIO CARLOS";"Município";"Pessoa Jurídica";"SC";"ANTÔNIO CARLOS";"202318800004";"1880 - ANGELA AMIN";"200.000,00";
"07/2024";"83.102.681/0001-26 - MUNICIPIO DE POUSO REDONDO";"Município";"Pessoa Jurídica";"SC";"POUSO REDONDO";"202442730001";"4273 - JORGE SEIF";"200.000,00";
"03/2023";"83.102.681/0001-26 - MUNICIPIO DE POUSO REDONDO";"Município";"Pessoa Jurídica";"SC";"POUSO REDONDO";"202241850010";"4185 - JORGINHO MELLO";"200.000,00";
"07/2024";"83.102.319/0001-55 - MUNICIPIO DE LUIZ ALVES";"Município";"Pessoa Jurídica";"SC";"LUIZ ALVES";"202439320001";"3932 - CAROLINE DE TONI";"200.000,00";
"12/2023";"83.021.873/0001-08 - MUNICIPIO DE SAO LOURENCO D'OESTE";"Município";"Pessoa Jurídica";"SC";"SÃO LOURENÇO DO OESTE";"202328550022";"2855 - PEDRO UCZAI";"200.000,00";
"12/2024";"82.827.353/0001-24 - MUNICIPIO DE SALTO VELOSO";"Município";"Pessoa Jurídica";"SC";"SALTO VELOSO";"202422100016";"2210 - ESPERIDIAO AMIN";"200.000,00";
"12/2023";"83.024.505/0001-13 - MUNICIPIO DE SEARA";"Município";"Pessoa Jurídica";"SC";"SEARA";"202322100001";"2210 - ESPERIDIAO AMIN";"200.000,00";
"09/2023";"83.024.505/0001-13 - MUNICIPIO DE SEARA";"Município";"Pessoa Jurídica";"SC";"SEARA";"202318800004";"1880 - ANGELA AMIN";"200.000,00";
"07/2024";"83.026.765/0001-28 - MUNICIPIO DE CAMPO ERE";"Município";"Pessoa Jurídica";"SC";"CAMPO ERÊ";"202439320001";"3932 - CAROLINE DE TONI";"200.000,00";
"07/2024";"83.026.765/0001-28 - MUNICIPIO DE CAMPO ERE";"Município";"Pessoa Jurídica";"SC";"CAMPO ERÊ";"202443390001";"4339 - DANIELA REINEHR";"200.000,00";
"07/2022";"83.026.765/0001-28 - MUNICIPIO DE CAMPO ERE";"Município";"Pessoa Jurídica";"SC";"CAMPO ERÊ";"202228550020";"2855 - PEDRO UCZAI";"200.000,00";
"07/2024";"81.140.303/0001-01 - MUNICIPIO DE ITAPOA";"Município";"Pessoa Jurídica";"SC";"ITAPOÁ";"202442730001";"4273 - JORGE SEIF";"200.000,00";
"09/2023";"95.990.198/0001-04 - MUNICIPIO DE CORDILHEIRA ALTA";"Município";"Pessoa Jurídica";"SC";"CORDILHEIRA ALTA";"202322100001";"2210 - ESPERIDIAO AMIN";"200.000,00";
"03/2023";"95.952.248/0001-69 - MUNICIPIO DE MIRIM DOCE";"Município";"Pessoa Jurídica";"SC";"MIRIM DOCE";"202239530001";"3953 - DARCI DE MATOS";"200.000,00";
"12/2023";"82.843.582/0001-32 - MUNICIPIO DE URUBICI";"Município";"Pessoa Jurídica";"SC";"URUBICI";"202322100001";"2210 - ESPERIDIAO AMIN";"200.000,00";
"12/2023";"95.991.261/0001-27 - MUNICIPIO DE SAO CRISTOVAO DO SUL";"Município";"Pessoa Jurídica";"SC";"SÃO CRISTOVÃO DO SUL";"202342510010";"4251 - IVETE DA SILVEIRA";"200.000,00";
"03/2023";"82.963.216/0001-17 - MUNICIPIO DE SOMBRIO";"Município";"Pessoa Jurídica";"SC";"SOMBRIO";"202241850010";"4185 - JORGINHO MELLO";"200.000,00";
"12/2024";"82.929.407/0001-62 - MUNICIPIO DE SIDEROPOLIS";"Município";"Pessoa Jurídica";"SC";"SIDERÓPOLIS";"202444010006";"4401 - JULIA ZANATTA";"200.000,00";
"07/2024";"83.028.415/0001-09 - MUNICIPIO DE MONDAI";"Município";"Pessoa Jurídica";"SC";"MONDAÍ";"202442730001";"4273 - JORGE SEIF";"200.000,00";
"10/2023";"83.028.415/0001-09 - MUNICIPIO DE MONDAI";"Município";"Pessoa Jurídica";"SC";"MONDAÍ";"202339320001";"3932 - CAROLINE DE TONI";"200.000,00";
"07/2024";"83.028.415/0001-09 - MUNICIPIO DE MONDAI";"Município";"Pessoa Jurídica";"SC";"MONDAÍ";"202439320001";"3932 - CAROLINE DE TONI";"200.000,00";
"07/2024";"82.577.636/0001-65 - MUNICIPIO DE TIJUCAS";"Município";"Pessoa Jurídica";"SC";"TIJUCAS";"202444480002";"4448 - PEZENTI";"200.000,00";
"07/2024";"95.993.028/0001-83 - MUNICIPIO DE IPUACU";"Município";"Pessoa Jurídica";"SC";"IPUAÇU";"202443250003";"4325 - COBALCHINI";"200.000,00";
"03/2023";"95.993.028/0001-83 - MUNICIPIO DE IPUACU";"Município";"Pessoa Jurídica";"SC";"IPUAÇU";"202225690003";"2569 - CELSO MALDANER";"200.000,00";
"12/2024";"83.074.302/0001-31 - MUNICIPIO DE CACADOR";"Município";"Pessoa Jurídica";"SC";"CAÇADOR";"202442090002";"4209 - JORGE GOETTEN";"200.000,00";
"12/2024";"82.575.812/0001-20 - MUNICIPIO DE PORTO BELO";"Município";"Pessoa Jurídica";"SC";"PORTO BELO";"202442090002";"4209 - JORGE GOETTEN";"200.000,00";
"07/2022";"95.952.230/0001-67 - MUNICIPIO DE BRACO DO TROMBUDO";"Município";"Pessoa Jurídica";"SC";"BRAÇO DO TROMBUDO";"202228560001";"2856 - ROGERIO PENINHA MENDONCA";"200.000,00";
"07/2022";"83.028.639/0001-02 - MUNICIPIO DE PALMA SOLA";"Município";"Pessoa Jurídica";"SC";"PALMA SOLA";"202225690003";"2569 - CELSO MALDANER";"200.000,00";
"07/2024";"83.028.639/0001-02 - MUNICIPIO DE PALMA SOLA";"Município";"Pessoa Jurídica";"SC";"PALMA SOLA";"202442730001";"4273 - JORGE SEIF";"200.000,00";
"07/2024";"83.021.816/0001-29 - MUNICIPIO DE CAXAMBU DO SUL";"Município";"Pessoa Jurídica";"SC";"CAXAMBU DO SUL";"202443250003";"4325 - COBALCHINI";"200.000,00";
"08/2023";"01.616.039/0001-09 - MUNICIPIO DE FREI ROGERIO";"Município";"Pessoa Jurídica";"SC";"FREI ROGÉRIO";"202322100001";"2210 - ESPERIDIAO AMIN";"200.000,00";
"07/2024";"01.616.039/0001-09 - MUNICIPIO DE FREI ROGERIO";"Município";"Pessoa Jurídica";"SC";"FREI ROGÉRIO";"202442730001";"4273 - JORGE SEIF";"200.000,00";
"07/2024";"95.954.509/0001-80 - MUNICIPIO DE BALNEARIO BARRA DO SUL";"Município";"Pessoa Jurídica";"SC";"BALNEÁRIO BARRA DO SUL";"202442090002";"4209 - JORGE GOETTEN";"200.000,00";
"12/2024";"82.928.656/0001-33 - MUNICIPIO DE TUBARAO";"Município";"Pessoa Jurídica";"SC";"TUBARÃO";"202429250006";"2925 - CARMEN ZANOTTO";"200.000,00";
"12/2024";"82.928.656/0001-33 - MUNICIPIO DE TUBARAO";"Município";"Pessoa Jurídica";"SC";"TUBARÃO";"202439320001";"3932 - CAROLINE DE TONI";"200.000,00";
"07/2024";"82.939.422/0001-91 - MUNICIPIO DE ERVAL VELHO";"Município";"Pessoa Jurídica";"SC";"ERVAL VELHO";"202442090002";"4209 - JORGE GOETTEN";"200.000,00";
"12/2024";"82.892.365/0001-32 - MUNICIPIO DE PAULO LOPES";"Município";"Pessoa Jurídica";"SC";"PAULO LOPES";"202443390001";"4339 - DANIELA REINEHR";"200.000,00";
"07/2024";"01.608.905/0001-01 - MUNICIPIO DE ERMO";"Município";"Pessoa Jurídica";"SC";"ERMO";"202442730001";"4273 - JORGE SEIF";"200.000,00";
"07/2024";"82.939.398/0001-90 - MUNICIPIO DE AGUA DOCE";"Município";"Pessoa Jurídica";"SC";"ÁGUA DOCE";"202442730001";"4273 - JORGE SEIF";"200.000,00";
"07/2022";"82.939.398/0001-90 - MUNICIPIO DE AGUA DOCE";"Município";"Pessoa Jurídica";"SC";"ÁGUA DOCE";"202241850010";"4185 - JORGINHO MELLO";"200.000,00";
"07/2024";"82.939.398/0001-90 - MUNICIPIO DE AGUA DOCE";"Município";"Pessoa Jurídica";"SC";"ÁGUA DOCE";"202442090002";"4209 - JORGE GOETTEN";"200.000,00";
"09/2023";"82.939.398/0001-90 - MUNICIPIO DE AGUA DOCE";"Município";"Pessoa Jurídica";"SC";"ÁGUA DOCE";"202322100001";"2210 - ESPERIDIAO AMIN";"200.000,00";
"08/2023";"82.939.406/0001-07 - MUNICIPIO DE CAPINZAL";"Município";"Pessoa Jurídica";"SC";"CAPINZAL";"202332350003";"3235 - GEOVANIA DE SA";"200.000,00";
"12/2024";"83.102.616/0001-09 - MUNICIPIO DE ATALANTA";"Município";"Pessoa Jurídica";"SC";"ATALANTA";"202440620002";"4062 - RICARDO GUIDI";"200.000,00";
"08/2023";"01.551.148/0001-87 - MUNICIPIO DE BOM JESUS";"Município";"Pessoa Jurídica";"SC";"BOM JESUS";"202339320001";"3932 - CAROLINE DE TONI";"200.000,00";
"07/2024";"95.954.442/0001-83 - MUNICIPIO DE SAO JOAO DO ITAPERIU";"Município";"Pessoa Jurídica";"SC";"SÃO JOÃO DO ITAPERIÚ";"202442510012";"4251 - IVETE DA SILVEIRA";"200.000,00";
"07/2024";"95.954.442/0001-83 - MUNICIPIO DE SAO JOAO DO ITAPERIU";"Município";"Pessoa Jurídica";"SC";"SÃO JOÃO DO ITAPERIÚ";"202442730001";"4273 - JORGE SEIF";"200.000,00";
"12/2024";"95.954.442/0001-83 - MUNICIPIO DE SAO JOAO DO ITAPERIU";"Município";"Pessoa Jurídica";"SC";"SÃO JOÃO DO ITAPERIÚ";"202442510013";"4251 - IVETE DA SILVEIRA";"200.000,00";
"12/2024";"95.995.130/0001-18 - MUNICIPIO DE VARGEM";"Município";"Pessoa Jurídica";"SC";"VARGEM";"202442090002";"4209 - JORGE GOETTEN";"200.000,00";
"03/2023";"95.995.130/0001-18 - MUNICIPIO DE VARGEM";"Município";"Pessoa Jurídica";"SC";"VARGEM";"202241850010";"4185 - JORGINHO MELLO";"200.000,00";
"07/2024";"82.928.664/0001-80 - MUNICIPIO DE ARMAZEM";"Município";"Pessoa Jurídica";"SC";"ARMAZÉM";"202442730001";"4273 - JORGE SEIF";"200.000,00";
"08/2023";"82.928.664/0001-80 - MUNICIPIO DE ARMAZEM";"Município";"Pessoa Jurídica";"SC";"ARMAZÉM";"202342510010";"4251 - IVETE DA SILVEIRA";"200.000,00";
"09/2023";"82.939.414/0001-45 - MUNICIPIO DE CATANDUVAS";"Município";"Pessoa Jurídica";"SC";"CATANDUVAS";"202322100001";"2210 - ESPERIDIAO AMIN";"200.000,00";
"12/2024";"82.939.414/0001-45 - MUNICIPIO DE CATANDUVAS";"Município";"Pessoa Jurídica";"SC";"CATANDUVAS";"202439320001";"3932 - CAROLINE DE TONI";"200.000,00";
"07/2022";"82.951.229/0001-76 - ESTADO DE SANTA CATARINA";"Estado ou Distrito Federal";"Pessoa Jurídica";"SC";"FLORIANÓPOLIS";"202222100002";"2210 - ESPERIDIAO AMIN";"200.000,00";
"03/2023";"75.326.066/0001-75 - MUNICIPIO DE OTACILIO COSTA";"Município";"Pessoa Jurídica";"SC";"OTACÍLIO COSTA";"202237860003";"3786 - DARIO BERGER";"200.000,00";
"07/2024";"75.326.066/0001-75 - MUNICIPIO DE OTACILIO COSTA";"Município";"Pessoa Jurídica";"SC";"OTACÍLIO COSTA";"202442730001";"4273 - JORGE SEIF";"200.000,00";
"12/2024";"82.547.274/0001-60 - MUNICIPIO DE SAO JOAO DO SUL";"Município";"Pessoa Jurídica";"SC";"SÃO JOÃO DO SUL";"202444010006";"4401 - JULIA ZANATTA";"200.000,00";
"12/2023";"82.547.274/0001-60 - MUNICIPIO DE SAO JOAO DO SUL";"Município";"Pessoa Jurídica";"SC";"SÃO JOÃO DO SUL";"202322100001";"2210 - ESPERIDIAO AMIN";"200.000,00";
"12/2023";"82.547.274/0001-60 - MUNICIPIO DE SAO JOAO DO SUL";"Município";"Pessoa Jurídica";"SC";"SÃO JOÃO DO SUL";"202342510010";"4251 - IVETE DA SILVEIRA";"200.000,00";
"07/2024";"83.102.772/0001-61 - MUNICIPIO DE ASCURRA";"Município";"Pessoa Jurídica";"SC";"ASCURRA";"202442510012";"4251 - IVETE DA SILVEIRA";"200.000,00";
"12/2024";"83.102.772/0001-61 - MUNICIPIO DE ASCURRA";"Município";"Pessoa Jurídica";"SC";"ASCURRA";"202442510013";"4251 - IVETE DA SILVEIRA";"200.000,00";
"07/2024";"83.102.772/0001-61 - MUNICIPIO DE ASCURRA";"Município";"Pessoa Jurídica";"SC";"ASCURRA";"202444480002";"4448 - PEZENTI";"200.000,00";
"07/2024";"82.561.093/0001-98 - MUNICIPIO DE SAO JOAQUIM";"Município";"Pessoa Jurídica";"SC";"SÃO JOAQUIM";"202442730001";"4273 - JORGE SEIF";"200.000,00";
"09/2023";"82.925.025/0001-60 - MUNICIPIO DE NOVA TRENTO";"Município";"Pessoa Jurídica";"SC";"NOVA TRENTO";"202322100001";"2210 - ESPERIDIAO AMIN";"200.000,00";
"03/2023";"83.102.764/0001-15 - MUNICIPIO DE TIMBO";"Município";"Pessoa Jurídica";"SC";"TIMBÓ";"202290550001";"9055 - GILSON MARQUES";"200.000,00";
"03/2023";"83.102.764/0001-15 - MUNICIPIO DE TIMBO";"Município";"Pessoa Jurídica";"SC";"TIMBÓ";"202239530001";"3953 - DARCI DE MATOS";"200.000,00";
"10/2023";"83.021.857/0001-15 - MUNICIPIO DE PINHALZINHO";"Município";"Pessoa Jurídica";"SC";"PINHALZINHO";"202339320001";"3932 - CAROLINE DE TONI";"200.000,00";
"12/2023";"83.021.857/0001-15 - MUNICIPIO DE PINHALZINHO";"Município";"Pessoa Jurídica";"SC";"PINHALZINHO";"202328550022";"2855 - PEDRO UCZAI";"200.000,00";
"12/2023";"83.102.608/0001-54 - MUNICIPIO DE ALFREDO WAGNER";"Município";"Pessoa Jurídica";"SC";"ALFREDO WAGNER";"202328550022";"2855 - PEDRO UCZAI";"200.000,00";
"08/2023";"83.102.798/0001-00 - MUNICIPIO DE INDAIAL";"Município";"Pessoa Jurídica";"SC";"INDAIAL";"202318800004";"1880 - ANGELA AMIN";"200.000,00";
"07/2024";"83.102.798/0001-00 - MUNICIPIO DE INDAIAL";"Município";"Pessoa Jurídica";"SC";"INDAIAL";"202442730001";"4273 - JORGE SEIF";"200.000,00";
"07/2022";"01.614.376/0001-59 - MUNICIPIO DE PAIAL";"Município";"Pessoa Jurídica";"SC";"PAIAL";"202225690003";"2569 - CELSO MALDANER";"200.000,00";
"03/2023";"01.614.376/0001-59 - MUNICIPIO DE PAIAL";"Município";"Pessoa Jurídica";"SC";"PAIAL";"202239530001";"3953 - DARCI DE MATOS";"200.000,00";
"07/2024";"83.102.780/0001-08 - MUNICIPIO DE BENEDITO NOVO";"Município";"Pessoa Jurídica";"SC";"BENEDITO NOVO";"202442730001";"4273 - JORGE SEIF";"200.000,00";
"07/2022";"83.102.780/0001-08 - MUNICIPIO DE BENEDITO NOVO";"Município";"Pessoa Jurídica";"SC";"BENEDITO NOVO";"202239530001";"3953 - DARCI DE MATOS";"200.000,00";
"07/2022";"83.102.780/0001-08 - MUNICIPIO DE BENEDITO NOVO";"Município";"Pessoa Jurídica";"SC";"BENEDITO NOVO";"202228560001";"2856 - ROGERIO PENINHA MENDONCA";"200.000,00";
"03/2023";"83.102.517/0001-19 - MUNICIPIO DE ITAIOPOLIS";"Município";"Pessoa Jurídica";"SC";"ITAIÓPOLIS";"202239800001";"3980 - FABIO SCHIOCHET";"200.000,00";
"03/2023";"83.102.442/0001-76 - MUNICIPIO DE WITMARSUM";"Município";"Pessoa Jurídica";"SC";"WITMARSUM";"202239800001";"3980 - FABIO SCHIOCHET";"200.000,00";
"12/2023";"83.102.442/0001-76 - MUNICIPIO DE WITMARSUM";"Município";"Pessoa Jurídica";"SC";"WITMARSUM";"202342510010";"4251 - IVETE DA SILVEIRA";"200.000,00";
"03/2023";"83.102.442/0001-76 - MUNICIPIO DE WITMARSUM";"Município";"Pessoa Jurídica";"SC";"WITMARSUM";"202232350003";"3235 - GEOVANIA DE SA";"200.000,00";
"12/2023";"83.102.442/0001-76 - MUNICIPIO DE WITMARSUM";"Município";"Pessoa Jurídica";"SC";"WITMARSUM";"202318800004";"1880 - ANGELA AMIN";"200.000,00";
"07/2024";"01.612.847/0001-90 - MUNICIPIO DE SANTA TEREZINHA DO PROGRESSO";"Município";"Pessoa Jurídica";"SC";"SANTA TEREZINHA DO PROGRESSO";"202440620002";"4062 - RICARDO GUIDI";"200.000,00";
"07/2022";"82.777.343/0001-21 - MUNICIPIO DE BOM RETIRO";"Município";"Pessoa Jurídica";"SC";"BOM RETIRO";"202232350003";"3235 - GEOVANIA DE SA";"200.000,00";
"03/2023";"82.777.343/0001-21 - MUNICIPIO DE BOM RETIRO";"Município";"Pessoa Jurídica";"SC";"BOM RETIRO";"202229250013";"2925 - CARMEN ZANOTTO";"200.000,00";
"07/2024";"82.777.343/0001-21 - MUNICIPIO DE BOM RETIRO";"Município";"Pessoa Jurídica";"SC";"BOM RETIRO";"202442730001";"4273 - JORGE SEIF";"200.000,00";
"12/2023";"80.623.606/0001-12 - MUNICIPIO DE IRACEMINHA";"Município";"Pessoa Jurídica";"SC";"IRACEMINHA";"202342510010";"4251 - IVETE DA SILVEIRA";"200.000,00";
"07/2024";"80.623.606/0001-12 - MUNICIPIO DE IRACEMINHA";"Município";"Pessoa Jurídica";"SC";"IRACEMINHA";"202442730001";"4273 - JORGE SEIF";"200.000,00";
"12/2024";"82.926.544/0001-43 - MUNICIPIO DE ORLEANS";"Município";"Pessoa Jurídica";"SC";"ORLEANS";"202444010006";"4401 - JULIA ZANATTA";"200.000,00";
"03/2023";"82.926.544/0001-43 - MUNICIPIO DE ORLEANS";"Município";"Pessoa Jurídica";"SC";"ORLEANS";"202237860003";"3786 - DARIO BERGER";"200.000,00";
"07/2022";"83.102.830/0001-57 - MUNICIPIO DE BARRA VELHA";"Município";"Pessoa Jurídica";"SC";"BARRA VELHA";"202241850010";"4185 - JORGINHO MELLO";"200.000,00";
"12/2024";"83.102.830/0001-57 - MUNICIPIO DE BARRA VELHA";"Município";"Pessoa Jurídica";"SC";"BARRA VELHA";"202444480002";"4448 - PEZENTI";"200.000,00";
"12/2024";"82.562.893/0001-23 - MUNICIPIO DE CANELINHA";"Município";"Pessoa Jurídica";"SC";"CANELINHA";"202442510013";"4251 - IVETE DA SILVEIRA";"200.000,00";
"07/2024";"82.562.893/0001-23 - MUNICIPIO DE CANELINHA";"Município";"Pessoa Jurídica";"SC";"CANELINHA";"202442510012";"4251 - IVETE DA SILVEIRA";"200.000,00";
"12/2023";"82.562.893/0001-23 - MUNICIPIO DE CANELINHA";"Município";"Pessoa Jurídica";"SC";"CANELINHA";"202339800001";"3980 - FABIO SCHIOCHET";"200.000,00";
"07/2024";"82.562.893/0001-23 - MUNICIPIO DE CANELINHA";"Município";"Pessoa Jurídica";"SC";"CANELINHA";"202442730001";"4273 - JORGE SEIF";"200.000,00";
"07/2024";"83.026.138/0001-97 - MUNICIPIO DE DESCANSO";"Município";"Pessoa Jurídica";"SC";"DESCANSO";"202443390001";"4339 - DANIELA REINEHR";"200.000,00";
"12/2024";"83.026.138/0001-97 - MUNICIPIO DE DESCANSO";"Município";"Pessoa Jurídica";"SC";"DESCANSO";"202422100016";"2210 - ESPERIDIAO AMIN";"200.000,00";
"07/2024";"83.102.731/0001-75 - MUNICIPIO DE TROMBUDO CENTRAL";"Município";"Pessoa Jurídica";"SC";"TROMBUDO CENTRAL";"202440620002";"4062 - RICARDO GUIDI";"200.000,00";
"03/2023";"83.102.731/0001-75 - MUNICIPIO DE TROMBUDO CENTRAL";"Município";"Pessoa Jurídica";"SC";"TROMBUDO CENTRAL";"202228560001";"2856 - ROGERIO PENINHA MENDONCA";"200.000,00";
"07/2024";"83.102.285/0001-07 - MUNICIPIO DE BALNEARIO CAMBORIU";"Município";"Pessoa Jurídica";"SC";"BALNEÁRIO CAMBORIÚ";"202442510013";"4251 - IVETE DA SILVEIRA";"200.000,00";
"07/2024";"83.102.285/0001-07 - MUNICIPIO DE BALNEARIO CAMBORIU";"Município";"Pessoa Jurídica";"SC";"BALNEÁRIO CAMBORIÚ";"202442510012";"4251 - IVETE DA SILVEIRA";"200.000,00";
"07/2024";"83.102.285/0001-07 - MUNICIPIO DE BALNEARIO CAMBORIU";"Município";"Pessoa Jurídica";"SC";"BALNEÁRIO CAMBORIÚ";"202443920007";"4392 - ISMAEL";"200.000,00";
"07/2024";"83.102.285/0001-07 - MUNICIPIO DE BALNEARIO CAMBORIU";"Município";"Pessoa Jurídica";"SC";"BALNEÁRIO CAMBORIÚ";"202440620002";"4062 - RICARDO GUIDI";"200.000,00";
"12/2024";"83.102.285/0001-07 - MUNICIPIO DE BALNEARIO CAMBORIU";"Município";"Pessoa Jurídica";"SC";"BALNEÁRIO CAMBORIÚ";"202444930001";"4493 - ZE TROVAO";"200.000,00";
"07/2024";"83.102.285/0001-07 - MUNICIPIO DE BALNEARIO CAMBORIU";"Município";"Pessoa Jurídica";"SC";"BALNEÁRIO CAMBORIÚ";"202442730001";"4273 - JORGE SEIF";"200.000,00";
"07/2024";"83.102.376/0001-34 - MUNICIPIO DE VIDAL RAMOS";"Município";"Pessoa Jurídica";"SC";"VIDAL RAMOS";"202442730001";"4273 - JORGE SEIF";"200.000,00";
"12/2024";"83.102.376/0001-34 - MUNICIPIO DE VIDAL RAMOS";"Município";"Pessoa Jurídica";"SC";"VIDAL RAMOS";"202444010006";"4401 - JULIA ZANATTA";"200.000,00";
"07/2024";"83.021.865/0001-61 - MUNICIPIO DE QUILOMBO";"Município";"Pessoa Jurídica";"SC";"QUILOMBO";"202442510012";"4251 - IVETE DA SILVEIRA";"200.000,00";
"08/2023";"83.021.865/0001-61 - MUNICIPIO DE QUILOMBO";"Município";"Pessoa Jurídica";"SC";"QUILOMBO";"202328550022";"2855 - PEDRO UCZAI";"200.000,00";
"12/2024";"83.021.865/0001-61 - MUNICIPIO DE QUILOMBO";"Município";"Pessoa Jurídica";"SC";"QUILOMBO";"202443250003";"4325 - COBALCHINI";"200.000,00";
"12/2024";"83.021.865/0001-61 - MUNICIPIO DE QUILOMBO";"Município";"Pessoa Jurídica";"SC";"QUILOMBO";"202442510013";"4251 - IVETE DA SILVEIRA";"200.000,00";
"12/2024";"78.509.072/0001-56 - MUNICIPIO DE MAREMA";"Município";"Pessoa Jurídica";"SC";"MAREMA";"202442090002";"4209 - JORGE GOETTEN";"200.000,00";
"07/2022";"78.509.072/0001-56 - MUNICIPIO DE MAREMA";"Município";"Pessoa Jurídica";"SC";"MAREMA";"202218800004";"1880 - ANGELA AMIN";"200.000,00";
"07/2024";"83.102.491/0001-09 - MUNICIPIO DE SCHROEDER";"Município";"Pessoa Jurídica";"SC";"SCHROEDER";"202442510012";"4251 - IVETE DA SILVEIRA";"200.000,00";
"12/2024";"83.102.491/0001-09 - MUNICIPIO DE SCHROEDER";"Município";"Pessoa Jurídica";"SC";"SCHROEDER";"202442510013";"4251 - IVETE DA SILVEIRA";"200.000,00";
"08/2023";"82.916.818/0001-13 - MUNICIPIO DE CRICIUMA";"Município";"Pessoa Jurídica";"SC";"CRICIÚMA";"202318800004";"1880 - ANGELA AMIN";"200.000,00";
"07/2024";"82.777.335/0001-85 - MUNICIPIO DE ANITA GARIBALDI";"Município";"Pessoa Jurídica";"SC";"ANITA GARIBALDI";"202442730001";"4273 - JORGE SEIF";"200.000,00";
"07/2022";"82.777.335/0001-85 - MUNICIPIO DE ANITA GARIBALDI";"Município";"Pessoa Jurídica";"SC";"ANITA GARIBALDI";"202241850010";"4185 - JORGINHO MELLO";"200.000,00";
"08/2023";"82.777.335/0001-85 - MUNICIPIO DE ANITA GARIBALDI";"Município";"Pessoa Jurídica";"SC";"ANITA GARIBALDI";"202329250001";"2925 - CARMEN ZANOTTO";"200.000,00";
"10/2023";"82.777.236/0001-01 - MUNICIPIO DE PONTE SERRADA";"Município";"Pessoa Jurídica";"SC";"PONTE SERRADA";"202339320001";"3932 - CAROLINE DE TONI";"200.000,00";
"12/2023";"83.021.808/0001-82 - MUNICIPIO DE CHAPECO";"Município";"Pessoa Jurídica";"SC";"CHAPECÓ";"202339320001";"3932 - CAROLINE DE TONI";"200.000,00";
"03/2023";"86.051.398/0001-00 - MUNICIPIO DE SAO BENTO DO SUL";"Município";"Pessoa Jurídica";"SC";"SÃO BENTO DO SUL";"202228560001";"2856 - ROGERIO PENINHA MENDONCA";"200.000,00";
"07/2024";"82.844.754/0001-92 - MUNICIPIO DE BOM JARDIM DA SERRA";"Município";"Pessoa Jurídica";"SC";"BOM JARDIM DA SERRA";"202442730001";"4273 - JORGE SEIF";"200.000,00";
"08/2023";"82.844.754/0001-92 - MUNICIPIO DE BOM JARDIM DA SERRA";"Município";"Pessoa Jurídica";"SC";"BOM JARDIM DA SERRA";"202318800004";"1880 - ANGELA AMIN";"200.000,00";
"12/2024";"82.844.754/0001-92 - MUNICIPIO DE BOM JARDIM DA SERRA";"Município";"Pessoa Jurídica";"SC";"BOM JARDIM DA SERRA";"202440620002";"4062 - RICARDO GUIDI";"200.000,00";
"07/2022";"83.102.590/0001-90 - MUNICIPIO DE AGRONOMICA";"Município";"Pessoa Jurídica";"SC";"AGRONÔMICA";"202218800004";"1880 - ANGELA AMIN";"200.000,00";
"07/2022";"83.102.590/0001-90 - MUNICIPIO DE AGRONOMICA";"Município";"Pessoa Jurídica";"SC";"AGRONÔMICA";"202241850010";"4185 - JORGINHO MELLO";"200.000,00";
"07/2024";"83.102.418/0001-37 - MUNICIPIO DE IBIRAMA";"Município";"Pessoa Jurídica";"SC";"IBIRAMA";"202442510012";"4251 - IVETE DA SILVEIRA";"200.000,00";
"12/2024";"83.102.418/0001-37 - MUNICIPIO DE IBIRAMA";"Município";"Pessoa Jurídica";"SC";"IBIRAMA";"202442510013";"4251 - IVETE DA SILVEIRA";"200.000,00";
"12/2024";"83.102.418/0001-37 - MUNICIPIO DE IBIRAMA";"Município";"Pessoa Jurídica";"SC";"IBIRAMA";"202444010006";"4401 - JULIA ZANATTA";"200.000,00";
"12/2024";"83.074.294/0001-23 - MUNICIPIO DE RIO DAS ANTAS";"Município";"Pessoa Jurídica";"SC";"RIO DAS ANTAS";"202444010006";"4401 - JULIA ZANATTA";"200.000,00";
"03/2023";"82.836.057/0001-90 - MUNICIPIO DE GAROPABA";"Município";"Pessoa Jurídica";"SC";"GAROPABA";"202239490001";"3949 - DANIEL FREITAS";"200.000,00";
"07/2022";"82.836.057/0001-90 - MUNICIPIO DE GAROPABA";"Município";"Pessoa Jurídica";"SC";"GAROPABA";"202237860003";"3786 - DARIO BERGER";"200.000,00";
"07/2024";"83.102.277/0001-52 - MUNICIPIO DE ITAJAI";"Município";"Pessoa Jurídica";"SC";"ITAJAÍ";"202442510013";"4251 - IVETE DA SILVEIRA";"200.000,00";
"07/2024";"83.102.277/0001-52 - MUNICIPIO DE ITAJAI";"Município";"Pessoa Jurídica";"SC";"ITAJAÍ";"202429250006";"2925 - CARMEN ZANOTTO";"200.000,00";
"03/2023";"01.610.566/0001-06 - MUNICIPIO DE PALMEIRA";"Município";"Pessoa Jurídica";"SC";"PALMEIRA";"202241850010";"4185 - JORGINHO MELLO";"200.000,00";
"07/2024";"01.610.566/0001-06 - MUNICIPIO DE PALMEIRA";"Município";"Pessoa Jurídica";"SC";"PALMEIRA";"202442730001";"4273 - JORGE SEIF";"200.000,00";
"07/2024";"01.610.566/0001-06 - MUNICIPIO DE PALMEIRA";"Município";"Pessoa Jurídica";"SC";"PALMEIRA";"202442090002";"4209 - JORGE GOETTEN";"200.000,00";
"12/2024";"83.102.558/0001-05 - MUNICIPIO DE IRINEOPOLIS";"Município";"Pessoa Jurídica";"SC";"IRINEÓPOLIS";"202439320001";"3932 - CAROLINE DE TONI";"200.000,00";
"10/2023";"83.102.558/0001-05 - MUNICIPIO DE IRINEOPOLIS";"Município";"Pessoa Jurídica";"SC";"IRINEÓPOLIS";"202342510010";"4251 - IVETE DA SILVEIRA";"200.000,00";
"03/2023";"82.928.706/0001-82 - MUNICIPIO DE LAGUNA";"Município";"Pessoa Jurídica";"SC";"LAGUNA";"202241210003";"4121 - NEREU CRISPIM";"200.000,00";
"03/2023";"80.912.124/0001-82 - MUNICIPIO DE SAO MIGUEL DA BOA VISTA";"Município";"Pessoa Jurídica";"SC";"SÃO MIGUEL DA BOA VISTA";"202241850010";"4185 - JORGINHO MELLO";"200.000,00";
"07/2024";"80.912.124/0001-82 - MUNICIPIO DE SAO MIGUEL DA BOA VISTA";"Município";"Pessoa Jurídica";"SC";"SÃO MIGUEL DA BOA VISTA";"202442730001";"4273 - JORGE SEIF";"200.000,00";
"09/2023";"80.912.124/0001-82 - MUNICIPIO DE SAO MIGUEL DA BOA VISTA";"Município";"Pessoa Jurídica";"SC";"SÃO MIGUEL DA BOA VISTA";"202328550022";"2855 - PEDRO UCZAI";"200.000,00";
"07/2022";"83.102.368/0001-98 - MUNICIPIO DE GUABIRUBA";"Município";"Pessoa Jurídica";"SC";"GUABIRUBA";"202218800004";"1880 - ANGELA AMIN";"200.000,00";
"12/2024";"83.102.368/0001-98 - MUNICIPIO DE GUABIRUBA";"Município";"Pessoa Jurídica";"SC";"GUABIRUBA";"202443390001";"4339 - DANIELA REINEHR";"200.000,00";
"07/2024";"01.612.745/0001-74 - MUNICIPIO DE IBIAM";"Município";"Pessoa Jurídica";"SC";"IBIAM";"202429250006";"2925 - CARMEN ZANOTTO";"200.000,00";
"07/2024";"83.009.878/0001-15 - MUNICIPIO DE XAVANTINA";"Município";"Pessoa Jurídica";"SC";"XAVANTINA";"202442730001";"4273 - JORGE SEIF";"200.000,00";
"03/2023";"83.009.878/0001-15 - MUNICIPIO DE XAVANTINA";"Município";"Pessoa Jurídica";"SC";"XAVANTINA";"202241850010";"4185 - JORGINHO MELLO";"200.000,00";
"03/2023";"95.951.323/0001-77 - MUNICIPIO DE SANTA TEREZINHA";"Município";"Pessoa Jurídica";"SC";"SANTA TEREZINHA";"202239800001";"3980 - FABIO SCHIOCHET";"200.000,00";
"07/2024";"95.815.379/0001-02 - MUNICIPIO DE BOMBINHAS";"Município";"Pessoa Jurídica";"SC";"BOMBINHAS";"202439320001";"3932 - CAROLINE DE TONI";"200.000,00";
"03/2023";"95.992.020/0001-00 - MUNICIPIO DE MACIEIRA";"Município";"Pessoa Jurídica";"SC";"MACIEIRA";"202228550021";"2855 - PEDRO UCZAI";"200.000,00";
"03/2023";"83.102.327/0001-00 - MUNICIPIO DE PENHA";"Município";"Pessoa Jurídica";"SC";"PENHA";"202228560001";"2856 - ROGERIO PENINHA MENDONCA";"200.000,00";
"07/2024";"83.102.327/0001-00 - MUNICIPIO DE PENHA";"Município";"Pessoa Jurídica";"SC";"PENHA";"202442730001";"4273 - JORGE SEIF";"200.000,00";
"07/2022";"82.804.212/0001-96 - MUNICIPIO DE AGUAS DE CHAPECO";"Município";"Pessoa Jurídica";"SC";"ÁGUAS DE CHAPECÓ";"202241850010";"4185 - JORGINHO MELLO";"200.000,00";
"12/2023";"82.827.999/0001-01 - MUNICIPIO DE TANGARA";"Município";"Pessoa Jurídica";"SC";"TANGARÁ";"202342510010";"4251 - IVETE DA SILVEIRA";"200.000,00";
"07/2024";"01.606.852/0001-90 - MUNICIPIO DE BOCAINA DO SUL";"Município";"Pessoa Jurídica";"SC";"BOCAINA DO SUL";"202442730001";"4273 - JORGE SEIF";"200.000,00";
"07/2022";"01.606.852/0001-90 - MUNICIPIO DE BOCAINA DO SUL";"Município";"Pessoa Jurídica";"SC";"BOCAINA DO SUL";"202240150005";"4015 - HELIO COSTA";"200.000,00";
"09/2023";"82.926.585/0001-30 - MUNICIPIO DE RIO FORTUNA";"Município";"Pessoa Jurídica";"SC";"RIO FORTUNA";"202322100001";"2210 - ESPERIDIAO AMIN";"200.000,00";
"07/2024";"01.613.101/0001-09 - MUNICIPIO DE SAO PEDRO DE ALCANTARA";"Município";"Pessoa Jurídica";"SC";"SÃO PEDRO DE ALCÂNTARA";"202442730001";"4273 - JORGE SEIF";"200.000,00";
"03/2023";"82.892.340/0001-39 - MUNICIPIO DE SAO BONIFACIO";"Município";"Pessoa Jurídica";"SC";"SÃO BONIFÁCIO";"202240620006";"4062 - RICARDO GUIDI";"200.000,00";
"07/2022";"82.924.390/0001-50 - MUNICIPIO DE LEOBERTO LEAL";"Município";"Pessoa Jurídica";"SC";"LEOBERTO LEAL";"202228560001";"2856 - ROGERIO PENINHA MENDONCA";"200.000,00";
"12/2024";"82.815.085/0001-20 - MUNICIPIO DE PERITIBA";"Município";"Pessoa Jurídica";"SC";"PERITIBA";"202439320001";"3932 - CAROLINE DE TONI";"200.000,00";
"12/2024";"83.026.781/0001-10 - MUNICIPIO DE SAO JOSE DO CEDRO";"Município";"Pessoa Jurídica";"SC";"SÃO JOSÉ DO CEDRO";"202444480002";"4448 - PEZENTI";"200.000,00";
"12/2024";"83.026.781/0001-10 - MUNICIPIO DE SAO JOSE DO CEDRO";"Município";"Pessoa Jurídica";"SC";"SÃO JOSÉ DO CEDRO";"202439320001";"3932 - CAROLINE DE TONI";"200.000,00";
"03/2023";"82.892.274/0001-05 - MUNICIPIO DE SAO JOSE";"Município";"Pessoa Jurídica";"SC";"SÃO JOSÉ";"202228560001";"2856 - ROGERIO PENINHA MENDONCA";"200.000,00";
"12/2023";"82.892.274/0001-05 - MUNICIPIO DE SAO JOSE";"Município";"Pessoa Jurídica";"SC";"SÃO JOSÉ";"202342510010";"4251 - IVETE DA SILVEIRA";"200.000,00";
"12/2023";"83.074.310/0001-88 - MUNICIPIO DE LEBON REGIS";"Município";"Pessoa Jurídica";"SC";"LEBON RÉGIS";"202339320001";"3932 - CAROLINE DE TONI";"200.000,00";
"03/2023";"82.915.026/0001-24 - MUNICIPIO DE MARACAJA";"Município";"Pessoa Jurídica";"SC";"MARACAJÁ";"202240620006";"4062 - RICARDO GUIDI";"200.000,00";
"12/2023";"82.947.979/0001-74 - MUNICIPIO DE FRAIBURGO";"Município";"Pessoa Jurídica";"SC";"FRAIBURGO";"202339320001";"3932 - CAROLINE DE TONI";"201.700,00";
"12/2025";"83.102.574/0001-06 - MUNICIPIO DE RIO DO SUL";"Município";"Pessoa Jurídica";"SC";"RIO DO SUL";"202590550002";"9055 - GILSON MARQUES";"203.940,00";
"09/2025";"95.996.104/0001-04 - MUNICIPIO DE MONTE CARLO";"Município";"Pessoa Jurídica";"SC";"MONTE CARLO";"202539320001";"3932 - CAROLINE DE TONI";"207.900,00";
"09/2025";"78.485.554/0001-13 - MUNICIPIO DE IPORA DO OESTE";"Município";"Pessoa Jurídica";"SC";"IPORÃ DO OESTE";"202539320001";"3932 - CAROLINE DE TONI";"207.900,00";
"09/2025";"82.916.800/0001-11 - MUNICIPIO DE ICARA";"Município";"Pessoa Jurídica";"SC";"IÇARA";"202539320001";"3932 - CAROLINE DE TONI";"207.900,00";
"09/2025";"80.623.606/0001-12 - MUNICIPIO DE IRACEMINHA";"Município";"Pessoa Jurídica";"SC";"IRACEMINHA";"202539320001";"3932 - CAROLINE DE TONI";"207.900,00";
"09/2025";"83.102.558/0001-05 - MUNICIPIO DE IRINEOPOLIS";"Município";"Pessoa Jurídica";"SC";"IRINEÓPOLIS";"202539320001";"3932 - CAROLINE DE TONI";"207.900,00";
"09/2025";"82.827.999/0001-01 - MUNICIPIO DE TANGARA";"Município";"Pessoa Jurídica";"SC";"TANGARÁ";"202539320001";"3932 - CAROLINE DE TONI";"207.900,00";
"03/2023";"83.102.376/0001-34 - MUNICIPIO DE VIDAL RAMOS";"Município";"Pessoa Jurídica";"SC";"VIDAL RAMOS";"202240620006";"4062 - RICARDO GUIDI";"209.365,00";
"07/2022";"82.928.672/0001-26 - MUNICIPIO DE TREZE DE MAIO";"Município";"Pessoa Jurídica";"SC";"TREZE DE MAIO";"202222100001";"2210 - ESPERIDIAO AMIN";"209.841,00";
"07/2024";"82.821.190/0001-72 - MUNICIPIO DE MARAVILHA";"Município";"Pessoa Jurídica";"SC";"MARAVILHA";"202442510012";"4251 - IVETE DA SILVEIRA";"210.000,00";
"12/2024";"82.821.190/0001-72 - MUNICIPIO DE MARAVILHA";"Município";"Pessoa Jurídica";"SC";"MARAVILHA";"202442510013";"4251 - IVETE DA SILVEIRA";"210.000,00";
"09/2023";"83.102.665/0001-33 - MUNICIPIO DE LONTRAS";"Município";"Pessoa Jurídica";"SC";"LONTRAS";"202328560014";"2856 - ROGERIO PENINHA MENDONCA";"210.855,00";
"12/2024";"83.108.357/0001-15 - MUNICIPIO DE BLUMENAU";"Município";"Pessoa Jurídica";"SC";"BLUMENAU";"202444010006";"4401 - JULIA ZANATTA";"213.792,00";
"09/2025";"83.009.902/0001-16 - MUNICIPIO DE GALVAO";"Município";"Pessoa Jurídica";"SC";"GALVÃO";"202539320001";"3932 - CAROLINE DE TONI";"215.810,10";
"06/2026";"83.024.257/0001-00 - MUNICIPIO DE CONCORDIA";"Município";"Pessoa Jurídica";"SC";"CONCÓRDIA";"202644480001";"4448 - PEZENTI";"215.915,00";
"12/2024";"82.892.316/0001-08 - MUNICIPIO DE PALHOCA";"Município";"Pessoa Jurídica";"SC";"PALHOÇA";"202439490003";"3949 - DANIEL FREITAS";"218.000,00";
"07/2022";"82.777.301/0001-90 - MUNICIPIO DE LAGES";"Município";"Pessoa Jurídica";"SC";"LAGES";"202241850010";"4185 - JORGINHO MELLO";"219.000,00";
"12/2023";"95.990.131/0001-70 - MUNICIPIO DE NOVA ITABERABA";"Município";"Pessoa Jurídica";"SC";"NOVA ITABERABA";"202328550022";"2855 - PEDRO UCZAI";"220.000,00";
"07/2022";"83.102.772/0001-61 - MUNICIPIO DE ASCURRA";"Município";"Pessoa Jurídica";"SC";"ASCURRA";"202290550001";"9055 - GILSON MARQUES";"220.000,00";
"12/2024";"83.102.780/0001-08 - MUNICIPIO DE BENEDITO NOVO";"Município";"Pessoa Jurídica";"SC";"BENEDITO NOVO";"202490550002";"9055 - GILSON MARQUES";"220.000,00";
"07/2024";"83.102.731/0001-75 - MUNICIPIO DE TROMBUDO CENTRAL";"Município";"Pessoa Jurídica";"SC";"TROMBUDO CENTRAL";"202490550002";"9055 - GILSON MARQUES";"220.570,38";
"12/2023";"83.102.517/0001-19 - MUNICIPIO DE ITAIOPOLIS";"Município";"Pessoa Jurídica";"SC";"ITAIÓPOLIS";"202339530009";"3953 - DARCI DE MATOS";"221.751,00";
"03/2023";"95.991.097/0001-58 - MUNICIPIO DE CERRO NEGRO";"Município";"Pessoa Jurídica";"SC";"CERRO NEGRO";"202229250013";"2925 - CARMEN ZANOTTO";"223.936,50";
"07/2024";"83.021.808/0001-82 - MUNICIPIO DE CHAPECO";"Município";"Pessoa Jurídica";"SC";"CHAPECÓ";"202442510012";"4251 - IVETE DA SILVEIRA";"225.000,00";
"12/2024";"83.021.808/0001-82 - MUNICIPIO DE CHAPECO";"Município";"Pessoa Jurídica";"SC";"CHAPECÓ";"202442510013";"4251 - IVETE DA SILVEIRA";"225.000,00";
"10/2025";"82.951.229/0001-76 - ESTADO DE SANTA CATARINA";"Estado ou Distrito Federal";"Pessoa Jurídica";"SC";"FLORIANÓPOLIS";"202522100013";"2210 - ESPERIDIAO AMIN";"227.558,43";
"12/2023";"78.486.198/0001-52 - MUNICIPIO DE TUNAPOLIS";"Município";"Pessoa Jurídica";"SC";"TUNÁPOLIS";"202328550022";"2855 - PEDRO UCZAI";"231.770,50";
"03/2023";"95.991.071/0001-00 - MUNICIPIO DE RIO RUFINO";"Município";"Pessoa Jurídica";"SC";"RIO RUFINO";"202229250013";"2925 - CARMEN ZANOTTO";"235.904,00";
"10/2023";"01.511.659/0001-75 - MUNICIPIO DE BALNEARIO GAIVOTA";"Município";"Pessoa Jurídica";"SC";"BALNEÁRIO GAIVOTA";"202339490001";"3949 - DANIEL FREITAS";"238.744,00";
"12/2024";"01.608.820/0001-23 - MUNICIPIO DE PAINEL";"Município";"Pessoa Jurídica";"SC";"PAINEL";"202429250006";"2925 - CARMEN ZANOTTO";"240.000,00";
"08/2023";"83.102.723/0001-29 - MUNICIPIO DE SALETE";"Município";"Pessoa Jurídica";"SC";"SALETE";"202329250001";"2925 - CARMEN ZANOTTO";"240.000,00";
"03/2023";"83.021.808/0001-82 - MUNICIPIO DE CHAPECO";"Município";"Pessoa Jurídica";"SC";"CHAPECÓ";"202239320002";"3932 - CAROLINE DE TONI";"240.159,00";
"12/2025";"82.939.232/0001-74 - MUNICIPIO DE CAMPOS NOVOS";"Município";"Pessoa Jurídica";"SC";"CAMPOS NOVOS";"202528550023";"2855 - PEDRO UCZAI";"241.560,00";
"07/2024";"16.780.795/0001-38 - MUNICIPIO DE PESCARIA BRAVA";"Município";"Pessoa Jurídica";"SC";"PESCARIA BRAVA";"202422100016";"2210 - ESPERIDIAO AMIN";"242.040,26";
"10/2023";"95.954.442/0001-83 - MUNICIPIO DE SAO JOAO DO ITAPERIU";"Município";"Pessoa Jurídica";"SC";"SÃO JOÃO DO ITAPERIÚ";"202339290002";"3929 - CARLOS CHIODINI";"242.073,25";
"09/2023";"79.372.553/0001-25 - MUNICIPIO DE JOSE BOITEUX";"Município";"Pessoa Jurídica";"SC";"JOSÉ BOITEUX";"202322100001";"2210 - ESPERIDIAO AMIN";"242.709,00";
"07/2024";"82.928.706/0001-82 - MUNICIPIO DE LAGUNA";"Município";"Pessoa Jurídica";"SC";"LAGUNA";"202442730002";"4273 - JORGE SEIF";"244.850,00";
"07/2024";"83.102.269/0001-06 - MUNICIPIO DE SAO FRANCISCO DO SUL";"Município";"Pessoa Jurídica";"SC";"SÃO FRANCISCO DO SUL";"202439320001";"3932 - CAROLINE DE TONI";"245.000,00";
"12/2024";"83.102.806/0001-18 - MUNICIPIO DE RIO DOS CEDROS";"Município";"Pessoa Jurídica";"SC";"RIO DOS CEDROS";"202439800001";"3980 - FABIO SCHIOCHET";"245.334,13";
"10/2025";"01.613.428/0001-72 - MUNICIPIO DE LUZERNA";"Município";"Pessoa Jurídica";"SC";"LUZERNA";"202542090003";"4209 - JORGE GOETTEN";"245.505,15";
"10/2025";"82.814.260/0001-65 - MUNICIPIO DE IPIRA";"Município";"Pessoa Jurídica";"SC";"IPIRA";"202543250005";"4325 - COBALCHINI";"247.500,00";
"12/2025";"83.102.715/0001-82 - MUNICIPIO DE RIO DO OESTE";"Município";"Pessoa Jurídica";"SC";"RIO DO OESTE";"202544480001";"4448 - PEZENTI";"247.500,00";
"10/2025";"82.572.207/0001-03 - MUNICIPIO DE ITAPEMA";"Município";"Pessoa Jurídica";"SC";"ITAPEMA";"202544010010";"4401 - JULIA ZANATTA";"247.500,00";
"10/2025";"83.009.886/0001-61 - MUNICIPIO DE ABELARDO LUZ";"Município";"Pessoa Jurídica";"SC";"ABELARDO LUZ";"202544480001";"4448 - PEZENTI";"247.500,00";
"10/2025";"83.102.681/0001-26 - MUNICIPIO DE POUSO REDONDO";"Município";"Pessoa Jurídica";"SC";"POUSO REDONDO";"202590550002";"9055 - GILSON MARQUES";"247.500,00";
"10/2025";"83.102.319/0001-55 - MUNICIPIO DE LUIZ ALVES";"Município";"Pessoa Jurídica";"SC";"LUIZ ALVES";"202544480001";"4448 - PEZENTI";"247.500,00";
"10/2025";"79.373.767/0001-16 - MUNICIPIO DE APIUNA";"Município";"Pessoa Jurídica";"SC";"APIÚNA";"202540620003";"4062 - RICARDO GUIDI";"247.500,00";
"12/2025";"83.102.293/0001-45 - MUNICIPIO DE CAMBORIU";"Município";"Pessoa Jurídica";"SC";"CAMBORIÚ";"202590550002";"9055 - GILSON MARQUES";"247.500,00";
"12/2025";"82.951.229/0001-76 - ESTADO DE SANTA CATARINA";"Estado ou Distrito Federal";"Pessoa Jurídica";"SC";"FLORIANÓPOLIS";"202542090003";"4209 - JORGE GOETTEN";"247.500,00";
"10/2025";"83.102.517/0001-19 - MUNICIPIO DE ITAIOPOLIS";"Município";"Pessoa Jurídica";"SC";"ITAIÓPOLIS";"202544010010";"4401 - JULIA ZANATTA";"247.500,00";
"12/2025";"83.102.830/0001-57 - MUNICIPIO DE BARRA VELHA";"Município";"Pessoa Jurídica";"SC";"BARRA VELHA";"202544480001";"4448 - PEZENTI";"247.500,00";
"12/2025";"82.548.983/0001-60 - MUNICIPIO DE TURVO";"Município";"Pessoa Jurídica";"SC";"TURVO";"202542090003";"4209 - JORGE GOETTEN";"247.500,00";
"10/2025";"01.613.101/0001-09 - MUNICIPIO DE SAO PEDRO DE ALCANTARA";"Município";"Pessoa Jurídica";"SC";"SÃO PEDRO DE ALCÂNTARA";"202544010010";"4401 - JULIA ZANATTA";"247.500,00";
"12/2023";"82.925.025/0001-60 - MUNICIPIO DE NOVA TRENTO";"Município";"Pessoa Jurídica";"SC";"NOVA TRENTO";"202340150002";"4015 - HELIO COSTA";"247.857,50";
"06/2026";"95.990.131/0001-70 - MUNICIPIO DE NOVA ITABERABA";"Município";"Pessoa Jurídica";"SC";"NOVA ITABERABA";"202643920005";"4392 - ISMAEL";"248.015,07";
"06/2026";"82.826.462/0001-27 - MUNICIPIO DE ARROIO TRINTA";"Município";"Pessoa Jurídica";"SC";"ARROIO TRINTA";"202639800001";"3980 - FABIO SCHIOCHET";"248.750,00";
"06/2026";"83.102.830/0001-57 - MUNICIPIO DE BARRA VELHA";"Município";"Pessoa Jurídica";"SC";"BARRA VELHA";"202644480001";"4448 - PEZENTI";"248.750,00";
"03/2023";"01.608.820/0001-23 - MUNICIPIO DE PAINEL";"Município";"Pessoa Jurídica";"SC";"PAINEL";"202229250013";"2925 - CARMEN ZANOTTO";"250.000,00";
"03/2023";"82.777.244/0001-40 - MUNICIPIO DE PRESIDENTE CASTELO BRANCO";"Município";"Pessoa Jurídica";"SC";"PRESIDENTE CASTELLO BRANCO";"202228550021";"2855 - PEDRO UCZAI";"250.000,00";
"03/2023";"83.009.910/0001-62 - MUNICIPIO DE FAXINAL DOS GUEDES";"Município";"Pessoa Jurídica";"SC";"FAXINAL DOS GUEDES";"202228550021";"2855 - PEDRO UCZAI";"250.000,00";
"03/2023";"85.361.863/0001-47 - MUNICIPIO DE PALMITOS";"Município";"Pessoa Jurídica";"SC";"PALMITOS";"202228550021";"2855 - PEDRO UCZAI";"250.000,00";
"12/2023";"85.361.863/0001-47 - MUNICIPIO DE PALMITOS";"Município";"Pessoa Jurídica";"SC";"PALMITOS";"202339320001";"3932 - CAROLINE DE TONI";"250.000,00";
"07/2024";"01.593.132/0001-37 - MUNICIPIO DE JUPIA";"Município";"Pessoa Jurídica";"SC";"JUPIÁ";"202443250003";"4325 - COBALCHINI";"250.000,00";
"03/2023";"95.990.131/0001-70 - MUNICIPIO DE NOVA ITABERABA";"Município";"Pessoa Jurídica";"SC";"NOVA ITABERABA";"202225690003";"2569 - CELSO MALDANER";"250.000,00";
"07/2022";"82.892.357/0001-96 - MUNICIPIO DE RANCHO QUEIMADO";"Município";"Pessoa Jurídica";"SC";"RANCHO QUEIMADO";"202239530001";"3953 - DARCI DE MATOS";"250.000,00";
"08/2023";"83.024.257/0001-00 - MUNICIPIO DE CONCORDIA";"Município";"Pessoa Jurídica";"SC";"CONCÓRDIA";"202318800004";"1880 - ANGELA AMIN";"250.000,00";
"12/2024";"01.612.836/0001-00 - MUNICIPIO DE PRINCESA";"Município";"Pessoa Jurídica";"SC";"PRINCESA";"202443250003";"4325 - COBALCHINI";"250.000,00";
"07/2024";"81.531.162/0001-58 - MUNICIPIO DE FORQUILHINHA";"Município";"Pessoa Jurídica";"SC";"FORQUILHINHA";"202442090002";"4209 - JORGE GOETTEN";"250.000,00";
"08/2023";"78.493.343/0001-22 - MUNICIPIO DE CELSO RAMOS";"Município";"Pessoa Jurídica";"SC";"CELSO RAMOS";"202332350003";"3235 - GEOVANIA DE SA";"250.000,00";
"07/2024";"78.511.052/0001-10 - MUNICIPIO DE ABDON BATISTA";"Município";"Pessoa Jurídica";"SC";"ABDON BATISTA";"202429250006";"2925 - CARMEN ZANOTTO";"250.000,00";
"03/2023";"83.102.640/0001-30 - MUNICIPIO DE ITUPORANGA";"Município";"Pessoa Jurídica";"SC";"ITUPORANGA";"202218800004";"1880 - ANGELA AMIN";"250.000,00";
"12/2024";"82.892.324/0001-46 - MUNICIPIO DE SANTO AMARO DA IMPERATRIZ";"Município";"Pessoa Jurídica";"SC";"SANTO AMARO DA IMPERATRIZ";"202442510013";"4251 - IVETE DA SILVEIRA";"250.000,00";
"07/2024";"82.892.324/0001-46 - MUNICIPIO DE SANTO AMARO DA IMPERATRIZ";"Município";"Pessoa Jurídica";"SC";"SANTO AMARO DA IMPERATRIZ";"202442510012";"4251 - IVETE DA SILVEIRA";"250.000,00";
"07/2022";"82.892.332/0001-92 - MUNICIPIO DE ANITAPOLIS";"Município";"Pessoa Jurídica";"SC";"ANITÁPOLIS";"202232350003";"3235 - GEOVANIA DE SA";"250.000,00";
"12/2023";"75.438.655/0001-45 - MUNICIPIO DE CORREIA PINTO";"Município";"Pessoa Jurídica";"SC";"CORREIA PINTO";"202339290002";"3929 - CARLOS CHIODINI";"250.000,00";
"07/2022";"82.939.232/0001-74 - MUNICIPIO DE CAMPOS NOVOS";"Município";"Pessoa Jurídica";"SC";"CAMPOS NOVOS";"202228550020";"2855 - PEDRO UCZAI";"250.000,00";
"07/2024";"82.939.232/0001-74 - MUNICIPIO DE CAMPOS NOVOS";"Município";"Pessoa Jurídica";"SC";"CAMPOS NOVOS";"202439320001";"3932 - CAROLINE DE TONI";"250.000,00";
"03/2023";"82.821.216/0001-82 - MUNICIPIO DE GUARACIABA";"Município";"Pessoa Jurídica";"SC";"GUARACIABA";"202228550021";"2855 - PEDRO UCZAI";"250.000,00";
"07/2024";"82.821.216/0001-82 - MUNICIPIO DE GUARACIABA";"Município";"Pessoa Jurídica";"SC";"GUARACIABA";"202443390001";"4339 - DANIELA REINEHR";"250.000,00";
"12/2024";"78.485.554/0001-13 - MUNICIPIO DE IPORA DO OESTE";"Município";"Pessoa Jurídica";"SC";"IPORÃ DO OESTE";"202443920007";"4392 - ISMAEL";"250.000,00";
"12/2024";"82.916.800/0001-11 - MUNICIPIO DE ICARA";"Município";"Pessoa Jurídica";"SC";"IÇARA";"202439800001";"3980 - FABIO SCHIOCHET";"250.000,00";
"12/2024";"82.945.718/0001-15 - MUNICIPIO DE SAO CARLOS";"Município";"Pessoa Jurídica";"SC";"SÃO CARLOS";"202439320001";"3932 - CAROLINE DE TONI";"250.000,00";
"03/2023";"83.102.814/0001-64 - MUNICIPIO DE RODEIO";"Município";"Pessoa Jurídica";"SC";"RODEIO";"202228560001";"2856 - ROGERIO PENINHA MENDONCA";"250.000,00";
"08/2023";"01.566.621/0001-08 - MUNICIPIO DE FLOR DO SERTAO";"Município";"Pessoa Jurídica";"SC";"FLOR DO SERTÃO";"202328550022";"2855 - PEDRO UCZAI";"250.000,00";
"10/2023";"95.990.206/0001-12 - MUNICIPIO DE GUATAMBU";"Município";"Pessoa Jurídica";"SC";"GUATAMBÚ";"202339320001";"3932 - CAROLINE DE TONI";"250.000,00";
"07/2024";"83.102.657/0001-97 - MUNICIPIO DE LAURENTINO";"Município";"Pessoa Jurídica";"SC";"LAURENTINO";"202442510012";"4251 - IVETE DA SILVEIRA";"250.000,00";
"12/2024";"83.102.657/0001-97 - MUNICIPIO DE LAURENTINO";"Município";"Pessoa Jurídica";"SC";"LAURENTINO";"202442510013";"4251 - IVETE DA SILVEIRA";"250.000,00";
"03/2023";"82.939.430/0001-38 - MUNICIPIO DE HERVAL D'OESTE";"Município";"Pessoa Jurídica";"SC";"HERVAL D'OESTE";"202218800004";"1880 - ANGELA AMIN";"250.000,00";
"03/2023";"95.990.107/0001-30 - MUNICIPIO DE SUL BRASIL";"Município";"Pessoa Jurídica";"SC";"SUL BRASIL";"202237860003";"3786 - DARIO BERGER";"250.000,00";
"07/2024";"82.925.652/0001-00 - MUNICIPIO DE SAO JOAO BATISTA";"Município";"Pessoa Jurídica";"SC";"SÃO JOÃO BATISTA";"202439320001";"3932 - CAROLINE DE TONI";"250.000,00";
"07/2024";"82.925.652/0001-00 - MUNICIPIO DE SAO JOAO BATISTA";"Município";"Pessoa Jurídica";"SC";"SÃO JOÃO BATISTA";"202442510012";"4251 - IVETE DA SILVEIRA";"250.000,00";
"07/2022";"83.009.860/0001-13 - MUNICIPIO DE XANXERE";"Município";"Pessoa Jurídica";"SC";"XANXERÊ";"202228550021";"2855 - PEDRO UCZAI";"250.000,00";
"07/2022";"80.913.031/0001-72 - MUNICIPIO DE OURO VERDE";"Município";"Pessoa Jurídica";"SC";"OURO VERDE";"202240150005";"4015 - HELIO COSTA";"250.000,00";
"07/2024";"80.912.140/0001-75 - MUNICIPIO DE SANTA HELENA";"Município";"Pessoa Jurídica";"SC";"SANTA HELENA";"202428550022";"2855 - PEDRO UCZAI";"250.000,00";
"08/2023";"80.912.140/0001-75 - MUNICIPIO DE SANTA HELENA";"Município";"Pessoa Jurídica";"SC";"SANTA HELENA";"202328550022";"2855 - PEDRO UCZAI";"250.000,00";
"12/2023";"80.912.140/0001-75 - MUNICIPIO DE SANTA HELENA";"Município";"Pessoa Jurídica";"SC";"SANTA HELENA";"202339290002";"3929 - CARLOS CHIODINI";"250.000,00";
"08/2023";"83.027.045/0001-87 - MUNICIPIO DE GUARUJA DO SUL";"Município";"Pessoa Jurídica";"SC";"GUARUJÁ DO SUL";"202328550022";"2855 - PEDRO UCZAI";"250.000,00";
"12/2024";"83.102.855/0001-50 - MUNICIPIO DE NAVEGANTES";"Município";"Pessoa Jurídica";"SC";"NAVEGANTES";"202444010006";"4401 - JULIA ZANATTA";"250.000,00";
"07/2022";"83.102.715/0001-82 - MUNICIPIO DE RIO DO OESTE";"Município";"Pessoa Jurídica";"SC";"RIO DO OESTE";"202232350003";"3235 - GEOVANIA DE SA";"250.000,00";
"07/2022";"79.373.775/0001-62 - MUNICIPIO DE DOUTOR PEDRINHO";"Município";"Pessoa Jurídica";"SC";"DOUTOR PEDRINHO";"202218800004";"1880 - ANGELA AMIN";"250.000,00";
"07/2024";"83.102.244/0001-02 - MUNICIPIO DE GASPAR";"Município";"Pessoa Jurídica";"SC";"GASPAR";"202439320001";"3932 - CAROLINE DE TONI";"250.000,00";
"09/2023";"01.612.812/0001-50 - MUNICIPIO DE SAO BERNARDINO";"Município";"Pessoa Jurídica";"SC";"SÃO BERNARDINO";"202328550022";"2855 - PEDRO UCZAI";"250.000,00";
"07/2022";"82.572.207/0001-03 - MUNICIPIO DE ITAPEMA";"Município";"Pessoa Jurídica";"SC";"ITAPEMA";"202228560001";"2856 - ROGERIO PENINHA MENDONCA";"250.000,00";
"03/2023";"83.009.886/0001-61 - MUNICIPIO DE ABELARDO LUZ";"Município";"Pessoa Jurídica";"SC";"ABELARDO LUZ";"202239800001";"3980 - FABIO SCHIOCHET";"250.000,00";
"03/2023";"83.009.886/0001-61 - MUNICIPIO DE ABELARDO LUZ";"Município";"Pessoa Jurídica";"SC";"ABELARDO LUZ";"202225690003";"2569 - CELSO MALDANER";"250.000,00";
"08/2023";"01.612.844/0001-56 - MUNICIPIO DE SALTINHO";"Município";"Pessoa Jurídica";"SC";"SALTINHO";"202328550022";"2855 - PEDRO UCZAI";"250.000,00";
"07/2022";"82.926.551/0001-45 - MUNICIPIO DE BRACO DO NORTE";"Município";"Pessoa Jurídica";"SC";"BRAÇO DO NORTE";"202240150005";"4015 - HELIO COSTA";"250.000,00";
"12/2024";"82.926.551/0001-45 - MUNICIPIO DE BRACO DO NORTE";"Município";"Pessoa Jurídica";"SC";"BRAÇO DO NORTE";"202439290001";"3929 - CARLOS CHIODINI";"250.000,00";
"12/2023";"78.497.492/0001-60 - MUNICIPIO DE TIMBO GRANDE";"Município";"Pessoa Jurídica";"SC";"TIMBÓ GRANDE";"202339320001";"3932 - CAROLINE DE TONI";"250.000,00";
"07/2024";"83.024.240/0001-53 - MUNICIPIO DE ITA";"Município";"Pessoa Jurídica";"SC";"ITÁ";"202443250003";"4325 - COBALCHINI";"250.000,00";
"07/2024";"83.169.623/0001-10 - MUNICIPIO DE JOINVILLE";"Município";"Pessoa Jurídica";"SC";"JOINVILLE";"202442510012";"4251 - IVETE DA SILVEIRA";"250.000,00";
"03/2023";"83.169.623/0001-10 - MUNICIPIO DE JOINVILLE";"Município";"Pessoa Jurídica";"SC";"JOINVILLE";"202241850010";"4185 - JORGINHO MELLO";"250.000,00";
"12/2024";"83.169.623/0001-10 - MUNICIPIO DE JOINVILLE";"Município";"Pessoa Jurídica";"SC";"JOINVILLE";"202442510013";"4251 - IVETE DA SILVEIRA";"250.000,00";
"03/2023";"83.102.723/0001-29 - MUNICIPIO DE SALETE";"Município";"Pessoa Jurídica";"SC";"SALETE";"202228560001";"2856 - ROGERIO PENINHA MENDONCA";"250.000,00";
"03/2023";"78.492.576/0001-00 - MUNICIPIO DE URUPEMA";"Município";"Pessoa Jurídica";"SC";"URUPEMA";"202218800004";"1880 - ANGELA AMIN";"250.000,00";
"12/2024";"79.372.553/0001-25 - MUNICIPIO DE JOSE BOITEUX";"Município";"Pessoa Jurídica";"SC";"JOSÉ BOITEUX";"202443920007";"4392 - ISMAEL";"250.000,00";
"07/2022";"79.372.553/0001-25 - MUNICIPIO DE JOSE BOITEUX";"Município";"Pessoa Jurídica";"SC";"JOSÉ BOITEUX";"202228560001";"2856 - ROGERIO PENINHA MENDONCA";"250.000,00";
"03/2023";"78.510.112/0001-80 - MUNICIPIO DE LINDOIA DO SUL";"Município";"Pessoa Jurídica";"SC";"LINDÓIA DO SUL";"202229250013";"2925 - CARMEN ZANOTTO";"250.000,00";
"07/2022";"83.102.483/0001-62 - MUNICIPIO DE MASSARANDUBA";"Município";"Pessoa Jurídica";"SC";"MASSARANDUBA";"202241850010";"4185 - JORGINHO MELLO";"250.000,00";
"12/2024";"82.777.228/0001-57 - MUNICIPIO DE OURO";"Município";"Pessoa Jurídica";"SC";"OURO";"202422100016";"2210 - ESPERIDIAO AMIN";"250.000,00";
"07/2022";"01.612.698/0001-69 - MUNICIPIO DE ENTRE RIOS";"Município";"Pessoa Jurídica";"SC";"ENTRE RIOS";"202232350003";"3235 - GEOVANIA DE SA";"250.000,00";
"07/2024";"82.815.481/0001-58 - MUNICIPIO DE PIRATUBA";"Município";"Pessoa Jurídica";"SC";"PIRATUBA";"202439320001";"3932 - CAROLINE DE TONI";"250.000,00";
"12/2024";"82.815.481/0001-58 - MUNICIPIO DE PIRATUBA";"Município";"Pessoa Jurídica";"SC";"PIRATUBA";"202439800001";"3980 - FABIO SCHIOCHET";"250.000,00";
"12/2024";"82.892.290/0001-90 - MUNICIPIO DE ANTONIO CARLOS";"Município";"Pessoa Jurídica";"SC";"ANTÔNIO CARLOS";"202444010006";"4401 - JULIA ZANATTA";"250.000,00";
"03/2023";"83.102.541/0001-58 - MUNICIPIO DE PORTO UNIAO";"Município";"Pessoa Jurídica";"SC";"PORTO UNIÃO";"202239530001";"3953 - DARCI DE MATOS";"250.000,00";
"03/2023";"83.102.681/0001-26 - MUNICIPIO DE POUSO REDONDO";"Município";"Pessoa Jurídica";"SC";"POUSO REDONDO";"202228560001";"2856 - ROGERIO PENINHA MENDONCA";"250.000,00";
"12/2024";"83.102.525/0001-65 - MUNICIPIO DE MONTE CASTELO";"Município";"Pessoa Jurídica";"SC";"MONTE CASTELO";"202443920007";"4392 - ISMAEL";"250.000,00";
"12/2024";"83.021.873/0001-08 - MUNICIPIO DE SAO LOURENCO D'OESTE";"Município";"Pessoa Jurídica";"SC";"SÃO LOURENÇO DO OESTE";"202442090002";"4209 - JORGE GOETTEN";"250.000,00";
"12/2023";"83.026.765/0001-28 - MUNICIPIO DE CAMPO ERE";"Município";"Pessoa Jurídica";"SC";"CAMPO ERÊ";"202339290002";"3929 - CARLOS CHIODINI";"250.000,00";
"07/2024";"83.026.765/0001-28 - MUNICIPIO DE CAMPO ERE";"Município";"Pessoa Jurídica";"SC";"CAMPO ERÊ";"202442090002";"4209 - JORGE GOETTEN";"250.000,00";
"07/2022";"82.928.672/0001-26 - MUNICIPIO DE TREZE DE MAIO";"Município";"Pessoa Jurídica";"SC";"TREZE DE MAIO";"202218800004";"1880 - ANGELA AMIN";"250.000,00";
"07/2022";"95.990.198/0001-04 - MUNICIPIO DE CORDILHEIRA ALTA";"Município";"Pessoa Jurídica";"SC";"CORDILHEIRA ALTA";"202228550021";"2855 - PEDRO UCZAI";"250.000,00";
"03/2023";"82.777.319/0001-92 - MUNICIPIO DE CAMPO BELO DO SUL";"Município";"Pessoa Jurídica";"SC";"CAMPO BELO DO SUL";"202218800004";"1880 - ANGELA AMIN";"250.000,00";
"12/2024";"82.843.582/0001-32 - MUNICIPIO DE URUBICI";"Município";"Pessoa Jurídica";"SC";"URUBICI";"202444010006";"4401 - JULIA ZANATTA";"250.000,00";
"03/2023";"82.843.582/0001-32 - MUNICIPIO DE URUBICI";"Município";"Pessoa Jurídica";"SC";"URUBICI";"202218800004";"1880 - ANGELA AMIN";"250.000,00";
"10/2023";"82.928.698/0001-74 - MUNICIPIO DE JAGUARUNA";"Município";"Pessoa Jurídica";"SC";"JAGUARUNA";"202340150002";"4015 - HELIO COSTA";"250.000,00";
"08/2023";"01.612.528/0001-84 - MUNICIPIO DE BANDEIRANTE";"Município";"Pessoa Jurídica";"SC";"BANDEIRANTE";"202328550022";"2855 - PEDRO UCZAI";"250.000,00";
"07/2024";"01.612.528/0001-84 - MUNICIPIO DE BANDEIRANTE";"Município";"Pessoa Jurídica";"SC";"BANDEIRANTE";"202428550022";"2855 - PEDRO UCZAI";"250.000,00";
"07/2022";"82.577.636/0001-65 - MUNICIPIO DE TIJUCAS";"Município";"Pessoa Jurídica";"SC";"TIJUCAS";"202237860003";"3786 - DARIO BERGER";"250.000,00";
"07/2022";"83.102.582/0001-44 - MUNICIPIO DE AGROLANDIA";"Município";"Pessoa Jurídica";"SC";"AGROLÂNDIA";"202218800004";"1880 - ANGELA AMIN";"250.000,00";
"03/2023";"82.575.812/0001-20 - MUNICIPIO DE PORTO BELO";"Município";"Pessoa Jurídica";"SC";"PORTO BELO";"202228560001";"2856 - ROGERIO PENINHA MENDONCA";"250.000,00";
"07/2024";"83.028.639/0001-02 - MUNICIPIO DE PALMA SOLA";"Município";"Pessoa Jurídica";"SC";"PALMA SOLA";"202443390001";"4339 - DANIELA REINEHR";"250.000,00";
"07/2022";"95.954.509/0001-80 - MUNICIPIO DE BALNEARIO BARRA DO SUL";"Município";"Pessoa Jurídica";"SC";"BALNEÁRIO BARRA DO SUL";"202218800004";"1880 - ANGELA AMIN";"250.000,00";
"03/2023";"82.939.422/0001-91 - MUNICIPIO DE ERVAL VELHO";"Município";"Pessoa Jurídica";"SC";"ERVAL VELHO";"202218800004";"1880 - ANGELA AMIN";"250.000,00";
"03/2023";"85.997.237/0001-41 - MUNICIPIO DE SANTA CECILIA";"Município";"Pessoa Jurídica";"SC";"SANTA CECÍLIA";"202240150005";"4015 - HELIO COSTA";"250.000,00";
"07/2022";"82.892.266/0001-50 - MUNICIPIO DE AGUAS MORNAS";"Município";"Pessoa Jurídica";"SC";"ÁGUAS MORNAS";"202237860003";"3786 - DARIO BERGER";"250.000,00";
"12/2024";"01.551.148/0001-87 - MUNICIPIO DE BOM JESUS";"Município";"Pessoa Jurídica";"SC";"BOM JESUS";"202439800001";"3980 - FABIO SCHIOCHET";"250.000,00";
"03/2023";"79.372.520/0001-85 - MUNICIPIO DE VITOR MEIRELES";"Município";"Pessoa Jurídica";"SC";"VITOR MEIRELES";"202228560001";"2856 - ROGERIO PENINHA MENDONCA";"250.000,00";
"12/2024";"95.954.442/0001-83 - MUNICIPIO DE SAO JOAO DO ITAPERIU";"Município";"Pessoa Jurídica";"SC";"SÃO JOÃO DO ITAPERIÚ";"202422100016";"2210 - ESPERIDIAO AMIN";"250.000,00";
"07/2022";"82.928.664/0001-80 - MUNICIPIO DE ARMAZEM";"Município";"Pessoa Jurídica";"SC";"ARMAZÉM";"202239440009";"3944 - CORONEL ARMANDO";"250.000,00";
"12/2023";"75.326.066/0001-75 - MUNICIPIO DE OTACILIO COSTA";"Município";"Pessoa Jurídica";"SC";"OTACÍLIO COSTA";"202339290002";"3929 - CARLOS CHIODINI";"250.000,00";
"08/2023";"75.326.066/0001-75 - MUNICIPIO DE OTACILIO COSTA";"Município";"Pessoa Jurídica";"SC";"OTACÍLIO COSTA";"202329250001";"2925 - CARMEN ZANOTTO";"250.000,00";
"07/2022";"83.102.772/0001-61 - MUNICIPIO DE ASCURRA";"Município";"Pessoa Jurídica";"SC";"ASCURRA";"202228560001";"2856 - ROGERIO PENINHA MENDONCA";"250.000,00";
"12/2024";"83.102.772/0001-61 - MUNICIPIO DE ASCURRA";"Município";"Pessoa Jurídica";"SC";"ASCURRA";"202444010006";"4401 - JULIA ZANATTA";"250.000,00";
"03/2023";"82.561.093/0001-98 - MUNICIPIO DE SAO JOAQUIM";"Município";"Pessoa Jurídica";"SC";"SÃO JOAQUIM";"202237860003";"3786 - DARIO BERGER";"250.000,00";
"12/2024";"82.925.025/0001-60 - MUNICIPIO DE NOVA TRENTO";"Município";"Pessoa Jurídica";"SC";"NOVA TRENTO";"202422100016";"2210 - ESPERIDIAO AMIN";"250.000,00";
"07/2022";"82.925.025/0001-60 - MUNICIPIO DE NOVA TRENTO";"Município";"Pessoa Jurídica";"SC";"NOVA TRENTO";"202237860003";"3786 - DARIO BERGER";"250.000,00";
"07/2024";"95.993.093/0001-09 - MUNICIPIO DE CORONEL MARTINS";"Município";"Pessoa Jurídica";"SC";"CORONEL MARTINS";"202428550022";"2855 - PEDRO UCZAI";"250.000,00";
"03/2023";"83.102.806/0001-18 - MUNICIPIO DE RIO DOS CEDROS";"Município";"Pessoa Jurídica";"SC";"RIO DOS CEDROS";"202228560001";"2856 - ROGERIO PENINHA MENDONCA";"250.000,00";
"12/2024";"83.102.764/0001-15 - MUNICIPIO DE TIMBO";"Município";"Pessoa Jurídica";"SC";"TIMBÓ";"202439320001";"3932 - CAROLINE DE TONI";"250.000,00";
"12/2024";"95.993.085/0001-62 - MUNICIPIO DE PASSOS MAIA";"Município";"Pessoa Jurídica";"SC";"PASSOS MAIA";"202443250003";"4325 - COBALCHINI";"250.000,00";
"08/2023";"82.777.343/0001-21 - MUNICIPIO DE BOM RETIRO";"Município";"Pessoa Jurídica";"SC";"BOM RETIRO";"202339320001";"3932 - CAROLINE DE TONI";"250.000,00";
"07/2022";"82.562.893/0001-23 - MUNICIPIO DE CANELINHA";"Município";"Pessoa Jurídica";"SC";"CANELINHA";"202228560001";"2856 - ROGERIO PENINHA MENDONCA";"250.000,00";
"12/2023";"82.562.893/0001-23 - MUNICIPIO DE CANELINHA";"Município";"Pessoa Jurídica";"SC";"CANELINHA";"202339320001";"3932 - CAROLINE DE TONI";"250.000,00";
"08/2023";"83.026.138/0001-97 - MUNICIPIO DE DESCANSO";"Município";"Pessoa Jurídica";"SC";"DESCANSO";"202328550022";"2855 - PEDRO UCZAI";"250.000,00";
"03/2023";"95.991.071/0001-00 - MUNICIPIO DE RIO RUFINO";"Município";"Pessoa Jurídica";"SC";"RIO RUFINO";"202240150005";"4015 - HELIO COSTA";"250.000,00";
"03/2023";"83.102.731/0001-75 - MUNICIPIO DE TROMBUDO CENTRAL";"Município";"Pessoa Jurídica";"SC";"TROMBUDO CENTRAL";"202222100001";"2210 - ESPERIDIAO AMIN";"250.000,00";
"12/2023";"83.102.731/0001-75 - MUNICIPIO DE TROMBUDO CENTRAL";"Município";"Pessoa Jurídica";"SC";"TROMBUDO CENTRAL";"202322100001";"2210 - ESPERIDIAO AMIN";"250.000,00";
"03/2023";"83.102.376/0001-34 - MUNICIPIO DE VIDAL RAMOS";"Município";"Pessoa Jurídica";"SC";"VIDAL RAMOS";"202228560001";"2856 - ROGERIO PENINHA MENDONCA";"250.000,00";
"12/2024";"83.102.574/0001-06 - MUNICIPIO DE RIO DO SUL";"Município";"Pessoa Jurídica";"SC";"RIO DO SUL";"202439800001";"3980 - FABIO SCHIOCHET";"250.000,00";
"07/2024";"83.102.574/0001-06 - MUNICIPIO DE RIO DO SUL";"Município";"Pessoa Jurídica";"SC";"RIO DO SUL";"202439320001";"3932 - CAROLINE DE TONI";"250.000,00";
"08/2023";"78.509.072/0001-56 - MUNICIPIO DE MAREMA";"Município";"Pessoa Jurídica";"SC";"MAREMA";"202322100001";"2210 - ESPERIDIAO AMIN";"250.000,00";
"03/2023";"83.102.491/0001-09 - MUNICIPIO DE SCHROEDER";"Município";"Pessoa Jurídica";"SC";"SCHROEDER";"202232350003";"3235 - GEOVANIA DE SA";"250.000,00";
"07/2022";"82.777.335/0001-85 - MUNICIPIO DE ANITA GARIBALDI";"Município";"Pessoa Jurídica";"SC";"ANITA GARIBALDI";"202229250013";"2925 - CARMEN ZANOTTO";"250.000,00";
"03/2023";"80.637.457/0001-40 - MUNICIPIO DE JARDINOPOLIS";"Município";"Pessoa Jurídica";"SC";"JARDINÓPOLIS";"202228550021";"2855 - PEDRO UCZAI";"250.000,00";
"12/2024";"80.637.457/0001-40 - MUNICIPIO DE JARDINOPOLIS";"Município";"Pessoa Jurídica";"SC";"JARDINÓPOLIS";"202428550022";"2855 - PEDRO UCZAI";"250.000,00";
"07/2024";"83.021.808/0001-82 - MUNICIPIO DE CHAPECO";"Município";"Pessoa Jurídica";"SC";"CHAPECÓ";"202439320001";"3932 - CAROLINE DE TONI";"250.000,00";
"07/2024";"01.599.409/0001-39 - MUNICIPIO DE CAPAO ALTO";"Município";"Pessoa Jurídica";"SC";"CAPÃO ALTO";"202429250006";"2925 - CARMEN ZANOTTO";"250.000,00";
"07/2022";"01.599.409/0001-39 - MUNICIPIO DE CAPAO ALTO";"Município";"Pessoa Jurídica";"SC";"CAPÃO ALTO";"202218800004";"1880 - ANGELA AMIN";"250.000,00";
"12/2024";"86.051.398/0001-00 - MUNICIPIO DE SAO BENTO DO SUL";"Município";"Pessoa Jurídica";"SC";"SÃO BENTO DO SUL";"202444480002";"4448 - PEZENTI";"250.000,00";
"12/2024";"86.051.398/0001-00 - MUNICIPIO DE SAO BENTO DO SUL";"Município";"Pessoa Jurídica";"SC";"SÃO BENTO DO SUL";"202439320001";"3932 - CAROLINE DE TONI";"250.000,00";
"10/2023";"86.051.398/0001-00 - MUNICIPIO DE SAO BENTO DO SUL";"Município";"Pessoa Jurídica";"SC";"SÃO BENTO DO SUL";"202339320001";"3932 - CAROLINE DE TONI";"250.000,00";
"12/2024";"86.051.398/0001-00 - MUNICIPIO DE SAO BENTO DO SUL";"Município";"Pessoa Jurídica";"SC";"SÃO BENTO DO SUL";"202429250006";"2925 - CARMEN ZANOTTO";"250.000,00";
"07/2024";"82.844.754/0001-92 - MUNICIPIO DE BOM JARDIM DA SERRA";"Município";"Pessoa Jurídica";"SC";"BOM JARDIM DA SERRA";"202422100016";"2210 - ESPERIDIAO AMIN";"250.000,00";
"07/2022";"83.108.357/0001-15 - MUNICIPIO DE BLUMENAU";"Município";"Pessoa Jurídica";"SC";"BLUMENAU";"202239440009";"3944 - CORONEL ARMANDO";"250.000,00";
"07/2024";"83.102.418/0001-37 - MUNICIPIO DE IBIRAMA";"Município";"Pessoa Jurídica";"SC";"IBIRAMA";"202422100016";"2210 - ESPERIDIAO AMIN";"250.000,00";
"07/2024";"83.102.418/0001-37 - MUNICIPIO DE IBIRAMA";"Município";"Pessoa Jurídica";"SC";"IBIRAMA";"202439320001";"3932 - CAROLINE DE TONI";"250.000,00";
"03/2023";"78.505.591/0001-46 - MUNICIPIO DE UNIAO DO OESTE";"Município";"Pessoa Jurídica";"SC";"UNIÃO DO OESTE";"202239530001";"3953 - DARCI DE MATOS";"250.000,00";
"03/2023";"82.548.983/0001-60 - MUNICIPIO DE TURVO";"Município";"Pessoa Jurídica";"SC";"TURVO";"202218800004";"1880 - ANGELA AMIN";"250.000,00";
"07/2022";"82.892.308/0001-53 - MUNICIPIO DE BIGUACU";"Município";"Pessoa Jurídica";"SC";"BIGUAÇU";"202237860003";"3786 - DARIO BERGER";"250.000,00";
"07/2022";"82.836.057/0001-90 - MUNICIPIO DE GAROPABA";"Município";"Pessoa Jurídica";"SC";"GAROPABA";"202218800004";"1880 - ANGELA AMIN";"250.000,00";
"08/2023";"83.102.277/0001-52 - MUNICIPIO DE ITAJAI";"Município";"Pessoa Jurídica";"SC";"ITAJAÍ";"202318800004";"1880 - ANGELA AMIN";"250.000,00";
"07/2024";"95.990.180/0001-02 - MUNICIPIO DE AGUAS FRIAS";"Município";"Pessoa Jurídica";"SC";"ÁGUAS FRIAS";"202443250003";"4325 - COBALCHINI";"250.000,00";
"07/2024";"01.605.479/0001-52 - MUNICIPIO DE BALNEARIO ARROIO DO SILVA";"Município";"Pessoa Jurídica";"SC";"BALNEÁRIO ARROIO DO SILVA";"202443390001";"4339 - DANIELA REINEHR";"250.000,00";
"12/2024";"82.926.593/0001-86 - MUNICIPIO DE SANTA ROSA DE LIMA";"Município";"Pessoa Jurídica";"SC";"SANTA ROSA DE LIMA";"202422100016";"2210 - ESPERIDIAO AMIN";"250.000,00";
"07/2022";"83.102.368/0001-98 - MUNICIPIO DE GUABIRUBA";"Município";"Pessoa Jurídica";"SC";"GUABIRUBA";"202228560001";"2856 - ROGERIO PENINHA MENDONCA";"250.000,00";
"07/2024";"01.612.745/0001-74 - MUNICIPIO DE IBIAM";"Município";"Pessoa Jurídica";"SC";"IBIAM";"202443250003";"4325 - COBALCHINI";"250.000,00";
"12/2024";"83.009.878/0001-15 - MUNICIPIO DE XAVANTINA";"Município";"Pessoa Jurídica";"SC";"XAVANTINA";"202439320001";"3932 - CAROLINE DE TONI";"250.000,00";
"07/2024";"95.951.323/0001-77 - MUNICIPIO DE SANTA TEREZINHA";"Município";"Pessoa Jurídica";"SC";"SANTA TEREZINHA";"202440620002";"4062 - RICARDO GUIDI";"250.000,00";
"03/2023";"95.780.458/0001-17 - MUNICIPIO DE SANGAO";"Município";"Pessoa Jurídica";"SC";"SANGÃO";"202218800004";"1880 - ANGELA AMIN";"250.000,00";
"03/2023";"95.992.020/0001-00 - MUNICIPIO DE MACIEIRA";"Município";"Pessoa Jurídica";"SC";"MACIEIRA";"202225690003";"2569 - CELSO MALDANER";"250.000,00";
"12/2024";"82.777.301/0001-90 - MUNICIPIO DE LAGES";"Município";"Pessoa Jurídica";"SC";"LAGES";"202443390001";"4339 - DANIELA REINEHR";"250.000,00";
"07/2022";"83.102.459/0001-23 - MUNICIPIO DE JARAGUA DO SUL";"Município";"Pessoa Jurídica";"SC";"JARAGUÁ DO SUL";"202232350003";"3235 - GEOVANIA DE SA";"250.000,00";
"07/2022";"83.102.426/0001-83 - MUNICIPIO DE DONA EMMA";"Município";"Pessoa Jurídica";"SC";"DONA EMMA";"202228560001";"2856 - ROGERIO PENINHA MENDONCA";"250.000,00";
"12/2024";"82.827.999/0001-01 - MUNICIPIO DE TANGARA";"Município";"Pessoa Jurídica";"SC";"TANGARÁ";"202444010006";"4401 - JULIA ZANATTA";"250.000,00";
"12/2024";"82.827.999/0001-01 - MUNICIPIO DE TANGARA";"Município";"Pessoa Jurídica";"SC";"TANGARÁ";"202443390001";"4339 - DANIELA REINEHR";"250.000,00";
"08/2023";"01.606.852/0001-90 - MUNICIPIO DE BOCAINA DO SUL";"Município";"Pessoa Jurídica";"SC";"BOCAINA DO SUL";"202329250001";"2925 - CARMEN ZANOTTO";"250.000,00";
"12/2024";"83.026.781/0001-10 - MUNICIPIO DE SAO JOSE DO CEDRO";"Município";"Pessoa Jurídica";"SC";"SÃO JOSÉ DO CEDRO";"202443390001";"4339 - DANIELA REINEHR";"250.000,00";
"12/2023";"83.026.781/0001-10 - MUNICIPIO DE SAO JOSE DO CEDRO";"Município";"Pessoa Jurídica";"SC";"SÃO JOSÉ DO CEDRO";"202339320001";"3932 - CAROLINE DE TONI";"250.000,00";
"12/2024";"83.026.781/0001-10 - MUNICIPIO DE SAO JOSE DO CEDRO";"Município";"Pessoa Jurídica";"SC";"SÃO JOSÉ DO CEDRO";"202439290001";"3929 - CARLOS CHIODINI";"250.000,00";
"07/2022";"83.026.773/0001-74 - MUNICIPIO DE DIONISIO CERQUEIRA";"Município";"Pessoa Jurídica";"SC";"DIONÍSIO CERQUEIRA";"202228560001";"2856 - ROGERIO PENINHA MENDONCA";"250.000,00";
"12/2024";"82.892.274/0001-05 - MUNICIPIO DE SAO JOSE";"Município";"Pessoa Jurídica";"SC";"SÃO JOSÉ";"202439320001";"3932 - CAROLINE DE TONI";"250.000,00";
"12/2023";"83.102.731/0001-75 - MUNICIPIO DE TROMBUDO CENTRAL";"Município";"Pessoa Jurídica";"SC";"TROMBUDO CENTRAL";"202328560017";"2856 - ROGERIO PENINHA MENDONCA";"251.683,00";
"07/2024";"95.990.131/0001-70 - MUNICIPIO DE NOVA ITABERABA";"Município";"Pessoa Jurídica";"SC";"NOVA ITABERABA";"202428550022";"2855 - PEDRO UCZAI";"252.390,79";
"12/2023";"86.051.398/0001-00 - MUNICIPIO DE SAO BENTO DO SUL";"Município";"Pessoa Jurídica";"SC";"SÃO BENTO DO SUL";"202328560024";"2856 - ROGERIO PENINHA MENDONCA";"252.448,00";
"10/2023";"82.916.800/0001-11 - MUNICIPIO DE ICARA";"Município";"Pessoa Jurídica";"SC";"IÇARA";"202329250001";"2925 - CARMEN ZANOTTO";"254.174,50";
"12/2023";"01.608.905/0001-01 - MUNICIPIO DE ERMO";"Município";"Pessoa Jurídica";"SC";"ERMO";"202339290002";"3929 - CARLOS CHIODINI";"254.998,00";
"06/2026";"95.952.230/0001-67 - MUNICIPIO DE BRACO DO TROMBUDO";"Município";"Pessoa Jurídica";"SC";"BRAÇO DO TROMBUDO";"202644480001";"4448 - PEZENTI";"257.705,00";
"06/2026";"83.074.310/0001-88 - MUNICIPIO DE LEBON REGIS";"Município";"Pessoa Jurídica";"SC";"LEBON RÉGIS";"202622100012";"2210 - ESPERIDIAO AMIN";"257.820,37";
"12/2023";"95.954.442/0001-83 - MUNICIPIO DE SAO JOAO DO ITAPERIU";"Município";"Pessoa Jurídica";"SC";"SÃO JOÃO DO ITAPERIÚ";"202339290002";"3929 - CARLOS CHIODINI";"257.926,75";
"06/2026";"82.892.357/0001-96 - MUNICIPIO DE RANCHO QUEIMADO";"Município";"Pessoa Jurídica";"SC";"RANCHO QUEIMADO";"202642090003";"4209 - JORGE GOETTEN";"259.921,60";
"08/2023";"82.926.569/0001-47 - MUNICIPIO DE GRAVATAL";"Município";"Pessoa Jurídica";"SC";"GRAVATAL";"202332350003";"3235 - GEOVANIA DE SA";"260.342,50";
"10/2025";"83.102.590/0001-90 - MUNICIPIO DE AGRONOMICA";"Município";"Pessoa Jurídica";"SC";"AGRONÔMICA";"202544480001";"4448 - PEZENTI";"265.312,08";
"07/2022";"83.169.623/0001-10 - MUNICIPIO DE JOINVILLE";"Município";"Pessoa Jurídica";"SC";"JOINVILLE";"202239440009";"3944 - CORONEL ARMANDO";"269.000,00";
"10/2023";"83.102.723/0001-29 - MUNICIPIO DE SALETE";"Município";"Pessoa Jurídica";"SC";"SALETE";"202342510010";"4251 - IVETE DA SILVEIRA";"269.608,00";
"07/2022";"82.892.316/0001-08 - MUNICIPIO DE PALHOCA";"Município";"Pessoa Jurídica";"SC";"PALHOÇA";"202218800004";"1880 - ANGELA AMIN";"269.680,00";
"12/2023";"95.990.255/0001-55 - MUNICIPIO DE PLANALTO ALEGRE";"Município";"Pessoa Jurídica";"SC";"PLANALTO ALEGRE";"202322100001";"2210 - ESPERIDIAO AMIN";"271.354,50";
"12/2024";"82.892.266/0001-50 - MUNICIPIO DE AGUAS MORNAS";"Município";"Pessoa Jurídica";"SC";"ÁGUAS MORNAS";"202442510013";"4251 - IVETE DA SILVEIRA";"275.000,00";
"07/2024";"82.892.266/0001-50 - MUNICIPIO DE AGUAS MORNAS";"Município";"Pessoa Jurídica";"SC";"ÁGUAS MORNAS";"202442510012";"4251 - IVETE DA SILVEIRA";"275.000,00";
"03/2023";"95.995.130/0001-18 - MUNICIPIO DE VARGEM";"Município";"Pessoa Jurídica";"SC";"VARGEM";"202239320002";"3932 - CAROLINE DE TONI";"280.000,00";
"12/2024";"01.613.120/0001-27 - MUNICIPIO DE CHAPADAO DO LAGEADO";"Município";"Pessoa Jurídica";"SC";"CHAPADÃO DO LAGEADO";"202444480002";"4448 - PEZENTI";"285.792,00";
"12/2024";"82.892.274/0001-05 - MUNICIPIO DE SAO JOSE";"Município";"Pessoa Jurídica";"SC";"SÃO JOSÉ";"202444930001";"4493 - ZE TROVAO";"285.792,00";
"10/2025";"82.928.698/0001-74 - MUNICIPIO DE JAGUARUNA";"Município";"Pessoa Jurídica";"SC";"JAGUARUNA";"202544010010";"4401 - JULIA ZANATTA";"287.100,00";
"07/2024";"82.826.462/0001-27 - MUNICIPIO DE ARROIO TRINTA";"Município";"Pessoa Jurídica";"SC";"ARROIO TRINTA";"202443390001";"4339 - DANIELA REINEHR";"287.898,18";
"06/2026";"83.102.251/0001-04 - MUNICIPIO DE POMERODE";"Município";"Pessoa Jurídica";"SC";"POMERODE";"202644010005";"4401 - JULIA ZANATTA";"288.653,52";
"03/2023";"82.845.744/0001-71 - MUNICIPIO DE MAJOR GERCINO";"Município";"Pessoa Jurídica";"SC";"MAJOR GERCINO";"202239800001";"3980 - FABIO SCHIOCHET";"289.841,00";
"07/2022";"83.102.665/0001-33 - MUNICIPIO DE LONTRAS";"Município";"Pessoa Jurídica";"SC";"LONTRAS";"202228560001";"2856 - ROGERIO PENINHA MENDONCA";"290.841,00";
"10/2025";"82.562.893/0001-23 - MUNICIPIO DE CANELINHA";"Município";"Pessoa Jurídica";"SC";"CANELINHA";"202544010010";"4401 - JULIA ZANATTA";"295.012,08";
"12/2024";"83.102.285/0001-07 - MUNICIPIO DE BALNEARIO CAMBORIU";"Município";"Pessoa Jurídica";"SC";"BALNEÁRIO CAMBORIÚ";"202444480002";"4448 - PEZENTI";"295.334,13";
"09/2025";"95.993.077/0001-16 - MUNICIPIO DE LAJEADO GRANDE";"Município";"Pessoa Jurídica";"SC";"LAJEADO GRANDE";"202539320001";"3932 - CAROLINE DE TONI";"297.000,00";
"12/2025";"95.990.131/0001-70 - MUNICIPIO DE NOVA ITABERABA";"Município";"Pessoa Jurídica";"SC";"NOVA ITABERABA";"202522100013";"2210 - ESPERIDIAO AMIN";"297.000,00";
"09/2025";"01.612.387/0001-08 - MUNICIPIO DE ZORTEA";"Município";"Pessoa Jurídica";"SC";"ZORTÉA";"202522100013";"2210 - ESPERIDIAO AMIN";"297.000,00";
"12/2025";"83.024.257/0001-00 - MUNICIPIO DE CONCORDIA";"Município";"Pessoa Jurídica";"SC";"CONCÓRDIA";"202544480001";"4448 - PEZENTI";"297.000,00";
"10/2025";"95.995.221/0001-53 - MUNICIPIO DE ARABUTA";"Município";"Pessoa Jurídica";"SC";"ARABUTÃ";"202522100013";"2210 - ESPERIDIAO AMIN";"297.000,00";
"09/2025";"83.021.824/0001-75 - MUNICIPIO DE CORONEL FREITAS";"Município";"Pessoa Jurídica";"SC";"CORONEL FREITAS";"202539320001";"3932 - CAROLINE DE TONI";"297.000,00";
"09/2025";"82.538.851/0001-57 - MUNICIPIO DE IMARUI";"Município";"Pessoa Jurídica";"SC";"IMARUÍ";"202542510003";"4251 - IVETE DA SILVEIRA";"297.000,00";
"09/2025";"82.939.232/0001-74 - MUNICIPIO DE CAMPOS NOVOS";"Município";"Pessoa Jurídica";"SC";"CAMPOS NOVOS";"202542510003";"4251 - IVETE DA SILVEIRA";"297.000,00";
"10/2025";"01.612.744/0001-20 - MUNICIPIO DE IOMERE";"Município";"Pessoa Jurídica";"SC";"IOMERÊ";"202543250005";"4325 - COBALCHINI";"297.000,00";
"12/2025";"83.021.147/0001-95 - MUNICIPIO DE CUNHA PORA";"Município";"Pessoa Jurídica";"SC";"CUNHA PORÃ";"202522100013";"2210 - ESPERIDIAO AMIN";"297.000,00";
"10/2025";"83.102.244/0001-02 - MUNICIPIO DE GASPAR";"Município";"Pessoa Jurídica";"SC";"GASPAR";"202544480001";"4448 - PEZENTI";"297.000,00";
"10/2025";"83.102.467/0001-70 - MUNICIPIO DE CORUPA";"Município";"Pessoa Jurídica";"SC";"CORUPÁ";"202590550002";"9055 - GILSON MARQUES";"297.000,00";
"09/2025";"82.926.551/0001-45 - MUNICIPIO DE BRACO DO NORTE";"Município";"Pessoa Jurídica";"SC";"BRAÇO DO NORTE";"202522100013";"2210 - ESPERIDIAO AMIN";"297.000,00";
"10/2025";"82.827.353/0001-24 - MUNICIPIO DE SALTO VELOSO";"Município";"Pessoa Jurídica";"SC";"SALTO VELOSO";"202539320001";"3932 - CAROLINE DE TONI";"297.000,00";
"09/2025";"82.951.195/0001-10 - MUNICIPIO DE ANGELINA";"Município";"Pessoa Jurídica";"SC";"ANGELINA";"202539800001";"3980 - FABIO SCHIOCHET";"297.000,00";
"10/2025";"82.577.636/0001-65 - MUNICIPIO DE TIJUCAS";"Município";"Pessoa Jurídica";"SC";"TIJUCAS";"202543390010";"4339 - DANIELA REINEHR";"297.000,00";
"12/2025";"83.102.582/0001-44 - MUNICIPIO DE AGROLANDIA";"Município";"Pessoa Jurídica";"SC";"AGROLÂNDIA";"202590550002";"9055 - GILSON MARQUES";"297.000,00";
"09/2025";"83.102.293/0001-45 - MUNICIPIO DE CAMBORIU";"Município";"Pessoa Jurídica";"SC";"CAMBORIÚ";"202544480001";"4448 - PEZENTI";"297.000,00";
"09/2025";"83.102.848/0001-59 - MUNICIPIO DE GARUVA";"Município";"Pessoa Jurídica";"SC";"GARUVA";"202539290001";"3929 - CARLOS CHIODINI";"297.000,00";
"10/2025";"83.028.639/0001-02 - MUNICIPIO DE PALMA SOLA";"Município";"Pessoa Jurídica";"SC";"PALMA SOLA";"202542730002";"4273 - JORGE SEIF";"297.000,00";
"09/2025";"83.021.816/0001-29 - MUNICIPIO DE CAXAMBU DO SUL";"Município";"Pessoa Jurídica";"SC";"CAXAMBU DO SUL";"202540620003";"4062 - RICARDO GUIDI";"297.000,00";
"12/2025";"83.102.780/0001-08 - MUNICIPIO DE BENEDITO NOVO";"Município";"Pessoa Jurídica";"SC";"BENEDITO NOVO";"202590550002";"9055 - GILSON MARQUES";"297.000,00";
"12/2025";"82.777.343/0001-21 - MUNICIPIO DE BOM RETIRO";"Município";"Pessoa Jurídica";"SC";"BOM RETIRO";"202544480001";"4448 - PEZENTI";"297.000,00";
"12/2025";"83.026.138/0001-97 - MUNICIPIO DE DESCANSO";"Município";"Pessoa Jurídica";"SC";"DESCANSO";"202543920009";"4392 - ISMAEL";"297.000,00";
"12/2025";"83.026.138/0001-97 - MUNICIPIO DE DESCANSO";"Município";"Pessoa Jurídica";"SC";"DESCANSO";"202544480001";"4448 - PEZENTI";"297.000,00";
"09/2025";"83.102.376/0001-34 - MUNICIPIO DE VIDAL RAMOS";"Município";"Pessoa Jurídica";"SC";"VIDAL RAMOS";"202522100013";"2210 - ESPERIDIAO AMIN";"297.000,00";
"10/2025";"83.009.894/0001-08 - MUNICIPIO DE SAO DOMINGOS";"Município";"Pessoa Jurídica";"SC";"SÃO DOMINGOS";"202528550023";"2855 - PEDRO UCZAI";"297.000,00";
"09/2025";"78.509.072/0001-56 - MUNICIPIO DE MAREMA";"Município";"Pessoa Jurídica";"SC";"MAREMA";"202539320001";"3932 - CAROLINE DE TONI";"297.000,00";
"12/2025";"83.102.251/0001-04 - MUNICIPIO DE POMERODE";"Município";"Pessoa Jurídica";"SC";"POMERODE";"202539490006";"3949 - DANIEL FREITAS";"297.000,00";
"09/2025";"83.102.434/0001-20 - MUNICIPIO DE PRESIDENTE GETULIO";"Município";"Pessoa Jurídica";"SC";"PRESIDENTE GETÚLIO";"202540620003";"4062 - RICARDO GUIDI";"297.000,00";
"10/2025";"83.102.277/0001-52 - MUNICIPIO DE ITAJAI";"Município";"Pessoa Jurídica";"SC";"ITAJAÍ";"202543920009";"4392 - ISMAEL";"297.000,00";
"09/2025";"95.951.323/0001-77 - MUNICIPIO DE SANTA TEREZINHA";"Município";"Pessoa Jurídica";"SC";"SANTA TEREZINHA";"202544480001";"4448 - PEZENTI";"297.000,00";
"10/2025";"82.960.758/0001-36 - MUNICIPIO DE JACINTO MACHADO";"Município";"Pessoa Jurídica";"SC";"JACINTO MACHADO";"202522100013";"2210 - ESPERIDIAO AMIN";"297.000,00";
"12/2025";"83.024.687/0001-22 - MUNICIPIO DE ANCHIETA";"Município";"Pessoa Jurídica";"SC";"ANCHIETA";"202544480001";"4448 - PEZENTI";"297.000,00";
"06/2026";"83.754.044/0001-34 - MUNICIPIO DE CURITIBANOS";"Município";"Pessoa Jurídica";"SC";"CURITIBANOS";"202632350004";"3235 - GEOVANIA DE SA";"298.500,00";
"06/2026";"83.102.269/0001-06 - MUNICIPIO DE SAO FRANCISCO DO SUL";"Município";"Pessoa Jurídica";"SC";"SÃO FRANCISCO DO SUL";"202632350004";"3235 - GEOVANIA DE SA";"298.500,00";
"06/2026";"95.778.056/0001-88 - MUNICIPIO DE COCAL DO SUL";"Município";"Pessoa Jurídica";"SC";"COCAL DO SUL";"202622100012";"2210 - ESPERIDIAO AMIN";"298.500,00";
"06/2026";"82.892.290/0001-90 - MUNICIPIO DE ANTONIO CARLOS";"Município";"Pessoa Jurídica";"SC";"ANTÔNIO CARLOS";"202632350004";"3235 - GEOVANIA DE SA";"298.500,00";
"05/2026";"83.102.301/0001-53 - MUNICIPIO DE ILHOTA";"Município";"Pessoa Jurídica";"SC";"ILHOTA";"202643920005";"4392 - ISMAEL";"298.500,00";
"06/2026";"79.373.767/0001-16 - MUNICIPIO DE APIUNA";"Município";"Pessoa Jurídica";"SC";"APIÚNA";"202644480001";"4448 - PEZENTI";"298.500,00";
"05/2026";"82.928.698/0001-74 - MUNICIPIO DE JAGUARUNA";"Município";"Pessoa Jurídica";"SC";"JAGUARUNA";"202643390009";"4339 - DANIELA REINEHR";"298.500,00";
"06/2026";"82.577.636/0001-65 - MUNICIPIO DE TIJUCAS";"Município";"Pessoa Jurídica";"SC";"TIJUCAS";"202644480001";"4448 - PEZENTI";"298.500,00";
"05/2026";"01.608.905/0001-01 - MUNICIPIO DE ERMO";"Município";"Pessoa Jurídica";"SC";"ERMO";"202643390009";"4339 - DANIELA REINEHR";"298.500,00";
"05/2026";"01.612.116/0001-44 - MUNICIPIO DE CUNHATAI";"Município";"Pessoa Jurídica";"SC";"CUNHATAÍ";"202622100012";"2210 - ESPERIDIAO AMIN";"298.500,00";
"06/2026";"83.102.517/0001-19 - MUNICIPIO DE ITAIOPOLIS";"Município";"Pessoa Jurídica";"SC";"ITAIÓPOLIS";"202644010005";"4401 - JULIA ZANATTA";"298.500,00";
"06/2026";"83.102.517/0001-19 - MUNICIPIO DE ITAIOPOLIS";"Município";"Pessoa Jurídica";"SC";"ITAIÓPOLIS";"202644480001";"4448 - PEZENTI";"298.500,00";
"05/2026";"82.777.335/0001-85 - MUNICIPIO DE ANITA GARIBALDI";"Município";"Pessoa Jurídica";"SC";"ANITA GARIBALDI";"202622100012";"2210 - ESPERIDIAO AMIN";"298.500,00";
"06/2026";"83.102.426/0001-83 - MUNICIPIO DE DONA EMMA";"Município";"Pessoa Jurídica";"SC";"DONA EMMA";"202640620003";"4062 - RICARDO GUIDI";"298.500,00";
"06/2026";"01.606.852/0001-90 - MUNICIPIO DE BOCAINA DO SUL";"Município";"Pessoa Jurídica";"SC";"BOCAINA DO SUL";"202644480001";"4448 - PEZENTI";"298.500,00";
"06/2026";"82.926.585/0001-30 - MUNICIPIO DE RIO FORTUNA";"Município";"Pessoa Jurídica";"SC";"RIO FORTUNA";"202644480001";"4448 - PEZENTI";"298.500,00";
"08/2023";"01.608.820/0001-23 - MUNICIPIO DE PAINEL";"Município";"Pessoa Jurídica";"SC";"PAINEL";"202342510010";"4251 - IVETE DA SILVEIRA";"300.000,00";
"03/2023";"82.777.251/0001-41 - MUNICIPIO DE TREZE TILIAS";"Município";"Pessoa Jurídica";"SC";"TREZE TÍLIAS";"202225690003";"2569 - CELSO MALDANER";"300.000,00";
"12/2024";"82.777.251/0001-41 - MUNICIPIO DE TREZE TILIAS";"Município";"Pessoa Jurídica";"SC";"TREZE TÍLIAS";"202444010006";"4401 - JULIA ZANATTA";"300.000,00";
"12/2023";"82.777.251/0001-41 - MUNICIPIO DE TREZE TILIAS";"Município";"Pessoa Jurídica";"SC";"TREZE TÍLIAS";"202339320001";"3932 - CAROLINE DE TONI";"300.000,00";
"08/2023";"82.777.244/0001-40 - MUNICIPIO DE PRESIDENTE CASTELO BRANCO";"Município";"Pessoa Jurídica";"SC";"PRESIDENTE CASTELLO BRANCO";"202342510010";"4251 - IVETE DA SILVEIRA";"300.000,00";
"07/2024";"82.765.488/0001-02 - MUNICIPIO DE TAIO";"Município";"Pessoa Jurídica";"SC";"TAIÓ";"202439320001";"3932 - CAROLINE DE TONI";"300.000,00";
"07/2024";"83.102.343/0001-94 - MUNICIPIO DE BRUSQUE";"Município";"Pessoa Jurídica";"SC";"BRUSQUE";"202422100016";"2210 - ESPERIDIAO AMIN";"300.000,00";
"12/2024";"83.102.343/0001-94 - MUNICIPIO DE BRUSQUE";"Município";"Pessoa Jurídica";"SC";"BRUSQUE";"202442090002";"4209 - JORGE GOETTEN";"300.000,00";
"12/2024";"85.361.863/0001-47 - MUNICIPIO DE PALMITOS";"Município";"Pessoa Jurídica";"SC";"PALMITOS";"202443390001";"4339 - DANIELA REINEHR";"300.000,00";
"08/2023";"95.990.115/0001-87 - MUNICIPIO DE NOVO HORIZONTE";"Município";"Pessoa Jurídica";"SC";"NOVO HORIZONTE";"202328550022";"2855 - PEDRO UCZAI";"300.000,00";
"03/2023";"83.754.044/0001-34 - MUNICIPIO DE CURITIBANOS";"Município";"Pessoa Jurídica";"SC";"CURITIBANOS";"202240620006";"4062 - RICARDO GUIDI";"300.000,00";
"12/2023";"82.821.182/0001-26 - MUNICIPIO DE ROMELANDIA";"Município";"Pessoa Jurídica";"SC";"ROMELÂNDIA";"202339800001";"3980 - FABIO SCHIOCHET";"300.000,00";
"12/2023";"82.821.182/0001-26 - MUNICIPIO DE ROMELANDIA";"Município";"Pessoa Jurídica";"SC";"ROMELÂNDIA";"202332350003";"3235 - GEOVANIA DE SA";"300.000,00";
"12/2024";"01.612.387/0001-08 - MUNICIPIO DE ZORTEA";"Município";"Pessoa Jurídica";"SC";"ZORTÉA";"202442090002";"4209 - JORGE GOETTEN";"300.000,00";
"08/2023";"80.637.424/0001-09 - MUNICIPIO DE FORMOSA DO SUL";"Município";"Pessoa Jurídica";"SC";"FORMOSA DO SUL";"202328550022";"2855 - PEDRO UCZAI";"300.000,00";
"12/2023";"95.995.221/0001-53 - MUNICIPIO DE ARABUTA";"Município";"Pessoa Jurídica";"SC";"ARABUTÃ";"202342510010";"4251 - IVETE DA SILVEIRA";"300.000,00";
"12/2024";"81.531.162/0001-58 - MUNICIPIO DE FORQUILHINHA";"Município";"Pessoa Jurídica";"SC";"FORQUILHINHA";"202422100016";"2210 - ESPERIDIAO AMIN";"300.000,00";
"03/2023";"01.613.120/0001-27 - MUNICIPIO DE CHAPADAO DO LAGEADO";"Município";"Pessoa Jurídica";"SC";"CHAPADÃO DO LAGEADO";"202218800004";"1880 - ANGELA AMIN";"300.000,00";
"08/2023";"78.493.343/0001-22 - MUNICIPIO DE CELSO RAMOS";"Município";"Pessoa Jurídica";"SC";"CELSO RAMOS";"202329250001";"2925 - CARMEN ZANOTTO";"300.000,00";
"12/2024";"95.991.287/0001-75 - MUNICIPIO DE PONTE ALTA DO NORTE";"Município";"Pessoa Jurídica";"SC";"PONTE ALTA DO NORTE";"202443250003";"4325 - COBALCHINI";"300.000,00";
"12/2024";"82.926.536/0001-05 - MUNICIPIO DE SAO LUDGERO";"Município";"Pessoa Jurídica";"SC";"SÃO LUDGERO";"202442090002";"4209 - JORGE GOETTEN";"300.000,00";
"09/2023";"83.021.824/0001-75 - MUNICIPIO DE CORONEL FREITAS";"Município";"Pessoa Jurídica";"SC";"CORONEL FREITAS";"202328550022";"2855 - PEDRO UCZAI";"300.000,00";
"07/2022";"82.538.851/0001-57 - MUNICIPIO DE IMARUI";"Município";"Pessoa Jurídica";"SC";"IMARUÍ";"202237860003";"3786 - DARIO BERGER";"300.000,00";
"10/2023";"83.102.640/0001-30 - MUNICIPIO DE ITUPORANGA";"Município";"Pessoa Jurídica";"SC";"ITUPORANGA";"202339290002";"3929 - CARLOS CHIODINI";"300.000,00";
"07/2022";"01.614.374/0001-60 - MUNICIPIO DE ALTO BELA VISTA";"Município";"Pessoa Jurídica";"SC";"ALTO BELA VISTA";"202225690003";"2569 - CELSO MALDANER";"300.000,00";
"12/2023";"82.892.324/0001-46 - MUNICIPIO DE SANTO AMARO DA IMPERATRIZ";"Município";"Pessoa Jurídica";"SC";"SANTO AMARO DA IMPERATRIZ";"202322100001";"2210 - ESPERIDIAO AMIN";"300.000,00";
"12/2024";"83.039.842/0001-84 - MUNICIPIO DE VIDEIRA";"Município";"Pessoa Jurídica";"SC";"VIDEIRA";"202490550002";"9055 - GILSON MARQUES";"300.000,00";
"03/2023";"82.892.373/0001-89 - MUNICIPIO DE GOVERNADOR CELSO RAMOS";"Município";"Pessoa Jurídica";"SC";"GOVERNADOR CELSO RAMOS";"202239490001";"3949 - DANIEL FREITAS";"300.000,00";
"08/2023";"82.814.575/0001-02 - MUNICIPIO DE IPUMIRIM";"Município";"Pessoa Jurídica";"SC";"IPUMIRIM";"202342510010";"4251 - IVETE DA SILVEIRA";"300.000,00";
"07/2022";"83.102.533/0001-01 - MUNICIPIO DE PAPANDUVA";"Município";"Pessoa Jurídica";"SC";"PAPANDUVA";"202239290005";"3929 - CARLOS CHIODINI";"300.000,00";
"12/2024";"82.854.670/0001-30 - MUNICIPIO DE XAXIM";"Município";"Pessoa Jurídica";"SC";"XAXIM";"202439320001";"3932 - CAROLINE DE TONI";"300.000,00";
"12/2024";"82.939.232/0001-74 - MUNICIPIO DE CAMPOS NOVOS";"Município";"Pessoa Jurídica";"SC";"CAMPOS NOVOS";"202422100016";"2210 - ESPERIDIAO AMIN";"300.000,00";
"07/2022";"82.939.232/0001-74 - MUNICIPIO DE CAMPOS NOVOS";"Município";"Pessoa Jurídica";"SC";"CAMPOS NOVOS";"202239530001";"3953 - DARCI DE MATOS";"300.000,00";
"03/2023";"82.939.232/0001-74 - MUNICIPIO DE CAMPOS NOVOS";"Município";"Pessoa Jurídica";"SC";"CAMPOS NOVOS";"202239320002";"3932 - CAROLINE DE TONI";"300.000,00";
"07/2024";"82.939.232/0001-74 - MUNICIPIO DE CAMPOS NOVOS";"Município";"Pessoa Jurídica";"SC";"CAMPOS NOVOS";"202443250003";"4325 - COBALCHINI";"300.000,00";
"12/2023";"80.989.965/0001-98 - MUNICIPIO DE SANTA ROSA DO SUL";"Município";"Pessoa Jurídica";"SC";"SANTA ROSA DO SUL";"202332350003";"3235 - GEOVANIA DE SA";"300.000,00";
"12/2023";"80.989.965/0001-98 - MUNICIPIO DE SANTA ROSA DO SUL";"Município";"Pessoa Jurídica";"SC";"SANTA ROSA DO SUL";"202340620003";"4062 - RICARDO GUIDI";"300.000,00";
"10/2023";"82.916.800/0001-11 - MUNICIPIO DE ICARA";"Município";"Pessoa Jurídica";"SC";"IÇARA";"202332350003";"3235 - GEOVANIA DE SA";"300.000,00";
"08/2023";"82.945.718/0001-15 - MUNICIPIO DE SAO CARLOS";"Município";"Pessoa Jurídica";"SC";"SÃO CARLOS";"202342510010";"4251 - IVETE DA SILVEIRA";"300.000,00";
"12/2024";"83.102.814/0001-64 - MUNICIPIO DE RODEIO";"Município";"Pessoa Jurídica";"SC";"RODEIO";"202444480002";"4448 - PEZENTI";"300.000,00";
"12/2023";"83.102.814/0001-64 - MUNICIPIO DE RODEIO";"Município";"Pessoa Jurídica";"SC";"RODEIO";"202339320001";"3932 - CAROLINE DE TONI";"300.000,00";
"12/2023";"83.102.814/0001-64 - MUNICIPIO DE RODEIO";"Município";"Pessoa Jurídica";"SC";"RODEIO";"202342510010";"4251 - IVETE DA SILVEIRA";"300.000,00";
"12/2023";"83.102.814/0001-64 - MUNICIPIO DE RODEIO";"Município";"Pessoa Jurídica";"SC";"RODEIO";"202322100001";"2210 - ESPERIDIAO AMIN";"300.000,00";
"03/2023";"82.909.409/0001-90 - MUNICIPIO DE IMBITUBA";"Município";"Pessoa Jurídica";"SC";"IMBITUBA";"202237860003";"3786 - DARIO BERGER";"300.000,00";
"12/2023";"95.990.255/0001-55 - MUNICIPIO DE PLANALTO ALEGRE";"Município";"Pessoa Jurídica";"SC";"PLANALTO ALEGRE";"202328550022";"2855 - PEDRO UCZAI";"300.000,00";
"12/2023";"82.821.174/0001-80 - MUNICIPIO DE SAO MIGUEL D'OESTE";"Município";"Pessoa Jurídica";"SC";"SÃO MIGUEL DO OESTE";"202339320001";"3932 - CAROLINE DE TONI";"300.000,00";
"07/2024";"82.821.174/0001-80 - MUNICIPIO DE SAO MIGUEL D'OESTE";"Município";"Pessoa Jurídica";"SC";"SÃO MIGUEL DO OESTE";"202439320001";"3932 - CAROLINE DE TONI";"300.000,00";
"03/2023";"95.990.107/0001-30 - MUNICIPIO DE SUL BRASIL";"Município";"Pessoa Jurídica";"SC";"SUL BRASIL";"202225690003";"2569 - CELSO MALDANER";"300.000,00";
"12/2024";"95.990.107/0001-30 - MUNICIPIO DE SUL BRASIL";"Município";"Pessoa Jurídica";"SC";"SUL BRASIL";"202443250003";"4325 - COBALCHINI";"300.000,00";
"08/2023";"82.777.327/0001-39 - MUNICIPIO DE SAO JOSE DO CERRITO";"Município";"Pessoa Jurídica";"SC";"SÃO JOSÉ DO CERRITO";"202342510010";"4251 - IVETE DA SILVEIRA";"300.000,00";
"12/2023";"83.021.840/0001-68 - MUNICIPIO DE NOVA ERECHIM";"Município";"Pessoa Jurídica";"SC";"NOVA ERECHIM";"202328550022";"2855 - PEDRO UCZAI";"300.000,00";
"08/2023";"82.925.652/0001-00 - MUNICIPIO DE SAO JOAO BATISTA";"Município";"Pessoa Jurídica";"SC";"SÃO JOÃO BATISTA";"202342510010";"4251 - IVETE DA SILVEIRA";"300.000,00";
"03/2023";"82.925.652/0001-00 - MUNICIPIO DE SAO JOAO BATISTA";"Município";"Pessoa Jurídica";"SC";"SÃO JOÃO BATISTA";"202228560001";"2856 - ROGERIO PENINHA MENDONCA";"300.000,00";
"07/2024";"83.102.335/0001-48 - MUNICIPIO DE BALNEARIO DE PICARRAS";"Município";"Pessoa Jurídica";"SC";"BALNEÁRIO PIÇARRAS";"202440620002";"4062 - RICARDO GUIDI";"300.000,00";
"10/2023";"83.027.045/0001-87 - MUNICIPIO DE GUARUJA DO SUL";"Município";"Pessoa Jurídica";"SC";"GUARUJÁ DO SUL";"202340150002";"4015 - HELIO COSTA";"300.000,00";
"07/2024";"83.102.715/0001-82 - MUNICIPIO DE RIO DO OESTE";"Município";"Pessoa Jurídica";"SC";"RIO DO OESTE";"202443920007";"4392 - ISMAEL";"300.000,00";
"12/2024";"79.373.775/0001-62 - MUNICIPIO DE DOUTOR PEDRINHO";"Município";"Pessoa Jurídica";"SC";"DOUTOR PEDRINHO";"202442090002";"4209 - JORGE GOETTEN";"300.000,00";
"08/2023";"79.373.775/0001-62 - MUNICIPIO DE DOUTOR PEDRINHO";"Município";"Pessoa Jurídica";"SC";"DOUTOR PEDRINHO";"202322100001";"2210 - ESPERIDIAO AMIN";"300.000,00";
"08/2023";"82.558.149/0001-55 - MUNICIPIO DE GRAO PARA";"Município";"Pessoa Jurídica";"SC";"GRÃO PARÁ";"202318800004";"1880 - ANGELA AMIN";"300.000,00";
"03/2023";"82.558.149/0001-55 - MUNICIPIO DE GRAO PARA";"Município";"Pessoa Jurídica";"SC";"GRÃO PARÁ";"202239800001";"3980 - FABIO SCHIOCHET";"300.000,00";
"12/2024";"82.821.208/0001-36 - MUNICIPIO DE ITAPIRANGA";"Município";"Pessoa Jurídica";"SC";"ITAPIRANGA";"202443390001";"4339 - DANIELA REINEHR";"300.000,00";
"09/2023";"83.102.244/0001-02 - MUNICIPIO DE GASPAR";"Município";"Pessoa Jurídica";"SC";"GASPAR";"202328550022";"2855 - PEDRO UCZAI";"300.000,00";
"07/2024";"83.102.244/0001-02 - MUNICIPIO DE GASPAR";"Município";"Pessoa Jurídica";"SC";"GASPAR";"202422100016";"2210 - ESPERIDIAO AMIN";"300.000,00";
"12/2024";"83.102.244/0001-02 - MUNICIPIO DE GASPAR";"Município";"Pessoa Jurídica";"SC";"GASPAR";"202443390001";"4339 - DANIELA REINEHR";"300.000,00";
"03/2023";"82.916.826/0001-60 - MUNICIPIO DE NOVA VENEZA";"Município";"Pessoa Jurídica";"SC";"NOVA VENEZA";"202232350003";"3235 - GEOVANIA DE SA";"300.000,00";
"12/2023";"01.612.812/0001-50 - MUNICIPIO DE SAO BERNARDINO";"Município";"Pessoa Jurídica";"SC";"SÃO BERNARDINO";"202332350003";"3235 - GEOVANIA DE SA";"300.000,00";
"08/2023";"82.572.207/0001-03 - MUNICIPIO DE ITAPEMA";"Município";"Pessoa Jurídica";"SC";"ITAPEMA";"202328560021";"2856 - ROGERIO PENINHA MENDONCA";"300.000,00";
"09/2023";"83.009.886/0001-61 - MUNICIPIO DE ABELARDO LUZ";"Município";"Pessoa Jurídica";"SC";"ABELARDO LUZ";"202328550022";"2855 - PEDRO UCZAI";"300.000,00";
"07/2024";"83.009.886/0001-61 - MUNICIPIO DE ABELARDO LUZ";"Município";"Pessoa Jurídica";"SC";"ABELARDO LUZ";"202443390001";"4339 - DANIELA REINEHR";"300.000,00";
"12/2024";"83.102.350/0001-96 - MUNICIPIO DE BOTUVERA";"Município";"Pessoa Jurídica";"SC";"BOTUVERÁ";"202439290001";"3929 - CARLOS CHIODINI";"300.000,00";
"07/2022";"83.102.350/0001-96 - MUNICIPIO DE BOTUVERA";"Município";"Pessoa Jurídica";"SC";"BOTUVERÁ";"202228560001";"2856 - ROGERIO PENINHA MENDONCA";"300.000,00";
"07/2024";"01.612.844/0001-56 - MUNICIPIO DE SALTINHO";"Município";"Pessoa Jurídica";"SC";"SALTINHO";"202428550022";"2855 - PEDRO UCZAI";"300.000,00";
"12/2024";"82.926.551/0001-45 - MUNICIPIO DE BRACO DO NORTE";"Município";"Pessoa Jurídica";"SC";"BRAÇO DO NORTE";"202444010006";"4401 - JULIA ZANATTA";"300.000,00";
"07/2024";"82.926.551/0001-45 - MUNICIPIO DE BRACO DO NORTE";"Município";"Pessoa Jurídica";"SC";"BRAÇO DO NORTE";"202422100016";"2210 - ESPERIDIAO AMIN";"300.000,00";
"03/2023";"83.024.240/0001-53 - MUNICIPIO DE ITA";"Município";"Pessoa Jurídica";"SC";"ITÁ";"202239320002";"3932 - CAROLINE DE TONI";"300.000,00";
"10/2023";"82.837.741/0001-96 - MUNICIPIO DE MELEIRO";"Município";"Pessoa Jurídica";"SC";"MELEIRO";"202332350003";"3235 - GEOVANIA DE SA";"300.000,00";
"12/2024";"79.372.553/0001-25 - MUNICIPIO DE JOSE BOITEUX";"Município";"Pessoa Jurídica";"SC";"JOSÉ BOITEUX";"202444480002";"4448 - PEZENTI";"300.000,00";
"12/2024";"01.613.428/0001-72 - MUNICIPIO DE LUZERNA";"Município";"Pessoa Jurídica";"SC";"LUZERNA";"202442090002";"4209 - JORGE GOETTEN";"300.000,00";
"12/2024";"83.102.699/0001-28 - MUNICIPIO DE PRESIDENTE NEREU";"Município";"Pessoa Jurídica";"SC";"PRESIDENTE NEREU";"202444480002";"4448 - PEZENTI";"300.000,00";
"09/2023";"83.102.699/0001-28 - MUNICIPIO DE PRESIDENTE NEREU";"Município";"Pessoa Jurídica";"SC";"PRESIDENTE NEREU";"202328560020";"2856 - ROGERIO PENINHA MENDONCA";"300.000,00";
"08/2023";"01.612.698/0001-69 - MUNICIPIO DE ENTRE RIOS";"Município";"Pessoa Jurídica";"SC";"ENTRE RIOS";"202332350003";"3235 - GEOVANIA DE SA";"300.000,00";
"12/2024";"82.815.481/0001-58 - MUNICIPIO DE PIRATUBA";"Município";"Pessoa Jurídica";"SC";"PIRATUBA";"202444010006";"4401 - JULIA ZANATTA";"300.000,00";
"07/2024";"82.892.290/0001-90 - MUNICIPIO DE ANTONIO CARLOS";"Município";"Pessoa Jurídica";"SC";"ANTÔNIO CARLOS";"202422100016";"2210 - ESPERIDIAO AMIN";"300.000,00";
"12/2023";"79.373.767/0001-16 - MUNICIPIO DE APIUNA";"Município";"Pessoa Jurídica";"SC";"APIÚNA";"202342510010";"4251 - IVETE DA SILVEIRA";"300.000,00";
"08/2023";"82.827.353/0001-24 - MUNICIPIO DE SALTO VELOSO";"Município";"Pessoa Jurídica";"SC";"SALTO VELOSO";"202342510010";"4251 - IVETE DA SILVEIRA";"300.000,00";
"12/2024";"95.952.248/0001-69 - MUNICIPIO DE MIRIM DOCE";"Município";"Pessoa Jurídica";"SC";"MIRIM DOCE";"202444480002";"4448 - PEZENTI";"300.000,00";
"12/2024";"82.843.582/0001-32 - MUNICIPIO DE URUBICI";"Município";"Pessoa Jurídica";"SC";"URUBICI";"202429250006";"2925 - CARMEN ZANOTTO";"300.000,00";
"03/2023";"82.843.582/0001-32 - MUNICIPIO DE URUBICI";"Município";"Pessoa Jurídica";"SC";"URUBICI";"202239800001";"3980 - FABIO SCHIOCHET";"300.000,00";
"12/2024";"82.928.698/0001-74 - MUNICIPIO DE JAGUARUNA";"Município";"Pessoa Jurídica";"SC";"JAGUARUNA";"202444010006";"4401 - JULIA ZANATTA";"300.000,00";
"12/2024";"95.991.261/0001-27 - MUNICIPIO DE SAO CRISTOVAO DO SUL";"Município";"Pessoa Jurídica";"SC";"SÃO CRISTOVÃO DO SUL";"202442090002";"4209 - JORGE GOETTEN";"300.000,00";
"12/2023";"95.991.261/0001-27 - MUNICIPIO DE SAO CRISTOVAO DO SUL";"Município";"Pessoa Jurídica";"SC";"SÃO CRISTOVÃO DO SUL";"202332350003";"3235 - GEOVANIA DE SA";"300.000,00";
"07/2024";"82.951.195/0001-10 - MUNICIPIO DE ANGELINA";"Município";"Pessoa Jurídica";"SC";"ANGELINA";"202422100016";"2210 - ESPERIDIAO AMIN";"300.000,00";
"12/2023";"82.929.407/0001-62 - MUNICIPIO DE SIDEROPOLIS";"Município";"Pessoa Jurídica";"SC";"SIDERÓPOLIS";"202332350003";"3235 - GEOVANIA DE SA";"300.000,00";
"07/2024";"83.028.415/0001-09 - MUNICIPIO DE MONDAI";"Município";"Pessoa Jurídica";"SC";"MONDAÍ";"202442090002";"4209 - JORGE GOETTEN";"300.000,00";
"10/2023";"83.028.415/0001-09 - MUNICIPIO DE MONDAI";"Município";"Pessoa Jurídica";"SC";"MONDAÍ";"202342510010";"4251 - IVETE DA SILVEIRA";"300.000,00";
"08/2023";"83.102.293/0001-45 - MUNICIPIO DE CAMBORIU";"Município";"Pessoa Jurídica";"SC";"CAMBORIÚ";"202318800004";"1880 - ANGELA AMIN";"300.000,00";
"07/2024";"83.102.848/0001-59 - MUNICIPIO DE GARUVA";"Município";"Pessoa Jurídica";"SC";"GARUVA";"202443390001";"4339 - DANIELA REINEHR";"300.000,00";
"10/2023";"83.102.848/0001-59 - MUNICIPIO DE GARUVA";"Município";"Pessoa Jurídica";"SC";"GARUVA";"202342510010";"4251 - IVETE DA SILVEIRA";"300.000,00";
"07/2024";"83.102.848/0001-59 - MUNICIPIO DE GARUVA";"Município";"Pessoa Jurídica";"SC";"GARUVA";"202442090002";"4209 - JORGE GOETTEN";"300.000,00";
"08/2023";"95.993.028/0001-83 - MUNICIPIO DE IPUACU";"Município";"Pessoa Jurídica";"SC";"IPUAÇU";"202328550022";"2855 - PEDRO UCZAI";"300.000,00";
"12/2024";"95.952.230/0001-67 - MUNICIPIO DE BRACO DO TROMBUDO";"Município";"Pessoa Jurídica";"SC";"BRAÇO DO TROMBUDO";"202422100016";"2210 - ESPERIDIAO AMIN";"300.000,00";
"08/2023";"82.939.422/0001-91 - MUNICIPIO DE ERVAL VELHO";"Município";"Pessoa Jurídica";"SC";"ERVAL VELHO";"202322100001";"2210 - ESPERIDIAO AMIN";"300.000,00";
"12/2024";"82.892.365/0001-32 - MUNICIPIO DE PAULO LOPES";"Município";"Pessoa Jurídica";"SC";"PAULO LOPES";"202444010006";"4401 - JULIA ZANATTA";"300.000,00";
"12/2024";"82.939.398/0001-90 - MUNICIPIO DE AGUA DOCE";"Município";"Pessoa Jurídica";"SC";"ÁGUA DOCE";"202444010006";"4401 - JULIA ZANATTA";"300.000,00";
"08/2023";"82.939.398/0001-90 - MUNICIPIO DE AGUA DOCE";"Município";"Pessoa Jurídica";"SC";"ÁGUA DOCE";"202318800004";"1880 - ANGELA AMIN";"300.000,00";
"07/2024";"82.892.266/0001-50 - MUNICIPIO DE AGUAS MORNAS";"Município";"Pessoa Jurídica";"SC";"ÁGUAS MORNAS";"202422100016";"2210 - ESPERIDIAO AMIN";"300.000,00";
"12/2024";"79.372.520/0001-85 - MUNICIPIO DE VITOR MEIRELES";"Município";"Pessoa Jurídica";"SC";"VITOR MEIRELES";"202444480002";"4448 - PEZENTI";"300.000,00";
"12/2023";"79.372.520/0001-85 - MUNICIPIO DE VITOR MEIRELES";"Município";"Pessoa Jurídica";"SC";"VITOR MEIRELES";"202322100001";"2210 - ESPERIDIAO AMIN";"300.000,00";
"12/2024";"79.372.520/0001-85 - MUNICIPIO DE VITOR MEIRELES";"Município";"Pessoa Jurídica";"SC";"VITOR MEIRELES";"202422100016";"2210 - ESPERIDIAO AMIN";"300.000,00";
"09/2023";"82.928.680/0001-72 - MUNICIPIO DE PEDRAS GRANDES";"Município";"Pessoa Jurídica";"SC";"PEDRAS GRANDES";"202318800004";"1880 - ANGELA AMIN";"300.000,00";
"12/2024";"95.954.442/0001-83 - MUNICIPIO DE SAO JOAO DO ITAPERIU";"Município";"Pessoa Jurídica";"SC";"SÃO JOÃO DO ITAPERIÚ";"202444480002";"4448 - PEZENTI";"300.000,00";
"12/2023";"95.995.130/0001-18 - MUNICIPIO DE VARGEM";"Município";"Pessoa Jurídica";"SC";"VARGEM";"202342510010";"4251 - IVETE DA SILVEIRA";"300.000,00";
"12/2024";"82.930.181/0001-10 - MUNICIPIO DE URUSSANGA";"Município";"Pessoa Jurídica";"SC";"URUSSANGA";"202444010006";"4401 - JULIA ZANATTA";"300.000,00";
"12/2024";"82.930.181/0001-10 - MUNICIPIO DE URUSSANGA";"Município";"Pessoa Jurídica";"SC";"URUSSANGA";"202440620002";"4062 - RICARDO GUIDI";"300.000,00";
"03/2023";"83.102.772/0001-61 - MUNICIPIO DE ASCURRA";"Município";"Pessoa Jurídica";"SC";"ASCURRA";"202241290001";"4129 - RODRIGO COELHO";"300.000,00";
"12/2024";"83.102.772/0001-61 - MUNICIPIO DE ASCURRA";"Município";"Pessoa Jurídica";"SC";"ASCURRA";"202442090002";"4209 - JORGE GOETTEN";"300.000,00";
"12/2024";"82.561.093/0001-98 - MUNICIPIO DE SAO JOAQUIM";"Município";"Pessoa Jurídica";"SC";"SÃO JOAQUIM";"202444480002";"4448 - PEZENTI";"300.000,00";
"09/2023";"82.925.025/0001-60 - MUNICIPIO DE NOVA TRENTO";"Município";"Pessoa Jurídica";"SC";"NOVA TRENTO";"202318800004";"1880 - ANGELA AMIN";"300.000,00";
"12/2024";"82.925.025/0001-60 - MUNICIPIO DE NOVA TRENTO";"Município";"Pessoa Jurídica";"SC";"NOVA TRENTO";"202444480002";"4448 - PEZENTI";"300.000,00";
"03/2023";"82.925.025/0001-60 - MUNICIPIO DE NOVA TRENTO";"Município";"Pessoa Jurídica";"SC";"NOVA TRENTO";"202228560001";"2856 - ROGERIO PENINHA MENDONCA";"300.000,00";
"12/2024";"83.102.806/0001-18 - MUNICIPIO DE RIO DOS CEDROS";"Município";"Pessoa Jurídica";"SC";"RIO DOS CEDROS";"202422100016";"2210 - ESPERIDIAO AMIN";"300.000,00";
"03/2023";"83.102.806/0001-18 - MUNICIPIO DE RIO DOS CEDROS";"Município";"Pessoa Jurídica";"SC";"RIO DOS CEDROS";"202239800001";"3980 - FABIO SCHIOCHET";"300.000,00";
"12/2024";"83.102.764/0001-15 - MUNICIPIO DE TIMBO";"Município";"Pessoa Jurídica";"SC";"TIMBÓ";"202444480002";"4448 - PEZENTI";"300.000,00";
"07/2022";"83.102.798/0001-00 - MUNICIPIO DE INDAIAL";"Município";"Pessoa Jurídica";"SC";"INDAIAL";"202239530001";"3953 - DARCI DE MATOS";"300.000,00";
"12/2024";"83.102.798/0001-00 - MUNICIPIO DE INDAIAL";"Município";"Pessoa Jurídica";"SC";"INDAIAL";"202444480002";"4448 - PEZENTI";"300.000,00";
"12/2024";"83.102.798/0001-00 - MUNICIPIO DE INDAIAL";"Município";"Pessoa Jurídica";"SC";"INDAIAL";"202444010006";"4401 - JULIA ZANATTA";"300.000,00";
"12/2024";"83.102.780/0001-08 - MUNICIPIO DE BENEDITO NOVO";"Município";"Pessoa Jurídica";"SC";"BENEDITO NOVO";"202443390001";"4339 - DANIELA REINEHR";"300.000,00";
"07/2022";"83.102.517/0001-19 - MUNICIPIO DE ITAIOPOLIS";"Município";"Pessoa Jurídica";"SC";"ITAIÓPOLIS";"202239530001";"3953 - DARCI DE MATOS";"300.000,00";
"12/2024";"82.777.343/0001-21 - MUNICIPIO DE BOM RETIRO";"Município";"Pessoa Jurídica";"SC";"BOM RETIRO";"202444010006";"4401 - JULIA ZANATTA";"300.000,00";
"10/2023";"83.026.138/0001-97 - MUNICIPIO DE DESCANSO";"Município";"Pessoa Jurídica";"SC";"DESCANSO";"202342510010";"4251 - IVETE DA SILVEIRA";"300.000,00";
"12/2024";"83.102.731/0001-75 - MUNICIPIO DE TROMBUDO CENTRAL";"Município";"Pessoa Jurídica";"SC";"TROMBUDO CENTRAL";"202422100016";"2210 - ESPERIDIAO AMIN";"300.000,00";
"12/2023";"83.102.731/0001-75 - MUNICIPIO DE TROMBUDO CENTRAL";"Município";"Pessoa Jurídica";"SC";"TROMBUDO CENTRAL";"202318800004";"1880 - ANGELA AMIN";"300.000,00";
"08/2023";"83.102.285/0001-07 - MUNICIPIO DE BALNEARIO CAMBORIU";"Município";"Pessoa Jurídica";"SC";"BALNEÁRIO CAMBORIÚ";"202328560013";"2856 - ROGERIO PENINHA MENDONCA";"300.000,00";
"03/2023";"83.102.574/0001-06 - MUNICIPIO DE RIO DO SUL";"Município";"Pessoa Jurídica";"SC";"RIO DO SUL";"202228560001";"2856 - ROGERIO PENINHA MENDONCA";"300.000,00";
"03/2023";"01.594.009/0001-30 - MUNICIPIO DE BOM JESUS DO OESTE";"Município";"Pessoa Jurídica";"SC";"BOM JESUS DO OESTE";"202225690003";"2569 - CELSO MALDANER";"300.000,00";
"03/2023";"83.000.323/0001-02 - MUNICIPIO DE MORRO DA FUMACA";"Município";"Pessoa Jurídica";"SC";"MORRO DA FUMAÇA";"202218800004";"1880 - ANGELA AMIN";"300.000,00";
"12/2024";"82.947.979/0001-74 - MUNICIPIO DE FRAIBURGO";"Município";"Pessoa Jurídica";"SC";"FRAIBURGO";"202490550002";"9055 - GILSON MARQUES";"300.000,00";
"07/2024";"83.102.251/0001-04 - MUNICIPIO DE POMERODE";"Município";"Pessoa Jurídica";"SC";"POMERODE";"202490550002";"9055 - GILSON MARQUES";"300.000,00";
"09/2023";"83.102.251/0001-04 - MUNICIPIO DE POMERODE";"Município";"Pessoa Jurídica";"SC";"POMERODE";"202318800004";"1880 - ANGELA AMIN";"300.000,00";
"07/2022";"01.566.620/0001-55 - MUNICIPIO DE TIGRINHOS";"Município";"Pessoa Jurídica";"SC";"TIGRINHOS";"202225690003";"2569 - CELSO MALDANER";"300.000,00";
"12/2023";"82.777.236/0001-01 - MUNICIPIO DE PONTE SERRADA";"Município";"Pessoa Jurídica";"SC";"PONTE SERRADA";"202332350003";"3235 - GEOVANIA DE SA";"300.000,00";
"08/2023";"82.845.744/0001-71 - MUNICIPIO DE MAJOR GERCINO";"Município";"Pessoa Jurídica";"SC";"MAJOR GERCINO";"202318800004";"1880 - ANGELA AMIN";"300.000,00";
"07/2024";"80.637.457/0001-40 - MUNICIPIO DE JARDINOPOLIS";"Município";"Pessoa Jurídica";"SC";"JARDINÓPOLIS";"202443250003";"4325 - COBALCHINI";"300.000,00";
"07/2024";"83.021.808/0001-82 - MUNICIPIO DE CHAPECO";"Município";"Pessoa Jurídica";"SC";"CHAPECÓ";"202428550022";"2855 - PEDRO UCZAI";"300.000,00";
"12/2023";"83.021.808/0001-82 - MUNICIPIO DE CHAPECO";"Município";"Pessoa Jurídica";"SC";"CHAPECÓ";"202328550022";"2855 - PEDRO UCZAI";"300.000,00";
"09/2023";"01.599.409/0001-39 - MUNICIPIO DE CAPAO ALTO";"Município";"Pessoa Jurídica";"SC";"CAPÃO ALTO";"202322100001";"2210 - ESPERIDIAO AMIN";"300.000,00";
"12/2024";"86.051.398/0001-00 - MUNICIPIO DE SAO BENTO DO SUL";"Município";"Pessoa Jurídica";"SC";"SÃO BENTO DO SUL";"202428550022";"2855 - PEDRO UCZAI";"300.000,00";
"08/2023";"83.108.357/0001-15 - MUNICIPIO DE BLUMENAU";"Município";"Pessoa Jurídica";"SC";"BLUMENAU";"202339320001";"3932 - CAROLINE DE TONI";"300.000,00";
"07/2024";"83.108.357/0001-15 - MUNICIPIO DE BLUMENAU";"Município";"Pessoa Jurídica";"SC";"BLUMENAU";"202443390001";"4339 - DANIELA REINEHR";"300.000,00";
"08/2023";"82.844.754/0001-92 - MUNICIPIO DE BOM JARDIM DA SERRA";"Município";"Pessoa Jurídica";"SC";"BOM JARDIM DA SERRA";"202332350003";"3235 - GEOVANIA DE SA";"300.000,00";
"07/2022";"82.844.754/0001-92 - MUNICIPIO DE BOM JARDIM DA SERRA";"Município";"Pessoa Jurídica";"SC";"BOM JARDIM DA SERRA";"202239530001";"3953 - DARCI DE MATOS";"300.000,00";
"08/2023";"82.892.282/0001-43 - MUNICIPIO DE FLORIANOPOLIS";"Município";"Pessoa Jurídica";"SC";"FLORIANÓPOLIS";"202322100001";"2210 - ESPERIDIAO AMIN";"300.000,00";
"12/2023";"82.892.282/0001-43 - MUNICIPIO DE FLORIANOPOLIS";"Município";"Pessoa Jurídica";"SC";"FLORIANÓPOLIS";"202322100001";"2210 - ESPERIDIAO AMIN";"300.000,00";
"07/2024";"82.892.282/0001-43 - MUNICIPIO DE FLORIANOPOLIS";"Município";"Pessoa Jurídica";"SC";"FLORIANÓPOLIS";"202439320001";"3932 - CAROLINE DE TONI";"300.000,00";
"07/2024";"83.102.418/0001-37 - MUNICIPIO DE IBIRAMA";"Município";"Pessoa Jurídica";"SC";"IBIRAMA";"202444480002";"4448 - PEZENTI";"300.000,00";
"12/2024";"78.505.591/0001-46 - MUNICIPIO DE UNIAO DO OESTE";"Município";"Pessoa Jurídica";"SC";"UNIÃO DO OESTE";"202422100016";"2210 - ESPERIDIAO AMIN";"300.000,00";
"12/2023";"78.505.591/0001-46 - MUNICIPIO DE UNIAO DO OESTE";"Município";"Pessoa Jurídica";"SC";"UNIÃO DO OESTE";"202318800004";"1880 - ANGELA AMIN";"300.000,00";
"12/2024";"83.102.277/0001-52 - MUNICIPIO DE ITAJAI";"Município";"Pessoa Jurídica";"SC";"ITAJAÍ";"202442090002";"4209 - JORGE GOETTEN";"300.000,00";
"07/2024";"83.102.277/0001-52 - MUNICIPIO DE ITAJAI";"Município";"Pessoa Jurídica";"SC";"ITAJAÍ";"202442510012";"4251 - IVETE DA SILVEIRA";"300.000,00";
"12/2024";"01.610.566/0001-06 - MUNICIPIO DE PALMEIRA";"Município";"Pessoa Jurídica";"SC";"PALMEIRA";"202444010006";"4401 - JULIA ZANATTA";"300.000,00";
"08/2023";"83.102.558/0001-05 - MUNICIPIO DE IRINEOPOLIS";"Município";"Pessoa Jurídica";"SC";"IRINEÓPOLIS";"202318800004";"1880 - ANGELA AMIN";"300.000,00";
"10/2023";"83.102.558/0001-05 - MUNICIPIO DE IRINEOPOLIS";"Município";"Pessoa Jurídica";"SC";"IRINEÓPOLIS";"202339320001";"3932 - CAROLINE DE TONI";"300.000,00";
"09/2023";"82.928.706/0001-82 - MUNICIPIO DE LAGUNA";"Município";"Pessoa Jurídica";"SC";"LAGUNA";"202322100001";"2210 - ESPERIDIAO AMIN";"300.000,00";
"07/2024";"80.912.124/0001-82 - MUNICIPIO DE SAO MIGUEL DA BOA VISTA";"Município";"Pessoa Jurídica";"SC";"SÃO MIGUEL DA BOA VISTA";"202443390001";"4339 - DANIELA REINEHR";"300.000,00";
"12/2023";"80.912.124/0001-82 - MUNICIPIO DE SAO MIGUEL DA BOA VISTA";"Município";"Pessoa Jurídica";"SC";"SÃO MIGUEL DA BOA VISTA";"202342510010";"4251 - IVETE DA SILVEIRA";"300.000,00";
"12/2024";"82.892.316/0001-08 - MUNICIPIO DE PALHOCA";"Município";"Pessoa Jurídica";"SC";"PALHOÇA";"202444930001";"4493 - ZE TROVAO";"300.000,00";
"12/2023";"82.836.818/0001-03 - MUNICIPIO DE SAO MARTINHO";"Município";"Pessoa Jurídica";"SC";"SÃO MARTINHO";"202342510010";"4251 - IVETE DA SILVEIRA";"300.000,00";
"12/2024";"82.836.818/0001-03 - MUNICIPIO DE SAO MARTINHO";"Município";"Pessoa Jurídica";"SC";"SÃO MARTINHO";"202444010007";"4401 - JULIA ZANATTA";"300.000,00";
"12/2024";"83.102.368/0001-98 - MUNICIPIO DE GUABIRUBA";"Município";"Pessoa Jurídica";"SC";"GUABIRUBA";"202422100016";"2210 - ESPERIDIAO AMIN";"300.000,00";
"08/2023";"83.102.368/0001-98 - MUNICIPIO DE GUABIRUBA";"Município";"Pessoa Jurídica";"SC";"GUABIRUBA";"202318800004";"1880 - ANGELA AMIN";"300.000,00";
"12/2024";"82.777.301/0001-90 - MUNICIPIO DE LAGES";"Município";"Pessoa Jurídica";"SC";"LAGES";"202442090002";"4209 - JORGE GOETTEN";"300.000,00";
"12/2024";"83.102.459/0001-23 - MUNICIPIO DE JARAGUA DO SUL";"Município";"Pessoa Jurídica";"SC";"JARAGUÁ DO SUL";"202444010006";"4401 - JULIA ZANATTA";"300.000,00";
"12/2024";"82.827.999/0001-01 - MUNICIPIO DE TANGARA";"Município";"Pessoa Jurídica";"SC";"TANGARÁ";"202439800001";"3980 - FABIO SCHIOCHET";"300.000,00";
"07/2024";"01.606.852/0001-90 - MUNICIPIO DE BOCAINA DO SUL";"Município";"Pessoa Jurídica";"SC";"BOCAINA DO SUL";"202429250006";"2925 - CARMEN ZANOTTO";"300.000,00";
"12/2024";"82.926.585/0001-30 - MUNICIPIO DE RIO FORTUNA";"Município";"Pessoa Jurídica";"SC";"RIO FORTUNA";"202422100016";"2210 - ESPERIDIAO AMIN";"300.000,00";
"12/2023";"01.613.101/0001-09 - MUNICIPIO DE SAO PEDRO DE ALCANTARA";"Município";"Pessoa Jurídica";"SC";"SÃO PEDRO DE ALCÂNTARA";"202342510010";"4251 - IVETE DA SILVEIRA";"300.000,00";
"12/2024";"78.486.198/0001-52 - MUNICIPIO DE TUNAPOLIS";"Município";"Pessoa Jurídica";"SC";"TUNÁPOLIS";"202444010006";"4401 - JULIA ZANATTA";"300.000,00";
"12/2024";"01.613.853/0001-61 - MUNICIPIO DE BRUNOPOLIS";"Município";"Pessoa Jurídica";"SC";"BRUNÓPOLIS";"202442090002";"4209 - JORGE GOETTEN";"300.000,00";
"03/2023";"01.613.853/0001-61 - MUNICIPIO DE BRUNOPOLIS";"Município";"Pessoa Jurídica";"SC";"BRUNÓPOLIS";"202225690003";"2569 - CELSO MALDANER";"300.000,00";
"10/2023";"82.939.448/0001-30 - MUNICIPIO DE IBICARE";"Município";"Pessoa Jurídica";"SC";"IBICARÉ";"202339320001";"3932 - CAROLINE DE TONI";"300.000,00";
"03/2023";"82.939.448/0001-30 - MUNICIPIO DE IBICARE";"Município";"Pessoa Jurídica";"SC";"IBICARÉ";"202225690003";"2569 - CELSO MALDANER";"300.000,00";
"08/2023";"82.939.448/0001-30 - MUNICIPIO DE IBICARE";"Município";"Pessoa Jurídica";"SC";"IBICARÉ";"202342510010";"4251 - IVETE DA SILVEIRA";"300.000,00";
"07/2024";"82.939.448/0001-30 - MUNICIPIO DE IBICARE";"Município";"Pessoa Jurídica";"SC";"IBICARÉ";"202439320001";"3932 - CAROLINE DE TONI";"300.000,00";
"08/2023";"83.026.773/0001-74 - MUNICIPIO DE DIONISIO CERQUEIRA";"Município";"Pessoa Jurídica";"SC";"DIONÍSIO CERQUEIRA";"202328560002";"2856 - ROGERIO PENINHA MENDONCA";"300.000,00";
"12/2024";"82.892.274/0001-05 - MUNICIPIO DE SAO JOSE";"Município";"Pessoa Jurídica";"SC";"SÃO JOSÉ";"202444480002";"4448 - PEZENTI";"300.000,00";
"10/2023";"83.074.310/0001-88 - MUNICIPIO DE LEBON REGIS";"Município";"Pessoa Jurídica";"SC";"LEBON RÉGIS";"202342510010";"4251 - IVETE DA SILVEIRA";"300.000,00";
"10/2023";"82.915.026/0001-24 - MUNICIPIO DE MARACAJA";"Município";"Pessoa Jurídica";"SC";"MARACAJÁ";"202339290002";"3929 - CARLOS CHIODINI";"300.000,00";
"10/2023";"83.024.687/0001-22 - MUNICIPIO DE ANCHIETA";"Município";"Pessoa Jurídica";"SC";"ANCHIETA";"202342510010";"4251 - IVETE DA SILVEIRA";"300.000,00";
"10/2025";"83.009.910/0001-62 - MUNICIPIO DE FAXINAL DOS GUEDES";"Município";"Pessoa Jurídica";"SC";"FAXINAL DOS GUEDES";"202539320001";"3932 - CAROLINE DE TONI";"306.900,00";
"12/2025";"82.951.229/0001-76 - ESTADO DE SANTA CATARINA";"Estado ou Distrito Federal";"Pessoa Jurídica";"SC";"FLORIANÓPOLIS";"202590550002";"9055 - GILSON MARQUES";"310.860,00";
"09/2023";"82.765.488/0001-02 - MUNICIPIO DE TAIO";"Município";"Pessoa Jurídica";"SC";"TAIÓ";"202328560022";"2856 - ROGERIO PENINHA MENDONCA";"313.494,50";
"12/2024";"83.169.623/0001-10 - MUNICIPIO DE JOINVILLE";"Município";"Pessoa Jurídica";"SC";"JOINVILLE";"202439490003";"3949 - DANIEL FREITAS";"316.000,00";
"07/2022";"83.102.624/0001-47 - MUNICIPIO DE AURORA";"Município";"Pessoa Jurídica";"SC";"AURORA";"202228560001";"2856 - ROGERIO PENINHA MENDONCA";"319.000,00";
"06/2026";"80.989.965/0001-98 - MUNICIPIO DE SANTA ROSA DO SUL";"Município";"Pessoa Jurídica";"SC";"SANTA ROSA DO SUL";"202642090003";"4209 - JORGE GOETTEN";"320.396,97";
"10/2023";"82.924.390/0001-50 - MUNICIPIO DE LEOBERTO LEAL";"Município";"Pessoa Jurídica";"SC";"LEOBERTO LEAL";"202339290002";"3929 - CARLOS CHIODINI";"320.851,50";
"07/2024";"83.102.806/0001-18 - MUNICIPIO DE RIO DOS CEDROS";"Município";"Pessoa Jurídica";"SC";"RIO DOS CEDROS";"202442510012";"4251 - IVETE DA SILVEIRA";"325.000,00";
"12/2024";"83.102.806/0001-18 - MUNICIPIO DE RIO DOS CEDROS";"Município";"Pessoa Jurídica";"SC";"RIO DOS CEDROS";"202442510013";"4251 - IVETE DA SILVEIRA";"325.000,00";
"10/2023";"83.108.357/0001-15 - MUNICIPIO DE BLUMENAU";"Município";"Pessoa Jurídica";"SC";"BLUMENAU";"202340620003";"4062 - RICARDO GUIDI";"325.000,00";
"12/2023";"80.912.124/0001-82 - MUNICIPIO DE SAO MIGUEL DA BOA VISTA";"Município";"Pessoa Jurídica";"SC";"SÃO MIGUEL DA BOA VISTA";"202325690022";"2569 - CELSO MALDANER";"325.841,00";
"12/2025";"83.102.780/0001-08 - MUNICIPIO DE BENEDITO NOVO";"Município";"Pessoa Jurídica";"SC";"BENEDITO NOVO";"202539320001";"3932 - CAROLINE DE TONI";"326.700,00";
"12/2025";"83.102.731/0001-75 - MUNICIPIO DE TROMBUDO CENTRAL";"Município";"Pessoa Jurídica";"SC";"TROMBUDO CENTRAL";"202539320001";"3932 - CAROLINE DE TONI";"326.700,00";
"07/2024";"83.755.850/0001-27 - MUNICIPIO DE PONTE ALTA";"Município";"Pessoa Jurídica";"SC";"PONTE ALTA";"202429250006";"2925 - CARMEN ZANOTTO";"340.000,00";
"09/2025";"83.102.533/0001-01 - MUNICIPIO DE PAPANDUVA";"Município";"Pessoa Jurídica";"SC";"PAPANDUVA";"202542730002";"4273 - JORGE SEIF";"346.500,00";
"10/2025";"82.925.025/0001-60 - MUNICIPIO DE NOVA TRENTO";"Município";"Pessoa Jurídica";"SC";"NOVA TRENTO";"202542730002";"4273 - JORGE SEIF";"346.500,00";
"08/2023";"83.074.310/0001-88 - MUNICIPIO DE LEBON REGIS";"Município";"Pessoa Jurídica";"SC";"LEBON RÉGIS";"202328550022";"2855 - PEDRO UCZAI";"347.717,00";
"05/2026";"83.102.244/0001-02 - MUNICIPIO DE GASPAR";"Município";"Pessoa Jurídica";"SC";"GASPAR";"202643390009";"4339 - DANIELA REINEHR";"348.250,00";
"05/2026";"82.963.216/0001-17 - MUNICIPIO DE SOMBRIO";"Município";"Pessoa Jurídica";"SC";"SOMBRIO";"202643390009";"4339 - DANIELA REINEHR";"348.250,00";
"05/2026";"83.102.228/0001-10 - MUNICIPIO DE ARAQUARI";"Município";"Pessoa Jurídica";"SC";"ARAQUARI";"202632350004";"3235 - GEOVANIA DE SA";"348.250,00";
"07/2024";"83.754.044/0001-34 - MUNICIPIO DE CURITIBANOS";"Município";"Pessoa Jurídica";"SC";"CURITIBANOS";"202439320001";"3932 - CAROLINE DE TONI";"350.000,00";
"12/2023";"95.991.287/0001-75 - MUNICIPIO DE PONTE ALTA DO NORTE";"Município";"Pessoa Jurídica";"SC";"PONTE ALTA DO NORTE";"202342510010";"4251 - IVETE DA SILVEIRA";"350.000,00";
"07/2024";"78.511.052/0001-10 - MUNICIPIO DE ABDON BATISTA";"Município";"Pessoa Jurídica";"SC";"ABDON BATISTA";"202443250003";"4325 - COBALCHINI";"350.000,00";
"07/2024";"82.939.380/0001-99 - MUNICIPIO DE JOACABA";"Município";"Pessoa Jurídica";"SC";"JOAÇABA";"202439320001";"3932 - CAROLINE DE TONI";"350.000,00";
"07/2022";"75.438.655/0001-45 - MUNICIPIO DE CORREIA PINTO";"Município";"Pessoa Jurídica";"SC";"CORREIA PINTO";"202239530001";"3953 - DARCI DE MATOS";"350.000,00";
"07/2024";"95.990.230/0001-51 - MUNICIPIO DE IRATI";"Município";"Pessoa Jurídica";"SC";"IRATI";"202443250003";"4325 - COBALCHINI";"350.000,00";
"07/2022";"82.916.800/0001-11 - MUNICIPIO DE ICARA";"Município";"Pessoa Jurídica";"SC";"IÇARA";"202218800004";"1880 - ANGELA AMIN";"350.000,00";
"07/2024";"83.021.147/0001-95 - MUNICIPIO DE CUNHA PORA";"Município";"Pessoa Jurídica";"SC";"CUNHA PORÃ";"202443250003";"4325 - COBALCHINI";"350.000,00";
"03/2023";"82.925.652/0001-00 - MUNICIPIO DE SAO JOAO BATISTA";"Município";"Pessoa Jurídica";"SC";"SÃO JOÃO BATISTA";"202240620006";"4062 - RICARDO GUIDI";"350.000,00";
"12/2024";"83.009.860/0001-13 - MUNICIPIO DE XANXERE";"Município";"Pessoa Jurídica";"SC";"XANXERÊ";"202428550022";"2855 - PEDRO UCZAI";"350.000,00";
"10/2023";"83.102.855/0001-50 - MUNICIPIO DE NAVEGANTES";"Município";"Pessoa Jurídica";"SC";"NAVEGANTES";"202339320001";"3932 - CAROLINE DE TONI";"350.000,00";
"07/2024";"83.102.855/0001-50 - MUNICIPIO DE NAVEGANTES";"Município";"Pessoa Jurídica";"SC";"NAVEGANTES";"202442510012";"4251 - IVETE DA SILVEIRA";"350.000,00";
"12/2023";"83.009.886/0001-61 - MUNICIPIO DE ABELARDO LUZ";"Município";"Pessoa Jurídica";"SC";"ABELARDO LUZ";"202322100001";"2210 - ESPERIDIAO AMIN";"350.000,00";
"03/2023";"82.926.569/0001-47 - MUNICIPIO DE GRAVATAL";"Município";"Pessoa Jurídica";"SC";"GRAVATAL";"202237860003";"3786 - DARIO BERGER";"350.000,00";
"08/2023";"01.612.698/0001-69 - MUNICIPIO DE ENTRE RIOS";"Município";"Pessoa Jurídica";"SC";"ENTRE RIOS";"202329250001";"2925 - CARMEN ZANOTTO";"350.000,00";
"08/2023";"83.026.765/0001-28 - MUNICIPIO DE CAMPO ERE";"Município";"Pessoa Jurídica";"SC";"CAMPO ERÊ";"202328550022";"2855 - PEDRO UCZAI";"350.000,00";
"12/2024";"81.140.303/0001-01 - MUNICIPIO DE ITAPOA";"Município";"Pessoa Jurídica";"SC";"ITAPOÁ";"202429250006";"2925 - CARMEN ZANOTTO";"350.000,00";
"12/2024";"95.780.441/0001-60 - MUNICIPIO DE CAPIVARI DE BAIXO";"Município";"Pessoa Jurídica";"SC";"CAPIVARI DE BAIXO";"202444930001";"4493 - ZE TROVAO";"350.000,00";
"12/2024";"95.995.130/0001-18 - MUNICIPIO DE VARGEM";"Município";"Pessoa Jurídica";"SC";"VARGEM";"202429250006";"2925 - CARMEN ZANOTTO";"350.000,00";
"07/2024";"83.102.780/0001-08 - MUNICIPIO DE BENEDITO NOVO";"Município";"Pessoa Jurídica";"SC";"BENEDITO NOVO";"202442090002";"4209 - JORGE GOETTEN";"350.000,00";
"12/2023";"01.612.847/0001-90 - MUNICIPIO DE SANTA TEREZINHA DO PROGRESSO";"Município";"Pessoa Jurídica";"SC";"SANTA TEREZINHA DO PROGRESSO";"202328550022";"2855 - PEDRO UCZAI";"350.000,00";
"12/2023";"83.102.707/0001-36 - MUNICIPIO DE RIO DO CAMPO";"Município";"Pessoa Jurídica";"SC";"RIO DO CAMPO";"202332350003";"3235 - GEOVANIA DE SA";"350.000,00";
"07/2024";"95.991.071/0001-00 - MUNICIPIO DE RIO RUFINO";"Município";"Pessoa Jurídica";"SC";"RIO RUFINO";"202429250006";"2925 - CARMEN ZANOTTO";"350.000,00";
"07/2024";"83.102.285/0001-07 - MUNICIPIO DE BALNEARIO CAMBORIU";"Município";"Pessoa Jurídica";"SC";"BALNEÁRIO CAMBORIÚ";"202439320001";"3932 - CAROLINE DE TONI";"350.000,00";
"12/2024";"83.102.285/0001-07 - MUNICIPIO DE BALNEARIO CAMBORIU";"Município";"Pessoa Jurídica";"SC";"BALNEÁRIO CAMBORIÚ";"202429250006";"2925 - CARMEN ZANOTTO";"350.000,00";
"07/2024";"82.844.754/0001-92 - MUNICIPIO DE BOM JARDIM DA SERRA";"Município";"Pessoa Jurídica";"SC";"BOM JARDIM DA SERRA";"202429250006";"2925 - CARMEN ZANOTTO";"350.000,00";
"10/2023";"95.782.785/0001-08 - MUNICIPIO DE MORRO GRANDE";"Município";"Pessoa Jurídica";"SC";"MORRO GRANDE";"202332350003";"3235 - GEOVANIA DE SA";"350.000,00";
"12/2024";"83.102.475/0001-16 - MUNICIPIO DE GUARAMIRIM";"Município";"Pessoa Jurídica";"SC";"GUARAMIRIM";"202439290001";"3929 - CARLOS CHIODINI";"350.000,00";
"12/2024";"82.892.308/0001-53 - MUNICIPIO DE BIGUACU";"Município";"Pessoa Jurídica";"SC";"BIGUAÇU";"202443390001";"4339 - DANIELA REINEHR";"350.000,00";
"03/2023";"95.951.323/0001-77 - MUNICIPIO DE SANTA TEREZINHA";"Município";"Pessoa Jurídica";"SC";"SANTA TEREZINHA";"202228560001";"2856 - ROGERIO PENINHA MENDONCA";"350.000,00";
"07/2022";"95.815.379/0001-02 - MUNICIPIO DE BOMBINHAS";"Município";"Pessoa Jurídica";"SC";"BOMBINHAS";"202241290001";"4129 - RODRIGO COELHO";"350.000,00";
"07/2024";"83.102.459/0001-23 - MUNICIPIO DE JARAGUA DO SUL";"Município";"Pessoa Jurídica";"SC";"JARAGUÁ DO SUL";"202442090002";"4209 - JORGE GOETTEN";"350.000,00";
"07/2024";"83.102.426/0001-83 - MUNICIPIO DE DONA EMMA";"Município";"Pessoa Jurídica";"SC";"DONA EMMA";"202444480002";"4448 - PEZENTI";"350.000,00";
"03/2023";"82.892.274/0001-05 - MUNICIPIO DE SAO JOSE";"Município";"Pessoa Jurídica";"SC";"SÃO JOSÉ";"202239530001";"3953 - DARCI DE MATOS";"350.000,00";
"03/2023";"82.892.274/0001-05 - MUNICIPIO DE SAO JOSE";"Município";"Pessoa Jurídica";"SC";"SÃO JOSÉ";"202237860003";"3786 - DARIO BERGER";"350.000,00";
"03/2023";"83.102.715/0001-82 - MUNICIPIO DE RIO DO OESTE";"Município";"Pessoa Jurídica";"SC";"RIO DO OESTE";"202228560001";"2856 - ROGERIO PENINHA MENDONCA";"350.682,00";
"12/2023";"83.028.415/0001-09 - MUNICIPIO DE MONDAI";"Município";"Pessoa Jurídica";"SC";"MONDAÍ";"202339800001";"3980 - FABIO SCHIOCHET";"351.700,00";
"08/2023";"85.997.237/0001-41 - MUNICIPIO DE SANTA CECILIA";"Município";"Pessoa Jurídica";"SC";"SANTA CECÍLIA";"202339530013";"3953 - DARCI DE MATOS";"352.000,00";
"12/2024";"82.561.093/0001-98 - MUNICIPIO DE SAO JOAQUIM";"Município";"Pessoa Jurídica";"SC";"SÃO JOAQUIM";"202422100016";"2210 - ESPERIDIAO AMIN";"353.425,00";
"06/2026";"83.028.639/0001-02 - MUNICIPIO DE PALMA SOLA";"Município";"Pessoa Jurídica";"SC";"PALMA SOLA";"202639320001";"3932 - CAROLINE DE TONI";"354.132,37";
"12/2023";"83.102.723/0001-29 - MUNICIPIO DE SALETE";"Município";"Pessoa Jurídica";"SC";"SALETE";"202342510010";"4251 - IVETE DA SILVEIRA";"356.536,00";
"03/2023";"83.102.376/0001-34 - MUNICIPIO DE VIDAL RAMOS";"Município";"Pessoa Jurídica";"SC";"VIDAL RAMOS";"202239530001";"3953 - DARCI DE MATOS";"360.000,00";
"06/2026";"82.960.758/0001-36 - MUNICIPIO DE JACINTO MACHADO";"Município";"Pessoa Jurídica";"SC";"JACINTO MACHADO";"202644010005";"4401 - JULIA ZANATTA";"368.150,00";
"07/2024";"75.438.655/0001-45 - MUNICIPIO DE CORREIA PINTO";"Município";"Pessoa Jurídica";"SC";"CORREIA PINTO";"202429250006";"2925 - CARMEN ZANOTTO";"370.000,00";
"03/2023";"83.074.294/0001-23 - MUNICIPIO DE RIO DAS ANTAS";"Município";"Pessoa Jurídica";"SC";"RIO DAS ANTAS";"202239800001";"3980 - FABIO SCHIOCHET";"370.000,00";
"06/2026";"83.102.368/0001-98 - MUNICIPIO DE GUABIRUBA";"Município";"Pessoa Jurídica";"SC";"GUABIRUBA";"202643920005";"4392 - ISMAEL";"372.694,17";
"07/2024";"78.492.576/0001-00 - MUNICIPIO DE URUPEMA";"Município";"Pessoa Jurídica";"SC";"URUPEMA";"202429250006";"2925 - CARMEN ZANOTTO";"377.138,50";
"10/2023";"82.928.664/0001-80 - MUNICIPIO DE ARMAZEM";"Município";"Pessoa Jurídica";"SC";"ARMAZÉM";"202340620003";"4062 - RICARDO GUIDI";"378.658,50";
"07/2024";"82.892.324/0001-46 - MUNICIPIO DE SANTO AMARO DA IMPERATRIZ";"Município";"Pessoa Jurídica";"SC";"SANTO AMARO DA IMPERATRIZ";"202442090002";"4209 - JORGE GOETTEN";"380.000,00";
"07/2024";"83.021.857/0001-15 - MUNICIPIO DE PINHALZINHO";"Município";"Pessoa Jurídica";"SC";"PINHALZINHO";"202443390001";"4339 - DANIELA REINEHR";"380.000,00";
"10/2023";"82.892.282/0001-43 - MUNICIPIO DE FLORIANOPOLIS";"Município";"Pessoa Jurídica";"SC";"FLORIANÓPOLIS";"202340150002";"4015 - HELIO COSTA";"381.905,00";
"10/2023";"80.913.031/0001-72 - MUNICIPIO DE OURO VERDE";"Município";"Pessoa Jurídica";"SC";"OURO VERDE";"202342510010";"4251 - IVETE DA SILVEIRA";"386.928,00";
"10/2023";"82.928.680/0001-72 - MUNICIPIO DE PEDRAS GRANDES";"Município";"Pessoa Jurídica";"SC";"PEDRAS GRANDES";"202332350003";"3235 - GEOVANIA DE SA";"387.075,25";
"03/2023";"95.954.442/0001-83 - MUNICIPIO DE SAO JOAO DO ITAPERIU";"Município";"Pessoa Jurídica";"SC";"SÃO JOÃO DO ITAPERIÚ";"202239290005";"3929 - CARLOS CHIODINI";"390.159,00";
"07/2022";"80.912.140/0001-75 - MUNICIPIO DE SANTA HELENA";"Município";"Pessoa Jurídica";"SC";"SANTA HELENA";"202225690003";"2569 - CELSO MALDANER";"394.500,00";
"09/2025";"82.777.251/0001-41 - MUNICIPIO DE TREZE TILIAS";"Município";"Pessoa Jurídica";"SC";"TREZE TÍLIAS";"202522100013";"2210 - ESPERIDIAO AMIN";"396.000,00";
"09/2025";"83.102.509/0001-72 - MUNICIPIO DE MAFRA";"Município";"Pessoa Jurídica";"SC";"MAFRA";"202539320001";"3932 - CAROLINE DE TONI";"396.000,00";
"12/2025";"82.765.488/0001-02 - MUNICIPIO DE TAIO";"Município";"Pessoa Jurídica";"SC";"TAIÓ";"202542730001";"4273 - JORGE SEIF";"396.000,00";
"09/2025";"83.102.343/0001-94 - MUNICIPIO DE BRUSQUE";"Município";"Pessoa Jurídica";"SC";"BRUSQUE";"202543920009";"4392 - ISMAEL";"396.000,00";
"09/2025";"85.361.863/0001-47 - MUNICIPIO DE PALMITOS";"Município";"Pessoa Jurídica";"SC";"PALMITOS";"202542730001";"4273 - JORGE SEIF";"396.000,00";
"09/2025";"95.990.131/0001-70 - MUNICIPIO DE NOVA ITABERABA";"Município";"Pessoa Jurídica";"SC";"NOVA ITABERABA";"202540620003";"4062 - RICARDO GUIDI";"396.000,00";
"09/2025";"82.892.357/0001-96 - MUNICIPIO DE RANCHO QUEIMADO";"Município";"Pessoa Jurídica";"SC";"RANCHO QUEIMADO";"202522100013";"2210 - ESPERIDIAO AMIN";"396.000,00";
"09/2025";"83.024.257/0001-00 - MUNICIPIO DE CONCORDIA";"Município";"Pessoa Jurídica";"SC";"CONCÓRDIA";"202542730001";"4273 - JORGE SEIF";"396.000,00";
"10/2025";"95.995.221/0001-53 - MUNICIPIO DE ARABUTA";"Município";"Pessoa Jurídica";"SC";"ARABUTÃ";"202543390010";"4339 - DANIELA REINEHR";"396.000,00";
"12/2025";"01.613.120/0001-27 - MUNICIPIO DE CHAPADAO DO LAGEADO";"Município";"Pessoa Jurídica";"SC";"CHAPADÃO DO LAGEADO";"202539290001";"3929 - CARLOS CHIODINI";"396.000,00";
"09/2025";"01.613.120/0001-27 - MUNICIPIO DE CHAPADAO DO LAGEADO";"Município";"Pessoa Jurídica";"SC";"CHAPADÃO DO LAGEADO";"202540620003";"4062 - RICARDO GUIDI";"396.000,00";
"10/2025";"83.755.850/0001-27 - MUNICIPIO DE PONTE ALTA";"Município";"Pessoa Jurídica";"SC";"PONTE ALTA";"202543920009";"4392 - ISMAEL";"396.000,00";
"12/2025";"83.755.850/0001-27 - MUNICIPIO DE PONTE ALTA";"Município";"Pessoa Jurídica";"SC";"PONTE ALTA";"202544480001";"4448 - PEZENTI";"396.000,00";
"09/2025";"82.538.851/0001-57 - MUNICIPIO DE IMARUI";"Município";"Pessoa Jurídica";"SC";"IMARUÍ";"202539320001";"3932 - CAROLINE DE TONI";"396.000,00";
"10/2025";"82.538.851/0001-57 - MUNICIPIO DE IMARUI";"Município";"Pessoa Jurídica";"SC";"IMARUÍ";"202540620003";"4062 - RICARDO GUIDI";"396.000,00";
"10/2025";"82.892.324/0001-46 - MUNICIPIO DE SANTO AMARO DA IMPERATRIZ";"Município";"Pessoa Jurídica";"SC";"SANTO AMARO DA IMPERATRIZ";"202539320001";"3932 - CAROLINE DE TONI";"396.000,00";
"12/2025";"82.892.324/0001-46 - MUNICIPIO DE SANTO AMARO DA IMPERATRIZ";"Município";"Pessoa Jurídica";"SC";"SANTO AMARO DA IMPERATRIZ";"202542730001";"4273 - JORGE SEIF";"396.000,00";
"12/2025";"82.939.380/0001-99 - MUNICIPIO DE JOACABA";"Município";"Pessoa Jurídica";"SC";"JOAÇABA";"202539320001";"3932 - CAROLINE DE TONI";"396.000,00";
"09/2025";"82.939.380/0001-99 - MUNICIPIO DE JOACABA";"Município";"Pessoa Jurídica";"SC";"JOAÇABA";"202542090003";"4209 - JORGE GOETTEN";"396.000,00";
"09/2025";"82.892.373/0001-89 - MUNICIPIO DE GOVERNADOR CELSO RAMOS";"Município";"Pessoa Jurídica";"SC";"GOVERNADOR CELSO RAMOS";"202542730001";"4273 - JORGE SEIF";"396.000,00";
"12/2025";"82.814.575/0001-02 - MUNICIPIO DE IPUMIRIM";"Município";"Pessoa Jurídica";"SC";"IPUMIRIM";"202522100013";"2210 - ESPERIDIAO AMIN";"396.000,00";
"09/2025";"75.438.655/0001-45 - MUNICIPIO DE CORREIA PINTO";"Município";"Pessoa Jurídica";"SC";"CORREIA PINTO";"202543390010";"4339 - DANIELA REINEHR";"396.000,00";
"10/2025";"82.854.670/0001-30 - MUNICIPIO DE XAXIM";"Município";"Pessoa Jurídica";"SC";"XAXIM";"202542090003";"4209 - JORGE GOETTEN";"396.000,00";
"10/2025";"82.939.232/0001-74 - MUNICIPIO DE CAMPOS NOVOS";"Município";"Pessoa Jurídica";"SC";"CAMPOS NOVOS";"202539320001";"3932 - CAROLINE DE TONI";"396.000,00";
"10/2025";"80.989.965/0001-98 - MUNICIPIO DE SANTA ROSA DO SUL";"Município";"Pessoa Jurídica";"SC";"SANTA ROSA DO SUL";"202543920009";"4392 - ISMAEL";"396.000,00";
"12/2025";"82.821.216/0001-82 - MUNICIPIO DE GUARACIABA";"Município";"Pessoa Jurídica";"SC";"GUARACIABA";"202542730001";"4273 - JORGE SEIF";"396.000,00";
"12/2025";"82.821.216/0001-82 - MUNICIPIO DE GUARACIABA";"Município";"Pessoa Jurídica";"SC";"GUARACIABA";"202543390010";"4339 - DANIELA REINEHR";"396.000,00";
"09/2025";"83.102.756/0001-79 - MUNICIPIO DE RIO NEGRINHO";"Município";"Pessoa Jurídica";"SC";"RIO NEGRINHO";"202542730001";"4273 - JORGE SEIF";"396.000,00";
"09/2025";"95.995.247/0001-00 - MUNICIPIO DE ARVOREDO";"Município";"Pessoa Jurídica";"SC";"ARVOREDO";"202539800001";"3980 - FABIO SCHIOCHET";"396.000,00";
"12/2025";"17.243.084/0001-97 - MUNICIPIO DE BALNEARIO RINCAO";"Município";"Pessoa Jurídica";"SC";"BALNEÁRIO RINCÃO";"202539490006";"3949 - DANIEL FREITAS";"396.000,00";
"10/2025";"82.909.409/0001-90 - MUNICIPIO DE IMBITUBA";"Município";"Pessoa Jurídica";"SC";"IMBITUBA";"202543390010";"4339 - DANIELA REINEHR";"396.000,00";
"10/2025";"82.909.409/0001-90 - MUNICIPIO DE IMBITUBA";"Município";"Pessoa Jurídica";"SC";"IMBITUBA";"202542730001";"4273 - JORGE SEIF";"396.000,00";
"10/2025";"82.909.409/0001-90 - MUNICIPIO DE IMBITUBA";"Município";"Pessoa Jurídica";"SC";"IMBITUBA";"202539320001";"3932 - CAROLINE DE TONI";"396.000,00";
"09/2025";"82.939.430/0001-38 - MUNICIPIO DE HERVAL D'OESTE";"Município";"Pessoa Jurídica";"SC";"HERVAL D'OESTE";"202543390010";"4339 - DANIELA REINEHR";"396.000,00";
"12/2025";"82.913.211/0001-80 - MUNICIPIO DE PRAIA GRANDE";"Município";"Pessoa Jurídica";"SC";"PRAIA GRANDE";"202522100013";"2210 - ESPERIDIAO AMIN";"396.000,00";
"09/2025";"82.821.174/0001-80 - MUNICIPIO DE SAO MIGUEL D'OESTE";"Município";"Pessoa Jurídica";"SC";"SÃO MIGUEL DO OESTE";"202543390010";"4339 - DANIELA REINEHR";"396.000,00";
"09/2025";"82.821.174/0001-80 - MUNICIPIO DE SAO MIGUEL D'OESTE";"Município";"Pessoa Jurídica";"SC";"SÃO MIGUEL DO OESTE";"202539800001";"3980 - FABIO SCHIOCHET";"396.000,00";
"12/2025";"83.102.632/0001-93 - MUNICIPIO DE IMBUIA";"Município";"Pessoa Jurídica";"SC";"IMBUIA";"202544480001";"4448 - PEZENTI";"396.000,00";
"10/2025";"83.102.632/0001-93 - MUNICIPIO DE IMBUIA";"Município";"Pessoa Jurídica";"SC";"IMBUIA";"202540620003";"4062 - RICARDO GUIDI";"396.000,00";
"09/2025";"83.021.147/0001-95 - MUNICIPIO DE CUNHA PORA";"Município";"Pessoa Jurídica";"SC";"CUNHA PORÃ";"202543250005";"4325 - COBALCHINI";"396.000,00";
"09/2025";"82.925.652/0001-00 - MUNICIPIO DE SAO JOAO BATISTA";"Município";"Pessoa Jurídica";"SC";"SÃO JOÃO BATISTA";"202544010010";"4401 - JULIA ZANATTA";"396.000,00";
"10/2025";"82.925.652/0001-00 - MUNICIPIO DE SAO JOAO BATISTA";"Município";"Pessoa Jurídica";"SC";"SÃO JOÃO BATISTA";"202522100013";"2210 - ESPERIDIAO AMIN";"396.000,00";
"09/2025";"83.009.860/0001-13 - MUNICIPIO DE XANXERE";"Município";"Pessoa Jurídica";"SC";"XANXERÊ";"202542730001";"4273 - JORGE SEIF";"396.000,00";
"10/2025";"80.912.140/0001-75 - MUNICIPIO DE SANTA HELENA";"Município";"Pessoa Jurídica";"SC";"SANTA HELENA";"202522100013";"2210 - ESPERIDIAO AMIN";"396.000,00";
"10/2025";"83.027.045/0001-87 - MUNICIPIO DE GUARUJA DO SUL";"Município";"Pessoa Jurídica";"SC";"GUARUJÁ DO SUL";"202543390010";"4339 - DANIELA REINEHR";"396.000,00";
"12/2025";"82.826.462/0001-27 - MUNICIPIO DE ARROIO TRINTA";"Município";"Pessoa Jurídica";"SC";"ARROIO TRINTA";"202522100013";"2210 - ESPERIDIAO AMIN";"396.000,00";
"09/2025";"83.102.715/0001-82 - MUNICIPIO DE RIO DO OESTE";"Município";"Pessoa Jurídica";"SC";"RIO DO OESTE";"202542730001";"4273 - JORGE SEIF";"396.000,00";
"09/2025";"79.373.775/0001-62 - MUNICIPIO DE DOUTOR PEDRINHO";"Município";"Pessoa Jurídica";"SC";"DOUTOR PEDRINHO";"202543920009";"4392 - ISMAEL";"396.000,00";
"12/2025";"82.558.149/0001-55 - MUNICIPIO DE GRAO PARA";"Município";"Pessoa Jurídica";"SC";"GRÃO PARÁ";"202522100013";"2210 - ESPERIDIAO AMIN";"396.000,00";
"12/2025";"82.558.149/0001-55 - MUNICIPIO DE GRAO PARA";"Município";"Pessoa Jurídica";"SC";"GRÃO PARÁ";"202544480001";"4448 - PEZENTI";"396.000,00";
"10/2025";"82.821.208/0001-36 - MUNICIPIO DE ITAPIRANGA";"Município";"Pessoa Jurídica";"SC";"ITAPIRANGA";"202542730001";"4273 - JORGE SEIF";"396.000,00";
"09/2025";"83.102.244/0001-02 - MUNICIPIO DE GASPAR";"Município";"Pessoa Jurídica";"SC";"GASPAR";"202542730001";"4273 - JORGE SEIF";"396.000,00";
"09/2025";"83.102.244/0001-02 - MUNICIPIO DE GASPAR";"Município";"Pessoa Jurídica";"SC";"GASPAR";"202522100013";"2210 - ESPERIDIAO AMIN";"396.000,00";
"10/2025";"83.102.384/0001-80 - MUNICIPIO DE CANOINHAS";"Município";"Pessoa Jurídica";"SC";"CANOINHAS";"202539800001";"3980 - FABIO SCHIOCHET";"396.000,00";
"12/2025";"83.102.384/0001-80 - MUNICIPIO DE CANOINHAS";"Município";"Pessoa Jurídica";"SC";"CANOINHAS";"202542730001";"4273 - JORGE SEIF";"396.000,00";
"09/2025";"82.572.207/0001-03 - MUNICIPIO DE ITAPEMA";"Município";"Pessoa Jurídica";"SC";"ITAPEMA";"202542730001";"4273 - JORGE SEIF";"396.000,00";
"09/2025";"82.926.569/0001-47 - MUNICIPIO DE GRAVATAL";"Município";"Pessoa Jurídica";"SC";"GRAVATAL";"202542090003";"4209 - JORGE GOETTEN";"396.000,00";
"09/2025";"78.497.492/0001-60 - MUNICIPIO DE TIMBO GRANDE";"Município";"Pessoa Jurídica";"SC";"TIMBÓ GRANDE";"202539800001";"3980 - FABIO SCHIOCHET";"396.000,00";
"10/2025";"83.024.240/0001-53 - MUNICIPIO DE ITA";"Município";"Pessoa Jurídica";"SC";"ITÁ";"202542730001";"4273 - JORGE SEIF";"396.000,00";
"10/2025";"83.169.623/0001-10 - MUNICIPIO DE JOINVILLE";"Município";"Pessoa Jurídica";"SC";"JOINVILLE";"202539320001";"3932 - CAROLINE DE TONI";"396.000,00";
"09/2025";"83.169.623/0001-10 - MUNICIPIO DE JOINVILLE";"Município";"Pessoa Jurídica";"SC";"JOINVILLE";"202542730001";"4273 - JORGE SEIF";"396.000,00";
"09/2025";"78.492.576/0001-00 - MUNICIPIO DE URUPEMA";"Município";"Pessoa Jurídica";"SC";"URUPEMA";"202529250007";"2925 - GEOVANIA DE SA (EX-PARLAMENTAR CARMEN ZANOTTO, NOS TERMOS ART. 78 LDO 2025 E DA MENSAGEM 95-CN, DE 06.11.25)";"396.000,00";
"09/2025";"79.372.553/0001-25 - MUNICIPIO DE JOSE BOITEUX";"Município";"Pessoa Jurídica";"SC";"JOSÉ BOITEUX";"202542090003";"4209 - JORGE GOETTEN";"396.000,00";
"12/2025";"83.102.699/0001-28 - MUNICIPIO DE PRESIDENTE NEREU";"Município";"Pessoa Jurídica";"SC";"PRESIDENTE NEREU";"202542090003";"4209 - JORGE GOETTEN";"396.000,00";
"09/2025";"82.777.228/0001-57 - MUNICIPIO DE OURO";"Município";"Pessoa Jurídica";"SC";"OURO";"202543250005";"4325 - COBALCHINI";"396.000,00";
"10/2025";"82.815.481/0001-58 - MUNICIPIO DE PIRATUBA";"Município";"Pessoa Jurídica";"SC";"PIRATUBA";"202543250005";"4325 - COBALCHINI";"396.000,00";
"10/2025";"82.892.290/0001-90 - MUNICIPIO DE ANTONIO CARLOS";"Município";"Pessoa Jurídica";"SC";"ANTÔNIO CARLOS";"202542730001";"4273 - JORGE SEIF";"396.000,00";
"10/2025";"83.102.319/0001-55 - MUNICIPIO DE LUIZ ALVES";"Município";"Pessoa Jurídica";"SC";"LUIZ ALVES";"202543390010";"4339 - DANIELA REINEHR";"396.000,00";
"09/2025";"79.373.767/0001-16 - MUNICIPIO DE APIUNA";"Município";"Pessoa Jurídica";"SC";"APIÚNA";"202542730001";"4273 - JORGE SEIF";"396.000,00";
"09/2025";"79.373.767/0001-16 - MUNICIPIO DE APIUNA";"Município";"Pessoa Jurídica";"SC";"APIÚNA";"202539320001";"3932 - CAROLINE DE TONI";"396.000,00";
"09/2025";"83.021.873/0001-08 - MUNICIPIO DE SAO LOURENCO D'OESTE";"Município";"Pessoa Jurídica";"SC";"SÃO LOURENÇO DO OESTE";"202522100013";"2210 - ESPERIDIAO AMIN";"396.000,00";
"09/2025";"83.021.873/0001-08 - MUNICIPIO DE SAO LOURENCO D'OESTE";"Município";"Pessoa Jurídica";"SC";"SÃO LOURENÇO DO OESTE";"202542730001";"4273 - JORGE SEIF";"396.000,00";
"12/2025";"82.827.353/0001-24 - MUNICIPIO DE SALTO VELOSO";"Município";"Pessoa Jurídica";"SC";"SALTO VELOSO";"202522100013";"2210 - ESPERIDIAO AMIN";"396.000,00";
"09/2025";"82.827.353/0001-24 - MUNICIPIO DE SALTO VELOSO";"Município";"Pessoa Jurídica";"SC";"SALTO VELOSO";"202542090003";"4209 - JORGE GOETTEN";"396.000,00";
"09/2025";"83.024.505/0001-13 - MUNICIPIO DE SEARA";"Município";"Pessoa Jurídica";"SC";"SEARA";"202522100013";"2210 - ESPERIDIAO AMIN";"396.000,00";
"09/2025";"83.102.624/0001-47 - MUNICIPIO DE AURORA";"Município";"Pessoa Jurídica";"SC";"AURORA";"202540620003";"4062 - RICARDO GUIDI";"396.000,00";
"12/2025";"82.843.582/0001-32 - MUNICIPIO DE URUBICI";"Município";"Pessoa Jurídica";"SC";"URUBICI";"202544480001";"4448 - PEZENTI";"396.000,00";
"09/2025";"95.991.261/0001-27 - MUNICIPIO DE SAO CRISTOVAO DO SUL";"Município";"Pessoa Jurídica";"SC";"SÃO CRISTOVÃO DO SUL";"202522100013";"2210 - ESPERIDIAO AMIN";"396.000,00";
"10/2025";"83.028.415/0001-09 - MUNICIPIO DE MONDAI";"Município";"Pessoa Jurídica";"SC";"MONDAÍ";"202542730001";"4273 - JORGE SEIF";"396.000,00";
"10/2025";"83.028.415/0001-09 - MUNICIPIO DE MONDAI";"Município";"Pessoa Jurídica";"SC";"MONDAÍ";"202542090003";"4209 - JORGE GOETTEN";"396.000,00";
"09/2025";"82.577.636/0001-65 - MUNICIPIO DE TIJUCAS";"Município";"Pessoa Jurídica";"SC";"TIJUCAS";"202542090003";"4209 - JORGE GOETTEN";"396.000,00";
"10/2025";"82.577.636/0001-65 - MUNICIPIO DE TIJUCAS";"Município";"Pessoa Jurídica";"SC";"TIJUCAS";"202543920009";"4392 - ISMAEL";"396.000,00";
"09/2025";"82.577.636/0001-65 - MUNICIPIO DE TIJUCAS";"Município";"Pessoa Jurídica";"SC";"TIJUCAS";"202522100013";"2210 - ESPERIDIAO AMIN";"396.000,00";
"10/2025";"83.102.582/0001-44 - MUNICIPIO DE AGROLANDIA";"Município";"Pessoa Jurídica";"SC";"AGROLÂNDIA";"202542730001";"4273 - JORGE SEIF";"396.000,00";
"10/2025";"83.102.582/0001-44 - MUNICIPIO DE AGROLANDIA";"Município";"Pessoa Jurídica";"SC";"AGROLÂNDIA";"202543390010";"4339 - DANIELA REINEHR";"396.000,00";
"10/2025";"83.102.582/0001-44 - MUNICIPIO DE AGROLANDIA";"Município";"Pessoa Jurídica";"SC";"AGROLÂNDIA";"202544480001";"4448 - PEZENTI";"396.000,00";
"12/2025";"83.102.848/0001-59 - MUNICIPIO DE GARUVA";"Município";"Pessoa Jurídica";"SC";"GARUVA";"202543920009";"4392 - ISMAEL";"396.000,00";
"09/2025";"83.102.848/0001-59 - MUNICIPIO DE GARUVA";"Município";"Pessoa Jurídica";"SC";"GARUVA";"202542730001";"4273 - JORGE SEIF";"396.000,00";
"12/2025";"95.991.097/0001-58 - MUNICIPIO DE CERRO NEGRO";"Município";"Pessoa Jurídica";"SC";"CERRO NEGRO";"202522100013";"2210 - ESPERIDIAO AMIN";"396.000,00";
"12/2025";"95.952.230/0001-67 - MUNICIPIO DE BRACO DO TROMBUDO";"Município";"Pessoa Jurídica";"SC";"BRAÇO DO TROMBUDO";"202542730001";"4273 - JORGE SEIF";"396.000,00";
"09/2025";"83.028.639/0001-02 - MUNICIPIO DE PALMA SOLA";"Município";"Pessoa Jurídica";"SC";"PALMA SOLA";"202539320001";"3932 - CAROLINE DE TONI";"396.000,00";
"09/2025";"83.028.639/0001-02 - MUNICIPIO DE PALMA SOLA";"Município";"Pessoa Jurídica";"SC";"PALMA SOLA";"202543390010";"4339 - DANIELA REINEHR";"396.000,00";
"09/2025";"83.021.816/0001-29 - MUNICIPIO DE CAXAMBU DO SUL";"Município";"Pessoa Jurídica";"SC";"CAXAMBU DO SUL";"202522100013";"2210 - ESPERIDIAO AMIN";"396.000,00";
"09/2025";"95.954.509/0001-80 - MUNICIPIO DE BALNEARIO BARRA DO SUL";"Município";"Pessoa Jurídica";"SC";"BALNEÁRIO BARRA DO SUL";"202539290001";"3929 - CARLOS CHIODINI";"396.000,00";
"09/2025";"95.954.509/0001-80 - MUNICIPIO DE BALNEARIO BARRA DO SUL";"Município";"Pessoa Jurídica";"SC";"BALNEÁRIO BARRA DO SUL";"202542090003";"4209 - JORGE GOETTEN";"396.000,00";
"09/2025";"95.954.509/0001-80 - MUNICIPIO DE BALNEARIO BARRA DO SUL";"Município";"Pessoa Jurídica";"SC";"BALNEÁRIO BARRA DO SUL";"202542730001";"4273 - JORGE SEIF";"396.000,00";
"09/2025";"82.892.365/0001-32 - MUNICIPIO DE PAULO LOPES";"Município";"Pessoa Jurídica";"SC";"PAULO LOPES";"202542090003";"4209 - JORGE GOETTEN";"396.000,00";
"09/2025";"82.939.406/0001-07 - MUNICIPIO DE CAPINZAL";"Município";"Pessoa Jurídica";"SC";"CAPINZAL";"202522100013";"2210 - ESPERIDIAO AMIN";"396.000,00";
"09/2025";"95.780.441/0001-60 - MUNICIPIO DE CAPIVARI DE BAIXO";"Município";"Pessoa Jurídica";"SC";"CAPIVARI DE BAIXO";"202542730001";"4273 - JORGE SEIF";"396.000,00";
"09/2025";"82.892.266/0001-50 - MUNICIPIO DE AGUAS MORNAS";"Município";"Pessoa Jurídica";"SC";"ÁGUAS MORNAS";"202543390010";"4339 - DANIELA REINEHR";"396.000,00";
"12/2025";"79.372.520/0001-85 - MUNICIPIO DE VITOR MEIRELES";"Município";"Pessoa Jurídica";"SC";"VITOR MEIRELES";"202544480001";"4448 - PEZENTI";"396.000,00";
"10/2025";"82.928.664/0001-80 - MUNICIPIO DE ARMAZEM";"Município";"Pessoa Jurídica";"SC";"ARMAZÉM";"202543390010";"4339 - DANIELA REINEHR";"396.000,00";
"09/2025";"82.939.414/0001-45 - MUNICIPIO DE CATANDUVAS";"Município";"Pessoa Jurídica";"SC";"CATANDUVAS";"202542730001";"4273 - JORGE SEIF";"396.000,00";
"12/2025";"82.939.414/0001-45 - MUNICIPIO DE CATANDUVAS";"Município";"Pessoa Jurídica";"SC";"CATANDUVAS";"202543390010";"4339 - DANIELA REINEHR";"396.000,00";
"09/2025";"82.939.414/0001-45 - MUNICIPIO DE CATANDUVAS";"Município";"Pessoa Jurídica";"SC";"CATANDUVAS";"202539320001";"3932 - CAROLINE DE TONI";"396.000,00";
"10/2025";"82.951.229/0001-76 - ESTADO DE SANTA CATARINA";"Estado ou Distrito Federal";"Pessoa Jurídica";"SC";"FLORIANÓPOLIS";"202542510003";"4251 - IVETE DA SILVEIRA";"396.000,00";
"10/2025";"82.951.229/0001-76 - ESTADO DE SANTA CATARINA";"Estado ou Distrito Federal";"Pessoa Jurídica";"SC";"FLORIANÓPOLIS";"202539320001";"3932 - CAROLINE DE TONI";"396.000,00";
"09/2025";"82.547.274/0001-60 - MUNICIPIO DE SAO JOAO DO SUL";"Município";"Pessoa Jurídica";"SC";"SÃO JOÃO DO SUL";"202543920009";"4392 - ISMAEL";"396.000,00";
"10/2025";"82.547.274/0001-60 - MUNICIPIO DE SAO JOAO DO SUL";"Município";"Pessoa Jurídica";"SC";"SÃO JOÃO DO SUL";"202542090003";"4209 - JORGE GOETTEN";"396.000,00";
"10/2025";"82.547.274/0001-60 - MUNICIPIO DE SAO JOAO DO SUL";"Município";"Pessoa Jurídica";"SC";"SÃO JOÃO DO SUL";"202522100013";"2210 - ESPERIDIAO AMIN";"396.000,00";
"09/2025";"82.561.093/0001-98 - MUNICIPIO DE SAO JOAQUIM";"Município";"Pessoa Jurídica";"SC";"SÃO JOAQUIM";"202544480001";"4448 - PEZENTI";"396.000,00";
"09/2025";"83.102.806/0001-18 - MUNICIPIO DE RIO DOS CEDROS";"Município";"Pessoa Jurídica";"SC";"RIO DOS CEDROS";"202542730001";"4273 - JORGE SEIF";"396.000,00";
"09/2025";"83.102.764/0001-15 - MUNICIPIO DE TIMBO";"Município";"Pessoa Jurídica";"SC";"TIMBÓ";"202539320001";"3932 - CAROLINE DE TONI";"396.000,00";
"09/2025";"83.102.764/0001-15 - MUNICIPIO DE TIMBO";"Município";"Pessoa Jurídica";"SC";"TIMBÓ";"202544480001";"4448 - PEZENTI";"396.000,00";
"09/2025";"83.021.857/0001-15 - MUNICIPIO DE PINHALZINHO";"Município";"Pessoa Jurídica";"SC";"PINHALZINHO";"202539800001";"3980 - FABIO SCHIOCHET";"396.000,00";
"10/2025";"83.102.798/0001-00 - MUNICIPIO DE INDAIAL";"Município";"Pessoa Jurídica";"SC";"INDAIAL";"202542090003";"4209 - JORGE GOETTEN";"396.000,00";
"09/2025";"83.102.517/0001-19 - MUNICIPIO DE ITAIOPOLIS";"Município";"Pessoa Jurídica";"SC";"ITAIÓPOLIS";"202542730001";"4273 - JORGE SEIF";"396.000,00";
"09/2025";"83.102.517/0001-19 - MUNICIPIO DE ITAIOPOLIS";"Município";"Pessoa Jurídica";"SC";"ITAIÓPOLIS";"202544480001";"4448 - PEZENTI";"396.000,00";
"12/2025";"83.102.442/0001-76 - MUNICIPIO DE WITMARSUM";"Município";"Pessoa Jurídica";"SC";"WITMARSUM";"202544480001";"4448 - PEZENTI";"396.000,00";
"10/2025";"01.612.847/0001-90 - MUNICIPIO DE SANTA TEREZINHA DO PROGRESSO";"Município";"Pessoa Jurídica";"SC";"SANTA TEREZINHA DO PROGRESSO";"202522100013";"2210 - ESPERIDIAO AMIN";"396.000,00";
"09/2025";"82.777.343/0001-21 - MUNICIPIO DE BOM RETIRO";"Município";"Pessoa Jurídica";"SC";"BOM RETIRO";"202539800001";"3980 - FABIO SCHIOCHET";"396.000,00";
"12/2025";"82.926.544/0001-43 - MUNICIPIO DE ORLEANS";"Município";"Pessoa Jurídica";"SC";"ORLEANS";"202543920009";"4392 - ISMAEL";"396.000,00";
"12/2025";"82.926.544/0001-43 - MUNICIPIO DE ORLEANS";"Município";"Pessoa Jurídica";"SC";"ORLEANS";"202540620003";"4062 - RICARDO GUIDI";"396.000,00";
"09/2025";"82.926.544/0001-43 - MUNICIPIO DE ORLEANS";"Município";"Pessoa Jurídica";"SC";"ORLEANS";"202539490006";"3949 - DANIEL FREITAS";"396.000,00";
"10/2025";"82.562.893/0001-23 - MUNICIPIO DE CANELINHA";"Município";"Pessoa Jurídica";"SC";"CANELINHA";"202542090003";"4209 - JORGE GOETTEN";"396.000,00";
"12/2025";"83.026.138/0001-97 - MUNICIPIO DE DESCANSO";"Município";"Pessoa Jurídica";"SC";"DESCANSO";"202528550023";"2855 - PEDRO UCZAI";"396.000,00";
"12/2025";"95.991.071/0001-00 - MUNICIPIO DE RIO RUFINO";"Município";"Pessoa Jurídica";"SC";"RIO RUFINO";"202522100013";"2210 - ESPERIDIAO AMIN";"396.000,00";
"12/2025";"95.991.071/0001-00 - MUNICIPIO DE RIO RUFINO";"Município";"Pessoa Jurídica";"SC";"RIO RUFINO";"202544480001";"4448 - PEZENTI";"396.000,00";
"09/2025";"83.102.731/0001-75 - MUNICIPIO DE TROMBUDO CENTRAL";"Município";"Pessoa Jurídica";"SC";"TROMBUDO CENTRAL";"202522100013";"2210 - ESPERIDIAO AMIN";"396.000,00";
"09/2025";"83.102.574/0001-06 - MUNICIPIO DE RIO DO SUL";"Município";"Pessoa Jurídica";"SC";"RIO DO SUL";"202544480001";"4448 - PEZENTI";"396.000,00";
"10/2025";"83.009.894/0001-08 - MUNICIPIO DE SAO DOMINGOS";"Município";"Pessoa Jurídica";"SC";"SÃO DOMINGOS";"202543390010";"4339 - DANIELA REINEHR";"396.000,00";
"10/2025";"82.558.909/0001-24 - MUNICIPIO DE LAURO MULLER";"Município";"Pessoa Jurídica";"SC";"LAURO MULLER";"202542730001";"4273 - JORGE SEIF";"396.000,00";
"09/2025";"83.102.491/0001-09 - MUNICIPIO DE SCHROEDER";"Município";"Pessoa Jurídica";"SC";"SCHROEDER";"202539320001";"3932 - CAROLINE DE TONI";"396.000,00";
"12/2025";"83.102.491/0001-09 - MUNICIPIO DE SCHROEDER";"Município";"Pessoa Jurídica";"SC";"SCHROEDER";"202542730001";"4273 - JORGE SEIF";"396.000,00";
"12/2025";"83.000.323/0001-02 - MUNICIPIO DE MORRO DA FUMACA";"Município";"Pessoa Jurídica";"SC";"MORRO DA FUMAÇA";"202544010010";"4401 - JULIA ZANATTA";"396.000,00";
"09/2025";"82.947.979/0001-74 - MUNICIPIO DE FRAIBURGO";"Município";"Pessoa Jurídica";"SC";"FRAIBURGO";"202539320001";"3932 - CAROLINE DE TONI";"396.000,00";
"10/2025";"83.102.251/0001-04 - MUNICIPIO DE POMERODE";"Município";"Pessoa Jurídica";"SC";"POMERODE";"202539320001";"3932 - CAROLINE DE TONI";"396.000,00";
"10/2025";"83.102.251/0001-04 - MUNICIPIO DE POMERODE";"Município";"Pessoa Jurídica";"SC";"POMERODE";"202542730001";"4273 - JORGE SEIF";"396.000,00";
"09/2025";"82.777.236/0001-01 - MUNICIPIO DE PONTE SERRADA";"Município";"Pessoa Jurídica";"SC";"PONTE SERRADA";"202543390010";"4339 - DANIELA REINEHR";"396.000,00";
"09/2025";"82.777.236/0001-01 - MUNICIPIO DE PONTE SERRADA";"Município";"Pessoa Jurídica";"SC";"PONTE SERRADA";"202542730001";"4273 - JORGE SEIF";"396.000,00";
"09/2025";"82.777.236/0001-01 - MUNICIPIO DE PONTE SERRADA";"Município";"Pessoa Jurídica";"SC";"PONTE SERRADA";"202522100013";"2210 - ESPERIDIAO AMIN";"396.000,00";
"09/2025";"82.777.236/0001-01 - MUNICIPIO DE PONTE SERRADA";"Município";"Pessoa Jurídica";"SC";"PONTE SERRADA";"202543250005";"4325 - COBALCHINI";"396.000,00";
"09/2025";"82.845.744/0001-71 - MUNICIPIO DE MAJOR GERCINO";"Município";"Pessoa Jurídica";"SC";"MAJOR GERCINO";"202522100013";"2210 - ESPERIDIAO AMIN";"396.000,00";
"10/2025";"83.021.808/0001-82 - MUNICIPIO DE CHAPECO";"Município";"Pessoa Jurídica";"SC";"CHAPECÓ";"202528550023";"2855 - PEDRO UCZAI";"396.000,00";
"09/2025";"86.051.398/0001-00 - MUNICIPIO DE SAO BENTO DO SUL";"Município";"Pessoa Jurídica";"SC";"SÃO BENTO DO SUL";"202539320001";"3932 - CAROLINE DE TONI";"396.000,00";
"09/2025";"86.051.398/0001-00 - MUNICIPIO DE SAO BENTO DO SUL";"Município";"Pessoa Jurídica";"SC";"SÃO BENTO DO SUL";"202542730001";"4273 - JORGE SEIF";"396.000,00";
"09/2025";"86.051.398/0001-00 - MUNICIPIO DE SAO BENTO DO SUL";"Município";"Pessoa Jurídica";"SC";"SÃO BENTO DO SUL";"202544480001";"4448 - PEZENTI";"396.000,00";
"10/2025";"83.108.357/0001-15 - MUNICIPIO DE BLUMENAU";"Município";"Pessoa Jurídica";"SC";"BLUMENAU";"202544010010";"4401 - JULIA ZANATTA";"396.000,00";
"09/2025";"82.844.754/0001-92 - MUNICIPIO DE BOM JARDIM DA SERRA";"Município";"Pessoa Jurídica";"SC";"BOM JARDIM DA SERRA";"202529250007";"2925 - GEOVANIA DE SA (EX-PARLAMENTAR CARMEN ZANOTTO, NOS TERMOS ART. 78 LDO 2025 E DA MENSAGEM 95-CN, DE 06.11.25)";"396.000,00";
"12/2025";"82.844.754/0001-92 - MUNICIPIO DE BOM JARDIM DA SERRA";"Município";"Pessoa Jurídica";"SC";"BOM JARDIM DA SERRA";"202542730001";"4273 - JORGE SEIF";"396.000,00";
"12/2025";"82.892.282/0001-43 - MUNICIPIO DE FLORIANOPOLIS";"Município";"Pessoa Jurídica";"SC";"FLORIANÓPOLIS";"202543920009";"4392 - ISMAEL";"396.000,00";
"10/2025";"82.892.282/0001-43 - MUNICIPIO DE FLORIANOPOLIS";"Município";"Pessoa Jurídica";"SC";"FLORIANÓPOLIS";"202522100013";"2210 - ESPERIDIAO AMIN";"396.000,00";
"10/2025";"95.782.785/0001-08 - MUNICIPIO DE MORRO GRANDE";"Município";"Pessoa Jurídica";"SC";"MORRO GRANDE";"202522100013";"2210 - ESPERIDIAO AMIN";"396.000,00";
"09/2025";"83.102.418/0001-37 - MUNICIPIO DE IBIRAMA";"Município";"Pessoa Jurídica";"SC";"IBIRAMA";"202539320001";"3932 - CAROLINE DE TONI";"396.000,00";
"12/2025";"83.102.418/0001-37 - MUNICIPIO DE IBIRAMA";"Município";"Pessoa Jurídica";"SC";"IBIRAMA";"202542730001";"4273 - JORGE SEIF";"396.000,00";
"12/2025";"78.505.591/0001-46 - MUNICIPIO DE UNIAO DO OESTE";"Município";"Pessoa Jurídica";"SC";"UNIÃO DO OESTE";"202522100013";"2210 - ESPERIDIAO AMIN";"396.000,00";
"09/2025";"83.102.475/0001-16 - MUNICIPIO DE GUARAMIRIM";"Município";"Pessoa Jurídica";"SC";"GUARAMIRIM";"202539320001";"3932 - CAROLINE DE TONI";"396.000,00";
"09/2025";"83.102.475/0001-16 - MUNICIPIO DE GUARAMIRIM";"Município";"Pessoa Jurídica";"SC";"GUARAMIRIM";"202542730001";"4273 - JORGE SEIF";"396.000,00";
"12/2025";"83.102.434/0001-20 - MUNICIPIO DE PRESIDENTE GETULIO";"Município";"Pessoa Jurídica";"SC";"PRESIDENTE GETÚLIO";"202522100013";"2210 - ESPERIDIAO AMIN";"396.000,00";
"09/2025";"83.074.294/0001-23 - MUNICIPIO DE RIO DAS ANTAS";"Município";"Pessoa Jurídica";"SC";"RIO DAS ANTAS";"202522100013";"2210 - ESPERIDIAO AMIN";"396.000,00";
"09/2025";"82.836.057/0001-90 - MUNICIPIO DE GAROPABA";"Município";"Pessoa Jurídica";"SC";"GAROPABA";"202522100013";"2210 - ESPERIDIAO AMIN";"396.000,00";
"12/2025";"82.836.057/0001-90 - MUNICIPIO DE GAROPABA";"Município";"Pessoa Jurídica";"SC";"GAROPABA";"202539490006";"3949 - DANIEL FREITAS";"396.000,00";
"10/2025";"95.782.793/0001-54 - MUNICIPIO DE PASSO DE TORRES";"Município";"Pessoa Jurídica";"SC";"PASSO DE TORRES";"202522100013";"2210 - ESPERIDIAO AMIN";"396.000,00";
"09/2025";"01.605.479/0001-52 - MUNICIPIO DE BALNEARIO ARROIO DO SILVA";"Município";"Pessoa Jurídica";"SC";"BALNEÁRIO ARROIO DO SILVA";"202522100013";"2210 - ESPERIDIAO AMIN";"396.000,00";
"09/2025";"82.892.316/0001-08 - MUNICIPIO DE PALHOCA";"Município";"Pessoa Jurídica";"SC";"PALHOÇA";"202539290001";"3929 - CARLOS CHIODINI";"396.000,00";
"10/2025";"95.780.458/0001-17 - MUNICIPIO DE SANGAO";"Município";"Pessoa Jurídica";"SC";"SANGÃO";"202540620003";"4062 - RICARDO GUIDI";"396.000,00";
"09/2025";"95.780.458/0001-17 - MUNICIPIO DE SANGAO";"Município";"Pessoa Jurídica";"SC";"SANGÃO";"202522100013";"2210 - ESPERIDIAO AMIN";"396.000,00";
"12/2025";"95.992.020/0001-00 - MUNICIPIO DE MACIEIRA";"Município";"Pessoa Jurídica";"SC";"MACIEIRA";"202543390010";"4339 - DANIELA REINEHR";"396.000,00";
"09/2025";"83.102.327/0001-00 - MUNICIPIO DE PENHA";"Município";"Pessoa Jurídica";"SC";"PENHA";"202539320001";"3932 - CAROLINE DE TONI";"396.000,00";
"09/2025";"82.960.758/0001-36 - MUNICIPIO DE JACINTO MACHADO";"Município";"Pessoa Jurídica";"SC";"JACINTO MACHADO";"202544480001";"4448 - PEZENTI";"396.000,00";
"09/2025";"82.777.301/0001-90 - MUNICIPIO DE LAGES";"Município";"Pessoa Jurídica";"SC";"LAGES";"202539320001";"3932 - CAROLINE DE TONI";"396.000,00";
"09/2025";"80.622.319/0001-98 - MUNICIPIO DE SERRA ALTA";"Município";"Pessoa Jurídica";"SC";"SERRA ALTA";"202543250005";"4325 - COBALCHINI";"396.000,00";
"10/2025";"83.102.426/0001-83 - MUNICIPIO DE DONA EMMA";"Município";"Pessoa Jurídica";"SC";"DONA EMMA";"202544010010";"4401 - JULIA ZANATTA";"396.000,00";
"09/2025";"82.827.999/0001-01 - MUNICIPIO DE TANGARA";"Município";"Pessoa Jurídica";"SC";"TANGARÁ";"202522100013";"2210 - ESPERIDIAO AMIN";"396.000,00";
"09/2025";"83.021.832/0001-11 - MUNICIPIO DE MODELO";"Município";"Pessoa Jurídica";"SC";"MODELO";"202522100013";"2210 - ESPERIDIAO AMIN";"396.000,00";
"12/2025";"82.926.585/0001-30 - MUNICIPIO DE RIO FORTUNA";"Município";"Pessoa Jurídica";"SC";"RIO FORTUNA";"202522100013";"2210 - ESPERIDIAO AMIN";"396.000,00";
"09/2025";"82.815.085/0001-20 - MUNICIPIO DE PERITIBA";"Município";"Pessoa Jurídica";"SC";"PERITIBA";"202539320001";"3932 - CAROLINE DE TONI";"396.000,00";
"09/2025";"83.026.781/0001-10 - MUNICIPIO DE SAO JOSE DO CEDRO";"Município";"Pessoa Jurídica";"SC";"SÃO JOSÉ DO CEDRO";"202522100013";"2210 - ESPERIDIAO AMIN";"396.000,00";
"09/2025";"83.026.781/0001-10 - MUNICIPIO DE SAO JOSE DO CEDRO";"Município";"Pessoa Jurídica";"SC";"SÃO JOSÉ DO CEDRO";"202528550023";"2855 - PEDRO UCZAI";"396.000,00";
"09/2025";"83.026.781/0001-10 - MUNICIPIO DE SAO JOSE DO CEDRO";"Município";"Pessoa Jurídica";"SC";"SÃO JOSÉ DO CEDRO";"202539800001";"3980 - FABIO SCHIOCHET";"396.000,00";
"10/2025";"83.026.773/0001-74 - MUNICIPIO DE DIONISIO CERQUEIRA";"Município";"Pessoa Jurídica";"SC";"DIONÍSIO CERQUEIRA";"202542730001";"4273 - JORGE SEIF";"396.000,00";
"09/2025";"16.780.795/0001-38 - MUNICIPIO DE PESCARIA BRAVA";"Município";"Pessoa Jurídica";"SC";"PESCARIA BRAVA";"202522100013";"2210 - ESPERIDIAO AMIN";"396.000,00";
"10/2025";"82.892.274/0001-05 - MUNICIPIO DE SAO JOSE";"Município";"Pessoa Jurídica";"SC";"SÃO JOSÉ";"202539320001";"3932 - CAROLINE DE TONI";"396.000,00";
"09/2025";"83.074.310/0001-88 - MUNICIPIO DE LEBON REGIS";"Município";"Pessoa Jurídica";"SC";"LEBON RÉGIS";"202539800001";"3980 - FABIO SCHIOCHET";"396.000,00";
"09/2025";"83.074.310/0001-88 - MUNICIPIO DE LEBON REGIS";"Município";"Pessoa Jurídica";"SC";"LEBON RÉGIS";"202522100013";"2210 - ESPERIDIAO AMIN";"396.000,00";
"09/2025";"82.915.232/0001-34 - MUNICIPIO DE TIMBE DO SUL";"Município";"Pessoa Jurídica";"SC";"TIMBÉ DO SUL";"202522100013";"2210 - ESPERIDIAO AMIN";"396.000,00";
"06/2026";"82.777.251/0001-41 - MUNICIPIO DE TREZE TILIAS";"Município";"Pessoa Jurídica";"SC";"TREZE TÍLIAS";"202639320001";"3932 - CAROLINE DE TONI";"398.000,00";
"06/2026";"01.511.659/0001-75 - MUNICIPIO DE BALNEARIO GAIVOTA";"Município";"Pessoa Jurídica";"SC";"BALNEÁRIO GAIVOTA";"202640620003";"4062 - RICARDO GUIDI";"398.000,00";
"05/2026";"82.777.244/0001-40 - MUNICIPIO DE PRESIDENTE CASTELO BRANCO";"Município";"Pessoa Jurídica";"SC";"PRESIDENTE CASTELLO BRANCO";"202643250001";"4325 - COBALCHINI";"398.000,00";
"06/2026";"82.765.488/0001-02 - MUNICIPIO DE TAIO";"Município";"Pessoa Jurídica";"SC";"TAIÓ";"202643920005";"4392 - ISMAEL";"398.000,00";
"05/2026";"83.102.343/0001-94 - MUNICIPIO DE BRUSQUE";"Município";"Pessoa Jurídica";"SC";"BRUSQUE";"202622100012";"2210 - ESPERIDIAO AMIN";"398.000,00";
"06/2026";"95.990.131/0001-70 - MUNICIPIO DE NOVA ITABERABA";"Município";"Pessoa Jurídica";"SC";"NOVA ITABERABA";"202622100012";"2210 - ESPERIDIAO AMIN";"398.000,00";
"06/2026";"82.892.357/0001-96 - MUNICIPIO DE RANCHO QUEIMADO";"Município";"Pessoa Jurídica";"SC";"RANCHO QUEIMADO";"202640620003";"4062 - RICARDO GUIDI";"398.000,00";
"05/2026";"01.612.888/0001-86 - MUNICIPIO DE BELA VISTA DO TOLDO";"Município";"Pessoa Jurídica";"SC";"BELA VISTA DO TOLDO";"202642510003";"4251 - IVETE DA SILVEIRA";"398.000,00";
"06/2026";"95.990.115/0001-87 - MUNICIPIO DE NOVO HORIZONTE";"Município";"Pessoa Jurídica";"SC";"NOVO HORIZONTE";"202622100012";"2210 - ESPERIDIAO AMIN";"398.000,00";
"06/2026";"82.821.182/0001-26 - MUNICIPIO DE ROMELANDIA";"Município";"Pessoa Jurídica";"SC";"ROMELÂNDIA";"202639800001";"3980 - FABIO SCHIOCHET";"398.000,00";
"05/2026";"01.612.387/0001-08 - MUNICIPIO DE ZORTEA";"Município";"Pessoa Jurídica";"SC";"ZORTÉA";"202622100012";"2210 - ESPERIDIAO AMIN";"398.000,00";
"05/2026";"01.612.387/0001-08 - MUNICIPIO DE ZORTEA";"Município";"Pessoa Jurídica";"SC";"ZORTÉA";"202642090003";"4209 - JORGE GOETTEN";"398.000,00";
"05/2026";"95.995.221/0001-53 - MUNICIPIO DE ARABUTA";"Município";"Pessoa Jurídica";"SC";"ARABUTÃ";"202639320001";"3932 - CAROLINE DE TONI";"398.000,00";
"05/2026";"81.531.162/0001-58 - MUNICIPIO DE FORQUILHINHA";"Município";"Pessoa Jurídica";"SC";"FORQUILHINHA";"202628550010";"2855 - PEDRO UCZAI";"398.000,00";
"05/2026";"82.926.536/0001-05 - MUNICIPIO DE SAO LUDGERO";"Município";"Pessoa Jurídica";"SC";"SÃO LUDGERO";"202642090003";"4209 - JORGE GOETTEN";"398.000,00";
"05/2026";"83.102.665/0001-33 - MUNICIPIO DE LONTRAS";"Município";"Pessoa Jurídica";"SC";"LONTRAS";"202644480001";"4448 - PEZENTI";"398.000,00";
"06/2026";"82.538.851/0001-57 - MUNICIPIO DE IMARUI";"Município";"Pessoa Jurídica";"SC";"IMARUÍ";"202643920005";"4392 - ISMAEL";"398.000,00";
"06/2026";"82.538.851/0001-57 - MUNICIPIO DE IMARUI";"Município";"Pessoa Jurídica";"SC";"IMARUÍ";"202642090003";"4209 - JORGE GOETTEN";"398.000,00";
"05/2026";"83.102.640/0001-30 - MUNICIPIO DE ITUPORANGA";"Município";"Pessoa Jurídica";"SC";"ITUPORANGA";"202622100012";"2210 - ESPERIDIAO AMIN";"398.000,00";
"05/2026";"82.827.148/0001-69 - MUNICIPIO DE PINHEIRO PRETO";"Município";"Pessoa Jurídica";"SC";"PINHEIRO PRETO";"202642090003";"4209 - JORGE GOETTEN";"398.000,00";
"05/2026";"83.102.269/0001-06 - MUNICIPIO DE SAO FRANCISCO DO SUL";"Município";"Pessoa Jurídica";"SC";"SÃO FRANCISCO DO SUL";"202643390009";"4339 - DANIELA REINEHR";"398.000,00";
"05/2026";"82.939.380/0001-99 - MUNICIPIO DE JOACABA";"Município";"Pessoa Jurídica";"SC";"JOAÇABA";"202639800001";"3980 - FABIO SCHIOCHET";"398.000,00";
"05/2026";"82.892.373/0001-89 - MUNICIPIO DE GOVERNADOR CELSO RAMOS";"Município";"Pessoa Jurídica";"SC";"GOVERNADOR CELSO RAMOS";"202644480001";"4448 - PEZENTI";"398.000,00";
"06/2026";"82.892.373/0001-89 - MUNICIPIO DE GOVERNADOR CELSO RAMOS";"Município";"Pessoa Jurídica";"SC";"GOVERNADOR CELSO RAMOS";"202632350004";"3235 - GEOVANIA DE SA";"398.000,00";
"05/2026";"82.814.575/0001-02 - MUNICIPIO DE IPUMIRIM";"Município";"Pessoa Jurídica";"SC";"IPUMIRIM";"202639800001";"3980 - FABIO SCHIOCHET";"398.000,00";
"05/2026";"75.438.655/0001-45 - MUNICIPIO DE CORREIA PINTO";"Município";"Pessoa Jurídica";"SC";"CORREIA PINTO";"202643920005";"4392 - ISMAEL";"398.000,00";
"05/2026";"75.438.655/0001-45 - MUNICIPIO DE CORREIA PINTO";"Município";"Pessoa Jurídica";"SC";"CORREIA PINTO";"202642090003";"4209 - JORGE GOETTEN";"398.000,00";
"06/2026";"83.102.533/0001-01 - MUNICIPIO DE PAPANDUVA";"Município";"Pessoa Jurídica";"SC";"PAPANDUVA";"202644480001";"4448 - PEZENTI";"398.000,00";
"06/2026";"82.854.670/0001-30 - MUNICIPIO DE XAXIM";"Município";"Pessoa Jurídica";"SC";"XAXIM";"202639320001";"3932 - CAROLINE DE TONI";"398.000,00";
"05/2026";"82.939.232/0001-74 - MUNICIPIO DE CAMPOS NOVOS";"Município";"Pessoa Jurídica";"SC";"CAMPOS NOVOS";"202642090003";"4209 - JORGE GOETTEN";"398.000,00";
"06/2026";"95.990.230/0001-51 - MUNICIPIO DE IRATI";"Município";"Pessoa Jurídica";"SC";"IRATI";"202643390009";"4339 - DANIELA REINEHR";"398.000,00";
"06/2026";"80.989.965/0001-98 - MUNICIPIO DE SANTA ROSA DO SUL";"Município";"Pessoa Jurídica";"SC";"SANTA ROSA DO SUL";"202639800001";"3980 - FABIO SCHIOCHET";"398.000,00";
"05/2026";"80.989.965/0001-98 - MUNICIPIO DE SANTA ROSA DO SUL";"Município";"Pessoa Jurídica";"SC";"SANTA ROSA DO SUL";"202642090003";"4209 - JORGE GOETTEN";"398.000,00";
"06/2026";"82.821.216/0001-82 - MUNICIPIO DE GUARACIABA";"Município";"Pessoa Jurídica";"SC";"GUARACIABA";"202643390009";"4339 - DANIELA REINEHR";"398.000,00";
"05/2026";"82.945.718/0001-15 - MUNICIPIO DE SAO CARLOS";"Município";"Pessoa Jurídica";"SC";"SÃO CARLOS";"202639800001";"3980 - FABIO SCHIOCHET";"398.000,00";
"05/2026";"83.102.657/0001-97 - MUNICIPIO DE LAURENTINO";"Município";"Pessoa Jurídica";"SC";"LAURENTINO";"202639800001";"3980 - FABIO SCHIOCHET";"398.000,00";
"06/2026";"82.909.409/0001-90 - MUNICIPIO DE IMBITUBA";"Município";"Pessoa Jurídica";"SC";"IMBITUBA";"202643390009";"4339 - DANIELA REINEHR";"398.000,00";
"05/2026";"95.990.255/0001-55 - MUNICIPIO DE PLANALTO ALEGRE";"Município";"Pessoa Jurídica";"SC";"PLANALTO ALEGRE";"202643250001";"4325 - COBALCHINI";"398.000,00";
"06/2026";"82.939.430/0001-38 - MUNICIPIO DE HERVAL D'OESTE";"Município";"Pessoa Jurídica";"SC";"HERVAL D'OESTE";"202643390009";"4339 - DANIELA REINEHR";"398.000,00";
"06/2026";"82.821.174/0001-80 - MUNICIPIO DE SAO MIGUEL D'OESTE";"Município";"Pessoa Jurídica";"SC";"SÃO MIGUEL DO OESTE";"202642090003";"4209 - JORGE GOETTEN";"398.000,00";
"06/2026";"01.612.744/0001-20 - MUNICIPIO DE IOMERE";"Município";"Pessoa Jurídica";"SC";"IOMERÊ";"202622100012";"2210 - ESPERIDIAO AMIN";"398.000,00";
"05/2026";"83.021.147/0001-95 - MUNICIPIO DE CUNHA PORA";"Município";"Pessoa Jurídica";"SC";"CUNHA PORÃ";"202632350004";"3235 - GEOVANIA DE SA";"398.000,00";
"05/2026";"83.021.147/0001-95 - MUNICIPIO DE CUNHA PORA";"Município";"Pessoa Jurídica";"SC";"CUNHA PORÃ";"202644010005";"4401 - JULIA ZANATTA";"398.000,00";
"05/2026";"83.009.860/0001-13 - MUNICIPIO DE XANXERE";"Município";"Pessoa Jurídica";"SC";"XANXERÊ";"202642510003";"4251 - IVETE DA SILVEIRA";"398.000,00";
"05/2026";"83.027.045/0001-87 - MUNICIPIO DE GUARUJA DO SUL";"Município";"Pessoa Jurídica";"SC";"GUARUJÁ DO SUL";"202644480001";"4448 - PEZENTI";"398.000,00";
"06/2026";"82.826.462/0001-27 - MUNICIPIO DE ARROIO TRINTA";"Município";"Pessoa Jurídica";"SC";"ARROIO TRINTA";"202622100012";"2210 - ESPERIDIAO AMIN";"398.000,00";
"06/2026";"83.102.715/0001-82 - MUNICIPIO DE RIO DO OESTE";"Município";"Pessoa Jurídica";"SC";"RIO DO OESTE";"202640620003";"4062 - RICARDO GUIDI";"398.000,00";
"05/2026";"83.102.384/0001-80 - MUNICIPIO DE CANOINHAS";"Município";"Pessoa Jurídica";"SC";"CANOINHAS";"202639800001";"3980 - FABIO SCHIOCHET";"398.000,00";
"05/2026";"83.102.467/0001-70 - MUNICIPIO DE CORUPA";"Município";"Pessoa Jurídica";"SC";"CORUPÁ";"202643390009";"4339 - DANIELA REINEHR";"398.000,00";
"06/2026";"82.916.826/0001-60 - MUNICIPIO DE NOVA VENEZA";"Município";"Pessoa Jurídica";"SC";"NOVA VENEZA";"202622100012";"2210 - ESPERIDIAO AMIN";"398.000,00";
"05/2026";"82.926.551/0001-45 - MUNICIPIO DE BRACO DO NORTE";"Município";"Pessoa Jurídica";"SC";"BRAÇO DO NORTE";"202622100012";"2210 - ESPERIDIAO AMIN";"398.000,00";
"05/2026";"82.926.551/0001-45 - MUNICIPIO DE BRACO DO NORTE";"Município";"Pessoa Jurídica";"SC";"BRAÇO DO NORTE";"202639800001";"3980 - FABIO SCHIOCHET";"398.000,00";
"05/2026";"82.926.569/0001-47 - MUNICIPIO DE GRAVATAL";"Município";"Pessoa Jurídica";"SC";"GRAVATAL";"202642090003";"4209 - JORGE GOETTEN";"398.000,00";
"05/2026";"78.497.492/0001-60 - MUNICIPIO DE TIMBO GRANDE";"Município";"Pessoa Jurídica";"SC";"TIMBÓ GRANDE";"202639800001";"3980 - FABIO SCHIOCHET";"398.000,00";
"05/2026";"83.169.623/0001-10 - MUNICIPIO DE JOINVILLE";"Município";"Pessoa Jurídica";"SC";"JOINVILLE";"202642090003";"4209 - JORGE GOETTEN";"398.000,00";
"05/2026";"78.510.112/0001-80 - MUNICIPIO DE LINDOIA DO SUL";"Município";"Pessoa Jurídica";"SC";"LINDÓIA DO SUL";"202640620003";"4062 - RICARDO GUIDI";"398.000,00";
"05/2026";"83.102.699/0001-28 - MUNICIPIO DE PRESIDENTE NEREU";"Município";"Pessoa Jurídica";"SC";"PRESIDENTE NEREU";"202640620003";"4062 - RICARDO GUIDI";"398.000,00";
"05/2026";"82.777.228/0001-57 - MUNICIPIO DE OURO";"Município";"Pessoa Jurídica";"SC";"OURO";"202622100012";"2210 - ESPERIDIAO AMIN";"398.000,00";
"05/2026";"82.777.228/0001-57 - MUNICIPIO DE OURO";"Município";"Pessoa Jurídica";"SC";"OURO";"202639320001";"3932 - CAROLINE DE TONI";"398.000,00";
"06/2026";"82.892.290/0001-90 - MUNICIPIO DE ANTONIO CARLOS";"Município";"Pessoa Jurídica";"SC";"ANTÔNIO CARLOS";"202622100012";"2210 - ESPERIDIAO AMIN";"398.000,00";
"06/2026";"83.102.301/0001-53 - MUNICIPIO DE ILHOTA";"Município";"Pessoa Jurídica";"SC";"ILHOTA";"202639320001";"3932 - CAROLINE DE TONI";"398.000,00";
"06/2026";"79.373.767/0001-16 - MUNICIPIO DE APIUNA";"Município";"Pessoa Jurídica";"SC";"APIÚNA";"202622100012";"2210 - ESPERIDIAO AMIN";"398.000,00";
"05/2026";"83.021.873/0001-08 - MUNICIPIO DE SAO LOURENCO D'OESTE";"Município";"Pessoa Jurídica";"SC";"SÃO LOURENÇO DO OESTE";"202639320001";"3932 - CAROLINE DE TONI";"398.000,00";
"05/2026";"83.024.505/0001-13 - MUNICIPIO DE SEARA";"Município";"Pessoa Jurídica";"SC";"SEARA";"202622100012";"2210 - ESPERIDIAO AMIN";"398.000,00";
"05/2026";"83.026.765/0001-28 - MUNICIPIO DE CAMPO ERE";"Município";"Pessoa Jurídica";"SC";"CAMPO ERÊ";"202639800001";"3980 - FABIO SCHIOCHET";"398.000,00";
"05/2026";"83.026.765/0001-28 - MUNICIPIO DE CAMPO ERE";"Município";"Pessoa Jurídica";"SC";"CAMPO ERÊ";"202639320001";"3932 - CAROLINE DE TONI";"398.000,00";
"06/2026";"81.140.303/0001-01 - MUNICIPIO DE ITAPOA";"Município";"Pessoa Jurídica";"SC";"ITAPOÁ";"202639800001";"3980 - FABIO SCHIOCHET";"398.000,00";
"05/2026";"95.990.198/0001-04 - MUNICIPIO DE CORDILHEIRA ALTA";"Município";"Pessoa Jurídica";"SC";"CORDILHEIRA ALTA";"202643250001";"4325 - COBALCHINI";"398.000,00";
"06/2026";"82.843.582/0001-32 - MUNICIPIO DE URUBICI";"Município";"Pessoa Jurídica";"SC";"URUBICI";"202642090003";"4209 - JORGE GOETTEN";"398.000,00";
"05/2026";"95.991.261/0001-27 - MUNICIPIO DE SAO CRISTOVAO DO SUL";"Município";"Pessoa Jurídica";"SC";"SÃO CRISTOVÃO DO SUL";"202622100012";"2210 - ESPERIDIAO AMIN";"398.000,00";
"05/2026";"95.991.261/0001-27 - MUNICIPIO DE SAO CRISTOVAO DO SUL";"Município";"Pessoa Jurídica";"SC";"SÃO CRISTOVÃO DO SUL";"202642510003";"4251 - IVETE DA SILVEIRA";"398.000,00";
"05/2026";"82.951.195/0001-10 - MUNICIPIO DE ANGELINA";"Município";"Pessoa Jurídica";"SC";"ANGELINA";"202622100012";"2210 - ESPERIDIAO AMIN";"398.000,00";
"05/2026";"82.951.195/0001-10 - MUNICIPIO DE ANGELINA";"Município";"Pessoa Jurídica";"SC";"ANGELINA";"202642090003";"4209 - JORGE GOETTEN";"398.000,00";
"06/2026";"82.963.216/0001-17 - MUNICIPIO DE SOMBRIO";"Município";"Pessoa Jurídica";"SC";"SOMBRIO";"202632350004";"3235 - GEOVANIA DE SA";"398.000,00";
"05/2026";"83.028.415/0001-09 - MUNICIPIO DE MONDAI";"Município";"Pessoa Jurídica";"SC";"MONDAÍ";"202639320001";"3932 - CAROLINE DE TONI";"398.000,00";
"06/2026";"82.577.636/0001-65 - MUNICIPIO DE TIJUCAS";"Município";"Pessoa Jurídica";"SC";"TIJUCAS";"202639320001";"3932 - CAROLINE DE TONI";"398.000,00";
"06/2026";"83.102.582/0001-44 - MUNICIPIO DE AGROLANDIA";"Município";"Pessoa Jurídica";"SC";"AGROLÂNDIA";"202640620003";"4062 - RICARDO GUIDI";"398.000,00";
"06/2026";"83.102.848/0001-59 - MUNICIPIO DE GARUVA";"Município";"Pessoa Jurídica";"SC";"GARUVA";"202639290001";"3929 - CARLOS CHIODINI";"398.000,00";
"05/2026";"83.074.302/0001-31 - MUNICIPIO DE CACADOR";"Município";"Pessoa Jurídica";"SC";"CAÇADOR";"202643250001";"4325 - COBALCHINI";"398.000,00";
"05/2026";"82.575.812/0001-20 - MUNICIPIO DE PORTO BELO";"Município";"Pessoa Jurídica";"SC";"PORTO BELO";"202642090003";"4209 - JORGE GOETTEN";"398.000,00";
"05/2026";"83.028.639/0001-02 - MUNICIPIO DE PALMA SOLA";"Município";"Pessoa Jurídica";"SC";"PALMA SOLA";"202643390009";"4339 - DANIELA REINEHR";"398.000,00";
"05/2026";"83.028.639/0001-02 - MUNICIPIO DE PALMA SOLA";"Município";"Pessoa Jurídica";"SC";"PALMA SOLA";"202642510003";"4251 - IVETE DA SILVEIRA";"398.000,00";
"06/2026";"95.954.509/0001-80 - MUNICIPIO DE BALNEARIO BARRA DO SUL";"Município";"Pessoa Jurídica";"SC";"BALNEÁRIO BARRA DO SUL";"202622100012";"2210 - ESPERIDIAO AMIN";"398.000,00";
"05/2026";"82.892.365/0001-32 - MUNICIPIO DE PAULO LOPES";"Município";"Pessoa Jurídica";"SC";"PAULO LOPES";"202632350004";"3235 - GEOVANIA DE SA";"398.000,00";
"05/2026";"82.892.365/0001-32 - MUNICIPIO DE PAULO LOPES";"Município";"Pessoa Jurídica";"SC";"PAULO LOPES";"202640620003";"4062 - RICARDO GUIDI";"398.000,00";
"05/2026";"82.939.406/0001-07 - MUNICIPIO DE CAPINZAL";"Município";"Pessoa Jurídica";"SC";"CAPINZAL";"202639320001";"3932 - CAROLINE DE TONI";"398.000,00";
"06/2026";"83.102.616/0001-09 - MUNICIPIO DE ATALANTA";"Município";"Pessoa Jurídica";"SC";"ATALANTA";"202640620003";"4062 - RICARDO GUIDI";"398.000,00";
"05/2026";"82.892.266/0001-50 - MUNICIPIO DE AGUAS MORNAS";"Município";"Pessoa Jurídica";"SC";"ÁGUAS MORNAS";"202644010005";"4401 - JULIA ZANATTA";"398.000,00";
"05/2026";"82.928.680/0001-72 - MUNICIPIO DE PEDRAS GRANDES";"Município";"Pessoa Jurídica";"SC";"PEDRAS GRANDES";"202622100012";"2210 - ESPERIDIAO AMIN";"398.000,00";
"06/2026";"82.939.414/0001-45 - MUNICIPIO DE CATANDUVAS";"Município";"Pessoa Jurídica";"SC";"CATANDUVAS";"202639320001";"3932 - CAROLINE DE TONI";"398.000,00";
"06/2026";"82.939.414/0001-45 - MUNICIPIO DE CATANDUVAS";"Município";"Pessoa Jurídica";"SC";"CATANDUVAS";"202622100012";"2210 - ESPERIDIAO AMIN";"398.000,00";
"06/2026";"75.326.066/0001-75 - MUNICIPIO DE OTACILIO COSTA";"Município";"Pessoa Jurídica";"SC";"OTACÍLIO COSTA";"202643920005";"4392 - ISMAEL";"398.000,00";
"05/2026";"75.326.066/0001-75 - MUNICIPIO DE OTACILIO COSTA";"Município";"Pessoa Jurídica";"SC";"OTACÍLIO COSTA";"202639290001";"3929 - CARLOS CHIODINI";"398.000,00";
"05/2026";"83.102.772/0001-61 - MUNICIPIO DE ASCURRA";"Município";"Pessoa Jurídica";"SC";"ASCURRA";"202644480001";"4448 - PEZENTI";"398.000,00";
"05/2026";"83.102.772/0001-61 - MUNICIPIO DE ASCURRA";"Município";"Pessoa Jurídica";"SC";"ASCURRA";"202642090003";"4209 - JORGE GOETTEN";"398.000,00";
"05/2026";"83.102.772/0001-61 - MUNICIPIO DE ASCURRA";"Município";"Pessoa Jurídica";"SC";"ASCURRA";"202639320001";"3932 - CAROLINE DE TONI";"398.000,00";
"06/2026";"82.561.093/0001-98 - MUNICIPIO DE SAO JOAQUIM";"Município";"Pessoa Jurídica";"SC";"SÃO JOAQUIM";"202642090003";"4209 - JORGE GOETTEN";"398.000,00";
"05/2026";"82.925.025/0001-60 - MUNICIPIO DE NOVA TRENTO";"Município";"Pessoa Jurídica";"SC";"NOVA TRENTO";"202644480001";"4448 - PEZENTI";"398.000,00";
"06/2026";"01.612.116/0001-44 - MUNICIPIO DE CUNHATAI";"Município";"Pessoa Jurídica";"SC";"CUNHATAÍ";"202643250001";"4325 - COBALCHINI";"398.000,00";
"05/2026";"83.102.764/0001-15 - MUNICIPIO DE TIMBO";"Município";"Pessoa Jurídica";"SC";"TIMBÓ";"202632350004";"3235 - GEOVANIA DE SA";"398.000,00";
"06/2026";"82.821.190/0001-72 - MUNICIPIO DE MARAVILHA";"Município";"Pessoa Jurídica";"SC";"MARAVILHA";"202622100012";"2210 - ESPERIDIAO AMIN";"398.000,00";
"06/2026";"83.102.608/0001-54 - MUNICIPIO DE ALFREDO WAGNER";"Município";"Pessoa Jurídica";"SC";"ALFREDO WAGNER";"202639320001";"3932 - CAROLINE DE TONI";"398.000,00";
"06/2026";"83.102.798/0001-00 - MUNICIPIO DE INDAIAL";"Município";"Pessoa Jurídica";"SC";"INDAIAL";"202632350004";"3235 - GEOVANIA DE SA";"398.000,00";
"06/2026";"01.614.376/0001-59 - MUNICIPIO DE PAIAL";"Município";"Pessoa Jurídica";"SC";"PAIAL";"202643250001";"4325 - COBALCHINI";"398.000,00";
"05/2026";"83.102.780/0001-08 - MUNICIPIO DE BENEDITO NOVO";"Município";"Pessoa Jurídica";"SC";"BENEDITO NOVO";"202643390009";"4339 - DANIELA REINEHR";"398.000,00";
"05/2026";"83.102.780/0001-08 - MUNICIPIO DE BENEDITO NOVO";"Município";"Pessoa Jurídica";"SC";"BENEDITO NOVO";"202643920005";"4392 - ISMAEL";"398.000,00";
"05/2026";"83.102.780/0001-08 - MUNICIPIO DE BENEDITO NOVO";"Município";"Pessoa Jurídica";"SC";"BENEDITO NOVO";"202642090003";"4209 - JORGE GOETTEN";"398.000,00";
"05/2026";"83.102.780/0001-08 - MUNICIPIO DE BENEDITO NOVO";"Município";"Pessoa Jurídica";"SC";"BENEDITO NOVO";"202632350004";"3235 - GEOVANIA DE SA";"398.000,00";
"05/2026";"83.102.517/0001-19 - MUNICIPIO DE ITAIOPOLIS";"Município";"Pessoa Jurídica";"SC";"ITAIÓPOLIS";"202639320001";"3932 - CAROLINE DE TONI";"398.000,00";
"05/2026";"83.102.442/0001-76 - MUNICIPIO DE WITMARSUM";"Município";"Pessoa Jurídica";"SC";"WITMARSUM";"202644480001";"4448 - PEZENTI";"398.000,00";
"06/2026";"01.612.847/0001-90 - MUNICIPIO DE SANTA TEREZINHA DO PROGRESSO";"Município";"Pessoa Jurídica";"SC";"SANTA TEREZINHA DO PROGRESSO";"202622100012";"2210 - ESPERIDIAO AMIN";"398.000,00";
"06/2026";"82.777.343/0001-21 - MUNICIPIO DE BOM RETIRO";"Município";"Pessoa Jurídica";"SC";"BOM RETIRO";"202639800001";"3980 - FABIO SCHIOCHET";"398.000,00";
"05/2026";"82.777.343/0001-21 - MUNICIPIO DE BOM RETIRO";"Município";"Pessoa Jurídica";"SC";"BOM RETIRO";"202642090003";"4209 - JORGE GOETTEN";"398.000,00";
"05/2026";"80.623.606/0001-12 - MUNICIPIO DE IRACEMINHA";"Município";"Pessoa Jurídica";"SC";"IRACEMINHA";"202643250001";"4325 - COBALCHINI";"398.000,00";
"05/2026";"82.926.544/0001-43 - MUNICIPIO DE ORLEANS";"Município";"Pessoa Jurídica";"SC";"ORLEANS";"202640620003";"4062 - RICARDO GUIDI";"398.000,00";
"05/2026";"83.026.138/0001-97 - MUNICIPIO DE DESCANSO";"Município";"Pessoa Jurídica";"SC";"DESCANSO";"202644480001";"4448 - PEZENTI";"398.000,00";
"05/2026";"95.991.071/0001-00 - MUNICIPIO DE RIO RUFINO";"Município";"Pessoa Jurídica";"SC";"RIO RUFINO";"202632350004";"3235 - GEOVANIA DE SA";"398.000,00";
"05/2026";"95.991.071/0001-00 - MUNICIPIO DE RIO RUFINO";"Município";"Pessoa Jurídica";"SC";"RIO RUFINO";"202622100012";"2210 - ESPERIDIAO AMIN";"398.000,00";
"05/2026";"83.021.865/0001-61 - MUNICIPIO DE QUILOMBO";"Município";"Pessoa Jurídica";"SC";"QUILOMBO";"202639320001";"3932 - CAROLINE DE TONI";"398.000,00";
"06/2026";"83.009.894/0001-08 - MUNICIPIO DE SAO DOMINGOS";"Município";"Pessoa Jurídica";"SC";"SÃO DOMINGOS";"202639320001";"3932 - CAROLINE DE TONI";"398.000,00";
"05/2026";"83.102.491/0001-09 - MUNICIPIO DE SCHROEDER";"Município";"Pessoa Jurídica";"SC";"SCHROEDER";"202632350004";"3235 - GEOVANIA DE SA";"398.000,00";
"05/2026";"83.000.323/0001-02 - MUNICIPIO DE MORRO DA FUMACA";"Município";"Pessoa Jurídica";"SC";"MORRO DA FUMAÇA";"202622100012";"2210 - ESPERIDIAO AMIN";"398.000,00";
"05/2026";"82.939.455/0001-31 - MUNICIPIO DE IRANI";"Município";"Pessoa Jurídica";"SC";"IRANI";"202622100012";"2210 - ESPERIDIAO AMIN";"398.000,00";
"05/2026";"82.947.979/0001-74 - MUNICIPIO DE FRAIBURGO";"Município";"Pessoa Jurídica";"SC";"FRAIBURGO";"202643250001";"4325 - COBALCHINI";"398.000,00";
"05/2026";"82.777.335/0001-85 - MUNICIPIO DE ANITA GARIBALDI";"Município";"Pessoa Jurídica";"SC";"ANITA GARIBALDI";"202642090003";"4209 - JORGE GOETTEN";"398.000,00";
"05/2026";"82.777.236/0001-01 - MUNICIPIO DE PONTE SERRADA";"Município";"Pessoa Jurídica";"SC";"PONTE SERRADA";"202622100012";"2210 - ESPERIDIAO AMIN";"398.000,00";
"05/2026";"82.845.744/0001-71 - MUNICIPIO DE MAJOR GERCINO";"Município";"Pessoa Jurídica";"SC";"MAJOR GERCINO";"202640620003";"4062 - RICARDO GUIDI";"398.000,00";
"06/2026";"82.845.744/0001-71 - MUNICIPIO DE MAJOR GERCINO";"Município";"Pessoa Jurídica";"SC";"MAJOR GERCINO";"202622100012";"2210 - ESPERIDIAO AMIN";"398.000,00";
"06/2026";"80.637.457/0001-40 - MUNICIPIO DE JARDINOPOLIS";"Município";"Pessoa Jurídica";"SC";"JARDINÓPOLIS";"202639800001";"3980 - FABIO SCHIOCHET";"398.000,00";
"05/2026";"82.844.754/0001-92 - MUNICIPIO DE BOM JARDIM DA SERRA";"Município";"Pessoa Jurídica";"SC";"BOM JARDIM DA SERRA";"202632350004";"3235 - GEOVANIA DE SA";"398.000,00";
"06/2026";"83.102.590/0001-90 - MUNICIPIO DE AGRONOMICA";"Município";"Pessoa Jurídica";"SC";"AGRONÔMICA";"202622100012";"2210 - ESPERIDIAO AMIN";"398.000,00";
"06/2026";"83.102.590/0001-90 - MUNICIPIO DE AGRONOMICA";"Município";"Pessoa Jurídica";"SC";"AGRONÔMICA";"202644010005";"4401 - JULIA ZANATTA";"398.000,00";
"06/2026";"82.892.282/0001-43 - MUNICIPIO DE FLORIANOPOLIS";"Município";"Pessoa Jurídica";"SC";"FLORIANÓPOLIS";"202644480001";"4448 - PEZENTI";"398.000,00";
"06/2026";"83.102.475/0001-16 - MUNICIPIO DE GUARAMIRIM";"Município";"Pessoa Jurídica";"SC";"GUARAMIRIM";"202622100012";"2210 - ESPERIDIAO AMIN";"398.000,00";
"05/2026";"83.074.294/0001-23 - MUNICIPIO DE RIO DAS ANTAS";"Município";"Pessoa Jurídica";"SC";"RIO DAS ANTAS";"202622100012";"2210 - ESPERIDIAO AMIN";"398.000,00";
"05/2026";"83.102.558/0001-05 - MUNICIPIO DE IRINEOPOLIS";"Município";"Pessoa Jurídica";"SC";"IRINEÓPOLIS";"202639800001";"3980 - FABIO SCHIOCHET";"398.000,00";
"05/2026";"95.990.180/0001-02 - MUNICIPIO DE AGUAS FRIAS";"Município";"Pessoa Jurídica";"SC";"ÁGUAS FRIAS";"202642510003";"4251 - IVETE DA SILVEIRA";"398.000,00";
"05/2026";"01.605.479/0001-52 - MUNICIPIO DE BALNEARIO ARROIO DO SILVA";"Município";"Pessoa Jurídica";"SC";"BALNEÁRIO ARROIO DO SILVA";"202622100012";"2210 - ESPERIDIAO AMIN";"398.000,00";
"05/2026";"82.928.706/0001-82 - MUNICIPIO DE LAGUNA";"Município";"Pessoa Jurídica";"SC";"LAGUNA";"202639320001";"3932 - CAROLINE DE TONI";"398.000,00";
"05/2026";"82.928.706/0001-82 - MUNICIPIO DE LAGUNA";"Município";"Pessoa Jurídica";"SC";"LAGUNA";"202640620003";"4062 - RICARDO GUIDI";"398.000,00";
"05/2026";"95.815.379/0001-02 - MUNICIPIO DE BOMBINHAS";"Município";"Pessoa Jurídica";"SC";"BOMBINHAS";"202643920005";"4392 - ISMAEL";"398.000,00";
"05/2026";"83.102.327/0001-00 - MUNICIPIO DE PENHA";"Município";"Pessoa Jurídica";"SC";"PENHA";"202632350004";"3235 - GEOVANIA DE SA";"398.000,00";
"05/2026";"82.939.471/0001-24 - MUNICIPIO DE LACERDOPOLIS";"Município";"Pessoa Jurídica";"SC";"LACERDÓPOLIS";"202643250001";"4325 - COBALCHINI";"398.000,00";
"05/2026";"82.960.758/0001-36 - MUNICIPIO DE JACINTO MACHADO";"Município";"Pessoa Jurídica";"SC";"JACINTO MACHADO";"202644480001";"4448 - PEZENTI";"398.000,00";
"05/2026";"82.804.212/0001-96 - MUNICIPIO DE AGUAS DE CHAPECO";"Município";"Pessoa Jurídica";"SC";"ÁGUAS DE CHAPECÓ";"202643920005";"4392 - ISMAEL";"398.000,00";
"05/2026";"82.827.999/0001-01 - MUNICIPIO DE TANGARA";"Município";"Pessoa Jurídica";"SC";"TANGARÁ";"202639800001";"3980 - FABIO SCHIOCHET";"398.000,00";
"05/2026";"82.926.585/0001-30 - MUNICIPIO DE RIO FORTUNA";"Município";"Pessoa Jurídica";"SC";"RIO FORTUNA";"202622100012";"2210 - ESPERIDIAO AMIN";"398.000,00";
"05/2026";"01.613.101/0001-09 - MUNICIPIO DE SAO PEDRO DE ALCANTARA";"Município";"Pessoa Jurídica";"SC";"SÃO PEDRO DE ALCÂNTARA";"202639320001";"3932 - CAROLINE DE TONI";"398.000,00";
"05/2026";"83.102.228/0001-10 - MUNICIPIO DE ARAQUARI";"Município";"Pessoa Jurídica";"SC";"ARAQUARI";"202642510003";"4251 - IVETE DA SILVEIRA";"398.000,00";
"06/2026";"83.026.773/0001-74 - MUNICIPIO DE DIONISIO CERQUEIRA";"Município";"Pessoa Jurídica";"SC";"DIONÍSIO CERQUEIRA";"202622100012";"2210 - ESPERIDIAO AMIN";"398.000,00";
"05/2026";"82.915.232/0001-34 - MUNICIPIO DE TIMBE DO SUL";"Município";"Pessoa Jurídica";"SC";"TIMBÉ DO SUL";"202644010005";"4401 - JULIA ZANATTA";"398.000,00";
"06/2026";"82.915.026/0001-24 - MUNICIPIO DE MARACAJA";"Município";"Pessoa Jurídica";"SC";"MARACAJÁ";"202632350004";"3235 - GEOVANIA DE SA";"398.000,00";
"06/2026";"82.915.026/0001-24 - MUNICIPIO DE MARACAJA";"Município";"Pessoa Jurídica";"SC";"MARACAJÁ";"202640620003";"4062 - RICARDO GUIDI";"398.000,00";
"05/2026";"82.915.026/0001-24 - MUNICIPIO DE MARACAJA";"Município";"Pessoa Jurídica";"SC";"MARACAJÁ";"202639290001";"3929 - CARLOS CHIODINI";"398.000,00";
"07/2024";"82.765.488/0001-02 - MUNICIPIO DE TAIO";"Município";"Pessoa Jurídica";"SC";"TAIÓ";"202444480002";"4448 - PEZENTI";"400.000,00";
"07/2022";"82.765.488/0001-02 - MUNICIPIO DE TAIO";"Município";"Pessoa Jurídica";"SC";"TAIÓ";"202240620006";"4062 - RICARDO GUIDI";"400.000,00";
"07/2024";"82.765.488/0001-02 - MUNICIPIO DE TAIO";"Município";"Pessoa Jurídica";"SC";"TAIÓ";"202440620002";"4062 - RICARDO GUIDI";"400.000,00";
"12/2024";"83.102.400/0001-35 - MUNICIPIO DE TRES BARRAS";"Município";"Pessoa Jurídica";"SC";"TRÊS BARRAS";"202422100016";"2210 - ESPERIDIAO AMIN";"400.000,00";
"12/2023";"78.493.343/0001-22 - MUNICIPIO DE CELSO RAMOS";"Município";"Pessoa Jurídica";"SC";"CELSO RAMOS";"202342510010";"4251 - IVETE DA SILVEIRA";"400.000,00";
"12/2024";"78.493.343/0001-22 - MUNICIPIO DE CELSO RAMOS";"Município";"Pessoa Jurídica";"SC";"CELSO RAMOS";"202429250006";"2925 - CARMEN ZANOTTO";"400.000,00";
"03/2023";"01.614.019/0001-90 - MUNICIPIO DE TREVISO";"Município";"Pessoa Jurídica";"SC";"TREVISO";"202239490001";"3949 - DANIEL FREITAS";"400.000,00";
"12/2023";"82.538.851/0001-57 - MUNICIPIO DE IMARUI";"Município";"Pessoa Jurídica";"SC";"IMARUÍ";"202340620003";"4062 - RICARDO GUIDI";"400.000,00";
"12/2023";"83.102.640/0001-30 - MUNICIPIO DE ITUPORANGA";"Município";"Pessoa Jurídica";"SC";"ITUPORANGA";"202328560018";"2856 - ROGERIO PENINHA MENDONCA";"400.000,00";
"12/2024";"82.892.324/0001-46 - MUNICIPIO DE SANTO AMARO DA IMPERATRIZ";"Município";"Pessoa Jurídica";"SC";"SANTO AMARO DA IMPERATRIZ";"202440620002";"4062 - RICARDO GUIDI";"400.000,00";
"07/2024";"83.039.842/0001-84 - MUNICIPIO DE VIDEIRA";"Município";"Pessoa Jurídica";"SC";"VIDEIRA";"202439320001";"3932 - CAROLINE DE TONI";"400.000,00";
"03/2023";"82.892.332/0001-92 - MUNICIPIO DE ANITAPOLIS";"Município";"Pessoa Jurídica";"SC";"ANITÁPOLIS";"202239290005";"3929 - CARLOS CHIODINI";"400.000,00";
"08/2023";"82.939.380/0001-99 - MUNICIPIO DE JOACABA";"Município";"Pessoa Jurídica";"SC";"JOAÇABA";"202339320001";"3932 - CAROLINE DE TONI";"400.000,00";
"12/2024";"83.102.533/0001-01 - MUNICIPIO DE PAPANDUVA";"Município";"Pessoa Jurídica";"SC";"PAPANDUVA";"202439290001";"3929 - CARLOS CHIODINI";"400.000,00";
"08/2023";"82.939.232/0001-74 - MUNICIPIO DE CAMPOS NOVOS";"Município";"Pessoa Jurídica";"SC";"CAMPOS NOVOS";"202339320001";"3932 - CAROLINE DE TONI";"400.000,00";
"03/2023";"80.989.965/0001-98 - MUNICIPIO DE SANTA ROSA DO SUL";"Município";"Pessoa Jurídica";"SC";"SANTA ROSA DO SUL";"202232350003";"3235 - GEOVANIA DE SA";"400.000,00";
"07/2024";"83.102.756/0001-79 - MUNICIPIO DE RIO NEGRINHO";"Município";"Pessoa Jurídica";"SC";"RIO NEGRINHO";"202442090002";"4209 - JORGE GOETTEN";"400.000,00";
"12/2024";"83.102.756/0001-79 - MUNICIPIO DE RIO NEGRINHO";"Município";"Pessoa Jurídica";"SC";"RIO NEGRINHO";"202443390001";"4339 - DANIELA REINEHR";"400.000,00";
"12/2024";"83.102.814/0001-64 - MUNICIPIO DE RODEIO";"Município";"Pessoa Jurídica";"SC";"RODEIO";"202490550002";"9055 - GILSON MARQUES";"400.000,00";
"10/2023";"82.909.409/0001-90 - MUNICIPIO DE IMBITUBA";"Município";"Pessoa Jurídica";"SC";"IMBITUBA";"202339320001";"3932 - CAROLINE DE TONI";"400.000,00";
"10/2023";"83.009.902/0001-16 - MUNICIPIO DE GALVAO";"Município";"Pessoa Jurídica";"SC";"GALVÃO";"202342510010";"4251 - IVETE DA SILVEIRA";"400.000,00";
"07/2024";"82.913.211/0001-80 - MUNICIPIO DE PRAIA GRANDE";"Município";"Pessoa Jurídica";"SC";"PRAIA GRANDE";"202422100016";"2210 - ESPERIDIAO AMIN";"400.000,00";
"12/2024";"82.821.174/0001-80 - MUNICIPIO DE SAO MIGUEL D'OESTE";"Município";"Pessoa Jurídica";"SC";"SÃO MIGUEL DO OESTE";"202443250003";"4325 - COBALCHINI";"400.000,00";
"07/2024";"83.102.632/0001-93 - MUNICIPIO DE IMBUIA";"Município";"Pessoa Jurídica";"SC";"IMBUIA";"202444480002";"4448 - PEZENTI";"400.000,00";
"07/2024";"83.021.840/0001-68 - MUNICIPIO DE NOVA ERECHIM";"Município";"Pessoa Jurídica";"SC";"NOVA ERECHIM";"202422100016";"2210 - ESPERIDIAO AMIN";"400.000,00";
"12/2024";"82.925.652/0001-00 - MUNICIPIO DE SAO JOAO BATISTA";"Município";"Pessoa Jurídica";"SC";"SÃO JOÃO BATISTA";"202444480002";"4448 - PEZENTI";"400.000,00";
"12/2023";"82.925.652/0001-00 - MUNICIPIO DE SAO JOAO BATISTA";"Município";"Pessoa Jurídica";"SC";"SÃO JOÃO BATISTA";"202328560025";"2856 - ROGERIO PENINHA MENDONCA";"400.000,00";
"12/2023";"82.925.652/0001-00 - MUNICIPIO DE SAO JOAO BATISTA";"Município";"Pessoa Jurídica";"SC";"SÃO JOÃO BATISTA";"202322100001";"2210 - ESPERIDIAO AMIN";"400.000,00";
"07/2022";"83.027.045/0001-87 - MUNICIPIO DE GUARUJA DO SUL";"Município";"Pessoa Jurídica";"SC";"GUARUJÁ DO SUL";"202228550020";"2855 - PEDRO UCZAI";"400.000,00";
"12/2023";"83.102.715/0001-82 - MUNICIPIO DE RIO DO OESTE";"Município";"Pessoa Jurídica";"SC";"RIO DO OESTE";"202322100001";"2210 - ESPERIDIAO AMIN";"400.000,00";
"07/2024";"82.821.208/0001-36 - MUNICIPIO DE ITAPIRANGA";"Município";"Pessoa Jurídica";"SC";"ITAPIRANGA";"202443250003";"4325 - COBALCHINI";"400.000,00";
"08/2023";"83.102.244/0001-02 - MUNICIPIO DE GASPAR";"Município";"Pessoa Jurídica";"SC";"GASPAR";"202318800004";"1880 - ANGELA AMIN";"400.000,00";
"08/2023";"83.102.350/0001-96 - MUNICIPIO DE BOTUVERA";"Município";"Pessoa Jurídica";"SC";"BOTUVERÁ";"202328560007";"2856 - ROGERIO PENINHA MENDONCA";"400.000,00";
"10/2023";"83.024.240/0001-53 - MUNICIPIO DE ITA";"Município";"Pessoa Jurídica";"SC";"ITÁ";"202342510010";"4251 - IVETE DA SILVEIRA";"400.000,00";
"07/2022";"83.169.623/0001-10 - MUNICIPIO DE JOINVILLE";"Município";"Pessoa Jurídica";"SC";"JOINVILLE";"202239440005";"3944 - CORONEL ARMANDO";"400.000,00";
"12/2023";"82.837.741/0001-96 - MUNICIPIO DE MELEIRO";"Município";"Pessoa Jurídica";"SC";"MELEIRO";"202342510010";"4251 - IVETE DA SILVEIRA";"400.000,00";
"09/2023";"82.777.228/0001-57 - MUNICIPIO DE OURO";"Município";"Pessoa Jurídica";"SC";"OURO";"202322100001";"2210 - ESPERIDIAO AMIN";"400.000,00";
"12/2023";"82.777.228/0001-57 - MUNICIPIO DE OURO";"Município";"Pessoa Jurídica";"SC";"OURO";"202342510010";"4251 - IVETE DA SILVEIRA";"400.000,00";
"10/2023";"83.102.525/0001-65 - MUNICIPIO DE MONTE CASTELO";"Município";"Pessoa Jurídica";"SC";"MONTE CASTELO";"202332350003";"3235 - GEOVANIA DE SA";"400.000,00";
"08/2023";"83.021.873/0001-08 - MUNICIPIO DE SAO LOURENCO D'OESTE";"Município";"Pessoa Jurídica";"SC";"SÃO LOURENÇO DO OESTE";"202322100001";"2210 - ESPERIDIAO AMIN";"400.000,00";
"07/2024";"82.577.636/0001-65 - MUNICIPIO DE TIJUCAS";"Município";"Pessoa Jurídica";"SC";"TIJUCAS";"202440620002";"4062 - RICARDO GUIDI";"400.000,00";
"12/2024";"82.577.636/0001-65 - MUNICIPIO DE TIJUCAS";"Município";"Pessoa Jurídica";"SC";"TIJUCAS";"202442090002";"4209 - JORGE GOETTEN";"400.000,00";
"07/2024";"95.991.097/0001-58 - MUNICIPIO DE CERRO NEGRO";"Município";"Pessoa Jurídica";"SC";"CERRO NEGRO";"202429250006";"2925 - CARMEN ZANOTTO";"400.000,00";
"07/2024";"95.952.230/0001-67 - MUNICIPIO DE BRACO DO TROMBUDO";"Município";"Pessoa Jurídica";"SC";"BRAÇO DO TROMBUDO";"202444480002";"4448 - PEZENTI";"400.000,00";
"08/2023";"95.952.230/0001-67 - MUNICIPIO DE BRACO DO TROMBUDO";"Município";"Pessoa Jurídica";"SC";"BRAÇO DO TROMBUDO";"202328560016";"2856 - ROGERIO PENINHA MENDONCA";"400.000,00";
"12/2023";"95.954.509/0001-80 - MUNICIPIO DE BALNEARIO BARRA DO SUL";"Município";"Pessoa Jurídica";"SC";"BALNEÁRIO BARRA DO SUL";"202339290002";"3929 - CARLOS CHIODINI";"400.000,00";
"07/2024";"85.997.237/0001-41 - MUNICIPIO DE SANTA CECILIA";"Município";"Pessoa Jurídica";"SC";"SANTA CECÍLIA";"202442090002";"4209 - JORGE GOETTEN";"400.000,00";
"07/2024";"95.954.442/0001-83 - MUNICIPIO DE SAO JOAO DO ITAPERIU";"Município";"Pessoa Jurídica";"SC";"SÃO JOÃO DO ITAPERIÚ";"202442090002";"4209 - JORGE GOETTEN";"400.000,00";
"12/2023";"95.954.442/0001-83 - MUNICIPIO DE SAO JOAO DO ITAPERIU";"Município";"Pessoa Jurídica";"SC";"SÃO JOÃO DO ITAPERIÚ";"202342510010";"4251 - IVETE DA SILVEIRA";"400.000,00";
"12/2024";"82.930.181/0001-10 - MUNICIPIO DE URUSSANGA";"Município";"Pessoa Jurídica";"SC";"URUSSANGA";"202422100016";"2210 - ESPERIDIAO AMIN";"400.000,00";
"12/2024";"82.561.093/0001-98 - MUNICIPIO DE SAO JOAQUIM";"Município";"Pessoa Jurídica";"SC";"SÃO JOAQUIM";"202429250006";"2925 - CARMEN ZANOTTO";"400.000,00";
"03/2023";"82.925.025/0001-60 - MUNICIPIO DE NOVA TRENTO";"Município";"Pessoa Jurídica";"SC";"NOVA TRENTO";"202239800001";"3980 - FABIO SCHIOCHET";"400.000,00";
"07/2024";"01.612.116/0001-44 - MUNICIPIO DE CUNHATAI";"Município";"Pessoa Jurídica";"SC";"CUNHATAÍ";"202443250003";"4325 - COBALCHINI";"400.000,00";
"12/2023";"83.102.806/0001-18 - MUNICIPIO DE RIO DOS CEDROS";"Município";"Pessoa Jurídica";"SC";"RIO DOS CEDROS";"202339290002";"3929 - CARLOS CHIODINI";"400.000,00";
"12/2023";"83.102.764/0001-15 - MUNICIPIO DE TIMBO";"Município";"Pessoa Jurídica";"SC";"TIMBÓ";"202322100001";"2210 - ESPERIDIAO AMIN";"400.000,00";
"08/2023";"83.102.608/0001-54 - MUNICIPIO DE ALFREDO WAGNER";"Município";"Pessoa Jurídica";"SC";"ALFREDO WAGNER";"202332350003";"3235 - GEOVANIA DE SA";"400.000,00";
"10/2023";"83.102.798/0001-00 - MUNICIPIO DE INDAIAL";"Município";"Pessoa Jurídica";"SC";"INDAIAL";"202339290002";"3929 - CARLOS CHIODINI";"400.000,00";
"03/2023";"83.102.517/0001-19 - MUNICIPIO DE ITAIOPOLIS";"Município";"Pessoa Jurídica";"SC";"ITAIÓPOLIS";"202240150005";"4015 - HELIO COSTA";"400.000,00";
"07/2024";"82.777.343/0001-21 - MUNICIPIO DE BOM RETIRO";"Município";"Pessoa Jurídica";"SC";"BOM RETIRO";"202429250006";"2925 - CARMEN ZANOTTO";"400.000,00";
"09/2023";"83.102.707/0001-36 - MUNICIPIO DE RIO DO CAMPO";"Município";"Pessoa Jurídica";"SC";"RIO DO CAMPO";"202318800004";"1880 - ANGELA AMIN";"400.000,00";
"03/2023";"83.102.830/0001-57 - MUNICIPIO DE BARRA VELHA";"Município";"Pessoa Jurídica";"SC";"BARRA VELHA";"202241290001";"4129 - RODRIGO COELHO";"400.000,00";
"12/2024";"83.102.830/0001-57 - MUNICIPIO DE BARRA VELHA";"Município";"Pessoa Jurídica";"SC";"BARRA VELHA";"202439290001";"3929 - CARLOS CHIODINI";"400.000,00";
"10/2023";"83.102.830/0001-57 - MUNICIPIO DE BARRA VELHA";"Município";"Pessoa Jurídica";"SC";"BARRA VELHA";"202342510010";"4251 - IVETE DA SILVEIRA";"400.000,00";
"07/2024";"83.026.138/0001-97 - MUNICIPIO DE DESCANSO";"Município";"Pessoa Jurídica";"SC";"DESCANSO";"202442090002";"4209 - JORGE GOETTEN";"400.000,00";
"12/2024";"83.102.376/0001-34 - MUNICIPIO DE VIDAL RAMOS";"Município";"Pessoa Jurídica";"SC";"VIDAL RAMOS";"202444480002";"4448 - PEZENTI";"400.000,00";
"12/2024";"82.916.818/0001-13 - MUNICIPIO DE CRICIUMA";"Município";"Pessoa Jurídica";"SC";"CRICIÚMA";"202444010006";"4401 - JULIA ZANATTA";"400.000,00";
"07/2024";"83.000.323/0001-02 - MUNICIPIO DE MORRO DA FUMACA";"Município";"Pessoa Jurídica";"SC";"MORRO DA FUMAÇA";"202443920007";"4392 - ISMAEL";"400.000,00";
"07/2022";"83.000.323/0001-02 - MUNICIPIO DE MORRO DA FUMACA";"Município";"Pessoa Jurídica";"SC";"MORRO DA FUMAÇA";"202232350003";"3235 - GEOVANIA DE SA";"400.000,00";
"03/2023";"82.947.979/0001-74 - MUNICIPIO DE FRAIBURGO";"Município";"Pessoa Jurídica";"SC";"FRAIBURGO";"202228550021";"2855 - PEDRO UCZAI";"400.000,00";
"07/2024";"82.777.335/0001-85 - MUNICIPIO DE ANITA GARIBALDI";"Município";"Pessoa Jurídica";"SC";"ANITA GARIBALDI";"202429250006";"2925 - CARMEN ZANOTTO";"400.000,00";
"08/2023";"82.777.335/0001-85 - MUNICIPIO DE ANITA GARIBALDI";"Município";"Pessoa Jurídica";"SC";"ANITA GARIBALDI";"202342510010";"4251 - IVETE DA SILVEIRA";"400.000,00";
"12/2024";"01.566.620/0001-55 - MUNICIPIO DE TIGRINHOS";"Município";"Pessoa Jurídica";"SC";"TIGRINHOS";"202443250003";"4325 - COBALCHINI";"400.000,00";
"12/2024";"83.108.357/0001-15 - MUNICIPIO DE BLUMENAU";"Município";"Pessoa Jurídica";"SC";"BLUMENAU";"202490550002";"9055 - GILSON MARQUES";"400.000,00";
"03/2023";"82.844.754/0001-92 - MUNICIPIO DE BOM JARDIM DA SERRA";"Município";"Pessoa Jurídica";"SC";"BOM JARDIM DA SERRA";"202240620006";"4062 - RICARDO GUIDI";"400.000,00";
"12/2024";"82.844.754/0001-92 - MUNICIPIO DE BOM JARDIM DA SERRA";"Município";"Pessoa Jurídica";"SC";"BOM JARDIM DA SERRA";"202442090002";"4209 - JORGE GOETTEN";"400.000,00";
"10/2023";"83.102.590/0001-90 - MUNICIPIO DE AGRONOMICA";"Município";"Pessoa Jurídica";"SC";"AGRONÔMICA";"202342510010";"4251 - IVETE DA SILVEIRA";"400.000,00";
"07/2022";"83.102.590/0001-90 - MUNICIPIO DE AGRONOMICA";"Município";"Pessoa Jurídica";"SC";"AGRONÔMICA";"202239530001";"3953 - DARCI DE MATOS";"400.000,00";
"07/2024";"82.892.282/0001-43 - MUNICIPIO DE FLORIANOPOLIS";"Município";"Pessoa Jurídica";"SC";"FLORIANÓPOLIS";"202428550022";"2855 - PEDRO UCZAI";"400.000,00";
"12/2024";"83.074.294/0001-23 - MUNICIPIO DE RIO DAS ANTAS";"Município";"Pessoa Jurídica";"SC";"RIO DAS ANTAS";"202443250003";"4325 - COBALCHINI";"400.000,00";
"07/2024";"82.892.308/0001-53 - MUNICIPIO DE BIGUACU";"Município";"Pessoa Jurídica";"SC";"BIGUAÇU";"202422100016";"2210 - ESPERIDIAO AMIN";"400.000,00";
"07/2022";"82.836.057/0001-90 - MUNICIPIO DE GAROPABA";"Município";"Pessoa Jurídica";"SC";"GAROPABA";"202241290001";"4129 - RODRIGO COELHO";"400.000,00";
"08/2023";"01.610.566/0001-06 - MUNICIPIO DE PALMEIRA";"Município";"Pessoa Jurídica";"SC";"PALMEIRA";"202342510010";"4251 - IVETE DA SILVEIRA";"400.000,00";
"12/2024";"01.610.566/0001-06 - MUNICIPIO DE PALMEIRA";"Município";"Pessoa Jurídica";"SC";"PALMEIRA";"202429250006";"2925 - CARMEN ZANOTTO";"400.000,00";
"08/2023";"82.777.301/0001-90 - MUNICIPIO DE LAGES";"Município";"Pessoa Jurídica";"SC";"LAGES";"202342510010";"4251 - IVETE DA SILVEIRA";"400.000,00";
"08/2023";"82.804.212/0001-96 - MUNICIPIO DE AGUAS DE CHAPECO";"Município";"Pessoa Jurídica";"SC";"ÁGUAS DE CHAPECÓ";"202342510010";"4251 - IVETE DA SILVEIRA";"400.000,00";
"08/2023";"83.102.426/0001-83 - MUNICIPIO DE DONA EMMA";"Município";"Pessoa Jurídica";"SC";"DONA EMMA";"202328560011";"2856 - ROGERIO PENINHA MENDONCA";"400.000,00";
"08/2023";"82.926.585/0001-30 - MUNICIPIO DE RIO FORTUNA";"Município";"Pessoa Jurídica";"SC";"RIO FORTUNA";"202342510010";"4251 - IVETE DA SILVEIRA";"400.000,00";
"03/2023";"83.102.228/0001-10 - MUNICIPIO DE ARAQUARI";"Município";"Pessoa Jurídica";"SC";"ARAQUARI";"202241290001";"4129 - RODRIGO COELHO";"400.000,00";
"08/2023";"82.815.085/0001-20 - MUNICIPIO DE PERITIBA";"Município";"Pessoa Jurídica";"SC";"PERITIBA";"202342510010";"4251 - IVETE DA SILVEIRA";"400.000,00";
"07/2024";"83.026.773/0001-74 - MUNICIPIO DE DIONISIO CERQUEIRA";"Município";"Pessoa Jurídica";"SC";"DIONÍSIO CERQUEIRA";"202444480002";"4448 - PEZENTI";"400.000,00";
"12/2024";"82.892.274/0001-05 - MUNICIPIO DE SAO JOSE";"Município";"Pessoa Jurídica";"SC";"SÃO JOSÉ";"202490550002";"9055 - GILSON MARQUES";"400.000,00";
"12/2023";"82.915.232/0001-34 - MUNICIPIO DE TIMBE DO SUL";"Município";"Pessoa Jurídica";"SC";"TIMBÉ DO SUL";"202322100001";"2210 - ESPERIDIAO AMIN";"400.000,00";
"07/2022";"82.915.026/0001-24 - MUNICIPIO DE MARACAJA";"Município";"Pessoa Jurídica";"SC";"MARACAJÁ";"202232350003";"3235 - GEOVANIA DE SA";"400.000,00";
"08/2023";"80.623.606/0001-12 - MUNICIPIO DE IRACEMINHA";"Município";"Pessoa Jurídica";"SC";"IRACEMINHA";"202325690004";"2569 - CELSO MALDANER";"403.311,50";
"09/2025";"95.996.187/0001-31 - MUNICIPIO DE VARGEM BONITA";"Município";"Pessoa Jurídica";"SC";"VARGEM BONITA";"202539320001";"3932 - CAROLINE DE TONI";"405.900,00";
"12/2023";"82.777.244/0001-40 - MUNICIPIO DE PRESIDENTE CASTELO BRANCO";"Município";"Pessoa Jurídica";"SC";"PRESIDENTE CASTELLO BRANCO";"202325690018";"2569 - CELSO MALDANER";"407.302,00";
"08/2023";"01.612.781/0001-38 - MUNICIPIO DE SANTIAGO DO SUL";"Município";"Pessoa Jurídica";"SC";"SANTIAGO DO SUL";"202325690002";"2569 - CELSO MALDANER";"407.302,00";
"09/2023";"83.009.902/0001-16 - MUNICIPIO DE GALVAO";"Município";"Pessoa Jurídica";"SC";"GALVÃO";"202325690006";"2569 - CELSO MALDANER";"407.302,00";
"12/2023";"01.594.009/0001-30 - MUNICIPIO DE BOM JESUS DO OESTE";"Município";"Pessoa Jurídica";"SC";"BOM JESUS DO OESTE";"202325690023";"2569 - CELSO MALDANER";"407.302,00";
"12/2023";"01.612.527/0001-30 - MUNICIPIO DE BARRA BONITA";"Município";"Pessoa Jurídica";"SC";"BARRA BONITA";"202325690024";"2569 - CELSO MALDANER";"407.302,00";
"07/2022";"83.102.442/0001-76 - MUNICIPIO DE WITMARSUM";"Município";"Pessoa Jurídica";"SC";"WITMARSUM";"202239530001";"3953 - DARCI DE MATOS";"409.841,00";
"07/2022";"16.780.795/0001-38 - MUNICIPIO DE PESCARIA BRAVA";"Município";"Pessoa Jurídica";"SC";"PESCARIA BRAVA";"202240620006";"4062 - RICARDO GUIDI";"410.000,00";
"09/2023";"83.000.323/0001-02 - MUNICIPIO DE MORRO DA FUMACA";"Município";"Pessoa Jurídica";"SC";"MORRO DA FUMAÇA";"202318800004";"1880 - ANGELA AMIN";"420.485,00";
"05/2026";"82.843.582/0001-32 - MUNICIPIO DE URUBICI";"Município";"Pessoa Jurídica";"SC";"URUBICI";"202639800001";"3980 - FABIO SCHIOCHET";"423.872,99";
"03/2023";"95.951.323/0001-77 - MUNICIPIO DE SANTA TEREZINHA";"Município";"Pessoa Jurídica";"SC";"SANTA TEREZINHA";"202240620006";"4062 - RICARDO GUIDI";"425.317,50";
"12/2025";"82.892.332/0001-92 - MUNICIPIO DE ANITAPOLIS";"Município";"Pessoa Jurídica";"SC";"ANITÁPOLIS";"202539290001";"3929 - CARLOS CHIODINI";"425.700,00";
"09/2025";"82.892.266/0001-50 - MUNICIPIO DE AGUAS MORNAS";"Município";"Pessoa Jurídica";"SC";"ÁGUAS MORNAS";"202539290001";"3929 - CARLOS CHIODINI";"425.700,00";
"09/2025";"83.102.798/0001-00 - MUNICIPIO DE INDAIAL";"Município";"Pessoa Jurídica";"SC";"INDAIAL";"202539320001";"3932 - CAROLINE DE TONI";"425.700,00";
"09/2025";"83.102.384/0001-80 - MUNICIPIO DE CANOINHAS";"Município";"Pessoa Jurídica";"SC";"CANOINHAS";"202539290001";"3929 - CARLOS CHIODINI";"435.600,00";
"12/2023";"83.102.285/0001-07 - MUNICIPIO DE BALNEARIO CAMBORIU";"Município";"Pessoa Jurídica";"SC";"BALNEÁRIO CAMBORIÚ";"202342510010";"4251 - IVETE DA SILVEIRA";"441.572,00";
"05/2026";"83.026.781/0001-10 - MUNICIPIO DE SAO JOSE DO CEDRO";"Município";"Pessoa Jurídica";"SC";"SÃO JOSÉ DO CEDRO";"202639320001";"3932 - CAROLINE DE TONI";"442.775,00";
"09/2025";"82.821.208/0001-36 - MUNICIPIO DE ITAPIRANGA";"Município";"Pessoa Jurídica";"SC";"ITAPIRANGA";"202539290001";"3929 - CARLOS CHIODINI";"443.512,08";
"12/2025";"01.612.527/0001-30 - MUNICIPIO DE BARRA BONITA";"Município";"Pessoa Jurídica";"SC";"BARRA BONITA";"202543250005";"4325 - COBALCHINI";"443.513,07";
"09/2025";"82.909.409/0001-90 - MUNICIPIO DE IMBITUBA";"Município";"Pessoa Jurídica";"SC";"IMBITUBA";"202539290001";"3929 - CARLOS CHIODINI";"445.500,00";
"09/2025";"82.892.365/0001-32 - MUNICIPIO DE PAULO LOPES";"Município";"Pessoa Jurídica";"SC";"PAULO LOPES";"202539290001";"3929 - CARLOS CHIODINI";"445.500,00";
"05/2026";"83.102.319/0001-55 - MUNICIPIO DE LUIZ ALVES";"Município";"Pessoa Jurídica";"SC";"LUIZ ALVES";"202639320001";"3932 - CAROLINE DE TONI";"447.750,00";
"05/2026";"83.102.491/0001-09 - MUNICIPIO DE SCHROEDER";"Município";"Pessoa Jurídica";"SC";"SCHROEDER";"202643390009";"4339 - DANIELA REINEHR";"447.750,00";
"03/2023";"83.755.850/0001-27 - MUNICIPIO DE PONTE ALTA";"Município";"Pessoa Jurídica";"SC";"PONTE ALTA";"202240150005";"4015 - HELIO COSTA";"450.000,00";
"10/2023";"82.926.536/0001-05 - MUNICIPIO DE SAO LUDGERO";"Município";"Pessoa Jurídica";"SC";"SÃO LUDGERO";"202339290002";"3929 - CARLOS CHIODINI";"450.000,00";
"09/2023";"82.827.148/0001-69 - MUNICIPIO DE PINHEIRO PRETO";"Município";"Pessoa Jurídica";"SC";"PINHEIRO PRETO";"202322100001";"2210 - ESPERIDIAO AMIN";"450.000,00";
"09/2023";"83.102.673/0001-80 - MUNICIPIO DE PETROLANDIA";"Município";"Pessoa Jurídica";"SC";"PETROLÂNDIA";"202322100001";"2210 - ESPERIDIAO AMIN";"450.000,00";
"12/2024";"82.945.718/0001-15 - MUNICIPIO DE SAO CARLOS";"Município";"Pessoa Jurídica";"SC";"SÃO CARLOS";"202422100016";"2210 - ESPERIDIAO AMIN";"450.000,00";
"08/2023";"83.102.657/0001-97 - MUNICIPIO DE LAURENTINO";"Município";"Pessoa Jurídica";"SC";"LAURENTINO";"202328560019";"2856 - ROGERIO PENINHA MENDONCA";"450.000,00";
"07/2022";"83.102.657/0001-97 - MUNICIPIO DE LAURENTINO";"Município";"Pessoa Jurídica";"SC";"LAURENTINO";"202228560001";"2856 - ROGERIO PENINHA MENDONCA";"450.000,00";
"08/2023";"83.009.860/0001-13 - MUNICIPIO DE XANXERE";"Município";"Pessoa Jurídica";"SC";"XANXERÊ";"202328550022";"2855 - PEDRO UCZAI";"450.000,00";
"12/2024";"83.102.855/0001-50 - MUNICIPIO DE NAVEGANTES";"Município";"Pessoa Jurídica";"SC";"NAVEGANTES";"202442090002";"4209 - JORGE GOETTEN";"450.000,00";
"12/2023";"83.102.715/0001-82 - MUNICIPIO DE RIO DO OESTE";"Município";"Pessoa Jurídica";"SC";"RIO DO OESTE";"202328560023";"2856 - ROGERIO PENINHA MENDONCA";"450.000,00";
"07/2024";"75.326.066/0001-75 - MUNICIPIO DE OTACILIO COSTA";"Município";"Pessoa Jurídica";"SC";"OTACÍLIO COSTA";"202439290001";"3929 - CARLOS CHIODINI";"450.000,00";
"12/2024";"82.562.893/0001-23 - MUNICIPIO DE CANELINHA";"Município";"Pessoa Jurídica";"SC";"CANELINHA";"202439290001";"3929 - CARLOS CHIODINI";"450.000,00";
"08/2023";"83.102.418/0001-37 - MUNICIPIO DE IBIRAMA";"Município";"Pessoa Jurídica";"SC";"IBIRAMA";"202328560005";"2856 - ROGERIO PENINHA MENDONCA";"450.000,00";
"09/2023";"83.102.434/0001-20 - MUNICIPIO DE PRESIDENTE GETULIO";"Município";"Pessoa Jurídica";"SC";"PRESIDENTE GETÚLIO";"202328560006";"2856 - ROGERIO PENINHA MENDONCA";"450.000,00";
"12/2023";"82.548.983/0001-60 - MUNICIPIO DE TURVO";"Município";"Pessoa Jurídica";"SC";"TURVO";"202322100001";"2210 - ESPERIDIAO AMIN";"450.000,00";
"09/2023";"01.613.101/0001-09 - MUNICIPIO DE SAO PEDRO DE ALCANTARA";"Município";"Pessoa Jurídica";"SC";"SÃO PEDRO DE ALCÂNTARA";"202322100001";"2210 - ESPERIDIAO AMIN";"450.000,00";
"07/2024";"82.939.448/0001-30 - MUNICIPIO DE IBICARE";"Município";"Pessoa Jurídica";"SC";"IBICARÉ";"202443250003";"4325 - COBALCHINI";"450.000,00";
"06/2026";"82.892.290/0001-90 - MUNICIPIO DE ANTONIO CARLOS";"Município";"Pessoa Jurídica";"SC";"ANTÔNIO CARLOS";"202639490005";"3949 - DANIEL FREITAS";"457.243,08";
"06/2026";"82.916.800/0001-11 - MUNICIPIO DE ICARA";"Município";"Pessoa Jurídica";"SC";"IÇARA";"202639800001";"3980 - FABIO SCHIOCHET";"459.002,57";
"12/2025";"82.577.636/0001-65 - MUNICIPIO DE TIJUCAS";"Município";"Pessoa Jurídica";"SC";"TIJUCAS";"202544480001";"4448 - PEZENTI";"465.300,00";
"07/2024";"85.361.863/0001-47 - MUNICIPIO DE PALMITOS";"Município";"Pessoa Jurídica";"SC";"PALMITOS";"202443250003";"4325 - COBALCHINI";"465.524,32";
"12/2023";"83.102.491/0001-09 - MUNICIPIO DE SCHROEDER";"Município";"Pessoa Jurídica";"SC";"SCHROEDER";"202339440011";"3944 - CORONEL ARMANDO";"468.397,50";
"12/2024";"82.928.656/0001-33 - MUNICIPIO DE TUBARAO";"Município";"Pessoa Jurídica";"SC";"TUBARÃO";"202422100016";"2210 - ESPERIDIAO AMIN";"468.425,00";
"07/2024";"82.951.229/0001-76 - ESTADO DE SANTA CATARINA";"Estado ou Distrito Federal";"Pessoa Jurídica";"SC";"FLORIANÓPOLIS";"202429250006";"2925 - CARMEN ZANOTTO";"470.000,00";
"09/2025";"82.928.706/0001-82 - MUNICIPIO DE LAGUNA";"Município";"Pessoa Jurídica";"SC";"LAGUNA";"202543390010";"4339 - DANIELA REINEHR";"471.224,16";
"07/2022";"83.102.319/0001-55 - MUNICIPIO DE LUIZ ALVES";"Município";"Pessoa Jurídica";"SC";"LUIZ ALVES";"202241290001";"4129 - RODRIGO COELHO";"475.000,00";
"07/2024";"95.993.028/0001-83 - MUNICIPIO DE IPUACU";"Município";"Pessoa Jurídica";"SC";"IPUAÇU";"202422100016";"2210 - ESPERIDIAO AMIN";"475.000,00";
"10/2025";"82.928.656/0001-33 - MUNICIPIO DE TUBARAO";"Município";"Pessoa Jurídica";"SC";"TUBARÃO";"202539490006";"3949 - DANIEL FREITAS";"476.175,15";
"06/2026";"95.778.056/0001-88 - MUNICIPIO DE COCAL DO SUL";"Município";"Pessoa Jurídica";"SC";"COCAL DO SUL";"202632350004";"3235 - GEOVANIA DE SA";"482.575,00";
"07/2024";"01.613.101/0001-09 - MUNICIPIO DE SAO PEDRO DE ALCANTARA";"Município";"Pessoa Jurídica";"SC";"SÃO PEDRO DE ALCÂNTARA";"202444010006";"4401 - JULIA ZANATTA";"488.546,90";
"08/2023";"83.102.293/0001-45 - MUNICIPIO DE CAMBORIU";"Município";"Pessoa Jurídica";"SC";"CAMBORIÚ";"202328560003";"2856 - ROGERIO PENINHA MENDONCA";"488.762,00";
"09/2023";"82.821.190/0001-72 - MUNICIPIO DE MARAVILHA";"Município";"Pessoa Jurídica";"SC";"MARAVILHA";"202328550022";"2855 - PEDRO UCZAI";"489.365,00";
"09/2025";"95.778.056/0001-88 - MUNICIPIO DE COCAL DO SUL";"Município";"Pessoa Jurídica";"SC";"COCAL DO SUL";"202539490006";"3949 - DANIEL FREITAS";"490.050,00";
"10/2025";"82.765.488/0001-02 - MUNICIPIO DE TAIO";"Município";"Pessoa Jurídica";"SC";"TAIÓ";"202544010010";"4401 - JULIA ZANATTA";"495.000,00";
"09/2025";"83.102.343/0001-94 - MUNICIPIO DE BRUSQUE";"Município";"Pessoa Jurídica";"SC";"BRUSQUE";"202542730001";"4273 - JORGE SEIF";"495.000,00";
"12/2025";"83.754.044/0001-34 - MUNICIPIO DE CURITIBANOS";"Município";"Pessoa Jurídica";"SC";"CURITIBANOS";"202543250005";"4325 - COBALCHINI";"495.000,00";
"10/2025";"01.612.387/0001-08 - MUNICIPIO DE ZORTEA";"Município";"Pessoa Jurídica";"SC";"ZORTÉA";"202543390010";"4339 - DANIELA REINEHR";"495.000,00";
"09/2025";"83.024.257/0001-00 - MUNICIPIO DE CONCORDIA";"Município";"Pessoa Jurídica";"SC";"CONCÓRDIA";"202544010010";"4401 - JULIA ZANATTA";"495.000,00";
"09/2025";"80.637.424/0001-09 - MUNICIPIO DE FORMOSA DO SUL";"Município";"Pessoa Jurídica";"SC";"FORMOSA DO SUL";"202543250005";"4325 - COBALCHINI";"495.000,00";
"09/2025";"81.531.162/0001-58 - MUNICIPIO DE FORQUILHINHA";"Município";"Pessoa Jurídica";"SC";"FORQUILHINHA";"202540620003";"4062 - RICARDO GUIDI";"495.000,00";
"09/2025";"81.531.162/0001-58 - MUNICIPIO DE FORQUILHINHA";"Município";"Pessoa Jurídica";"SC";"FORQUILHINHA";"202539490006";"3949 - DANIEL FREITAS";"495.000,00";
"12/2025";"01.613.120/0001-27 - MUNICIPIO DE CHAPADAO DO LAGEADO";"Município";"Pessoa Jurídica";"SC";"CHAPADÃO DO LAGEADO";"202544480001";"4448 - PEZENTI";"495.000,00";
"09/2025";"83.755.850/0001-27 - MUNICIPIO DE PONTE ALTA";"Município";"Pessoa Jurídica";"SC";"PONTE ALTA";"202542090003";"4209 - JORGE GOETTEN";"495.000,00";
"09/2025";"82.926.536/0001-05 - MUNICIPIO DE SAO LUDGERO";"Município";"Pessoa Jurídica";"SC";"SÃO LUDGERO";"202544010010";"4401 - JULIA ZANATTA";"495.000,00";
"10/2025";"82.892.324/0001-46 - MUNICIPIO DE SANTO AMARO DA IMPERATRIZ";"Município";"Pessoa Jurídica";"SC";"SANTO AMARO DA IMPERATRIZ";"202542090003";"4209 - JORGE GOETTEN";"495.000,00";
"09/2025";"82.892.324/0001-46 - MUNICIPIO DE SANTO AMARO DA IMPERATRIZ";"Município";"Pessoa Jurídica";"SC";"SANTO AMARO DA IMPERATRIZ";"202544010010";"4401 - JULIA ZANATTA";"495.000,00";
"12/2025";"82.892.373/0001-89 - MUNICIPIO DE GOVERNADOR CELSO RAMOS";"Município";"Pessoa Jurídica";"SC";"GOVERNADOR CELSO RAMOS";"202540620003";"4062 - RICARDO GUIDI";"495.000,00";
"09/2025";"95.990.230/0001-51 - MUNICIPIO DE IRATI";"Município";"Pessoa Jurídica";"SC";"IRATI";"202543250005";"4325 - COBALCHINI";"495.000,00";
"09/2025";"80.989.965/0001-98 - MUNICIPIO DE SANTA ROSA DO SUL";"Município";"Pessoa Jurídica";"SC";"SANTA ROSA DO SUL";"202544010010";"4401 - JULIA ZANATTA";"495.000,00";
"09/2025";"95.949.806/0001-37 - MUNICIPIO DE CALMON";"Município";"Pessoa Jurídica";"SC";"CALMON";"202543250005";"4325 - COBALCHINI";"495.000,00";
"09/2025";"82.945.718/0001-15 - MUNICIPIO DE SAO CARLOS";"Município";"Pessoa Jurídica";"SC";"SÃO CARLOS";"202543250005";"4325 - COBALCHINI";"495.000,00";
"12/2025";"83.102.814/0001-64 - MUNICIPIO DE RODEIO";"Município";"Pessoa Jurídica";"SC";"RODEIO";"202544480001";"4448 - PEZENTI";"495.000,00";
"12/2025";"83.102.657/0001-97 - MUNICIPIO DE LAURENTINO";"Município";"Pessoa Jurídica";"SC";"LAURENTINO";"202544480001";"4448 - PEZENTI";"495.000,00";
"09/2025";"82.821.174/0001-80 - MUNICIPIO DE SAO MIGUEL D'OESTE";"Município";"Pessoa Jurídica";"SC";"SÃO MIGUEL DO OESTE";"202543250005";"4325 - COBALCHINI";"495.000,00";
"09/2025";"01.612.744/0001-20 - MUNICIPIO DE IOMERE";"Município";"Pessoa Jurídica";"SC";"IOMERÊ";"202522100013";"2210 - ESPERIDIAO AMIN";"495.000,00";
"09/2025";"95.988.309/0001-48 - MUNICIPIO DE RIQUEZA";"Município";"Pessoa Jurídica";"SC";"RIQUEZA";"202543250005";"4325 - COBALCHINI";"495.000,00";
"09/2025";"82.925.652/0001-00 - MUNICIPIO DE SAO JOAO BATISTA";"Município";"Pessoa Jurídica";"SC";"SÃO JOÃO BATISTA";"202539320001";"3932 - CAROLINE DE TONI";"495.000,00";
"09/2025";"83.102.855/0001-50 - MUNICIPIO DE NAVEGANTES";"Município";"Pessoa Jurídica";"SC";"NAVEGANTES";"202539490006";"3949 - DANIEL FREITAS";"495.000,00";
"09/2025";"79.373.775/0001-62 - MUNICIPIO DE DOUTOR PEDRINHO";"Município";"Pessoa Jurídica";"SC";"DOUTOR PEDRINHO";"202544480001";"4448 - PEZENTI";"495.000,00";
"10/2025";"83.102.244/0001-02 - MUNICIPIO DE GASPAR";"Município";"Pessoa Jurídica";"SC";"GASPAR";"202542090003";"4209 - JORGE GOETTEN";"495.000,00";
"09/2025";"83.102.244/0001-02 - MUNICIPIO DE GASPAR";"Município";"Pessoa Jurídica";"SC";"GASPAR";"202539290001";"3929 - CARLOS CHIODINI";"495.000,00";
"09/2025";"83.102.244/0001-02 - MUNICIPIO DE GASPAR";"Município";"Pessoa Jurídica";"SC";"GASPAR";"202539490006";"3949 - DANIEL FREITAS";"495.000,00";
"10/2025";"83.102.384/0001-80 - MUNICIPIO DE CANOINHAS";"Município";"Pessoa Jurídica";"SC";"CANOINHAS";"202544010010";"4401 - JULIA ZANATTA";"495.000,00";
"09/2025";"82.572.207/0001-03 - MUNICIPIO DE ITAPEMA";"Município";"Pessoa Jurídica";"SC";"ITAPEMA";"202539490006";"3949 - DANIEL FREITAS";"495.000,00";
"09/2025";"82.572.207/0001-03 - MUNICIPIO DE ITAPEMA";"Município";"Pessoa Jurídica";"SC";"ITAPEMA";"202544480001";"4448 - PEZENTI";"495.000,00";
"10/2025";"82.572.207/0001-03 - MUNICIPIO DE ITAPEMA";"Município";"Pessoa Jurídica";"SC";"ITAPEMA";"202539290001";"3929 - CARLOS CHIODINI";"495.000,00";
"09/2025";"82.926.569/0001-47 - MUNICIPIO DE GRAVATAL";"Município";"Pessoa Jurídica";"SC";"GRAVATAL";"202540620003";"4062 - RICARDO GUIDI";"495.000,00";
"09/2025";"82.837.741/0001-96 - MUNICIPIO DE MELEIRO";"Município";"Pessoa Jurídica";"SC";"MELEIRO";"202544010010";"4401 - JULIA ZANATTA";"495.000,00";
"09/2025";"82.837.741/0001-96 - MUNICIPIO DE MELEIRO";"Município";"Pessoa Jurídica";"SC";"MELEIRO";"202540620003";"4062 - RICARDO GUIDI";"495.000,00";
"09/2025";"79.372.553/0001-25 - MUNICIPIO DE JOSE BOITEUX";"Município";"Pessoa Jurídica";"SC";"JOSÉ BOITEUX";"202544480001";"4448 - PEZENTI";"495.000,00";
"10/2025";"82.892.290/0001-90 - MUNICIPIO DE ANTONIO CARLOS";"Município";"Pessoa Jurídica";"SC";"ANTÔNIO CARLOS";"202544010010";"4401 - JULIA ZANATTA";"495.000,00";
"09/2025";"83.102.319/0001-55 - MUNICIPIO DE LUIZ ALVES";"Município";"Pessoa Jurídica";"SC";"LUIZ ALVES";"202539290001";"3929 - CARLOS CHIODINI";"495.000,00";
"09/2025";"83.024.505/0001-13 - MUNICIPIO DE SEARA";"Município";"Pessoa Jurídica";"SC";"SEARA";"202543250005";"4325 - COBALCHINI";"495.000,00";
"09/2025";"95.990.198/0001-04 - MUNICIPIO DE CORDILHEIRA ALTA";"Município";"Pessoa Jurídica";"SC";"CORDILHEIRA ALTA";"202543250005";"4325 - COBALCHINI";"495.000,00";
"09/2025";"82.843.582/0001-32 - MUNICIPIO DE URUBICI";"Município";"Pessoa Jurídica";"SC";"URUBICI";"202539800001";"3980 - FABIO SCHIOCHET";"495.000,00";
"09/2025";"83.028.415/0001-09 - MUNICIPIO DE MONDAI";"Município";"Pessoa Jurídica";"SC";"MONDAÍ";"202539800001";"3980 - FABIO SCHIOCHET";"495.000,00";
"12/2025";"82.928.656/0001-33 - MUNICIPIO DE TUBARAO";"Município";"Pessoa Jurídica";"SC";"TUBARÃO";"202542730001";"4273 - JORGE SEIF";"495.000,00";
"09/2025";"82.939.422/0001-91 - MUNICIPIO DE ERVAL VELHO";"Município";"Pessoa Jurídica";"SC";"ERVAL VELHO";"202543250005";"4325 - COBALCHINI";"495.000,00";
"09/2025";"82.892.365/0001-32 - MUNICIPIO DE PAULO LOPES";"Município";"Pessoa Jurídica";"SC";"PAULO LOPES";"202540620003";"4062 - RICARDO GUIDI";"495.000,00";
"09/2025";"95.954.442/0001-83 - MUNICIPIO DE SAO JOAO DO ITAPERIU";"Município";"Pessoa Jurídica";"SC";"SÃO JOÃO DO ITAPERIÚ";"202542090003";"4209 - JORGE GOETTEN";"495.000,00";
"09/2025";"82.928.664/0001-80 - MUNICIPIO DE ARMAZEM";"Município";"Pessoa Jurídica";"SC";"ARMAZÉM";"202540620003";"4062 - RICARDO GUIDI";"495.000,00";
"09/2025";"01.612.116/0001-44 - MUNICIPIO DE CUNHATAI";"Município";"Pessoa Jurídica";"SC";"CUNHATAÍ";"202543250005";"4325 - COBALCHINI";"495.000,00";
"09/2025";"83.102.806/0001-18 - MUNICIPIO DE RIO DOS CEDROS";"Município";"Pessoa Jurídica";"SC";"RIO DOS CEDROS";"202543390010";"4339 - DANIELA REINEHR";"495.000,00";
"09/2025";"83.102.764/0001-15 - MUNICIPIO DE TIMBO";"Município";"Pessoa Jurídica";"SC";"TIMBÓ";"202540620003";"4062 - RICARDO GUIDI";"495.000,00";
"09/2025";"83.102.764/0001-15 - MUNICIPIO DE TIMBO";"Município";"Pessoa Jurídica";"SC";"TIMBÓ";"202544010010";"4401 - JULIA ZANATTA";"495.000,00";
"09/2025";"82.821.190/0001-72 - MUNICIPIO DE MARAVILHA";"Município";"Pessoa Jurídica";"SC";"MARAVILHA";"202543250005";"4325 - COBALCHINI";"495.000,00";
"09/2025";"83.102.780/0001-08 - MUNICIPIO DE BENEDITO NOVO";"Município";"Pessoa Jurídica";"SC";"BENEDITO NOVO";"202544010010";"4401 - JULIA ZANATTA";"495.000,00";
"09/2025";"83.102.517/0001-19 - MUNICIPIO DE ITAIOPOLIS";"Município";"Pessoa Jurídica";"SC";"ITAIÓPOLIS";"202539290001";"3929 - CARLOS CHIODINI";"495.000,00";
"09/2025";"80.623.606/0001-12 - MUNICIPIO DE IRACEMINHA";"Município";"Pessoa Jurídica";"SC";"IRACEMINHA";"202543390010";"4339 - DANIELA REINEHR";"495.000,00";
"09/2025";"83.102.707/0001-36 - MUNICIPIO DE RIO DO CAMPO";"Município";"Pessoa Jurídica";"SC";"RIO DO CAMPO";"202543920009";"4392 - ISMAEL";"495.000,00";
"09/2025";"83.102.830/0001-57 - MUNICIPIO DE BARRA VELHA";"Município";"Pessoa Jurídica";"SC";"BARRA VELHA";"202542090003";"4209 - JORGE GOETTEN";"495.000,00";
"09/2025";"83.102.830/0001-57 - MUNICIPIO DE BARRA VELHA";"Município";"Pessoa Jurídica";"SC";"BARRA VELHA";"202539290001";"3929 - CARLOS CHIODINI";"495.000,00";
"09/2025";"82.562.893/0001-23 - MUNICIPIO DE CANELINHA";"Município";"Pessoa Jurídica";"SC";"CANELINHA";"202539800001";"3980 - FABIO SCHIOCHET";"495.000,00";
"09/2025";"83.102.285/0001-07 - MUNICIPIO DE BALNEARIO CAMBORIU";"Município";"Pessoa Jurídica";"SC";"BALNEÁRIO CAMBORIÚ";"202544480001";"4448 - PEZENTI";"495.000,00";
"09/2025";"83.102.376/0001-34 - MUNICIPIO DE VIDAL RAMOS";"Município";"Pessoa Jurídica";"SC";"VIDAL RAMOS";"202544480001";"4448 - PEZENTI";"495.000,00";
"09/2025";"83.102.574/0001-06 - MUNICIPIO DE RIO DO SUL";"Município";"Pessoa Jurídica";"SC";"RIO DO SUL";"202542730001";"4273 - JORGE SEIF";"495.000,00";
"10/2025";"83.009.894/0001-08 - MUNICIPIO DE SAO DOMINGOS";"Município";"Pessoa Jurídica";"SC";"SÃO DOMINGOS";"202539320001";"3932 - CAROLINE DE TONI";"495.000,00";
"09/2025";"82.777.335/0001-85 - MUNICIPIO DE ANITA GARIBALDI";"Município";"Pessoa Jurídica";"SC";"ANITA GARIBALDI";"202539800001";"3980 - FABIO SCHIOCHET";"495.000,00";
"09/2025";"82.777.236/0001-01 - MUNICIPIO DE PONTE SERRADA";"Município";"Pessoa Jurídica";"SC";"PONTE SERRADA";"202539320001";"3932 - CAROLINE DE TONI";"495.000,00";
"10/2025";"80.637.457/0001-40 - MUNICIPIO DE JARDINOPOLIS";"Município";"Pessoa Jurídica";"SC";"JARDINÓPOLIS";"202543250005";"4325 - COBALCHINI";"495.000,00";
"09/2025";"83.108.357/0001-15 - MUNICIPIO DE BLUMENAU";"Município";"Pessoa Jurídica";"SC";"BLUMENAU";"202542730001";"4273 - JORGE SEIF";"495.000,00";
"09/2025";"83.102.590/0001-90 - MUNICIPIO DE AGRONOMICA";"Município";"Pessoa Jurídica";"SC";"AGRONÔMICA";"202540620003";"4062 - RICARDO GUIDI";"495.000,00";
"09/2025";"78.505.591/0001-46 - MUNICIPIO DE UNIAO DO OESTE";"Município";"Pessoa Jurídica";"SC";"UNIÃO DO OESTE";"202543250005";"4325 - COBALCHINI";"495.000,00";
"09/2025";"83.102.475/0001-16 - MUNICIPIO DE GUARAMIRIM";"Município";"Pessoa Jurídica";"SC";"GUARAMIRIM";"202539290001";"3929 - CARLOS CHIODINI";"495.000,00";
"09/2025";"83.074.294/0001-23 - MUNICIPIO DE RIO DAS ANTAS";"Município";"Pessoa Jurídica";"SC";"RIO DAS ANTAS";"202543390010";"4339 - DANIELA REINEHR";"495.000,00";
"12/2025";"82.836.057/0001-90 - MUNICIPIO DE GAROPABA";"Município";"Pessoa Jurídica";"SC";"GAROPABA";"202544930004";"4493 - ZE TROVAO";"495.000,00";
"09/2025";"83.102.277/0001-52 - MUNICIPIO DE ITAJAI";"Município";"Pessoa Jurídica";"SC";"ITAJAÍ";"202542730001";"4273 - JORGE SEIF";"495.000,00";
"10/2025";"80.912.124/0001-82 - MUNICIPIO DE SAO MIGUEL DA BOA VISTA";"Município";"Pessoa Jurídica";"SC";"SÃO MIGUEL DA BOA VISTA";"202542090003";"4209 - JORGE GOETTEN";"495.000,00";
"09/2025";"82.892.316/0001-08 - MUNICIPIO DE PALHOCA";"Município";"Pessoa Jurídica";"SC";"PALHOÇA";"202542730001";"4273 - JORGE SEIF";"495.000,00";
"10/2025";"82.911.249/0001-13 - MUNICIPIO DE ARARANGUA";"Município";"Pessoa Jurídica";"SC";"ARARANGUÁ";"202544010010";"4401 - JULIA ZANATTA";"495.000,00";
"09/2025";"83.102.327/0001-00 - MUNICIPIO DE PENHA";"Município";"Pessoa Jurídica";"SC";"PENHA";"202542730001";"4273 - JORGE SEIF";"495.000,00";
"09/2025";"82.960.758/0001-36 - MUNICIPIO DE JACINTO MACHADO";"Município";"Pessoa Jurídica";"SC";"JACINTO MACHADO";"202544010010";"4401 - JULIA ZANATTA";"495.000,00";
"12/2025";"82.777.301/0001-90 - MUNICIPIO DE LAGES";"Município";"Pessoa Jurídica";"SC";"LAGES";"202542730001";"4273 - JORGE SEIF";"495.000,00";
"09/2025";"83.102.426/0001-83 - MUNICIPIO DE DONA EMMA";"Município";"Pessoa Jurídica";"SC";"DONA EMMA";"202543390010";"4339 - DANIELA REINEHR";"495.000,00";
"09/2025";"82.827.999/0001-01 - MUNICIPIO DE TANGARA";"Município";"Pessoa Jurídica";"SC";"TANGARÁ";"202543390010";"4339 - DANIELA REINEHR";"495.000,00";
"09/2025";"83.021.832/0001-11 - MUNICIPIO DE MODELO";"Município";"Pessoa Jurídica";"SC";"MODELO";"202543250005";"4325 - COBALCHINI";"495.000,00";
"09/2025";"01.613.101/0001-09 - MUNICIPIO DE SAO PEDRO DE ALCANTARA";"Município";"Pessoa Jurídica";"SC";"SÃO PEDRO DE ALCÂNTARA";"202543390010";"4339 - DANIELA REINEHR";"495.000,00";
"09/2025";"78.486.198/0001-52 - MUNICIPIO DE TUNAPOLIS";"Município";"Pessoa Jurídica";"SC";"TUNÁPOLIS";"202542090003";"4209 - JORGE GOETTEN";"495.000,00";
"09/2025";"82.924.390/0001-50 - MUNICIPIO DE LEOBERTO LEAL";"Município";"Pessoa Jurídica";"SC";"LEOBERTO LEAL";"202544480001";"4448 - PEZENTI";"495.000,00";
"09/2025";"83.026.773/0001-74 - MUNICIPIO DE DIONISIO CERQUEIRA";"Município";"Pessoa Jurídica";"SC";"DIONÍSIO CERQUEIRA";"202544480001";"4448 - PEZENTI";"495.000,00";
"09/2025";"83.024.687/0001-22 - MUNICIPIO DE ANCHIETA";"Município";"Pessoa Jurídica";"SC";"ANCHIETA";"202543250005";"4325 - COBALCHINI";"495.000,00";
"05/2026";"85.361.863/0001-47 - MUNICIPIO DE PALMITOS";"Município";"Pessoa Jurídica";"SC";"PALMITOS";"202639320001";"3932 - CAROLINE DE TONI";"497.500,00";
"06/2026";"83.754.044/0001-34 - MUNICIPIO DE CURITIBANOS";"Município";"Pessoa Jurídica";"SC";"CURITIBANOS";"202642090003";"4209 - JORGE GOETTEN";"497.500,00";
"05/2026";"83.024.257/0001-00 - MUNICIPIO DE CONCORDIA";"Município";"Pessoa Jurídica";"SC";"CONCÓRDIA";"202643920005";"4392 - ISMAEL";"497.500,00";
"06/2026";"80.637.424/0001-09 - MUNICIPIO DE FORMOSA DO SUL";"Município";"Pessoa Jurídica";"SC";"FORMOSA DO SUL";"202643250001";"4325 - COBALCHINI";"497.500,00";
"06/2026";"01.613.120/0001-27 - MUNICIPIO DE CHAPADAO DO LAGEADO";"Município";"Pessoa Jurídica";"SC";"CHAPADÃO DO LAGEADO";"202644480001";"4448 - PEZENTI";"497.500,00";
"06/2026";"78.493.343/0001-22 - MUNICIPIO DE CELSO RAMOS";"Município";"Pessoa Jurídica";"SC";"CELSO RAMOS";"202639800001";"3980 - FABIO SCHIOCHET";"497.500,00";
"05/2026";"82.926.536/0001-05 - MUNICIPIO DE SAO LUDGERO";"Município";"Pessoa Jurídica";"SC";"SÃO LUDGERO";"202639800001";"3980 - FABIO SCHIOCHET";"497.500,00";
"06/2026";"78.511.052/0001-10 - MUNICIPIO DE ABDON BATISTA";"Município";"Pessoa Jurídica";"SC";"ABDON BATISTA";"202643250001";"4325 - COBALCHINI";"497.500,00";
"05/2026";"75.438.655/0001-45 - MUNICIPIO DE CORREIA PINTO";"Município";"Pessoa Jurídica";"SC";"CORREIA PINTO";"202639290001";"3929 - CARLOS CHIODINI";"497.500,00";
"06/2026";"80.989.965/0001-98 - MUNICIPIO DE SANTA ROSA DO SUL";"Município";"Pessoa Jurídica";"SC";"SANTA ROSA DO SUL";"202643920005";"4392 - ISMAEL";"497.500,00";
"05/2026";"82.916.800/0001-11 - MUNICIPIO DE ICARA";"Município";"Pessoa Jurídica";"SC";"IÇARA";"202640620003";"4062 - RICARDO GUIDI";"497.500,00";
"05/2026";"83.102.673/0001-80 - MUNICIPIO DE PETROLANDIA";"Município";"Pessoa Jurídica";"SC";"PETROLÂNDIA";"202644480001";"4448 - PEZENTI";"497.500,00";
"05/2026";"82.945.718/0001-15 - MUNICIPIO DE SAO CARLOS";"Município";"Pessoa Jurídica";"SC";"SÃO CARLOS";"202643250001";"4325 - COBALCHINI";"497.500,00";
"06/2026";"83.102.814/0001-64 - MUNICIPIO DE RODEIO";"Município";"Pessoa Jurídica";"SC";"RODEIO";"202644480001";"4448 - PEZENTI";"497.500,00";
"05/2026";"83.102.657/0001-97 - MUNICIPIO DE LAURENTINO";"Município";"Pessoa Jurídica";"SC";"LAURENTINO";"202644480001";"4448 - PEZENTI";"497.500,00";
"05/2026";"95.990.255/0001-55 - MUNICIPIO DE PLANALTO ALEGRE";"Município";"Pessoa Jurídica";"SC";"PLANALTO ALEGRE";"202643390009";"4339 - DANIELA REINEHR";"497.500,00";
"06/2026";"82.777.327/0001-39 - MUNICIPIO DE SAO JOSE DO CERRITO";"Município";"Pessoa Jurídica";"SC";"SÃO JOSÉ DO CERRITO";"202643250001";"4325 - COBALCHINI";"497.500,00";
"06/2026";"83.102.855/0001-50 - MUNICIPIO DE NAVEGANTES";"Município";"Pessoa Jurídica";"SC";"NAVEGANTES";"202632350004";"3235 - GEOVANIA DE SA";"497.500,00";
"05/2026";"83.102.715/0001-82 - MUNICIPIO DE RIO DO OESTE";"Município";"Pessoa Jurídica";"SC";"RIO DO OESTE";"202643920005";"4392 - ISMAEL";"497.500,00";
"06/2026";"79.373.775/0001-62 - MUNICIPIO DE DOUTOR PEDRINHO";"Município";"Pessoa Jurídica";"SC";"DOUTOR PEDRINHO";"202644480001";"4448 - PEZENTI";"497.500,00";
"05/2026";"82.558.149/0001-55 - MUNICIPIO DE GRAO PARA";"Município";"Pessoa Jurídica";"SC";"GRÃO PARÁ";"202632350004";"3235 - GEOVANIA DE SA";"497.500,00";
"05/2026";"83.169.623/0001-10 - MUNICIPIO DE JOINVILLE";"Município";"Pessoa Jurídica";"SC";"JOINVILLE";"202632350004";"3235 - GEOVANIA DE SA";"497.500,00";
"05/2026";"78.510.112/0001-80 - MUNICIPIO DE LINDOIA DO SUL";"Município";"Pessoa Jurídica";"SC";"LINDÓIA DO SUL";"202644010005";"4401 - JULIA ZANATTA";"497.500,00";
"05/2026";"83.102.483/0001-62 - MUNICIPIO DE MASSARANDUBA";"Município";"Pessoa Jurídica";"SC";"MASSARANDUBA";"202643390009";"4339 - DANIELA REINEHR";"497.500,00";
"06/2026";"83.102.483/0001-62 - MUNICIPIO DE MASSARANDUBA";"Município";"Pessoa Jurídica";"SC";"MASSARANDUBA";"202639290001";"3929 - CARLOS CHIODINI";"497.500,00";
"05/2026";"82.892.290/0001-90 - MUNICIPIO DE ANTONIO CARLOS";"Município";"Pessoa Jurídica";"SC";"ANTÔNIO CARLOS";"202639290001";"3929 - CARLOS CHIODINI";"497.500,00";
"06/2026";"83.102.301/0001-53 - MUNICIPIO DE ILHOTA";"Município";"Pessoa Jurídica";"SC";"ILHOTA";"202644480001";"4448 - PEZENTI";"497.500,00";
"05/2026";"83.021.873/0001-08 - MUNICIPIO DE SAO LOURENCO D'OESTE";"Município";"Pessoa Jurídica";"SC";"SÃO LOURENÇO DO OESTE";"202639800001";"3980 - FABIO SCHIOCHET";"497.500,00";
"05/2026";"82.928.698/0001-74 - MUNICIPIO DE JAGUARUNA";"Município";"Pessoa Jurídica";"SC";"JAGUARUNA";"202643920005";"4392 - ISMAEL";"497.500,00";
"05/2026";"82.963.216/0001-17 - MUNICIPIO DE SOMBRIO";"Município";"Pessoa Jurídica";"SC";"SOMBRIO";"202643920005";"4392 - ISMAEL";"497.500,00";
"05/2026";"83.028.415/0001-09 - MUNICIPIO DE MONDAI";"Município";"Pessoa Jurídica";"SC";"MONDAÍ";"202644010005";"4401 - JULIA ZANATTA";"497.500,00";
"05/2026";"83.028.415/0001-09 - MUNICIPIO DE MONDAI";"Município";"Pessoa Jurídica";"SC";"MONDAÍ";"202639800001";"3980 - FABIO SCHIOCHET";"497.500,00";
"05/2026";"95.954.509/0001-80 - MUNICIPIO DE BALNEARIO BARRA DO SUL";"Município";"Pessoa Jurídica";"SC";"BALNEÁRIO BARRA DO SUL";"202643390009";"4339 - DANIELA REINEHR";"497.500,00";
"05/2026";"95.954.509/0001-80 - MUNICIPIO DE BALNEARIO BARRA DO SUL";"Município";"Pessoa Jurídica";"SC";"BALNEÁRIO BARRA DO SUL";"202632350004";"3235 - GEOVANIA DE SA";"497.500,00";
"05/2026";"82.939.422/0001-91 - MUNICIPIO DE ERVAL VELHO";"Município";"Pessoa Jurídica";"SC";"ERVAL VELHO";"202643250001";"4325 - COBALCHINI";"497.500,00";
"05/2026";"82.928.680/0001-72 - MUNICIPIO DE PEDRAS GRANDES";"Município";"Pessoa Jurídica";"SC";"PEDRAS GRANDES";"202643390009";"4339 - DANIELA REINEHR";"497.500,00";
"05/2026";"82.930.181/0001-10 - MUNICIPIO DE URUSSANGA";"Município";"Pessoa Jurídica";"SC";"URUSSANGA";"202644480001";"4448 - PEZENTI";"497.500,00";
"05/2026";"82.951.229/0001-76 - ESTADO DE SANTA CATARINA";"Estado ou Distrito Federal";"Pessoa Jurídica";"SC";"FLORIANÓPOLIS";"202642510003";"4251 - IVETE DA SILVEIRA";"497.500,00";
"05/2026";"82.925.025/0001-60 - MUNICIPIO DE NOVA TRENTO";"Município";"Pessoa Jurídica";"SC";"NOVA TRENTO";"202639800001";"3980 - FABIO SCHIOCHET";"497.500,00";
"05/2026";"83.102.608/0001-54 - MUNICIPIO DE ALFREDO WAGNER";"Município";"Pessoa Jurídica";"SC";"ALFREDO WAGNER";"202632350004";"3235 - GEOVANIA DE SA";"497.500,00";
"05/2026";"83.102.798/0001-00 - MUNICIPIO DE INDAIAL";"Município";"Pessoa Jurídica";"SC";"INDAIAL";"202639290001";"3929 - CARLOS CHIODINI";"497.500,00";
"05/2026";"83.102.517/0001-19 - MUNICIPIO DE ITAIOPOLIS";"Município";"Pessoa Jurídica";"SC";"ITAIÓPOLIS";"202639290001";"3929 - CARLOS CHIODINI";"497.500,00";
"05/2026";"82.926.544/0001-43 - MUNICIPIO DE ORLEANS";"Município";"Pessoa Jurídica";"SC";"ORLEANS";"202644010005";"4401 - JULIA ZANATTA";"497.500,00";
"05/2026";"83.102.830/0001-57 - MUNICIPIO DE BARRA VELHA";"Município";"Pessoa Jurídica";"SC";"BARRA VELHA";"202639290001";"3929 - CARLOS CHIODINI";"497.500,00";
"05/2026";"82.562.893/0001-23 - MUNICIPIO DE CANELINHA";"Município";"Pessoa Jurídica";"SC";"CANELINHA";"202639800001";"3980 - FABIO SCHIOCHET";"497.500,00";
"06/2026";"83.102.731/0001-75 - MUNICIPIO DE TROMBUDO CENTRAL";"Município";"Pessoa Jurídica";"SC";"TROMBUDO CENTRAL";"202640620003";"4062 - RICARDO GUIDI";"497.500,00";
"06/2026";"83.102.574/0001-06 - MUNICIPIO DE RIO DO SUL";"Município";"Pessoa Jurídica";"SC";"RIO DO SUL";"202644480001";"4448 - PEZENTI";"497.500,00";
"06/2026";"83.021.865/0001-61 - MUNICIPIO DE QUILOMBO";"Município";"Pessoa Jurídica";"SC";"QUILOMBO";"202643390009";"4339 - DANIELA REINEHR";"497.500,00";
"05/2026";"83.102.491/0001-09 - MUNICIPIO DE SCHROEDER";"Município";"Pessoa Jurídica";"SC";"SCHROEDER";"202644010005";"4401 - JULIA ZANATTA";"497.500,00";
"06/2026";"82.777.236/0001-01 - MUNICIPIO DE PONTE SERRADA";"Município";"Pessoa Jurídica";"SC";"PONTE SERRADA";"202643390009";"4339 - DANIELA REINEHR";"497.500,00";
"06/2026";"80.637.457/0001-40 - MUNICIPIO DE JARDINOPOLIS";"Município";"Pessoa Jurídica";"SC";"JARDINÓPOLIS";"202643250001";"4325 - COBALCHINI";"497.500,00";
"06/2026";"95.782.785/0001-08 - MUNICIPIO DE MORRO GRANDE";"Município";"Pessoa Jurídica";"SC";"MORRO GRANDE";"202644010005";"4401 - JULIA ZANATTA";"497.500,00";
"05/2026";"78.505.591/0001-46 - MUNICIPIO DE UNIAO DO OESTE";"Município";"Pessoa Jurídica";"SC";"UNIÃO DO OESTE";"202643250001";"4325 - COBALCHINI";"497.500,00";
"06/2026";"83.102.475/0001-16 - MUNICIPIO DE GUARAMIRIM";"Município";"Pessoa Jurídica";"SC";"GUARAMIRIM";"202639290001";"3929 - CARLOS CHIODINI";"497.500,00";
"05/2026";"82.548.983/0001-60 - MUNICIPIO DE TURVO";"Município";"Pessoa Jurídica";"SC";"TURVO";"202639290001";"3929 - CARLOS CHIODINI";"497.500,00";
"06/2026";"82.892.308/0001-53 - MUNICIPIO DE BIGUACU";"Município";"Pessoa Jurídica";"SC";"BIGUAÇU";"202639290001";"3929 - CARLOS CHIODINI";"497.500,00";
"06/2026";"82.892.308/0001-53 - MUNICIPIO DE BIGUACU";"Município";"Pessoa Jurídica";"SC";"BIGUAÇU";"202639800001";"3980 - FABIO SCHIOCHET";"497.500,00";
"06/2026";"82.892.308/0001-53 - MUNICIPIO DE BIGUACU";"Município";"Pessoa Jurídica";"SC";"BIGUAÇU";"202643920005";"4392 - ISMAEL";"497.500,00";
"05/2026";"83.102.368/0001-98 - MUNICIPIO DE GUABIRUBA";"Município";"Pessoa Jurídica";"SC";"GUABIRUBA";"202639800001";"3980 - FABIO SCHIOCHET";"497.500,00";
"06/2026";"83.102.368/0001-98 - MUNICIPIO DE GUABIRUBA";"Município";"Pessoa Jurídica";"SC";"GUABIRUBA";"202644010005";"4401 - JULIA ZANATTA";"497.500,00";
"06/2026";"82.911.249/0001-13 - MUNICIPIO DE ARARANGUA";"Município";"Pessoa Jurídica";"SC";"ARARANGUÁ";"202643920005";"4392 - ISMAEL";"497.500,00";
"05/2026";"82.911.249/0001-13 - MUNICIPIO DE ARARANGUA";"Município";"Pessoa Jurídica";"SC";"ARARANGUÁ";"202642090003";"4209 - JORGE GOETTEN";"497.500,00";
"06/2026";"83.102.327/0001-00 - MUNICIPIO DE PENHA";"Município";"Pessoa Jurídica";"SC";"PENHA";"202639290001";"3929 - CARLOS CHIODINI";"497.500,00";
"05/2026";"82.960.758/0001-36 - MUNICIPIO DE JACINTO MACHADO";"Município";"Pessoa Jurídica";"SC";"JACINTO MACHADO";"202640620003";"4062 - RICARDO GUIDI";"497.500,00";
"05/2026";"82.960.758/0001-36 - MUNICIPIO DE JACINTO MACHADO";"Município";"Pessoa Jurídica";"SC";"JACINTO MACHADO";"202632350004";"3235 - GEOVANIA DE SA";"497.500,00";
"05/2026";"82.827.999/0001-01 - MUNICIPIO DE TANGARA";"Município";"Pessoa Jurídica";"SC";"TANGARÁ";"202643390009";"4339 - DANIELA REINEHR";"497.500,00";
"05/2026";"83.021.832/0001-11 - MUNICIPIO DE MODELO";"Município";"Pessoa Jurídica";"SC";"MODELO";"202643250001";"4325 - COBALCHINI";"497.500,00";
"05/2026";"83.026.781/0001-10 - MUNICIPIO DE SAO JOSE DO CEDRO";"Município";"Pessoa Jurídica";"SC";"SÃO JOSÉ DO CEDRO";"202643390009";"4339 - DANIELA REINEHR";"497.500,00";
"06/2026";"83.026.773/0001-74 - MUNICIPIO DE DIONISIO CERQUEIRA";"Município";"Pessoa Jurídica";"SC";"DIONÍSIO CERQUEIRA";"202644480001";"4448 - PEZENTI";"497.500,00";
"07/2024";"01.608.820/0001-23 - MUNICIPIO DE PAINEL";"Município";"Pessoa Jurídica";"SC";"PAINEL";"202422100015";"2210 - ESPERIDIAO AMIN";"500.000,00";
"12/2024";"82.777.251/0001-41 - MUNICIPIO DE TREZE TILIAS";"Município";"Pessoa Jurídica";"SC";"TREZE TÍLIAS";"202439320001";"3932 - CAROLINE DE TONI";"500.000,00";
"12/2024";"83.102.343/0001-94 - MUNICIPIO DE BRUSQUE";"Município";"Pessoa Jurídica";"SC";"BRUSQUE";"202443390001";"4339 - DANIELA REINEHR";"500.000,00";
"07/2022";"01.593.132/0001-37 - MUNICIPIO DE JUPIA";"Município";"Pessoa Jurídica";"SC";"JUPIÁ";"202225690003";"2569 - CELSO MALDANER";"500.000,00";
"07/2024";"82.814.260/0001-65 - MUNICIPIO DE IPIRA";"Município";"Pessoa Jurídica";"SC";"IPIRA";"202422100016";"2210 - ESPERIDIAO AMIN";"500.000,00";
"07/2024";"83.754.044/0001-34 - MUNICIPIO DE CURITIBANOS";"Município";"Pessoa Jurídica";"SC";"CURITIBANOS";"202443250003";"4325 - COBALCHINI";"500.000,00";
"07/2022";"81.531.162/0001-58 - MUNICIPIO DE FORQUILHINHA";"Município";"Pessoa Jurídica";"SC";"FORQUILHINHA";"202239530001";"3953 - DARCI DE MATOS";"500.000,00";
"03/2023";"82.926.536/0001-05 - MUNICIPIO DE SAO LUDGERO";"Município";"Pessoa Jurídica";"SC";"SÃO LUDGERO";"202239490001";"3949 - DANIEL FREITAS";"500.000,00";
"12/2024";"83.102.640/0001-30 - MUNICIPIO DE ITUPORANGA";"Município";"Pessoa Jurídica";"SC";"ITUPORANGA";"202444480002";"4448 - PEZENTI";"500.000,00";
"12/2024";"82.827.148/0001-69 - MUNICIPIO DE PINHEIRO PRETO";"Município";"Pessoa Jurídica";"SC";"PINHEIRO PRETO";"202422100016";"2210 - ESPERIDIAO AMIN";"500.000,00";
"03/2023";"83.102.269/0001-06 - MUNICIPIO DE SAO FRANCISCO DO SUL";"Município";"Pessoa Jurídica";"SC";"SÃO FRANCISCO DO SUL";"202239290005";"3929 - CARLOS CHIODINI";"500.000,00";
"12/2024";"83.039.842/0001-84 - MUNICIPIO DE VIDEIRA";"Município";"Pessoa Jurídica";"SC";"VIDEIRA";"202443390001";"4339 - DANIELA REINEHR";"500.000,00";
"07/2024";"82.939.380/0001-99 - MUNICIPIO DE JOACABA";"Município";"Pessoa Jurídica";"SC";"JOAÇABA";"202443250003";"4325 - COBALCHINI";"500.000,00";
"07/2022";"82.892.373/0001-89 - MUNICIPIO DE GOVERNADOR CELSO RAMOS";"Município";"Pessoa Jurídica";"SC";"GOVERNADOR CELSO RAMOS";"202237860003";"3786 - DARIO BERGER";"500.000,00";
"07/2022";"82.892.373/0001-89 - MUNICIPIO DE GOVERNADOR CELSO RAMOS";"Município";"Pessoa Jurídica";"SC";"GOVERNADOR CELSO RAMOS";"202239530001";"3953 - DARCI DE MATOS";"500.000,00";
"12/2024";"82.821.216/0001-82 - MUNICIPIO DE GUARACIABA";"Município";"Pessoa Jurídica";"SC";"GUARACIABA";"202439800001";"3980 - FABIO SCHIOCHET";"500.000,00";
"07/2022";"83.102.814/0001-64 - MUNICIPIO DE RODEIO";"Município";"Pessoa Jurídica";"SC";"RODEIO";"202237860003";"3786 - DARIO BERGER";"500.000,00";
"07/2024";"17.243.084/0001-97 - MUNICIPIO DE BALNEARIO RINCAO";"Município";"Pessoa Jurídica";"SC";"BALNEÁRIO RINCÃO";"202444010006";"4401 - JULIA ZANATTA";"500.000,00";
"07/2024";"83.102.657/0001-97 - MUNICIPIO DE LAURENTINO";"Município";"Pessoa Jurídica";"SC";"LAURENTINO";"202444480002";"4448 - PEZENTI";"500.000,00";
"08/2023";"82.939.430/0001-38 - MUNICIPIO DE HERVAL D'OESTE";"Município";"Pessoa Jurídica";"SC";"HERVAL D'OESTE";"202339320001";"3932 - CAROLINE DE TONI";"500.000,00";
"07/2024";"82.939.430/0001-38 - MUNICIPIO DE HERVAL D'OESTE";"Município";"Pessoa Jurídica";"SC";"HERVAL D'OESTE";"202422100016";"2210 - ESPERIDIAO AMIN";"500.000,00";
"07/2022";"83.102.392/0001-27 - MUNICIPIO DE MAJOR VIEIRA";"Município";"Pessoa Jurídica";"SC";"MAJOR VIEIRA";"202239290005";"3929 - CARLOS CHIODINI";"500.000,00";
"12/2024";"82.913.211/0001-80 - MUNICIPIO DE PRAIA GRANDE";"Município";"Pessoa Jurídica";"SC";"PRAIA GRANDE";"202439800001";"3980 - FABIO SCHIOCHET";"500.000,00";
"03/2023";"82.913.211/0001-80 - MUNICIPIO DE PRAIA GRANDE";"Município";"Pessoa Jurídica";"SC";"PRAIA GRANDE";"202232350003";"3235 - GEOVANIA DE SA";"500.000,00";
"07/2022";"82.821.174/0001-80 - MUNICIPIO DE SAO MIGUEL D'OESTE";"Município";"Pessoa Jurídica";"SC";"SÃO MIGUEL DO OESTE";"202240620006";"4062 - RICARDO GUIDI";"500.000,00";
"12/2024";"82.821.174/0001-80 - MUNICIPIO DE SAO MIGUEL D'OESTE";"Município";"Pessoa Jurídica";"SC";"SÃO MIGUEL DO OESTE";"202442090002";"4209 - JORGE GOETTEN";"500.000,00";
"12/2024";"82.821.174/0001-80 - MUNICIPIO DE SAO MIGUEL D'OESTE";"Município";"Pessoa Jurídica";"SC";"SÃO MIGUEL DO OESTE";"202428550022";"2855 - PEDRO UCZAI";"500.000,00";
"08/2023";"83.102.632/0001-93 - MUNICIPIO DE IMBUIA";"Município";"Pessoa Jurídica";"SC";"IMBUIA";"202328560010";"2856 - ROGERIO PENINHA MENDONCA";"500.000,00";
"10/2023";"82.925.652/0001-00 - MUNICIPIO DE SAO JOAO BATISTA";"Município";"Pessoa Jurídica";"SC";"SÃO JOÃO BATISTA";"202339290002";"3929 - CARLOS CHIODINI";"500.000,00";
"07/2024";"83.009.860/0001-13 - MUNICIPIO DE XANXERE";"Município";"Pessoa Jurídica";"SC";"XANXERÊ";"202443920007";"4392 - ISMAEL";"500.000,00";
"07/2024";"83.102.335/0001-48 - MUNICIPIO DE BALNEARIO DE PICARRAS";"Município";"Pessoa Jurídica";"SC";"BALNEÁRIO PIÇARRAS";"202444480002";"4448 - PEZENTI";"500.000,00";
"07/2024";"83.102.715/0001-82 - MUNICIPIO DE RIO DO OESTE";"Município";"Pessoa Jurídica";"SC";"RIO DO OESTE";"202444480002";"4448 - PEZENTI";"500.000,00";
"12/2023";"83.102.715/0001-82 - MUNICIPIO DE RIO DO OESTE";"Município";"Pessoa Jurídica";"SC";"RIO DO OESTE";"202339290002";"3929 - CARLOS CHIODINI";"500.000,00";
"03/2023";"83.102.715/0001-82 - MUNICIPIO DE RIO DO OESTE";"Município";"Pessoa Jurídica";"SC";"RIO DO OESTE";"202239290005";"3929 - CARLOS CHIODINI";"500.000,00";
"07/2024";"79.373.775/0001-62 - MUNICIPIO DE DOUTOR PEDRINHO";"Município";"Pessoa Jurídica";"SC";"DOUTOR PEDRINHO";"202422100016";"2210 - ESPERIDIAO AMIN";"500.000,00";
"07/2024";"83.102.384/0001-80 - MUNICIPIO DE CANOINHAS";"Município";"Pessoa Jurídica";"SC";"CANOINHAS";"202442090002";"4209 - JORGE GOETTEN";"500.000,00";
"03/2023";"83.102.384/0001-80 - MUNICIPIO DE CANOINHAS";"Município";"Pessoa Jurídica";"SC";"CANOINHAS";"202239800001";"3980 - FABIO SCHIOCHET";"500.000,00";
"10/2023";"82.916.826/0001-60 - MUNICIPIO DE NOVA VENEZA";"Município";"Pessoa Jurídica";"SC";"NOVA VENEZA";"202332350003";"3235 - GEOVANIA DE SA";"500.000,00";
"07/2024";"82.572.207/0001-03 - MUNICIPIO DE ITAPEMA";"Município";"Pessoa Jurídica";"SC";"ITAPEMA";"202444480002";"4448 - PEZENTI";"500.000,00";
"08/2023";"83.009.886/0001-61 - MUNICIPIO DE ABELARDO LUZ";"Município";"Pessoa Jurídica";"SC";"ABELARDO LUZ";"202339320001";"3932 - CAROLINE DE TONI";"500.000,00";
"03/2023";"83.009.886/0001-61 - MUNICIPIO DE ABELARDO LUZ";"Município";"Pessoa Jurídica";"SC";"ABELARDO LUZ";"202239290005";"3929 - CARLOS CHIODINI";"500.000,00";
"07/2024";"83.102.350/0001-96 - MUNICIPIO DE BOTUVERA";"Município";"Pessoa Jurídica";"SC";"BOTUVERÁ";"202444480002";"4448 - PEZENTI";"500.000,00";
"12/2023";"82.926.551/0001-45 - MUNICIPIO DE BRACO DO NORTE";"Município";"Pessoa Jurídica";"SC";"BRAÇO DO NORTE";"202340620003";"4062 - RICARDO GUIDI";"500.000,00";
"07/2024";"82.926.551/0001-45 - MUNICIPIO DE BRACO DO NORTE";"Município";"Pessoa Jurídica";"SC";"BRAÇO DO NORTE";"202440620002";"4062 - RICARDO GUIDI";"500.000,00";
"08/2023";"83.169.623/0001-10 - MUNICIPIO DE JOINVILLE";"Município";"Pessoa Jurídica";"SC";"JOINVILLE";"202318800004";"1880 - ANGELA AMIN";"500.000,00";
"03/2023";"82.837.741/0001-96 - MUNICIPIO DE MELEIRO";"Município";"Pessoa Jurídica";"SC";"MELEIRO";"202239490001";"3949 - DANIEL FREITAS";"500.000,00";
"12/2024";"82.837.741/0001-96 - MUNICIPIO DE MELEIRO";"Município";"Pessoa Jurídica";"SC";"MELEIRO";"202440620002";"4062 - RICARDO GUIDI";"500.000,00";
"07/2022";"78.510.112/0001-80 - MUNICIPIO DE LINDOIA DO SUL";"Município";"Pessoa Jurídica";"SC";"LINDÓIA DO SUL";"202225690003";"2569 - CELSO MALDANER";"500.000,00";
"08/2023";"82.777.228/0001-57 - MUNICIPIO DE OURO";"Município";"Pessoa Jurídica";"SC";"OURO";"202339320001";"3932 - CAROLINE DE TONI";"500.000,00";
"07/2024";"82.777.228/0001-57 - MUNICIPIO DE OURO";"Município";"Pessoa Jurídica";"SC";"OURO";"202439320001";"3932 - CAROLINE DE TONI";"500.000,00";
"07/2024";"95.778.056/0001-88 - MUNICIPIO DE COCAL DO SUL";"Município";"Pessoa Jurídica";"SC";"COCAL DO SUL";"202444010006";"4401 - JULIA ZANATTA";"500.000,00";
"07/2022";"83.102.541/0001-58 - MUNICIPIO DE PORTO UNIAO";"Município";"Pessoa Jurídica";"SC";"PORTO UNIÃO";"202239290005";"3929 - CARLOS CHIODINI";"500.000,00";
"12/2023";"83.102.681/0001-26 - MUNICIPIO DE POUSO REDONDO";"Município";"Pessoa Jurídica";"SC";"POUSO REDONDO";"202342510010";"4251 - IVETE DA SILVEIRA";"500.000,00";
"12/2024";"83.021.873/0001-08 - MUNICIPIO DE SAO LOURENCO D'OESTE";"Município";"Pessoa Jurídica";"SC";"SÃO LOURENÇO DO OESTE";"202422100016";"2210 - ESPERIDIAO AMIN";"500.000,00";
"07/2024";"83.102.749/0001-77 - MUNICIPIO DE CAMPO ALEGRE";"Município";"Pessoa Jurídica";"SC";"CAMPO ALEGRE";"202439290001";"3929 - CARLOS CHIODINI";"500.000,00";
"07/2024";"82.827.353/0001-24 - MUNICIPIO DE SALTO VELOSO";"Município";"Pessoa Jurídica";"SC";"SALTO VELOSO";"202443390001";"4339 - DANIELA REINEHR";"500.000,00";
"07/2022";"81.140.303/0001-01 - MUNICIPIO DE ITAPOA";"Município";"Pessoa Jurídica";"SC";"ITAPOÁ";"202239290005";"3929 - CARLOS CHIODINI";"500.000,00";
"03/2023";"82.928.672/0001-26 - MUNICIPIO DE TREZE DE MAIO";"Município";"Pessoa Jurídica";"SC";"TREZE DE MAIO";"202240620006";"4062 - RICARDO GUIDI";"500.000,00";
"12/2023";"82.928.672/0001-26 - MUNICIPIO DE TREZE DE MAIO";"Município";"Pessoa Jurídica";"SC";"TREZE DE MAIO";"202340620003";"4062 - RICARDO GUIDI";"500.000,00";
"08/2023";"83.102.624/0001-47 - MUNICIPIO DE AURORA";"Município";"Pessoa Jurídica";"SC";"AURORA";"202328560012";"2856 - ROGERIO PENINHA MENDONCA";"500.000,00";
"07/2024";"83.102.624/0001-47 - MUNICIPIO DE AURORA";"Município";"Pessoa Jurídica";"SC";"AURORA";"202444480002";"4448 - PEZENTI";"500.000,00";
"12/2024";"82.843.582/0001-32 - MUNICIPIO DE URUBICI";"Município";"Pessoa Jurídica";"SC";"URUBICI";"202422100016";"2210 - ESPERIDIAO AMIN";"500.000,00";
"07/2024";"82.928.698/0001-74 - MUNICIPIO DE JAGUARUNA";"Município";"Pessoa Jurídica";"SC";"JAGUARUNA";"202440620002";"4062 - RICARDO GUIDI";"500.000,00";
"12/2024";"82.928.698/0001-74 - MUNICIPIO DE JAGUARUNA";"Município";"Pessoa Jurídica";"SC";"JAGUARUNA";"202443920007";"4392 - ISMAEL";"500.000,00";
"08/2023";"82.951.195/0001-10 - MUNICIPIO DE ANGELINA";"Município";"Pessoa Jurídica";"SC";"ANGELINA";"202328550022";"2855 - PEDRO UCZAI";"500.000,00";
"03/2023";"82.577.636/0001-65 - MUNICIPIO DE TIJUCAS";"Município";"Pessoa Jurídica";"SC";"TIJUCAS";"202240150005";"4015 - HELIO COSTA";"500.000,00";
"12/2024";"83.102.293/0001-45 - MUNICIPIO DE CAMBORIU";"Município";"Pessoa Jurídica";"SC";"CAMBORIÚ";"202444480002";"4448 - PEZENTI";"500.000,00";
"12/2024";"83.102.293/0001-45 - MUNICIPIO DE CAMBORIU";"Município";"Pessoa Jurídica";"SC";"CAMBORIÚ";"202439290001";"3929 - CARLOS CHIODINI";"500.000,00";
"08/2023";"83.102.293/0001-45 - MUNICIPIO DE CAMBORIU";"Município";"Pessoa Jurídica";"SC";"CAMBORIÚ";"202339290002";"3929 - CARLOS CHIODINI";"500.000,00";
"07/2024";"82.575.812/0001-20 - MUNICIPIO DE PORTO BELO";"Município";"Pessoa Jurídica";"SC";"PORTO BELO";"202444480002";"4448 - PEZENTI";"500.000,00";
"09/2023";"82.575.812/0001-20 - MUNICIPIO DE PORTO BELO";"Município";"Pessoa Jurídica";"SC";"PORTO BELO";"202328560008";"2856 - ROGERIO PENINHA MENDONCA";"500.000,00";
"07/2024";"82.939.398/0001-90 - MUNICIPIO DE AGUA DOCE";"Município";"Pessoa Jurídica";"SC";"ÁGUA DOCE";"202439320001";"3932 - CAROLINE DE TONI";"500.000,00";
"08/2023";"82.939.398/0001-90 - MUNICIPIO DE AGUA DOCE";"Município";"Pessoa Jurídica";"SC";"ÁGUA DOCE";"202339320001";"3932 - CAROLINE DE TONI";"500.000,00";
"07/2024";"82.939.406/0001-07 - MUNICIPIO DE CAPINZAL";"Município";"Pessoa Jurídica";"SC";"CAPINZAL";"202439320001";"3932 - CAROLINE DE TONI";"500.000,00";
"08/2023";"83.102.616/0001-09 - MUNICIPIO DE ATALANTA";"Município";"Pessoa Jurídica";"SC";"ATALANTA";"202328560001";"2856 - ROGERIO PENINHA MENDONCA";"500.000,00";
"07/2024";"83.102.616/0001-09 - MUNICIPIO DE ATALANTA";"Município";"Pessoa Jurídica";"SC";"ATALANTA";"202444480002";"4448 - PEZENTI";"500.000,00";
"12/2023";"79.372.520/0001-85 - MUNICIPIO DE VITOR MEIRELES";"Município";"Pessoa Jurídica";"SC";"VITOR MEIRELES";"202318800004";"1880 - ANGELA AMIN";"500.000,00";
"03/2023";"82.928.680/0001-72 - MUNICIPIO DE PEDRAS GRANDES";"Município";"Pessoa Jurídica";"SC";"PEDRAS GRANDES";"202232350003";"3235 - GEOVANIA DE SA";"500.000,00";
"07/2022";"82.928.664/0001-80 - MUNICIPIO DE ARMAZEM";"Município";"Pessoa Jurídica";"SC";"ARMAZÉM";"202240620006";"4062 - RICARDO GUIDI";"500.000,00";
"12/2023";"82.930.181/0001-10 - MUNICIPIO DE URUSSANGA";"Município";"Pessoa Jurídica";"SC";"URUSSANGA";"202318800004";"1880 - ANGELA AMIN";"500.000,00";
"12/2023";"82.930.181/0001-10 - MUNICIPIO DE URUSSANGA";"Município";"Pessoa Jurídica";"SC";"URUSSANGA";"202322100001";"2210 - ESPERIDIAO AMIN";"500.000,00";
"08/2023";"82.951.229/0001-76 - ESTADO DE SANTA CATARINA";"Estado ou Distrito Federal";"Pessoa Jurídica";"SC";"FLORIANÓPOLIS";"202322100001";"2210 - ESPERIDIAO AMIN";"500.000,00";
"03/2023";"82.561.093/0001-98 - MUNICIPIO DE SAO JOAQUIM";"Município";"Pessoa Jurídica";"SC";"SÃO JOAQUIM";"202232350003";"3235 - GEOVANIA DE SA";"500.000,00";
"03/2023";"82.561.093/0001-98 - MUNICIPIO DE SAO JOAQUIM";"Município";"Pessoa Jurídica";"SC";"SÃO JOAQUIM";"202239490001";"3949 - DANIEL FREITAS";"500.000,00";
"12/2023";"82.561.093/0001-98 - MUNICIPIO DE SAO JOAQUIM";"Município";"Pessoa Jurídica";"SC";"SÃO JOAQUIM";"202332350003";"3235 - GEOVANIA DE SA";"500.000,00";
"12/2024";"83.102.806/0001-18 - MUNICIPIO DE RIO DOS CEDROS";"Município";"Pessoa Jurídica";"SC";"RIO DOS CEDROS";"202439290001";"3929 - CARLOS CHIODINI";"500.000,00";
"07/2022";"95.993.085/0001-62 - MUNICIPIO DE PASSOS MAIA";"Município";"Pessoa Jurídica";"SC";"PASSOS MAIA";"202225690003";"2569 - CELSO MALDANER";"500.000,00";
"12/2024";"82.940.776/0001-56 - MUNICIPIO DE CAIBI";"Município";"Pessoa Jurídica";"SC";"CAIBI";"202422100016";"2210 - ESPERIDIAO AMIN";"500.000,00";
"07/2024";"83.102.608/0001-54 - MUNICIPIO DE ALFREDO WAGNER";"Município";"Pessoa Jurídica";"SC";"ALFREDO WAGNER";"202440620002";"4062 - RICARDO GUIDI";"500.000,00";
"12/2023";"82.777.343/0001-21 - MUNICIPIO DE BOM RETIRO";"Município";"Pessoa Jurídica";"SC";"BOM RETIRO";"202329250001";"2925 - CARMEN ZANOTTO";"500.000,00";
"12/2023";"83.102.574/0001-06 - MUNICIPIO DE RIO DO SUL";"Município";"Pessoa Jurídica";"SC";"RIO DO SUL";"202328560015";"2856 - ROGERIO PENINHA MENDONCA";"500.000,00";
"12/2024";"83.102.574/0001-06 - MUNICIPIO DE RIO DO SUL";"Município";"Pessoa Jurídica";"SC";"RIO DO SUL";"202439290001";"3929 - CARLOS CHIODINI";"500.000,00";
"07/2024";"83.102.574/0001-06 - MUNICIPIO DE RIO DO SUL";"Município";"Pessoa Jurídica";"SC";"RIO DO SUL";"202443920007";"4392 - ISMAEL";"500.000,00";
"12/2024";"83.102.574/0001-06 - MUNICIPIO DE RIO DO SUL";"Município";"Pessoa Jurídica";"SC";"RIO DO SUL";"202444480002";"4448 - PEZENTI";"500.000,00";
"10/2023";"83.000.323/0001-02 - MUNICIPIO DE MORRO DA FUMACA";"Município";"Pessoa Jurídica";"SC";"MORRO DA FUMAÇA";"202339490001";"3949 - DANIEL FREITAS";"500.000,00";
"08/2023";"82.939.455/0001-31 - MUNICIPIO DE IRANI";"Município";"Pessoa Jurídica";"SC";"IRANI";"202318800004";"1880 - ANGELA AMIN";"500.000,00";
"07/2022";"82.777.236/0001-01 - MUNICIPIO DE PONTE SERRADA";"Município";"Pessoa Jurídica";"SC";"PONTE SERRADA";"202225690003";"2569 - CELSO MALDANER";"500.000,00";
"12/2024";"82.845.744/0001-71 - MUNICIPIO DE MAJOR GERCINO";"Município";"Pessoa Jurídica";"SC";"MAJOR GERCINO";"202439800001";"3980 - FABIO SCHIOCHET";"500.000,00";
"07/2024";"83.108.357/0001-15 - MUNICIPIO DE BLUMENAU";"Município";"Pessoa Jurídica";"SC";"BLUMENAU";"202422100016";"2210 - ESPERIDIAO AMIN";"500.000,00";
"08/2023";"83.102.418/0001-37 - MUNICIPIO DE IBIRAMA";"Município";"Pessoa Jurídica";"SC";"IBIRAMA";"202339320001";"3932 - CAROLINE DE TONI";"500.000,00";
"12/2024";"83.102.434/0001-20 - MUNICIPIO DE PRESIDENTE GETULIO";"Município";"Pessoa Jurídica";"SC";"PRESIDENTE GETÚLIO";"202443920007";"4392 - ISMAEL";"500.000,00";
"07/2024";"83.102.434/0001-20 - MUNICIPIO DE PRESIDENTE GETULIO";"Município";"Pessoa Jurídica";"SC";"PRESIDENTE GETÚLIO";"202444480002";"4448 - PEZENTI";"500.000,00";
"07/2024";"82.836.057/0001-90 - MUNICIPIO DE GAROPABA";"Município";"Pessoa Jurídica";"SC";"GAROPABA";"202422100016";"2210 - ESPERIDIAO AMIN";"500.000,00";
"10/2023";"95.782.793/0001-54 - MUNICIPIO DE PASSO DE TORRES";"Município";"Pessoa Jurídica";"SC";"PASSO DE TORRES";"202332350003";"3235 - GEOVANIA DE SA";"500.000,00";
"10/2023";"83.102.558/0001-05 - MUNICIPIO DE IRINEOPOLIS";"Município";"Pessoa Jurídica";"SC";"IRINEÓPOLIS";"202332350003";"3235 - GEOVANIA DE SA";"500.000,00";
"03/2023";"95.990.180/0001-02 - MUNICIPIO DE AGUAS FRIAS";"Município";"Pessoa Jurídica";"SC";"ÁGUAS FRIAS";"202225690003";"2569 - CELSO MALDANER";"500.000,00";
"07/2024";"82.911.249/0001-13 - MUNICIPIO DE ARARANGUA";"Município";"Pessoa Jurídica";"SC";"ARARANGUÁ";"202440620002";"4062 - RICARDO GUIDI";"500.000,00";
"12/2024";"95.951.323/0001-77 - MUNICIPIO DE SANTA TEREZINHA";"Município";"Pessoa Jurídica";"SC";"SANTA TEREZINHA";"202444480002";"4448 - PEZENTI";"500.000,00";
"12/2023";"95.951.323/0001-77 - MUNICIPIO DE SANTA TEREZINHA";"Município";"Pessoa Jurídica";"SC";"SANTA TEREZINHA";"202328560004";"2856 - ROGERIO PENINHA MENDONCA";"500.000,00";
"03/2023";"82.777.301/0001-90 - MUNICIPIO DE LAGES";"Município";"Pessoa Jurídica";"SC";"LAGES";"202239530001";"3953 - DARCI DE MATOS";"500.000,00";
"12/2023";"82.777.301/0001-90 - MUNICIPIO DE LAGES";"Município";"Pessoa Jurídica";"SC";"LAGES";"202340150002";"4015 - HELIO COSTA";"500.000,00";
"12/2024";"83.021.832/0001-11 - MUNICIPIO DE MODELO";"Município";"Pessoa Jurídica";"SC";"MODELO";"202439800001";"3980 - FABIO SCHIOCHET";"500.000,00";
"03/2023";"83.021.832/0001-11 - MUNICIPIO DE MODELO";"Município";"Pessoa Jurídica";"SC";"MODELO";"202239320002";"3932 - CAROLINE DE TONI";"500.000,00";
"12/2023";"82.926.585/0001-30 - MUNICIPIO DE RIO FORTUNA";"Município";"Pessoa Jurídica";"SC";"RIO FORTUNA";"202340620003";"4062 - RICARDO GUIDI";"500.000,00";
"07/2024";"82.926.585/0001-30 - MUNICIPIO DE RIO FORTUNA";"Município";"Pessoa Jurídica";"SC";"RIO FORTUNA";"202444010006";"4401 - JULIA ZANATTA";"500.000,00";
"12/2024";"83.026.773/0001-74 - MUNICIPIO DE DIONISIO CERQUEIRA";"Município";"Pessoa Jurídica";"SC";"DIONÍSIO CERQUEIRA";"202428550022";"2855 - PEDRO UCZAI";"500.000,00";
"08/2023";"83.026.773/0001-74 - MUNICIPIO DE DIONISIO CERQUEIRA";"Município";"Pessoa Jurídica";"SC";"DIONÍSIO CERQUEIRA";"202339320001";"3932 - CAROLINE DE TONI";"500.000,00";
"12/2023";"83.026.773/0001-74 - MUNICIPIO DE DIONISIO CERQUEIRA";"Município";"Pessoa Jurídica";"SC";"DIONÍSIO CERQUEIRA";"202342510010";"4251 - IVETE DA SILVEIRA";"500.000,00";
"12/2023";"16.780.795/0001-38 - MUNICIPIO DE PESCARIA BRAVA";"Município";"Pessoa Jurídica";"SC";"PESCARIA BRAVA";"202340620003";"4062 - RICARDO GUIDI";"500.000,00";
"03/2023";"16.780.795/0001-38 - MUNICIPIO DE PESCARIA BRAVA";"Município";"Pessoa Jurídica";"SC";"PESCARIA BRAVA";"202239800001";"3980 - FABIO SCHIOCHET";"500.000,00";
"12/2024";"82.892.274/0001-05 - MUNICIPIO DE SAO JOSE";"Município";"Pessoa Jurídica";"SC";"SÃO JOSÉ";"202443920004";"4392 - ISMAEL";"500.000,00";
"12/2024";"80.911.936/0001-03 - MUNICIPIO DE SAO JOAO DO OESTE";"Município";"Pessoa Jurídica";"SC";"SÃO JOÃO DO OESTE";"202443390001";"4339 - DANIELA REINEHR";"500.000,00";
"12/2023";"80.911.936/0001-03 - MUNICIPIO DE SAO JOAO DO OESTE";"Município";"Pessoa Jurídica";"SC";"SÃO JOÃO DO OESTE";"202342510010";"4251 - IVETE DA SILVEIRA";"500.000,00";
"12/2024";"82.915.232/0001-34 - MUNICIPIO DE TIMBE DO SUL";"Município";"Pessoa Jurídica";"SC";"TIMBÉ DO SUL";"202439290001";"3929 - CARLOS CHIODINI";"500.000,00";
"10/2023";"82.915.026/0001-24 - MUNICIPIO DE MARACAJA";"Município";"Pessoa Jurídica";"SC";"MARACAJÁ";"202340620003";"4062 - RICARDO GUIDI";"500.000,00";
"07/2024";"95.954.442/0001-83 - MUNICIPIO DE SAO JOAO DO ITAPERIU";"Município";"Pessoa Jurídica";"SC";"SÃO JOÃO DO ITAPERIÚ";"202439290001";"3929 - CARLOS CHIODINI";"500.792,00";
"07/2024";"82.844.754/0001-92 - MUNICIPIO DE BOM JARDIM DA SERRA";"Município";"Pessoa Jurídica";"SC";"BOM JARDIM DA SERRA";"202444010006";"4401 - JULIA ZANATTA";"502.000,00";
"10/2023";"83.102.467/0001-70 - MUNICIPIO DE CORUPA";"Município";"Pessoa Jurídica";"SC";"CORUPÁ";"202339440010";"3944 - CORONEL ARMANDO";"529.493,00";
"12/2024";"85.361.863/0001-47 - MUNICIPIO DE PALMITOS";"Município";"Pessoa Jurídica";"SC";"PALMITOS";"202443250003";"4325 - COBALCHINI";"534.475,68";
"07/2024";"82.892.282/0001-43 - MUNICIPIO DE FLORIANOPOLIS";"Município";"Pessoa Jurídica";"SC";"FLORIANÓPOLIS";"202439490003";"3949 - DANIEL FREITAS";"537.585,00";
"05/2026";"83.102.244/0001-02 - MUNICIPIO DE GASPAR";"Município";"Pessoa Jurídica";"SC";"GASPAR";"202639290001";"3929 - CARLOS CHIODINI";"547.250,00";
"07/2022";"81.531.162/0001-58 - MUNICIPIO DE FORQUILHINHA";"Município";"Pessoa Jurídica";"SC";"FORQUILHINHA";"202240150005";"4015 - HELIO COSTA";"550.000,00";
"07/2024";"83.102.673/0001-80 - MUNICIPIO DE PETROLANDIA";"Município";"Pessoa Jurídica";"SC";"PETROLÂNDIA";"202490550002";"9055 - GILSON MARQUES";"550.000,00";
"12/2024";"83.102.715/0001-82 - MUNICIPIO DE RIO DO OESTE";"Município";"Pessoa Jurídica";"SC";"RIO DO OESTE";"202439290001";"3929 - CARLOS CHIODINI";"550.000,00";
"07/2024";"83.169.623/0001-10 - MUNICIPIO DE JOINVILLE";"Município";"Pessoa Jurídica";"SC";"JOINVILLE";"202490550002";"9055 - GILSON MARQUES";"550.000,00";
"07/2024";"75.326.066/0001-75 - MUNICIPIO DE OTACILIO COSTA";"Município";"Pessoa Jurídica";"SC";"OTACÍLIO COSTA";"202429250006";"2925 - CARMEN ZANOTTO";"550.000,00";
"07/2024";"82.916.818/0001-13 - MUNICIPIO DE CRICIUMA";"Município";"Pessoa Jurídica";"SC";"CRICIÚMA";"202422100016";"2210 - ESPERIDIAO AMIN";"550.000,00";
"09/2023";"01.613.101/0001-09 - MUNICIPIO DE SAO PEDRO DE ALCANTARA";"Município";"Pessoa Jurídica";"SC";"SÃO PEDRO DE ALCÂNTARA";"202318800004";"1880 - ANGELA AMIN";"550.000,00";
"06/2026";"82.892.308/0001-53 - MUNICIPIO DE BIGUACU";"Município";"Pessoa Jurídica";"SC";"BIGUAÇU";"202644930018";"4493 - ZE TROVAO";"550.239,32";
"06/2026";"80.911.936/0001-03 - MUNICIPIO DE SAO JOAO DO OESTE";"Município";"Pessoa Jurídica";"SC";"SÃO JOÃO DO OESTE";"202644010005";"4401 - JULIA ZANATTA";"553.220,00";
"10/2025";"83.108.357/0001-15 - MUNICIPIO DE BLUMENAU";"Município";"Pessoa Jurídica";"SC";"BLUMENAU";"202543920009";"4392 - ISMAEL";"554.400,00";
"12/2023";"82.892.324/0001-46 - MUNICIPIO DE SANTO AMARO DA IMPERATRIZ";"Município";"Pessoa Jurídica";"SC";"SANTO AMARO DA IMPERATRIZ";"202318800004";"1880 - ANGELA AMIN";"564.033,00";
"05/2026";"83.102.624/0001-47 - MUNICIPIO DE AURORA";"Município";"Pessoa Jurídica";"SC";"AURORA";"202642090003";"4209 - JORGE GOETTEN";"567.150,00";
"07/2024";"82.558.909/0001-24 - MUNICIPIO DE LAURO MULLER";"Município";"Pessoa Jurídica";"SC";"LAURO MULLER";"202440620002";"4062 - RICARDO GUIDI";"568.874,30";
"08/2023";"83.021.824/0001-75 - MUNICIPIO DE CORONEL FREITAS";"Município";"Pessoa Jurídica";"SC";"CORONEL FREITAS";"202322100001";"2210 - ESPERIDIAO AMIN";"579.371,00";
"08/2023";"83.000.323/0001-02 - MUNICIPIO DE MORRO DA FUMACA";"Município";"Pessoa Jurídica";"SC";"MORRO DA FUMAÇA";"202318800004";"1880 - ANGELA AMIN";"579.515,00";
"12/2023";"95.954.509/0001-80 - MUNICIPIO DE BALNEARIO BARRA DO SUL";"Município";"Pessoa Jurídica";"SC";"BALNEÁRIO BARRA DO SUL";"202341290004";"4129 - RODRIGO COELHO";"591.586,25";
"09/2025";"85.361.863/0001-47 - MUNICIPIO DE PALMITOS";"Município";"Pessoa Jurídica";"SC";"PALMITOS";"202543920009";"4392 - ISMAEL";"594.000,00";
"09/2025";"83.102.533/0001-01 - MUNICIPIO DE PAPANDUVA";"Município";"Pessoa Jurídica";"SC";"PAPANDUVA";"202544010010";"4401 - JULIA ZANATTA";"594.000,00";
"09/2025";"82.916.800/0001-11 - MUNICIPIO DE ICARA";"Município";"Pessoa Jurídica";"SC";"IÇARA";"202539800001";"3980 - FABIO SCHIOCHET";"594.000,00";
"12/2025";"83.102.673/0001-80 - MUNICIPIO DE PETROLANDIA";"Município";"Pessoa Jurídica";"SC";"PETROLÂNDIA";"202544480001";"4448 - PEZENTI";"594.000,00";
"09/2025";"83.102.673/0001-80 - MUNICIPIO DE PETROLANDIA";"Município";"Pessoa Jurídica";"SC";"PETROLÂNDIA";"202540620003";"4062 - RICARDO GUIDI";"594.000,00";
"09/2025";"83.102.525/0001-65 - MUNICIPIO DE MONTE CASTELO";"Município";"Pessoa Jurídica";"SC";"MONTE CASTELO";"202539290001";"3929 - CARLOS CHIODINI";"594.000,00";
"10/2025";"83.102.624/0001-47 - MUNICIPIO DE AURORA";"Município";"Pessoa Jurídica";"SC";"AURORA";"202542090003";"4209 - JORGE GOETTEN";"594.000,00";
"12/2025";"95.991.097/0001-58 - MUNICIPIO DE CERRO NEGRO";"Município";"Pessoa Jurídica";"SC";"CERRO NEGRO";"202540620003";"4062 - RICARDO GUIDI";"594.000,00";
"10/2025";"95.995.130/0001-18 - MUNICIPIO DE VARGEM";"Município";"Pessoa Jurídica";"SC";"VARGEM";"202543250005";"4325 - COBALCHINI";"594.000,00";
"09/2025";"82.939.414/0001-45 - MUNICIPIO DE CATANDUVAS";"Município";"Pessoa Jurídica";"SC";"CATANDUVAS";"202542090003";"4209 - JORGE GOETTEN";"594.000,00";
"10/2025";"83.102.798/0001-00 - MUNICIPIO DE INDAIAL";"Município";"Pessoa Jurídica";"SC";"INDAIAL";"202543920009";"4392 - ISMAEL";"594.000,00";
"12/2025";"83.102.251/0001-04 - MUNICIPIO DE POMERODE";"Município";"Pessoa Jurídica";"SC";"POMERODE";"202590550002";"9055 - GILSON MARQUES";"594.000,00";
"10/2025";"83.021.808/0001-82 - MUNICIPIO DE CHAPECO";"Município";"Pessoa Jurídica";"SC";"CHAPECÓ";"202539320001";"3932 - CAROLINE DE TONI";"594.000,00";
"09/2025";"82.844.754/0001-92 - MUNICIPIO DE BOM JARDIM DA SERRA";"Município";"Pessoa Jurídica";"SC";"BOM JARDIM DA SERRA";"202542090003";"4209 - JORGE GOETTEN";"594.000,00";
"09/2025";"01.605.479/0001-52 - MUNICIPIO DE BALNEARIO ARROIO DO SILVA";"Município";"Pessoa Jurídica";"SC";"BALNEÁRIO ARROIO DO SILVA";"202542090003";"4209 - JORGE GOETTEN";"594.000,00";
"12/2025";"82.777.301/0001-90 - MUNICIPIO DE LAGES";"Município";"Pessoa Jurídica";"SC";"LAGES";"202543920009";"4392 - ISMAEL";"594.000,00";
"06/2026";"01.511.659/0001-75 - MUNICIPIO DE BALNEARIO GAIVOTA";"Município";"Pessoa Jurídica";"SC";"BALNEÁRIO GAIVOTA";"202632350004";"3235 - GEOVANIA DE SA";"597.000,00";
"05/2026";"83.024.257/0001-00 - MUNICIPIO DE CONCORDIA";"Município";"Pessoa Jurídica";"SC";"CONCÓRDIA";"202639320001";"3932 - CAROLINE DE TONI";"597.000,00";
"06/2026";"01.614.019/0001-90 - MUNICIPIO DE TREVISO";"Município";"Pessoa Jurídica";"SC";"TREVISO";"202644010005";"4401 - JULIA ZANATTA";"597.000,00";
"05/2026";"17.243.084/0001-97 - MUNICIPIO DE BALNEARIO RINCAO";"Município";"Pessoa Jurídica";"SC";"BALNEÁRIO RINCÃO";"202640620003";"4062 - RICARDO GUIDI";"597.000,00";
"05/2026";"95.952.230/0001-67 - MUNICIPIO DE BRACO DO TROMBUDO";"Município";"Pessoa Jurídica";"SC";"BRAÇO DO TROMBUDO";"202644010005";"4401 - JULIA ZANATTA";"597.000,00";
"05/2026";"83.102.491/0001-09 - MUNICIPIO DE SCHROEDER";"Município";"Pessoa Jurídica";"SC";"SCHROEDER";"202639290001";"3929 - CARLOS CHIODINI";"597.000,00";
"05/2026";"83.108.357/0001-15 - MUNICIPIO DE BLUMENAU";"Município";"Pessoa Jurídica";"SC";"BLUMENAU";"202644010005";"4401 - JULIA ZANATTA";"597.000,00";
"05/2026";"83.102.475/0001-16 - MUNICIPIO DE GUARAMIRIM";"Município";"Pessoa Jurídica";"SC";"GUARAMIRIM";"202644010005";"4401 - JULIA ZANATTA";"597.000,00";
"06/2026";"82.892.316/0001-08 - MUNICIPIO DE PALHOCA";"Município";"Pessoa Jurídica";"SC";"PALHOÇA";"202644010005";"4401 - JULIA ZANATTA";"597.000,00";
"12/2023";"82.777.251/0001-41 - MUNICIPIO DE TREZE TILIAS";"Município";"Pessoa Jurídica";"SC";"TREZE TÍLIAS";"202342510010";"4251 - IVETE DA SILVEIRA";"600.000,00";
"09/2023";"83.102.640/0001-30 - MUNICIPIO DE ITUPORANGA";"Município";"Pessoa Jurídica";"SC";"ITUPORANGA";"202322100001";"2210 - ESPERIDIAO AMIN";"600.000,00";
"03/2023";"83.009.860/0001-13 - MUNICIPIO DE XANXERE";"Município";"Pessoa Jurídica";"SC";"XANXERÊ";"202239290005";"3929 - CARLOS CHIODINI";"600.000,00";
"07/2024";"83.102.855/0001-50 - MUNICIPIO DE NAVEGANTES";"Município";"Pessoa Jurídica";"SC";"NAVEGANTES";"202444010006";"4401 - JULIA ZANATTA";"600.000,00";
"12/2023";"82.926.569/0001-47 - MUNICIPIO DE GRAVATAL";"Município";"Pessoa Jurídica";"SC";"GRAVATAL";"202340620003";"4062 - RICARDO GUIDI";"600.000,00";
"12/2023";"83.102.319/0001-55 - MUNICIPIO DE LUIZ ALVES";"Município";"Pessoa Jurídica";"SC";"LUIZ ALVES";"202339290002";"3929 - CARLOS CHIODINI";"600.000,00";
"12/2023";"81.140.303/0001-01 - MUNICIPIO DE ITAPOA";"Município";"Pessoa Jurídica";"SC";"ITAPOÁ";"202339290002";"3929 - CARLOS CHIODINI";"600.000,00";
"09/2023";"82.929.407/0001-62 - MUNICIPIO DE SIDEROPOLIS";"Município";"Pessoa Jurídica";"SC";"SIDERÓPOLIS";"202322100001";"2210 - ESPERIDIAO AMIN";"600.000,00";
"07/2024";"83.102.293/0001-45 - MUNICIPIO DE CAMBORIU";"Município";"Pessoa Jurídica";"SC";"CAMBORIÚ";"202439320001";"3932 - CAROLINE DE TONI";"600.000,00";
"12/2024";"82.892.266/0001-50 - MUNICIPIO DE AGUAS MORNAS";"Município";"Pessoa Jurídica";"SC";"ÁGUAS MORNAS";"202439290001";"3929 - CARLOS CHIODINI";"600.000,00";
"07/2024";"82.821.190/0001-72 - MUNICIPIO DE MARAVILHA";"Município";"Pessoa Jurídica";"SC";"MARAVILHA";"202422100016";"2210 - ESPERIDIAO AMIN";"600.000,00";
"12/2024";"83.102.780/0001-08 - MUNICIPIO DE BENEDITO NOVO";"Município";"Pessoa Jurídica";"SC";"BENEDITO NOVO";"202444480002";"4448 - PEZENTI";"600.000,00";
"07/2024";"80.623.606/0001-12 - MUNICIPIO DE IRACEMINHA";"Município";"Pessoa Jurídica";"SC";"IRACEMINHA";"202443390001";"4339 - DANIELA REINEHR";"600.000,00";
"12/2024";"80.623.606/0001-12 - MUNICIPIO DE IRACEMINHA";"Município";"Pessoa Jurídica";"SC";"IRACEMINHA";"202442090002";"4209 - JORGE GOETTEN";"600.000,00";
"07/2024";"83.102.731/0001-75 - MUNICIPIO DE TROMBUDO CENTRAL";"Município";"Pessoa Jurídica";"SC";"TROMBUDO CENTRAL";"202444480002";"4448 - PEZENTI";"600.000,00";
"08/2023";"83.000.323/0001-02 - MUNICIPIO DE MORRO DA FUMACA";"Município";"Pessoa Jurídica";"SC";"MORRO DA FUMAÇA";"202322100001";"2210 - ESPERIDIAO AMIN";"600.000,00";
"07/2024";"82.939.455/0001-31 - MUNICIPIO DE IRANI";"Município";"Pessoa Jurídica";"SC";"IRANI";"202422100016";"2210 - ESPERIDIAO AMIN";"600.000,00";
"12/2024";"83.021.808/0001-82 - MUNICIPIO DE CHAPECO";"Município";"Pessoa Jurídica";"SC";"CHAPECÓ";"202422100016";"2210 - ESPERIDIAO AMIN";"600.000,00";
"07/2024";"83.108.357/0001-15 - MUNICIPIO DE BLUMENAU";"Município";"Pessoa Jurídica";"SC";"BLUMENAU";"202490550002";"9055 - GILSON MARQUES";"600.000,00";
"07/2024";"83.102.459/0001-23 - MUNICIPIO DE JARAGUA DO SUL";"Município";"Pessoa Jurídica";"SC";"JARAGUÁ DO SUL";"202490550002";"9055 - GILSON MARQUES";"600.000,00";
"12/2023";"82.928.680/0001-72 - MUNICIPIO DE PEDRAS GRANDES";"Município";"Pessoa Jurídica";"SC";"PEDRAS GRANDES";"202332350003";"3235 - GEOVANIA DE SA";"612.924,75";
"08/2023";"82.892.282/0001-43 - MUNICIPIO DE FLORIANOPOLIS";"Município";"Pessoa Jurídica";"SC";"FLORIANÓPOLIS";"202340150002";"4015 - HELIO COSTA";"618.095,00";
"12/2024";"83.169.623/0001-10 - MUNICIPIO DE JOINVILLE";"Município";"Pessoa Jurídica";"SC";"JOINVILLE";"202443920007";"4392 - ISMAEL";"621.585,00";
"07/2024";"78.493.343/0001-22 - MUNICIPIO DE CELSO RAMOS";"Município";"Pessoa Jurídica";"SC";"CELSO RAMOS";"202442090002";"4209 - JORGE GOETTEN";"625.585,00";
"12/2023";"95.952.230/0001-67 - MUNICIPIO DE BRACO DO TROMBUDO";"Município";"Pessoa Jurídica";"SC";"BRAÇO DO TROMBUDO";"202328560016";"2856 - ROGERIO PENINHA MENDONCA";"629.208,00";
"12/2023";"82.836.057/0001-90 - MUNICIPIO DE GAROPABA";"Município";"Pessoa Jurídica";"SC";"GAROPABA";"202339530009";"3953 - DARCI DE MATOS";"629.209,00";
"12/2024";"82.951.229/0001-76 - ESTADO DE SANTA CATARINA";"Estado ou Distrito Federal";"Pessoa Jurídica";"SC";"FLORIANÓPOLIS";"202439320001";"3932 - CAROLINE DE TONI";"640.792,00";
"07/2024";"82.836.057/0001-90 - MUNICIPIO DE GAROPABA";"Município";"Pessoa Jurídica";"SC";"GAROPABA";"202443920002";"4392 - ISMAEL";"642.417,88";
"12/2025";"82.577.636/0001-65 - MUNICIPIO DE TIJUCAS";"Município";"Pessoa Jurídica";"SC";"TIJUCAS";"202539800001";"3980 - FABIO SCHIOCHET";"643.500,00";
"05/2026";"83.102.798/0001-00 - MUNICIPIO DE INDAIAL";"Município";"Pessoa Jurídica";"SC";"INDAIAL";"202643920005";"4392 - ISMAEL";"646.750,00";
"06/2026";"83.108.357/0001-15 - MUNICIPIO DE BLUMENAU";"Município";"Pessoa Jurídica";"SC";"BLUMENAU";"202644010005";"4401 - JULIA ZANATTA";"646.750,00";
"06/2026";"82.892.282/0001-43 - MUNICIPIO DE FLORIANOPOLIS";"Município";"Pessoa Jurídica";"SC";"FLORIANÓPOLIS";"202639800001";"3980 - FABIO SCHIOCHET";"646.750,00";
"05/2026";"82.777.301/0001-90 - MUNICIPIO DE LAGES";"Município";"Pessoa Jurídica";"SC";"LAGES";"202642090003";"4209 - JORGE GOETTEN";"646.750,00";
"07/2024";"82.909.409/0001-90 - MUNICIPIO DE IMBITUBA";"Município";"Pessoa Jurídica";"SC";"IMBITUBA";"202443920007";"4392 - ISMAEL";"650.000,00";
"07/2024";"95.954.509/0001-80 - MUNICIPIO DE BALNEARIO BARRA DO SUL";"Município";"Pessoa Jurídica";"SC";"BALNEÁRIO BARRA DO SUL";"202443920007";"4392 - ISMAEL";"650.000,00";
"12/2024";"95.954.509/0001-80 - MUNICIPIO DE BALNEARIO BARRA DO SUL";"Município";"Pessoa Jurídica";"SC";"BALNEÁRIO BARRA DO SUL";"202440620002";"4062 - RICARDO GUIDI";"650.000,00";
"07/2024";"82.928.656/0001-33 - MUNICIPIO DE TUBARAO";"Município";"Pessoa Jurídica";"SC";"TUBARÃO";"202443920007";"4392 - ISMAEL";"650.000,00";
"06/2026";"82.892.282/0001-43 - MUNICIPIO DE FLORIANOPOLIS";"Município";"Pessoa Jurídica";"SC";"FLORIANÓPOLIS";"202643920005";"4392 - ISMAEL";"659.731,77";
"12/2024";"82.892.282/0001-43 - MUNICIPIO DE FLORIANOPOLIS";"Município";"Pessoa Jurídica";"SC";"FLORIANÓPOLIS";"202439490003";"3949 - DANIEL FREITAS";"662.415,00";
"07/2024";"83.102.491/0001-09 - MUNICIPIO DE SCHROEDER";"Município";"Pessoa Jurídica";"SC";"SCHROEDER";"202439290001";"3929 - CARLOS CHIODINI";"685.000,00";
"09/2025";"83.102.665/0001-33 - MUNICIPIO DE LONTRAS";"Município";"Pessoa Jurídica";"SC";"LONTRAS";"202542090003";"4209 - JORGE GOETTEN";"693.000,00";
"09/2025";"83.021.873/0001-08 - MUNICIPIO DE SAO LOURENCO D'OESTE";"Município";"Pessoa Jurídica";"SC";"SÃO LOURENÇO DO OESTE";"202539800001";"3980 - FABIO SCHIOCHET";"693.000,00";
"09/2025";"83.021.873/0001-08 - MUNICIPIO DE SAO LOURENCO D'OESTE";"Município";"Pessoa Jurídica";"SC";"SÃO LOURENÇO DO OESTE";"202543390010";"4339 - DANIELA REINEHR";"693.000,00";
"09/2025";"83.102.293/0001-45 - MUNICIPIO DE CAMBORIU";"Município";"Pessoa Jurídica";"SC";"CAMBORIÚ";"202544010010";"4401 - JULIA ZANATTA";"693.000,00";
"12/2025";"83.102.616/0001-09 - MUNICIPIO DE ATALANTA";"Município";"Pessoa Jurídica";"SC";"ATALANTA";"202544480001";"4448 - PEZENTI";"693.000,00";
"12/2025";"82.951.229/0001-76 - ESTADO DE SANTA CATARINA";"Estado ou Distrito Federal";"Pessoa Jurídica";"SC";"FLORIANÓPOLIS";"202543390010";"4339 - DANIELA REINEHR";"693.000,00";
"09/2025";"83.102.491/0001-09 - MUNICIPIO DE SCHROEDER";"Município";"Pessoa Jurídica";"SC";"SCHROEDER";"202543390010";"4339 - DANIELA REINEHR";"693.000,00";
"09/2025";"82.548.983/0001-60 - MUNICIPIO DE TURVO";"Município";"Pessoa Jurídica";"SC";"TURVO";"202540620003";"4062 - RICARDO GUIDI";"693.000,00";
"09/2025";"16.780.795/0001-38 - MUNICIPIO DE PESCARIA BRAVA";"Município";"Pessoa Jurídica";"SC";"PESCARIA BRAVA";"202542090003";"4209 - JORGE GOETTEN";"693.000,00";
"08/2023";"82.892.290/0001-90 - MUNICIPIO DE ANTONIO CARLOS";"Município";"Pessoa Jurídica";"SC";"ANTÔNIO CARLOS";"202339290002";"3929 - CARLOS CHIODINI";"695.000,00";
"05/2026";"82.538.851/0001-57 - MUNICIPIO DE IMARUI";"Município";"Pessoa Jurídica";"SC";"IMARUÍ";"202639800001";"3980 - FABIO SCHIOCHET";"696.500,00";
"06/2026";"80.989.965/0001-98 - MUNICIPIO DE SANTA ROSA DO SUL";"Município";"Pessoa Jurídica";"SC";"SANTA ROSA DO SUL";"202632350004";"3235 - GEOVANIA DE SA";"696.500,00";
"06/2026";"82.821.216/0001-82 - MUNICIPIO DE GUARACIABA";"Município";"Pessoa Jurídica";"SC";"GUARACIABA";"202643250001";"4325 - COBALCHINI";"696.500,00";
"05/2026";"82.815.481/0001-58 - MUNICIPIO DE PIRATUBA";"Município";"Pessoa Jurídica";"SC";"PIRATUBA";"202643390009";"4339 - DANIELA REINEHR";"696.500,00";
"05/2026";"95.954.509/0001-80 - MUNICIPIO DE BALNEARIO BARRA DO SUL";"Município";"Pessoa Jurídica";"SC";"BALNEÁRIO BARRA DO SUL";"202639800001";"3980 - FABIO SCHIOCHET";"696.500,00";
"05/2026";"82.892.365/0001-32 - MUNICIPIO DE PAULO LOPES";"Município";"Pessoa Jurídica";"SC";"PAULO LOPES";"202643920005";"4392 - ISMAEL";"696.500,00";
"05/2026";"83.021.865/0001-61 - MUNICIPIO DE QUILOMBO";"Município";"Pessoa Jurídica";"SC";"QUILOMBO";"202643250001";"4325 - COBALCHINI";"696.500,00";
"06/2026";"82.777.301/0001-90 - MUNICIPIO DE LAGES";"Município";"Pessoa Jurídica";"SC";"LAGES";"202643920005";"4392 - ISMAEL";"696.500,00";
"07/2024";"83.754.044/0001-34 - MUNICIPIO DE CURITIBANOS";"Município";"Pessoa Jurídica";"SC";"CURITIBANOS";"202442090002";"4209 - JORGE GOETTEN";"700.000,00";
"07/2022";"82.892.373/0001-89 - MUNICIPIO DE GOVERNADOR CELSO RAMOS";"Município";"Pessoa Jurídica";"SC";"GOVERNADOR CELSO RAMOS";"202239490001";"3949 - DANIEL FREITAS";"700.000,00";
"07/2024";"83.021.147/0001-95 - MUNICIPIO DE CUNHA PORA";"Município";"Pessoa Jurídica";"SC";"CUNHA PORÃ";"202443390001";"4339 - DANIELA REINEHR";"700.000,00";
"08/2023";"83.102.335/0001-48 - MUNICIPIO DE BALNEARIO DE PICARRAS";"Município";"Pessoa Jurídica";"SC";"BALNEÁRIO PIÇARRAS";"202339290002";"3929 - CARLOS CHIODINI";"700.000,00";
"07/2024";"83.102.244/0001-02 - MUNICIPIO DE GASPAR";"Município";"Pessoa Jurídica";"SC";"GASPAR";"202442090002";"4209 - JORGE GOETTEN";"700.000,00";
"03/2023";"83.169.623/0001-10 - MUNICIPIO DE JOINVILLE";"Município";"Pessoa Jurídica";"SC";"JOINVILLE";"202239530001";"3953 - DARCI DE MATOS";"700.000,00";
"08/2023";"83.102.483/0001-62 - MUNICIPIO DE MASSARANDUBA";"Município";"Pessoa Jurídica";"SC";"MASSARANDUBA";"202322100001";"2210 - ESPERIDIAO AMIN";"700.000,00";
"03/2023";"82.892.290/0001-90 - MUNICIPIO DE ANTONIO CARLOS";"Município";"Pessoa Jurídica";"SC";"ANTÔNIO CARLOS";"202239290005";"3929 - CARLOS CHIODINI";"700.000,00";
"07/2022";"83.102.749/0001-77 - MUNICIPIO DE CAMPO ALEGRE";"Município";"Pessoa Jurídica";"SC";"CAMPO ALEGRE";"202239290005";"3929 - CARLOS CHIODINI";"700.000,00";
"03/2023";"82.843.582/0001-32 - MUNICIPIO DE URUBICI";"Município";"Pessoa Jurídica";"SC";"URUBICI";"202240620006";"4062 - RICARDO GUIDI";"700.000,00";
"08/2023";"82.939.398/0001-90 - MUNICIPIO DE AGUA DOCE";"Município";"Pessoa Jurídica";"SC";"ÁGUA DOCE";"202342510010";"4251 - IVETE DA SILVEIRA";"700.000,00";
"07/2024";"82.951.229/0001-76 - ESTADO DE SANTA CATARINA";"Estado ou Distrito Federal";"Pessoa Jurídica";"SC";"FLORIANÓPOLIS";"202428550022";"2855 - PEDRO UCZAI";"700.000,00";
"10/2023";"82.926.544/0001-43 - MUNICIPIO DE ORLEANS";"Município";"Pessoa Jurídica";"SC";"ORLEANS";"202340620003";"4062 - RICARDO GUIDI";"700.000,00";
"07/2024";"83.102.285/0001-07 - MUNICIPIO DE BALNEARIO CAMBORIU";"Município";"Pessoa Jurídica";"SC";"BALNEÁRIO CAMBORIÚ";"202490550002";"9055 - GILSON MARQUES";"700.000,00";
"07/2024";"83.102.491/0001-09 - MUNICIPIO DE SCHROEDER";"Município";"Pessoa Jurídica";"SC";"SCHROEDER";"202422100016";"2210 - ESPERIDIAO AMIN";"700.000,00";
"07/2024";"83.108.357/0001-15 - MUNICIPIO DE BLUMENAU";"Município";"Pessoa Jurídica";"SC";"BLUMENAU";"202443920007";"4392 - ISMAEL";"700.000,00";
"03/2023";"83.102.558/0001-05 - MUNICIPIO DE IRINEOPOLIS";"Município";"Pessoa Jurídica";"SC";"IRINEÓPOLIS";"202239290005";"3929 - CARLOS CHIODINI";"700.000,00";
"12/2024";"83.102.327/0001-00 - MUNICIPIO DE PENHA";"Município";"Pessoa Jurídica";"SC";"PENHA";"202439290001";"3929 - CARLOS CHIODINI";"700.000,00";
"08/2023";"82.916.800/0001-11 - MUNICIPIO DE ICARA";"Município";"Pessoa Jurídica";"SC";"IÇARA";"202322100001";"2210 - ESPERIDIAO AMIN";"706.047,00";
"07/2022";"82.845.744/0001-71 - MUNICIPIO DE MAJOR GERCINO";"Município";"Pessoa Jurídica";"SC";"MAJOR GERCINO";"202239800001";"3980 - FABIO SCHIOCHET";"710.159,00";
"12/2025";"82.951.229/0001-76 - ESTADO DE SANTA CATARINA";"Estado ou Distrito Federal";"Pessoa Jurídica";"SC";"FLORIANÓPOLIS";"202543920009";"4392 - ISMAEL";"712.800,00";
"05/2026";"83.102.848/0001-59 - MUNICIPIO DE GARUVA";"Município";"Pessoa Jurídica";"SC";"GARUVA";"202639290001";"3929 - CARLOS CHIODINI";"716.400,00";
"06/2026";"83.074.302/0001-31 - MUNICIPIO DE CACADOR";"Município";"Pessoa Jurídica";"SC";"CAÇADOR";"202639320001";"3932 - CAROLINE DE TONI";"716.400,00";
"05/2026";"83.021.857/0001-15 - MUNICIPIO DE PINHALZINHO";"Município";"Pessoa Jurídica";"SC";"PINHALZINHO";"202643390009";"4339 - DANIELA REINEHR";"722.370,00";
"06/2026";"82.892.373/0001-89 - MUNICIPIO DE GOVERNADOR CELSO RAMOS";"Município";"Pessoa Jurídica";"SC";"GOVERNADOR CELSO RAMOS";"202640620003";"4062 - RICARDO GUIDI";"724.585,39";
"05/2026";"82.926.551/0001-45 - MUNICIPIO DE BRACO DO NORTE";"Município";"Pessoa Jurídica";"SC";"BRAÇO DO NORTE";"202642090003";"4209 - JORGE GOETTEN";"726.350,00";
"10/2023";"83.102.772/0001-61 - MUNICIPIO DE ASCURRA";"Município";"Pessoa Jurídica";"SC";"ASCURRA";"202339440015";"3944 - CORONEL ARMANDO";"733.144,00";
"09/2025";"83.039.842/0001-84 - MUNICIPIO DE VIDEIRA";"Município";"Pessoa Jurídica";"SC";"VIDEIRA";"202543250005";"4325 - COBALCHINI";"742.500,00";
"09/2025";"82.913.211/0001-80 - MUNICIPIO DE PRAIA GRANDE";"Município";"Pessoa Jurídica";"SC";"PRAIA GRANDE";"202540620003";"4062 - RICARDO GUIDI";"742.500,00";
"10/2025";"82.916.826/0001-60 - MUNICIPIO DE NOVA VENEZA";"Município";"Pessoa Jurídica";"SC";"NOVA VENEZA";"202540620003";"4062 - RICARDO GUIDI";"742.500,00";
"09/2025";"82.928.698/0001-74 - MUNICIPIO DE JAGUARUNA";"Município";"Pessoa Jurídica";"SC";"JAGUARUNA";"202540620003";"4062 - RICARDO GUIDI";"742.500,00";
"09/2025";"83.102.780/0001-08 - MUNICIPIO DE BENEDITO NOVO";"Município";"Pessoa Jurídica";"SC";"BENEDITO NOVO";"202540620003";"4062 - RICARDO GUIDI";"742.500,00";
"09/2025";"83.102.517/0001-19 - MUNICIPIO DE ITAIOPOLIS";"Município";"Pessoa Jurídica";"SC";"ITAIÓPOLIS";"202542090003";"4209 - JORGE GOETTEN";"742.500,00";
"08/2023";"82.916.800/0001-11 - MUNICIPIO DE ICARA";"Município";"Pessoa Jurídica";"SC";"IÇARA";"202329250001";"2925 - CARMEN ZANOTTO";"745.825,50";
"06/2026";"82.892.324/0001-46 - MUNICIPIO DE SANTO AMARO DA IMPERATRIZ";"Município";"Pessoa Jurídica";"SC";"SANTO AMARO DA IMPERATRIZ";"202640620003";"4062 - RICARDO GUIDI";"746.250,00";
"06/2026";"83.102.533/0001-01 - MUNICIPIO DE PAPANDUVA";"Município";"Pessoa Jurídica";"SC";"PAPANDUVA";"202639320001";"3932 - CAROLINE DE TONI";"746.250,00";
"07/2024";"75.326.066/0001-75 - MUNICIPIO DE OTACILIO COSTA";"Município";"Pessoa Jurídica";"SC";"OTACÍLIO COSTA";"202442090002";"4209 - JORGE GOETTEN";"750.000,00";
"12/2024";"82.892.282/0001-43 - MUNICIPIO DE FLORIANOPOLIS";"Município";"Pessoa Jurídica";"SC";"FLORIANÓPOLIS";"202442510013";"4251 - IVETE DA SILVEIRA";"750.000,00";
"07/2024";"82.892.282/0001-43 - MUNICIPIO DE FLORIANOPOLIS";"Município";"Pessoa Jurídica";"SC";"FLORIANÓPOLIS";"202442510012";"4251 - IVETE DA SILVEIRA";"750.000,00";
"12/2024";"83.026.781/0001-10 - MUNICIPIO DE SAO JOSE DO CEDRO";"Município";"Pessoa Jurídica";"SC";"SÃO JOSÉ DO CEDRO";"202443250003";"4325 - COBALCHINI";"750.000,00";
"12/2025";"83.102.467/0001-70 - MUNICIPIO DE CORUPA";"Município";"Pessoa Jurídica";"SC";"CORUPÁ";"202539290001";"3929 - CARLOS CHIODINI";"792.000,00";
"09/2025";"83.000.323/0001-02 - MUNICIPIO DE MORRO DA FUMACA";"Município";"Pessoa Jurídica";"SC";"MORRO DA FUMAÇA";"202540620003";"4062 - RICARDO GUIDI";"792.000,00";
"09/2025";"83.102.426/0001-83 - MUNICIPIO DE DONA EMMA";"Município";"Pessoa Jurídica";"SC";"DONA EMMA";"202542090003";"4209 - JORGE GOETTEN";"792.000,00";
"05/2026";"82.926.551/0001-45 - MUNICIPIO DE BRACO DO NORTE";"Município";"Pessoa Jurídica";"SC";"BRAÇO DO NORTE";"202640620003";"4062 - RICARDO GUIDI";"796.000,00";
"06/2026";"82.926.569/0001-47 - MUNICIPIO DE GRAVATAL";"Município";"Pessoa Jurídica";"SC";"GRAVATAL";"202640620003";"4062 - RICARDO GUIDI";"796.000,00";
"05/2026";"83.169.623/0001-10 - MUNICIPIO DE JOINVILLE";"Município";"Pessoa Jurídica";"SC";"JOINVILLE";"202642510003";"4251 - IVETE DA SILVEIRA";"796.000,00";
"05/2026";"83.021.873/0001-08 - MUNICIPIO DE SAO LOURENCO D'OESTE";"Município";"Pessoa Jurídica";"SC";"SÃO LOURENÇO DO OESTE";"202643250001";"4325 - COBALCHINI";"796.000,00";
"05/2026";"82.821.190/0001-72 - MUNICIPIO DE MARAVILHA";"Município";"Pessoa Jurídica";"SC";"MARAVILHA";"202643250001";"4325 - COBALCHINI";"796.000,00";
"05/2026";"83.102.798/0001-00 - MUNICIPIO DE INDAIAL";"Município";"Pessoa Jurídica";"SC";"INDAIAL";"202639800001";"3980 - FABIO SCHIOCHET";"796.000,00";
"06/2026";"82.892.316/0001-08 - MUNICIPIO DE PALHOCA";"Município";"Pessoa Jurídica";"SC";"PALHOÇA";"202639320001";"3932 - CAROLINE DE TONI";"796.000,00";
"07/2024";"82.892.373/0001-89 - MUNICIPIO DE GOVERNADOR CELSO RAMOS";"Município";"Pessoa Jurídica";"SC";"GOVERNADOR CELSO RAMOS";"202440620002";"4062 - RICARDO GUIDI";"800.000,00";
"12/2024";"83.102.756/0001-79 - MUNICIPIO DE RIO NEGRINHO";"Município";"Pessoa Jurídica";"SC";"RIO NEGRINHO";"202439290001";"3929 - CARLOS CHIODINI";"800.000,00";
"07/2024";"82.939.430/0001-38 - MUNICIPIO DE HERVAL D'OESTE";"Município";"Pessoa Jurídica";"SC";"HERVAL D'OESTE";"202442090002";"4209 - JORGE GOETTEN";"800.000,00";
"08/2023";"82.572.207/0001-03 - MUNICIPIO DE ITAPEMA";"Município";"Pessoa Jurídica";"SC";"ITAPEMA";"202339290002";"3929 - CARLOS CHIODINI";"800.000,00";
"12/2024";"83.169.623/0001-10 - MUNICIPIO DE JOINVILLE";"Município";"Pessoa Jurídica";"SC";"JOINVILLE";"202444930001";"4493 - ZE TROVAO";"800.000,00";
"07/2024";"82.892.290/0001-90 - MUNICIPIO DE ANTONIO CARLOS";"Município";"Pessoa Jurídica";"SC";"ANTÔNIO CARLOS";"202439290001";"3929 - CARLOS CHIODINI";"800.000,00";
"08/2023";"83.102.517/0001-19 - MUNICIPIO DE ITAIOPOLIS";"Município";"Pessoa Jurídica";"SC";"ITAIÓPOLIS";"202322100001";"2210 - ESPERIDIAO AMIN";"800.000,00";
"07/2022";"83.102.491/0001-09 - MUNICIPIO DE SCHROEDER";"Município";"Pessoa Jurídica";"SC";"SCHROEDER";"202239290005";"3929 - CARLOS CHIODINI";"800.000,00";
"07/2024";"82.928.706/0001-82 - MUNICIPIO DE LAGUNA";"Município";"Pessoa Jurídica";"SC";"LAGUNA";"202444010006";"4401 - JULIA ZANATTA";"800.000,00";
"07/2022";"82.777.301/0001-90 - MUNICIPIO DE LAGES";"Município";"Pessoa Jurídica";"SC";"LAGES";"202240150005";"4015 - HELIO COSTA";"800.000,00";
"07/2024";"82.892.274/0001-05 - MUNICIPIO DE SAO JOSE";"Município";"Pessoa Jurídica";"SC";"SÃO JOSÉ";"202444010006";"4401 - JULIA ZANATTA";"800.000,00";
"09/2023";"83.024.257/0001-00 - MUNICIPIO DE CONCORDIA";"Município";"Pessoa Jurídica";"SC";"CONCÓRDIA";"202325690013";"2569 - CELSO MALDANER";"814.604,00";
"09/2023";"82.939.463/0001-88 - MUNICIPIO DE JABORA";"Município";"Pessoa Jurídica";"SC";"JABORÁ";"202325690015";"2569 - CELSO MALDANER";"814.604,00";
"12/2023";"82.939.422/0001-91 - MUNICIPIO DE ERVAL VELHO";"Município";"Pessoa Jurídica";"SC";"ERVAL VELHO";"202325690020";"2569 - CELSO MALDANER";"814.604,00";
"09/2023";"83.102.731/0001-75 - MUNICIPIO DE TROMBUDO CENTRAL";"Município";"Pessoa Jurídica";"SC";"TROMBUDO CENTRAL";"202328560017";"2856 - ROGERIO PENINHA MENDONCA";"814.604,00";
"09/2025";"83.108.357/0001-15 - MUNICIPIO DE BLUMENAU";"Município";"Pessoa Jurídica";"SC";"BLUMENAU";"202543920009";"4392 - ISMAEL";"824.076,00";
"09/2025";"82.925.652/0001-00 - MUNICIPIO DE SAO JOAO BATISTA";"Município";"Pessoa Jurídica";"SC";"SÃO JOÃO BATISTA";"202539290001";"3929 - CARLOS CHIODINI";"831.600,00";
"10/2023";"83.102.491/0001-09 - MUNICIPIO DE SCHROEDER";"Município";"Pessoa Jurídica";"SC";"SCHROEDER";"202339440011";"3944 - CORONEL ARMANDO";"834.969,50";
"12/2023";"82.892.274/0001-05 - MUNICIPIO DE SAO JOSE";"Município";"Pessoa Jurídica";"SC";"SÃO JOSÉ";"202339490001";"3949 - DANIEL FREITAS";"869.372,00";
"07/2024";"83.102.400/0001-35 - MUNICIPIO DE TRES BARRAS";"Município";"Pessoa Jurídica";"SC";"TRÊS BARRAS";"202439290001";"3929 - CARLOS CHIODINI";"885.035,40";
"09/2025";"82.854.670/0001-30 - MUNICIPIO DE XAXIM";"Município";"Pessoa Jurídica";"SC";"XAXIM";"202542090003";"4209 - JORGE GOETTEN";"891.000,00";
"05/2026";"95.993.077/0001-16 - MUNICIPIO DE LAJEADO GRANDE";"Município";"Pessoa Jurídica";"SC";"LAJEADO GRANDE";"202642090003";"4209 - JORGE GOETTEN";"895.500,00";
"06/2026";"83.102.723/0001-29 - MUNICIPIO DE SALETE";"Município";"Pessoa Jurídica";"SC";"SALETE";"202640620003";"4062 - RICARDO GUIDI";"895.500,00";
"08/2023";"83.024.257/0001-00 - MUNICIPIO DE CONCORDIA";"Município";"Pessoa Jurídica";"SC";"CONCÓRDIA";"202339320001";"3932 - CAROLINE DE TONI";"900.000,00";
"10/2023";"82.777.301/0001-90 - MUNICIPIO DE LAGES";"Município";"Pessoa Jurídica";"SC";"LAGES";"202329250001";"2925 - CARMEN ZANOTTO";"900.000,00";
"06/2026";"82.777.327/0001-39 - MUNICIPIO DE SAO JOSE DO CERRITO";"Município";"Pessoa Jurídica";"SC";"SÃO JOSÉ DO CERRITO";"202628550010";"2855 - PEDRO UCZAI";"914.486,15";
"08/2023";"82.928.664/0001-80 - MUNICIPIO DE ARMAZEM";"Município";"Pessoa Jurídica";"SC";"ARMAZÉM";"202340620003";"4062 - RICARDO GUIDI";"921.341,50";
"03/2023";"83.021.873/0001-08 - MUNICIPIO DE SAO LOURENCO D'OESTE";"Município";"Pessoa Jurídica";"SC";"SÃO LOURENÇO DO OESTE";"202239320002";"3932 - CAROLINE DE TONI";"950.000,00";
"09/2025";"83.102.509/0001-72 - MUNICIPIO DE MAFRA";"Município";"Pessoa Jurídica";"SC";"MAFRA";"202539290001";"3929 - CARLOS CHIODINI";"990.000,00";
"09/2025";"01.612.888/0001-86 - MUNICIPIO DE BELA VISTA DO TOLDO";"Município";"Pessoa Jurídica";"SC";"BELA VISTA DO TOLDO";"202539290001";"3929 - CARLOS CHIODINI";"990.000,00";
"09/2025";"83.102.400/0001-35 - MUNICIPIO DE TRES BARRAS";"Município";"Pessoa Jurídica";"SC";"TRÊS BARRAS";"202539290001";"3929 - CARLOS CHIODINI";"990.000,00";
"09/2025";"83.102.533/0001-01 - MUNICIPIO DE PAPANDUVA";"Município";"Pessoa Jurídica";"SC";"PAPANDUVA";"202539290001";"3929 - CARLOS CHIODINI";"990.000,00";
"09/2025";"82.854.670/0001-30 - MUNICIPIO DE XAXIM";"Município";"Pessoa Jurídica";"SC";"XAXIM";"202539290001";"3929 - CARLOS CHIODINI";"990.000,00";
"09/2025";"82.939.232/0001-74 - MUNICIPIO DE CAMPOS NOVOS";"Município";"Pessoa Jurídica";"SC";"CAMPOS NOVOS";"202543250005";"4325 - COBALCHINI";"990.000,00";
"09/2025";"82.916.800/0001-11 - MUNICIPIO DE ICARA";"Município";"Pessoa Jurídica";"SC";"IÇARA";"202540620003";"4062 - RICARDO GUIDI";"990.000,00";
"09/2025";"82.925.652/0001-00 - MUNICIPIO DE SAO JOAO BATISTA";"Município";"Pessoa Jurídica";"SC";"SÃO JOÃO BATISTA";"202539800001";"3980 - FABIO SCHIOCHET";"990.000,00";
"09/2025";"83.102.335/0001-48 - MUNICIPIO DE BALNEARIO DE PICARRAS";"Município";"Pessoa Jurídica";"SC";"BALNEÁRIO PIÇARRAS";"202539290001";"3929 - CARLOS CHIODINI";"990.000,00";
"09/2025";"82.821.208/0001-36 - MUNICIPIO DE ITAPIRANGA";"Município";"Pessoa Jurídica";"SC";"ITAPIRANGA";"202543250005";"4325 - COBALCHINI";"990.000,00";
"09/2025";"82.926.551/0001-45 - MUNICIPIO DE BRACO DO NORTE";"Município";"Pessoa Jurídica";"SC";"BRAÇO DO NORTE";"202544010010";"4401 - JULIA ZANATTA";"990.000,00";
"09/2025";"83.169.623/0001-10 - MUNICIPIO DE JOINVILLE";"Município";"Pessoa Jurídica";"SC";"JOINVILLE";"202542090003";"4209 - JORGE GOETTEN";"990.000,00";
"09/2025";"82.892.365/0001-32 - MUNICIPIO DE PAULO LOPES";"Município";"Pessoa Jurídica";"SC";"PAULO LOPES";"202544930005";"4493 - ZE TROVAO";"990.000,00";
"12/2025";"82.892.365/0001-32 - MUNICIPIO DE PAULO LOPES";"Município";"Pessoa Jurídica";"SC";"PAULO LOPES";"202539490004";"3949 - DANIEL FREITAS";"990.000,00";
"09/2025";"82.892.365/0001-32 - MUNICIPIO DE PAULO LOPES";"Município";"Pessoa Jurídica";"SC";"PAULO LOPES";"202543920008";"4392 - ISMAEL";"990.000,00";
"09/2025";"01.608.905/0001-01 - MUNICIPIO DE ERMO";"Município";"Pessoa Jurídica";"SC";"ERMO";"202544010010";"4401 - JULIA ZANATTA";"990.000,00";
"09/2025";"82.951.229/0001-76 - ESTADO DE SANTA CATARINA";"Estado ou Distrito Federal";"Pessoa Jurídica";"SC";"FLORIANÓPOLIS";"202539490006";"3949 - DANIEL FREITAS";"990.000,00";
"09/2025";"82.562.893/0001-23 - MUNICIPIO DE CANELINHA";"Município";"Pessoa Jurídica";"SC";"CANELINHA";"202543920006";"4392 - ISMAEL";"990.000,00";
"09/2025";"83.021.865/0001-61 - MUNICIPIO DE QUILOMBO";"Município";"Pessoa Jurídica";"SC";"QUILOMBO";"202539800001";"3980 - FABIO SCHIOCHET";"990.000,00";
"09/2025";"82.836.057/0001-90 - MUNICIPIO DE GAROPABA";"Município";"Pessoa Jurídica";"SC";"GAROPABA";"202540620003";"4062 - RICARDO GUIDI";"990.000,00";
"09/2025";"82.836.057/0001-90 - MUNICIPIO DE GAROPABA";"Município";"Pessoa Jurídica";"SC";"GAROPABA";"202539290001";"3929 - CARLOS CHIODINI";"990.000,00";
"09/2025";"82.836.057/0001-90 - MUNICIPIO DE GAROPABA";"Município";"Pessoa Jurídica";"SC";"GAROPABA";"202543920005";"4392 - ISMAEL";"990.000,00";
"09/2025";"83.102.277/0001-52 - MUNICIPIO DE ITAJAI";"Município";"Pessoa Jurídica";"SC";"ITAJAÍ";"202539490006";"3949 - DANIEL FREITAS";"990.000,00";
"09/2025";"95.782.793/0001-54 - MUNICIPIO DE PASSO DE TORRES";"Município";"Pessoa Jurídica";"SC";"PASSO DE TORRES";"202539490006";"3949 - DANIEL FREITAS";"990.000,00";
"09/2025";"82.836.818/0001-03 - MUNICIPIO DE SAO MARTINHO";"Município";"Pessoa Jurídica";"SC";"SÃO MARTINHO";"202544010010";"4401 - JULIA ZANATTA";"990.000,00";
"10/2025";"82.777.301/0001-90 - MUNICIPIO DE LAGES";"Município";"Pessoa Jurídica";"SC";"LAGES";"202529250007";"2925 - GEOVANIA DE SA (EX-PARLAMENTAR CARMEN ZANOTTO, NOS TERMOS ART. 78 LDO 2025 E DA MENSAGEM 95-CN, DE 06.11.25)";"990.000,00";
"09/2025";"82.924.390/0001-50 - MUNICIPIO DE LEOBERTO LEAL";"Município";"Pessoa Jurídica";"SC";"LEOBERTO LEAL";"202539290001";"3929 - CARLOS CHIODINI";"990.000,00";
"09/2025";"16.780.795/0001-38 - MUNICIPIO DE PESCARIA BRAVA";"Município";"Pessoa Jurídica";"SC";"PESCARIA BRAVA";"202539800001";"3980 - FABIO SCHIOCHET";"990.000,00";
"06/2026";"83.009.910/0001-62 - MUNICIPIO DE FAXINAL DOS GUEDES";"Município";"Pessoa Jurídica";"SC";"FAXINAL DOS GUEDES";"202639320001";"3932 - CAROLINE DE TONI";"995.000,00";
"06/2026";"83.102.269/0001-06 - MUNICIPIO DE SAO FRANCISCO DO SUL";"Município";"Pessoa Jurídica";"SC";"SÃO FRANCISCO DO SUL";"202639290001";"3929 - CARLOS CHIODINI";"995.000,00";
"06/2026";"78.485.554/0001-13 - MUNICIPIO DE IPORA DO OESTE";"Município";"Pessoa Jurídica";"SC";"IPORÃ DO OESTE";"202643250001";"4325 - COBALCHINI";"995.000,00";
"06/2026";"82.925.652/0001-00 - MUNICIPIO DE SAO JOAO BATISTA";"Município";"Pessoa Jurídica";"SC";"SÃO JOÃO BATISTA";"202639800001";"3980 - FABIO SCHIOCHET";"995.000,00";
"05/2026";"83.102.335/0001-48 - MUNICIPIO DE BALNEARIO DE PICARRAS";"Município";"Pessoa Jurídica";"SC";"BALNEÁRIO PIÇARRAS";"202639290001";"3929 - CARLOS CHIODINI";"995.000,00";
"05/2026";"82.916.826/0001-60 - MUNICIPIO DE NOVA VENEZA";"Município";"Pessoa Jurídica";"SC";"NOVA VENEZA";"202639490005";"3949 - DANIEL FREITAS";"995.000,00";
"06/2026";"83.102.293/0001-45 - MUNICIPIO DE CAMBORIU";"Município";"Pessoa Jurídica";"SC";"CAMBORIÚ";"202643920005";"4392 - ISMAEL";"995.000,00";
"05/2026";"83.102.277/0001-52 - MUNICIPIO DE ITAJAI";"Município";"Pessoa Jurídica";"SC";"ITAJAÍ";"202644930003";"4493 - ZE TROVAO";"995.000,00";
"05/2026";"82.911.249/0001-13 - MUNICIPIO DE ARARANGUA";"Município";"Pessoa Jurídica";"SC";"ARARANGUÁ";"202639290001";"3929 - CARLOS CHIODINI";"995.000,00";
"07/2024";"83.102.509/0001-72 - MUNICIPIO DE MAFRA";"Município";"Pessoa Jurídica";"SC";"MAFRA";"202444480002";"4448 - PEZENTI";"1.000.000,00";
"10/2023";"81.531.162/0001-58 - MUNICIPIO DE FORQUILHINHA";"Município";"Pessoa Jurídica";"SC";"FORQUILHINHA";"202339490001";"3949 - DANIEL FREITAS";"1.000.000,00";
"08/2023";"81.531.162/0001-58 - MUNICIPIO DE FORQUILHINHA";"Município";"Pessoa Jurídica";"SC";"FORQUILHINHA";"202332350003";"3235 - GEOVANIA DE SA";"1.000.000,00";
"07/2024";"83.102.640/0001-30 - MUNICIPIO DE ITUPORANGA";"Município";"Pessoa Jurídica";"SC";"ITUPORANGA";"202422100016";"2210 - ESPERIDIAO AMIN";"1.000.000,00";
"12/2024";"83.039.842/0001-84 - MUNICIPIO DE VIDEIRA";"Município";"Pessoa Jurídica";"SC";"VIDEIRA";"202443250003";"4325 - COBALCHINI";"1.000.000,00";
"08/2023";"80.989.965/0001-98 - MUNICIPIO DE SANTA ROSA DO SUL";"Município";"Pessoa Jurídica";"SC";"SANTA ROSA DO SUL";"202332350003";"3235 - GEOVANIA DE SA";"1.000.000,00";
"10/2023";"80.989.965/0001-98 - MUNICIPIO DE SANTA ROSA DO SUL";"Município";"Pessoa Jurídica";"SC";"SANTA ROSA DO SUL";"202339800001";"3980 - FABIO SCHIOCHET";"1.000.000,00";
"12/2023";"82.821.216/0001-82 - MUNICIPIO DE GUARACIABA";"Município";"Pessoa Jurídica";"SC";"GUARACIABA";"202339800001";"3980 - FABIO SCHIOCHET";"1.000.000,00";
"08/2023";"82.916.800/0001-11 - MUNICIPIO DE ICARA";"Município";"Pessoa Jurídica";"SC";"IÇARA";"202340620003";"4062 - RICARDO GUIDI";"1.000.000,00";
"03/2023";"82.916.800/0001-11 - MUNICIPIO DE ICARA";"Município";"Pessoa Jurídica";"SC";"IÇARA";"202239490001";"3949 - DANIEL FREITAS";"1.000.000,00";
"08/2023";"83.102.756/0001-79 - MUNICIPIO DE RIO NEGRINHO";"Município";"Pessoa Jurídica";"SC";"RIO NEGRINHO";"202339290002";"3929 - CARLOS CHIODINI";"1.000.000,00";
"07/2022";"83.102.756/0001-79 - MUNICIPIO DE RIO NEGRINHO";"Município";"Pessoa Jurídica";"SC";"RIO NEGRINHO";"202239290005";"3929 - CARLOS CHIODINI";"1.000.000,00";
"08/2023";"82.939.430/0001-38 - MUNICIPIO DE HERVAL D'OESTE";"Município";"Pessoa Jurídica";"SC";"HERVAL D'OESTE";"202342510010";"4251 - IVETE DA SILVEIRA";"1.000.000,00";
"08/2023";"83.009.860/0001-13 - MUNICIPIO DE XANXERE";"Município";"Pessoa Jurídica";"SC";"XANXERÊ";"202339320001";"3932 - CAROLINE DE TONI";"1.000.000,00";
"08/2023";"83.102.467/0001-70 - MUNICIPIO DE CORUPA";"Município";"Pessoa Jurídica";"SC";"CORUPÁ";"202339290002";"3929 - CARLOS CHIODINI";"1.000.000,00";
"07/2024";"83.102.467/0001-70 - MUNICIPIO DE CORUPA";"Município";"Pessoa Jurídica";"SC";"CORUPÁ";"202439290001";"3929 - CARLOS CHIODINI";"1.000.000,00";
"03/2023";"83.169.623/0001-10 - MUNICIPIO DE JOINVILLE";"Município";"Pessoa Jurídica";"SC";"JOINVILLE";"202239440008";"3944 - CORONEL ARMANDO";"1.000.000,00";
"07/2022";"83.169.623/0001-10 - MUNICIPIO DE JOINVILLE";"Município";"Pessoa Jurídica";"SC";"JOINVILLE";"202239440007";"3944 - CORONEL ARMANDO";"1.000.000,00";
"08/2023";"83.021.873/0001-08 - MUNICIPIO DE SAO LOURENCO D'OESTE";"Município";"Pessoa Jurídica";"SC";"SÃO LOURENÇO DO OESTE";"202339320001";"3932 - CAROLINE DE TONI";"1.000.000,00";
"07/2024";"83.102.848/0001-59 - MUNICIPIO DE GARUVA";"Município";"Pessoa Jurídica";"SC";"GARUVA";"202439290001";"3929 - CARLOS CHIODINI";"1.000.000,00";
"12/2024";"82.892.365/0001-32 - MUNICIPIO DE PAULO LOPES";"Município";"Pessoa Jurídica";"SC";"PAULO LOPES";"202444930001";"4493 - ZE TROVAO";"1.000.000,00";
"07/2024";"01.608.905/0001-01 - MUNICIPIO DE ERMO";"Município";"Pessoa Jurídica";"SC";"ERMO";"202444010006";"4401 - JULIA ZANATTA";"1.000.000,00";
"07/2024";"82.951.229/0001-76 - ESTADO DE SANTA CATARINA";"Estado ou Distrito Federal";"Pessoa Jurídica";"SC";"FLORIANÓPOLIS";"202443390001";"4339 - DANIELA REINEHR";"1.000.000,00";
"03/2023";"83.009.894/0001-08 - MUNICIPIO DE SAO DOMINGOS";"Município";"Pessoa Jurídica";"SC";"SÃO DOMINGOS";"202239320002";"3932 - CAROLINE DE TONI";"1.000.000,00";
"03/2023";"82.558.909/0001-24 - MUNICIPIO DE LAURO MULLER";"Município";"Pessoa Jurídica";"SC";"LAURO MULLER";"202239490001";"3949 - DANIEL FREITAS";"1.000.000,00";
"08/2023";"83.102.558/0001-05 - MUNICIPIO DE IRINEOPOLIS";"Município";"Pessoa Jurídica";"SC";"IRINEÓPOLIS";"202322100001";"2210 - ESPERIDIAO AMIN";"1.000.000,00";
"12/2023";"95.815.379/0001-02 - MUNICIPIO DE BOMBINHAS";"Município";"Pessoa Jurídica";"SC";"BOMBINHAS";"202339490001";"3949 - DANIEL FREITAS";"1.000.000,00";
"07/2024";"83.102.459/0001-23 - MUNICIPIO DE JARAGUA DO SUL";"Município";"Pessoa Jurídica";"SC";"JARAGUÁ DO SUL";"202439290001";"3929 - CARLOS CHIODINI";"1.000.000,00";
"07/2024";"83.102.277/0001-52 - MUNICIPIO DE ITAJAI";"Município";"Pessoa Jurídica";"SC";"ITAJAÍ";"202439490003";"3949 - DANIEL FREITAS";"1.005.585,00";
"10/2023";"83.169.623/0001-10 - MUNICIPIO DE JOINVILLE";"Município";"Pessoa Jurídica";"SC";"JOINVILLE";"202341290001";"4129 - RODRIGO COELHO";"1.016.262,50";
"10/2023";"95.954.509/0001-80 - MUNICIPIO DE BALNEARIO BARRA DO SUL";"Município";"Pessoa Jurídica";"SC";"BALNEÁRIO BARRA DO SUL";"202341290004";"4129 - RODRIGO COELHO";"1.037.622,75";
"07/2024";"83.102.806/0001-18 - MUNICIPIO DE RIO DOS CEDROS";"Município";"Pessoa Jurídica";"SC";"RIO DOS CEDROS";"202439800001";"3980 - FABIO SCHIOCHET";"1.054.665,87";
"05/2026";"82.939.448/0001-30 - MUNICIPIO DE IBICARE";"Município";"Pessoa Jurídica";"SC";"IBICARÉ";"202632350004";"3235 - GEOVANIA DE SA";"1.094.500,00";
"12/2024";"82.916.800/0001-11 - MUNICIPIO DE ICARA";"Município";"Pessoa Jurídica";"SC";"IÇARA";"202429250006";"2925 - CARMEN ZANOTTO";"1.100.000,00";
"12/2024";"82.892.282/0001-43 - MUNICIPIO DE FLORIANOPOLIS";"Município";"Pessoa Jurídica";"SC";"FLORIANÓPOLIS";"202440620002";"4062 - RICARDO GUIDI";"1.100.000,00";
"07/2024";"83.102.277/0001-52 - MUNICIPIO DE ITAJAI";"Município";"Pessoa Jurídica";"SC";"ITAJAÍ";"202439290001";"3929 - CARLOS CHIODINI";"1.100.000,00";
"12/2023";"83.102.749/0001-77 - MUNICIPIO DE CAMPO ALEGRE";"Município";"Pessoa Jurídica";"SC";"CAMPO ALEGRE";"202339530014";"3953 - DARCI DE MATOS";"1.118.197,75";
"09/2025";"82.765.488/0001-02 - MUNICIPIO DE TAIO";"Município";"Pessoa Jurídica";"SC";"TAIÓ";"202542090003";"4209 - JORGE GOETTEN";"1.188.000,00";
"09/2025";"82.925.652/0001-00 - MUNICIPIO DE SAO JOAO BATISTA";"Município";"Pessoa Jurídica";"SC";"SÃO JOÃO BATISTA";"202540620003";"4062 - RICARDO GUIDI";"1.188.000,00";
"10/2025";"83.009.860/0001-13 - MUNICIPIO DE XANXERE";"Município";"Pessoa Jurídica";"SC";"XANXERÊ";"202543390010";"4339 - DANIELA REINEHR";"1.188.000,00";
"09/2025";"83.021.873/0001-08 - MUNICIPIO DE SAO LOURENCO D'OESTE";"Município";"Pessoa Jurídica";"SC";"SÃO LOURENÇO DO OESTE";"202543250005";"4325 - COBALCHINI";"1.188.000,00";
"06/2026";"83.102.319/0001-55 - MUNICIPIO DE LUIZ ALVES";"Município";"Pessoa Jurídica";"SC";"LUIZ ALVES";"202639290001";"3929 - CARLOS CHIODINI";"1.194.000,00";
"07/2024";"83.108.357/0001-15 - MUNICIPIO DE BLUMENAU";"Município";"Pessoa Jurídica";"SC";"BLUMENAU";"202442090002";"4209 - JORGE GOETTEN";"1.200.000,00";
"07/2024";"82.777.301/0001-90 - MUNICIPIO DE LAGES";"Município";"Pessoa Jurídica";"SC";"LAGES";"202443920007";"4392 - ISMAEL";"1.200.000,00";
"09/2025";"17.243.084/0001-97 - MUNICIPIO DE BALNEARIO RINCAO";"Município";"Pessoa Jurídica";"SC";"BALNEÁRIO RINCÃO";"202540620003";"4062 - RICARDO GUIDI";"1.225.612,08";
"07/2024";"83.009.860/0001-13 - MUNICIPIO DE XANXERE";"Município";"Pessoa Jurídica";"SC";"XANXERÊ";"202443390001";"4339 - DANIELA REINEHR";"1.250.000,00";
"08/2023";"83.102.749/0001-77 - MUNICIPIO DE CAMPO ALEGRE";"Município";"Pessoa Jurídica";"SC";"CAMPO ALEGRE";"202340150002";"4015 - HELIO COSTA";"1.250.000,00";
"08/2023";"82.916.818/0001-13 - MUNICIPIO DE CRICIUMA";"Município";"Pessoa Jurídica";"SC";"CRICIÚMA";"202340620003";"4062 - RICARDO GUIDI";"1.250.000,00";
"10/2023";"82.925.025/0001-60 - MUNICIPIO DE NOVA TRENTO";"Município";"Pessoa Jurídica";"SC";"NOVA TRENTO";"202340150002";"4015 - HELIO COSTA";"1.252.142,50";
"07/2024";"82.951.229/0001-76 - ESTADO DE SANTA CATARINA";"Estado ou Distrito Federal";"Pessoa Jurídica";"SC";"FLORIANÓPOLIS";"202439490003";"3949 - DANIEL FREITAS";"1.300.000,00";
"12/2024";"82.892.357/0001-96 - MUNICIPIO DE RANCHO QUEIMADO";"Município";"Pessoa Jurídica";"SC";"RANCHO QUEIMADO";"202439490003";"3949 - DANIEL FREITAS";"1.305.973,14";
"07/2024";"82.821.190/0001-72 - MUNICIPIO DE MARAVILHA";"Município";"Pessoa Jurídica";"SC";"MARAVILHA";"202443390001";"4339 - DANIELA REINEHR";"1.330.000,00";
"03/2023";"83.169.623/0001-10 - MUNICIPIO DE JOINVILLE";"Município";"Pessoa Jurídica";"SC";"JOINVILLE";"202239440006";"3944 - CORONEL ARMANDO";"1.334.500,00";
"12/2024";"83.021.873/0001-08 - MUNICIPIO DE SAO LOURENCO D'OESTE";"Município";"Pessoa Jurídica";"SC";"SÃO LOURENÇO DO OESTE";"202443250003";"4325 - COBALCHINI";"1.350.792,00";
"08/2023";"83.102.459/0001-23 - MUNICIPIO DE JARAGUA DO SUL";"Município";"Pessoa Jurídica";"SC";"JARAGUÁ DO SUL";"202339290002";"3929 - CARLOS CHIODINI";"1.351.701,00";
"12/2024";"82.836.057/0001-90 - MUNICIPIO DE GAROPABA";"Município";"Pessoa Jurídica";"SC";"GAROPABA";"202443920002";"4392 - ISMAEL";"1.357.582,12";
"07/2024";"82.777.301/0001-90 - MUNICIPIO DE LAGES";"Município";"Pessoa Jurídica";"SC";"LAGES";"202429250006";"2925 - CARMEN ZANOTTO";"1.390.000,00";
"12/2024";"82.558.909/0001-24 - MUNICIPIO DE LAURO MULLER";"Município";"Pessoa Jurídica";"SC";"LAURO MULLER";"202440620002";"4062 - RICARDO GUIDI";"1.431.125,70";
"12/2023";"82.928.664/0001-80 - MUNICIPIO DE ARMAZEM";"Município";"Pessoa Jurídica";"SC";"ARMAZÉM";"202340150002";"4015 - HELIO COSTA";"1.436.190,00";
"12/2024";"82.928.706/0001-82 - MUNICIPIO DE LAGUNA";"Município";"Pessoa Jurídica";"SC";"LAGUNA";"202443920007";"4392 - ISMAEL";"1.450.000,00";
"07/2024";"82.892.282/0001-43 - MUNICIPIO DE FLORIANOPOLIS";"Município";"Pessoa Jurídica";"SC";"FLORIANÓPOLIS";"202422100016";"2210 - ESPERIDIAO AMIN";"1.464.000,00";
"09/2025";"83.102.806/0001-18 - MUNICIPIO DE RIO DOS CEDROS";"Município";"Pessoa Jurídica";"SC";"RIO DOS CEDROS";"202539800001";"3980 - FABIO SCHIOCHET";"1.473.112,08";
"07/2022";"82.777.301/0001-90 - MUNICIPIO DE LAGES";"Município";"Pessoa Jurídica";"SC";"LAGES";"202229250013";"2925 - CARMEN ZANOTTO";"1.473.777,00";
"12/2025";"82.939.232/0001-74 - MUNICIPIO DE CAMPOS NOVOS";"Município";"Pessoa Jurídica";"SC";"CAMPOS NOVOS";"202543250005";"4325 - COBALCHINI";"1.485.000,00";
"09/2025";"83.009.860/0001-13 - MUNICIPIO DE XANXERE";"Município";"Pessoa Jurídica";"SC";"XANXERÊ";"202539320001";"3932 - CAROLINE DE TONI";"1.485.000,00";
"12/2025";"82.892.365/0001-32 - MUNICIPIO DE PAULO LOPES";"Município";"Pessoa Jurídica";"SC";"PAULO LOPES";"202544930004";"4493 - ZE TROVAO";"1.485.000,00";
"05/2026";"83.102.467/0001-70 - MUNICIPIO DE CORUPA";"Município";"Pessoa Jurídica";"SC";"CORUPÁ";"202639290001";"3929 - CARLOS CHIODINI";"1.492.500,00";
"05/2026";"83.000.323/0001-02 - MUNICIPIO DE MORRO DA FUMACA";"Município";"Pessoa Jurídica";"SC";"MORRO DA FUMAÇA";"202644010005";"4401 - JULIA ZANATTA";"1.492.500,00";
"08/2023";"82.892.373/0001-89 - MUNICIPIO DE GOVERNADOR CELSO RAMOS";"Município";"Pessoa Jurídica";"SC";"GOVERNADOR CELSO RAMOS";"202340620003";"4062 - RICARDO GUIDI";"1.500.000,00";
"10/2023";"82.909.409/0001-90 - MUNICIPIO DE IMBITUBA";"Município";"Pessoa Jurídica";"SC";"IMBITUBA";"202339290002";"3929 - CARLOS CHIODINI";"1.500.000,00";
"07/2024";"83.009.860/0001-13 - MUNICIPIO DE XANXERE";"Município";"Pessoa Jurídica";"SC";"XANXERÊ";"202439320001";"3932 - CAROLINE DE TONI";"1.500.000,00";
"08/2023";"82.916.826/0001-60 - MUNICIPIO DE NOVA VENEZA";"Município";"Pessoa Jurídica";"SC";"NOVA VENEZA";"202340620003";"4062 - RICARDO GUIDI";"1.500.000,00";
"03/2023";"83.169.623/0001-10 - MUNICIPIO DE JOINVILLE";"Município";"Pessoa Jurídica";"SC";"JOINVILLE";"202241290001";"4129 - RODRIGO COELHO";"1.500.000,00";
"08/2023";"82.928.698/0001-74 - MUNICIPIO DE JAGUARUNA";"Município";"Pessoa Jurídica";"SC";"JAGUARUNA";"202342510005";"4251 - IVETE DA SILVEIRA";"1.500.000,00";
"08/2023";"82.940.776/0001-56 - MUNICIPIO DE CAIBI";"Município";"Pessoa Jurídica";"SC";"CAIBI";"202322100001";"2210 - ESPERIDIAO AMIN";"1.500.000,00";
"07/2024";"82.562.893/0001-23 - MUNICIPIO DE CANELINHA";"Município";"Pessoa Jurídica";"SC";"CANELINHA";"202444010010";"4401 - JULIA ZANATTA";"1.500.000,00";
"08/2023";"82.916.818/0001-13 - MUNICIPIO DE CRICIUMA";"Município";"Pessoa Jurídica";"SC";"CRICIÚMA";"202322100001";"2210 - ESPERIDIAO AMIN";"1.500.000,00";
"07/2024";"82.836.057/0001-90 - MUNICIPIO DE GAROPABA";"Município";"Pessoa Jurídica";"SC";"GAROPABA";"202444010009";"4401 - JULIA ZANATTA";"1.500.000,00";
"08/2023";"83.169.623/0001-10 - MUNICIPIO DE JOINVILLE";"Município";"Pessoa Jurídica";"SC";"JOINVILLE";"202341290001";"4129 - RODRIGO COELHO";"1.509.011,50";
"07/2022";"81.531.162/0001-58 - MUNICIPIO DE FORQUILHINHA";"Município";"Pessoa Jurídica";"SC";"FORQUILHINHA";"202240620006";"4062 - RICARDO GUIDI";"1.600.000,00";
"07/2024";"83.102.483/0001-62 - MUNICIPIO DE MASSARANDUBA";"Município";"Pessoa Jurídica";"SC";"MASSARANDUBA";"202439290001";"3929 - CARLOS CHIODINI";"1.600.000,00";
"12/2023";"83.102.483/0001-62 - MUNICIPIO DE MASSARANDUBA";"Município";"Pessoa Jurídica";"SC";"MASSARANDUBA";"202341290006";"4129 - RODRIGO COELHO";"1.629.209,00";
"08/2023";"83.021.873/0001-08 - MUNICIPIO DE SAO LOURENCO D'OESTE";"Município";"Pessoa Jurídica";"SC";"SÃO LOURENÇO DO OESTE";"202325690001";"2569 - CELSO MALDANER";"1.629.209,00";
"12/2023";"83.102.848/0001-59 - MUNICIPIO DE GARUVA";"Município";"Pessoa Jurídica";"SC";"GARUVA";"202339440021";"3944 - CORONEL ARMANDO";"1.629.209,00";
"12/2023";"83.102.228/0001-10 - MUNICIPIO DE ARAQUARI";"Município";"Pessoa Jurídica";"SC";"ARAQUARI";"202341290008";"4129 - RODRIGO COELHO";"1.629.209,00";
"12/2023";"82.821.216/0001-82 - MUNICIPIO DE GUARACIABA";"Município";"Pessoa Jurídica";"SC";"GUARACIABA";"202325690017";"2569 - CELSO MALDANER";"1.631.204,75";
"07/2024";"82.892.357/0001-96 - MUNICIPIO DE RANCHO QUEIMADO";"Município";"Pessoa Jurídica";"SC";"RANCHO QUEIMADO";"202439490003";"3949 - DANIEL FREITAS";"1.694.026,86";
"07/2022";"82.916.818/0001-13 - MUNICIPIO DE CRICIUMA";"Município";"Pessoa Jurídica";"SC";"CRICIÚMA";"202239490001";"3949 - DANIEL FREITAS";"1.700.000,00";
"08/2023";"17.243.084/0001-97 - MUNICIPIO DE BALNEARIO RINCAO";"Município";"Pessoa Jurídica";"SC";"BALNEÁRIO RINCÃO";"202340620003";"4062 - RICARDO GUIDI";"1.732.317,00";
"08/2023";"01.511.659/0001-75 - MUNICIPIO DE BALNEARIO GAIVOTA";"Município";"Pessoa Jurídica";"SC";"BALNEÁRIO GAIVOTA";"202339490001";"3949 - DANIEL FREITAS";"1.761.256,00";
"08/2023";"83.102.491/0001-09 - MUNICIPIO DE SCHROEDER";"Município";"Pessoa Jurídica";"SC";"SCHROEDER";"202339290002";"3929 - CARLOS CHIODINI";"1.800.000,00";
"08/2023";"01.511.659/0001-75 - MUNICIPIO DE BALNEARIO GAIVOTA";"Município";"Pessoa Jurídica";"SC";"BALNEÁRIO GAIVOTA";"202332350003";"3235 - GEOVANIA DE SA";"1.815.507,00";
"08/2023";"83.102.749/0001-77 - MUNICIPIO DE CAMPO ALEGRE";"Município";"Pessoa Jurídica";"SC";"CAMPO ALEGRE";"202339530014";"3953 - DARCI DE MATOS";"1.884.395,50";
"09/2023";"82.821.216/0001-82 - MUNICIPIO DE GUARACIABA";"Município";"Pessoa Jurídica";"SC";"GUARACIABA";"202325690017";"2569 - CELSO MALDANER";"1.953.055,25";
"10/2023";"83.102.509/0001-72 - MUNICIPIO DE MAFRA";"Município";"Pessoa Jurídica";"SC";"MAFRA";"202341290005";"4129 - RODRIGO COELHO";"1.959.039,00";
"10/2025";"95.995.247/0001-00 - MUNICIPIO DE ARVOREDO";"Município";"Pessoa Jurídica";"SC";"ARVOREDO";"202543390010";"4339 - DANIELA REINEHR";"1.980.000,00";
"10/2025";"82.909.409/0001-90 - MUNICIPIO DE IMBITUBA";"Município";"Pessoa Jurídica";"SC";"IMBITUBA";"202539490005";"3949 - DANIEL FREITAS";"1.980.000,00";
"09/2025";"82.892.365/0001-32 - MUNICIPIO DE PAULO LOPES";"Município";"Pessoa Jurídica";"SC";"PAULO LOPES";"202544010008";"4401 - JULIA ZANATTA";"1.980.000,00";
"09/2025";"82.925.025/0001-60 - MUNICIPIO DE NOVA TRENTO";"Município";"Pessoa Jurídica";"SC";"NOVA TRENTO";"202544010009";"4401 - JULIA ZANATTA";"1.980.000,00";
"12/2025";"82.562.893/0001-23 - MUNICIPIO DE CANELINHA";"Município";"Pessoa Jurídica";"SC";"CANELINHA";"202544930007";"4493 - ZE TROVAO";"1.980.000,00";
"12/2025";"82.836.057/0001-90 - MUNICIPIO DE GAROPABA";"Município";"Pessoa Jurídica";"SC";"GAROPABA";"202544930006";"4493 - ZE TROVAO";"1.980.000,00";
"09/2025";"82.836.057/0001-90 - MUNICIPIO DE GAROPABA";"Município";"Pessoa Jurídica";"SC";"GAROPABA";"202539490009";"3949 - DANIEL FREITAS";"1.980.000,00";
"09/2025";"16.780.795/0001-38 - MUNICIPIO DE PESCARIA BRAVA";"Município";"Pessoa Jurídica";"SC";"PESCARIA BRAVA";"202539490001";"3949 - DANIEL FREITAS";"1.980.000,00";
"05/2026";"81.531.162/0001-58 - MUNICIPIO DE FORQUILHINHA";"Município";"Pessoa Jurídica";"SC";"FORQUILHINHA";"202639490005";"3949 - DANIEL FREITAS";"1.990.000,00";
"05/2026";"81.531.162/0001-58 - MUNICIPIO DE FORQUILHINHA";"Município";"Pessoa Jurídica";"SC";"FORQUILHINHA";"202632350004";"3235 - GEOVANIA DE SA";"1.990.000,00";
"06/2026";"95.991.261/0001-27 - MUNICIPIO DE SAO CRISTOVAO DO SUL";"Município";"Pessoa Jurídica";"SC";"SÃO CRISTOVÃO DO SUL";"202642090003";"4209 - JORGE GOETTEN";"1.990.000,00";
"06/2026";"82.892.308/0001-53 - MUNICIPIO DE BIGUACU";"Município";"Pessoa Jurídica";"SC";"BIGUAÇU";"202644930017";"4493 - ZE TROVAO";"1.990.000,00";
"05/2026";"83.102.277/0001-52 - MUNICIPIO DE ITAJAI";"Município";"Pessoa Jurídica";"SC";"ITAJAÍ";"202644930004";"4493 - ZE TROVAO";"1.990.000,00";
"05/2026";"82.924.390/0001-50 - MUNICIPIO DE LEOBERTO LEAL";"Município";"Pessoa Jurídica";"SC";"LEOBERTO LEAL";"202639490005";"3949 - DANIEL FREITAS";"1.990.000,00";
"07/2022";"82.892.357/0001-96 - MUNICIPIO DE RANCHO QUEIMADO";"Município";"Pessoa Jurídica";"SC";"RANCHO QUEIMADO";"202239490001";"3949 - DANIEL FREITAS";"2.000.000,00";
"10/2023";"81.531.162/0001-58 - MUNICIPIO DE FORQUILHINHA";"Município";"Pessoa Jurídica";"SC";"FORQUILHINHA";"202340620003";"4062 - RICARDO GUIDI";"2.000.000,00";
"07/2024";"82.892.373/0001-89 - MUNICIPIO DE GOVERNADOR CELSO RAMOS";"Município";"Pessoa Jurídica";"SC";"GOVERNADOR CELSO RAMOS";"202439490003";"3949 - DANIEL FREITAS";"2.000.000,00";
"12/2024";"80.989.965/0001-98 - MUNICIPIO DE SANTA ROSA DO SUL";"Município";"Pessoa Jurídica";"SC";"SANTA ROSA DO SUL";"202439800001";"3980 - FABIO SCHIOCHET";"2.000.000,00";
"08/2023";"82.913.211/0001-80 - MUNICIPIO DE PRAIA GRANDE";"Município";"Pessoa Jurídica";"SC";"PRAIA GRANDE";"202332350003";"3235 - GEOVANIA DE SA";"2.000.000,00";
"12/2023";"82.929.407/0001-62 - MUNICIPIO DE SIDEROPOLIS";"Município";"Pessoa Jurídica";"SC";"SIDERÓPOLIS";"202339490001";"3949 - DANIEL FREITAS";"2.000.000,00";
"07/2024";"82.925.025/0001-60 - MUNICIPIO DE NOVA TRENTO";"Município";"Pessoa Jurídica";"SC";"NOVA TRENTO";"202444010011";"4401 - JULIA ZANATTA";"2.000.000,00";
"07/2024";"83.102.806/0001-18 - MUNICIPIO DE RIO DOS CEDROS";"Município";"Pessoa Jurídica";"SC";"RIO DOS CEDROS";"202444480002";"4448 - PEZENTI";"2.000.000,00";
"12/2024";"82.562.893/0001-23 - MUNICIPIO DE CANELINHA";"Município";"Pessoa Jurídica";"SC";"CANELINHA";"202439490003";"3949 - DANIEL FREITAS";"2.000.000,00";
"07/2024";"82.562.893/0001-23 - MUNICIPIO DE CANELINHA";"Município";"Pessoa Jurídica";"SC";"CANELINHA";"202443920001";"4392 - ISMAEL";"2.000.000,00";
"12/2024";"82.915.026/0001-24 - MUNICIPIO DE MARACAJA";"Município";"Pessoa Jurídica";"SC";"MARACAJÁ";"202439800001";"3980 - FABIO SCHIOCHET";"2.000.000,00";
"07/2024";"17.243.084/0001-97 - MUNICIPIO DE BALNEARIO RINCAO";"Município";"Pessoa Jurídica";"SC";"BALNEÁRIO RINCÃO";"202440620002";"4062 - RICARDO GUIDI";"2.021.791,00";
"10/2023";"82.892.274/0001-05 - MUNICIPIO DE SAO JOSE";"Município";"Pessoa Jurídica";"SC";"SÃO JOSÉ";"202339490001";"3949 - DANIEL FREITAS";"2.130.628,00";
"12/2023";"83.102.806/0001-18 - MUNICIPIO DE RIO DOS CEDROS";"Município";"Pessoa Jurídica";"SC";"RIO DOS CEDROS";"202339800001";"3980 - FABIO SCHIOCHET";"2.161.225,00";
"12/2025";"83.169.623/0001-10 - MUNICIPIO DE JOINVILLE";"Município";"Pessoa Jurídica";"SC";"JOINVILLE";"202544930003";"4493 - ZE TROVAO";"2.253.225,15";
"07/2024";"83.074.302/0001-31 - MUNICIPIO DE CACADOR";"Município";"Pessoa Jurídica";"SC";"CAÇADOR";"202443250003";"4325 - COBALCHINI";"2.385.000,00";
"10/2023";"82.892.274/0001-05 - MUNICIPIO DE SAO JOSE";"Município";"Pessoa Jurídica";"SC";"SÃO JOSÉ";"202337860004";"3786 - DARIO BERGER";"2.389.543,00";
"12/2024";"82.916.818/0001-13 - MUNICIPIO DE CRICIUMA";"Município";"Pessoa Jurídica";"SC";"CRICIÚMA";"202440620002";"4062 - RICARDO GUIDI";"2.400.000,00";
"08/2023";"82.562.893/0001-23 - MUNICIPIO DE CANELINHA";"Município";"Pessoa Jurídica";"SC";"CANELINHA";"202340150002";"4015 - HELIO COSTA";"2.500.000,00";
"12/2023";"82.928.706/0001-82 - MUNICIPIO DE LAGUNA";"Município";"Pessoa Jurídica";"SC";"LAGUNA";"202340150002";"4015 - HELIO COSTA";"2.500.000,00";
"07/2024";"82.836.057/0001-90 - MUNICIPIO DE GAROPABA";"Município";"Pessoa Jurídica";"SC";"GAROPABA";"202444930001";"4493 - ZE TROVAO";"2.522.286,37";
"10/2023";"83.102.749/0001-77 - MUNICIPIO DE CAMPO ALEGRE";"Município";"Pessoa Jurídica";"SC";"CAMPO ALEGRE";"202339530014";"3953 - DARCI DE MATOS";"2.747.406,75";
"10/2023";"83.102.806/0001-18 - MUNICIPIO DE RIO DOS CEDROS";"Município";"Pessoa Jurídica";"SC";"RIO DOS CEDROS";"202339800001";"3980 - FABIO SCHIOCHET";"2.838.775,00";
"09/2025";"16.780.795/0001-38 - MUNICIPIO DE PESCARIA BRAVA";"Município";"Pessoa Jurídica";"SC";"PESCARIA BRAVA";"202544930002";"4493 - ZE TROVAO";"2.970.000,00";
"08/2023";"82.916.818/0001-13 - MUNICIPIO DE CRICIUMA";"Município";"Pessoa Jurídica";"SC";"CRICIÚMA";"202339490001";"3949 - DANIEL FREITAS";"2.977.488,00";
"05/2026";"82.821.190/0001-72 - MUNICIPIO DE MARAVILHA";"Município";"Pessoa Jurídica";"SC";"MARAVILHA";"202643390009";"4339 - DANIELA REINEHR";"2.985.000,00";
"05/2026";"95.815.379/0001-02 - MUNICIPIO DE BOMBINHAS";"Município";"Pessoa Jurídica";"SC";"BOMBINHAS";"202644930015";"4493 - ZE TROVAO";"2.985.000,00";
"05/2026";"82.892.274/0001-05 - MUNICIPIO DE SAO JOSE";"Município";"Pessoa Jurídica";"SC";"SÃO JOSÉ";"202644930011";"4493 - ZE TROVAO";"2.985.000,00";
"07/2024";"81.531.162/0001-58 - MUNICIPIO DE FORQUILHINHA";"Município";"Pessoa Jurídica";"SC";"FORQUILHINHA";"202440620002";"4062 - RICARDO GUIDI";"3.000.000,00";
"08/2023";"17.243.084/0001-97 - MUNICIPIO DE BALNEARIO RINCAO";"Município";"Pessoa Jurídica";"SC";"BALNEÁRIO RINCÃO";"202339490001";"3949 - DANIEL FREITAS";"3.000.000,00";
"07/2024";"82.951.229/0001-76 - ESTADO DE SANTA CATARINA";"Estado ou Distrito Federal";"Pessoa Jurídica";"SC";"FLORIANÓPOLIS";"202442730001";"4273 - JORGE SEIF";"3.000.000,00";
"12/2024";"82.836.057/0001-90 - MUNICIPIO DE GAROPABA";"Município";"Pessoa Jurídica";"SC";"GAROPABA";"202439490003";"3949 - DANIEL FREITAS";"3.000.000,00";
"08/2023";"82.913.211/0001-80 - MUNICIPIO DE PRAIA GRANDE";"Município";"Pessoa Jurídica";"SC";"PRAIA GRANDE";"202339800001";"3980 - FABIO SCHIOCHET";"3.025.850,00";
"08/2023";"82.562.893/0001-23 - MUNICIPIO DE CANELINHA";"Município";"Pessoa Jurídica";"SC";"CANELINHA";"202339530001";"3953 - DARCI DE MATOS";"3.258.418,00";
"07/2024";"01.511.659/0001-75 - MUNICIPIO DE BALNEARIO GAIVOTA";"Município";"Pessoa Jurídica";"SC";"BALNEÁRIO GAIVOTA";"202439490003";"3949 - DANIEL FREITAS";"3.432.000,00";
"12/2024";"82.836.057/0001-90 - MUNICIPIO DE GAROPABA";"Município";"Pessoa Jurídica";"SC";"GAROPABA";"202444930001";"4493 - ZE TROVAO";"3.477.713,63";
"07/2022";"83.102.475/0001-16 - MUNICIPIO DE GUARAMIRIM";"Município";"Pessoa Jurídica";"SC";"GUARAMIRIM";"202239800001";"3980 - FABIO SCHIOCHET";"3.549.682,00";
"08/2023";"83.169.623/0001-10 - MUNICIPIO DE JOINVILLE";"Município";"Pessoa Jurídica";"SC";"JOINVILLE";"202339440018";"3944 - CORONEL ARMANDO";"4.073.023,00";
"07/2022";"83.021.808/0001-82 - MUNICIPIO DE CHAPECO";"Município";"Pessoa Jurídica";"SC";"CHAPECÓ";"202239320002";"3932 - CAROLINE DE TONI";"4.259.841,00";
"08/2023";"82.928.656/0001-33 - MUNICIPIO DE TUBARAO";"Município";"Pessoa Jurídica";"SC";"TUBARÃO";"202337860004";"3786 - DARIO BERGER";"4.800.000,00";
"10/2023";"82.892.274/0001-05 - MUNICIPIO DE SAO JOSE";"Município";"Pessoa Jurídica";"SC";"SÃO JOSÉ";"202337860018";"3786 - DARIO BERGER";"4.800.000,00";
"12/2023";"83.102.293/0001-45 - MUNICIPIO DE CAMBORIU";"Município";"Pessoa Jurídica";"SC";"CAMBORIÚ";"202328560003";"2856 - ROGERIO PENINHA MENDONCA";"4.814.980,00";
"09/2025";"81.531.162/0001-58 - MUNICIPIO DE FORQUILHINHA";"Município";"Pessoa Jurídica";"SC";"FORQUILHINHA";"202539800001";"3980 - FABIO SCHIOCHET";"4.950.000,00";
"08/2023";"81.531.162/0001-58 - MUNICIPIO DE FORQUILHINHA";"Município";"Pessoa Jurídica";"SC";"FORQUILHINHA";"202339800001";"3980 - FABIO SCHIOCHET";"5.000.000,00";
"05/2026";"95.782.793/0001-54 - MUNICIPIO DE PASSO DE TORRES";"Município";"Pessoa Jurídica";"SC";"PASSO DE TORRES";"202639490005";"3949 - DANIEL FREITAS";"5.472.500,00";
"08/2023";"82.821.190/0001-72 - MUNICIPIO DE MARAVILHA";"Município";"Pessoa Jurídica";"SC";"MARAVILHA";"202325690025";"2569 - CELSO MALDANER";"5.547.289,00";
"06/2026";"83.169.623/0001-10 - MUNICIPIO DE JOINVILLE";"Município";"Pessoa Jurídica";"SC";"JOINVILLE";"202642510003";"4251 - IVETE DA SILVEIRA";"5.791.745,64";
"12/2023";"82.928.706/0001-82 - MUNICIPIO DE LAGUNA";"Município";"Pessoa Jurídica";"SC";"LAGUNA";"202339530009";"3953 - DARCI DE MATOS";"5.839.588,00";
"07/2024";"82.562.893/0001-23 - MUNICIPIO DE CANELINHA";"Município";"Pessoa Jurídica";"SC";"CANELINHA";"202444930001";"4493 - ZE TROVAO";"6.000.000,00";
"08/2023";"83.169.623/0001-10 - MUNICIPIO DE JOINVILLE";"Município";"Pessoa Jurídica";"SC";"JOINVILLE";"202341290003";"4129 - RODRIGO COELHO";"6.516.837,00";
"12/2023";"82.892.274/0001-05 - MUNICIPIO DE SAO JOSE";"Município";"Pessoa Jurídica";"SC";"SÃO JOSÉ";"202337860004";"3786 - DARIO BERGER";"7.189.543,00";
"09/2025";"83.169.623/0001-10 - MUNICIPIO DE JOINVILLE";"Município";"Pessoa Jurídica";"SC";"JOINVILLE";"202542510003";"4251 - IVETE DA SILVEIRA";"8.415.000,00";
"09/2025";"82.777.301/0001-90 - MUNICIPIO DE LAGES";"Município";"Pessoa Jurídica";"SC";"LAGES";"202529250007";"2925 - GEOVANIA DE SA (EX-PARLAMENTAR CARMEN ZANOTTO, NOS TERMOS ART. 78 LDO 2025 E DA MENSAGEM 95-CN, DE 06.11.25)";"8.958.277,35";
"08/2023";"82.892.274/0001-05 - MUNICIPIO DE SAO JOSE";"Município";"Pessoa Jurídica";"SC";"SÃO JOSÉ";"202337860018";"3786 - DARIO BERGER";"9.579.086,00";
"07/2024";"81.531.162/0001-58 - MUNICIPIO DE FORQUILHINHA";"Município";"Pessoa Jurídica";"SC";"FORQUILHINHA";"202439800001";"3980 - FABIO SCHIOCHET";"9.750.000,00";
"09/2025";"82.892.282/0001-43 - MUNICIPIO DE FLORIANOPOLIS";"Município";"Pessoa Jurídica";"SC";"FLORIANÓPOLIS";"202542510003";"4251 - IVETE DA SILVEIRA";"9.900.000,00";
"05/2026";"82.892.282/0001-43 - MUNICIPIO DE FLORIANOPOLIS";"Município";"Pessoa Jurídica";"SC";"FLORIANÓPOLIS";"202642510003";"4251 - IVETE DA SILVEIRA";"9.950.000,00";
