Código do Plano de Ação;Código da Emenda;Nome do Município;Autor da Emenda;CNPJ do beneficiário do pagamento;Razão Social;Valor Total Pago
09032022-019905;202239320002;MUNICIPIO DE ITA;Caroline de Toni;70766430001680;ARP RESGATE COMERCIO DE EQUIPAMENTOS DE SEGURANCA LTDA;38497.9
09032022-019905;202239320002;MUNICIPIO DE ITA;Caroline de Toni;39285110001660;S.O.S SUL RESGATE - COMERCIO E SERVICOS DE SEGURANCA E;29679.230000000003
09032022-019905;202239320002;MUNICIPIO DE ITA;Caroline de Toni;76267760001600;CIRURGICA SAO FELIPE PRODUTOS PARA SAUDE LTDA;1007.76
09032022-019905;202239320002;MUNICIPIO DE ITA;Caroline de Toni;40951590001980;MAKAI EQUIPAMENTOS E SERVICOS PARA BOMBEIROS LTDA;19600.0
09032022-019905;202239320002;MUNICIPIO DE ITA;Caroline de Toni;26550930002070;COUTOFLEX INDUSTRIA DE MANGUEIRAS LTDA;32448.76
09032022-019905;202239320002;MUNICIPIO DE ITA;Caroline de Toni;36207160001800;CMOS DRAKE S.A;4432.17
09032023-039027;202342510010;MUNICIPIO DE ITA;Ivete da Silveira;44066600001280;TERRAMAXX CONSTRUCOES LTDA;4256.01
0903-004433;202025690009;MUNICIPIO DE TUNAPOLIS;Celso Maldaner;24232630001390;ROLEPECAS PECAS E ROLAMENTOS LTDA;12444.71
0903-004433;202025690009;MUNICIPIO DE TUNAPOLIS;Celso Maldaner;26784280001130;LAGB ACESSORIOS E PECAS LTDA;3514.7000000000003
0903-004433;202025690009;MUNICIPIO DE TUNAPOLIS;Celso Maldaner;68899770001980;RODA BRASIL PNEUS LTDA;16160.0
0903-003948;202041850004;MUNICIPIO DE TUNAPOLIS;Jorginho Mello;24232630001390;ROLEPECAS PECAS E ROLAMENTOS LTDA;12444.71
0903-003948;202041850004;MUNICIPIO DE TUNAPOLIS;Jorginho Mello;26784280001130;LAGB ACESSORIOS E PECAS LTDA;3514.7000000000003
0903-003948;202041850004;MUNICIPIO DE TUNAPOLIS;Jorginho Mello;68899770001980;RODA BRASIL PNEUS LTDA;16160.0
09032023-033073;202328550022;MUNICIPIO DE TUNAPOLIS;Pedro Uczai;50636530010240;ENGEPECAS EQUIPAMENTOS LTDA.;382356.0
09032023-033073;202328550022;MUNICIPIO DE TUNAPOLIS;Pedro Uczai;60203180001100;"VOLKSWAGEN TRUCK &amp; BUS INDUSTRIA E COMERCIO DE VEICULOS";584402.0
0903-004346;202022100018;MUNICIPIO DE PRESIDENTE NEREU;Esperidião Amin;03603050001040;CAIXA ECONOMICA FEDERAL;73.15
0903-004346;202022100018;MUNICIPIO DE PRESIDENTE NEREU;Esperidião Amin;58980110001540;J C CONSTRUCOES E PAVIMENTACOES LTDA;133756.18
09032021-010439;202128560001;MUNICIPIO DE PRESIDENTE NEREU;Rogério Peninha Mendonça;00000000084622;PEDRO CAETANO DA SILVA;317184.0
09032021-010439;202128560001;MUNICIPIO DE PRESIDENTE NEREU;Rogério Peninha Mendonça;03603050001040;CAIXA ECONOMICA FEDERAL;31.9
09032022-018219;202228560001;MUNICIPIO DE PRESIDENTE NEREU;Rogério Peninha Mendonça;32330690001530;VALFERTIL MAQUINAS AGRICOLAS LTDA;329000.0
09032022-018219;202228560001;MUNICIPIO DE PRESIDENTE NEREU;Rogério Peninha Mendonça;03603050001040;CAIXA ECONOMICA FEDERAL;22.0
09032026-096344;202640620003;MUNICIPIO DE PRESIDENTE NEREU;Ricardo Guidi;00000000000191;BANCO DO BRASIL SA;398000.0
0903-004702;202018800013;MUNICIPIO DE PINHALZINHO;Angela Amin;03603050001040;CAIXA ECONOMICA FEDERAL;40.45
09032021-010972;202132350006;MUNICIPIO DE ICARA;Geovania De Sá;58956350001180;JR CONSTRUCOES E TERRAPLENAGEM LTDA EPP;196453.16
09032022-017147;202218800004;MUNICIPIO DE ICARA;Angela Amin;03603050001040;CAIXA ECONOMICA FEDERAL;36.0
09032022-020038;202239490001;MUNICIPIO DE ICARA;Daniel Freitas;03603050001040;CAIXA ECONOMICA FEDERAL;36.0
09032022-020244;202239800001;MUNICIPIO DE ICARA;Fabio Schiochet;03603050001040;CAIXA ECONOMICA FEDERAL;36.0
09032023-031258;202332350003;MUNICIPIO DE ICARA;Geovania De Sá;03603050001040;CAIXA ECONOMICA FEDERAL;202.0
09032023-031258;202332350003;MUNICIPIO DE ICARA;Geovania De Sá;58956350001180;JR CONSTRUCOES E TERRAPLENAGEM LTDA EPP;1283651.06
09032023-032875;202329250001;MUNICIPIO DE ICARA;Carmen Zanotto;03603050001040;CAIXA ECONOMICA FEDERAL;202.0
09032023-032875;202329250001;MUNICIPIO DE ICARA;Carmen Zanotto;58956350001180;JR CONSTRUCOES E TERRAPLENAGEM LTDA EPP;1283651.06
09032023-038051;202340620003;MUNICIPIO DE ICARA;Ricardo Guidi;03603050001040;CAIXA ECONOMICA FEDERAL;202.0
09032023-038051;202340620003;MUNICIPIO DE ICARA;Ricardo Guidi;58956350001180;JR CONSTRUCOES E TERRAPLENAGEM LTDA EPP;1283651.06
09032023-2-041696;202342510010;MUNICIPIO DE ICARA;Ivete da Silveira;03603050001040;CAIXA ECONOMICA FEDERAL;202.0
09032023-2-041696;202342510010;MUNICIPIO DE ICARA;Ivete da Silveira;58956350001180;JR CONSTRUCOES E TERRAPLENAGEM LTDA EPP;1283651.06
09032023-034415;202322100001;MUNICIPIO DE ICARA;Esperidião Amin;03603050001040;CAIXA ECONOMICA FEDERAL;202.0
09032023-034415;202322100001;MUNICIPIO DE ICARA;Esperidião Amin;58956350001180;JR CONSTRUCOES E TERRAPLENAGEM LTDA EPP;1283651.06
09032024-067056;202429250006;MUNICIPIO DE ICARA;Carmen Zanotto;03603050001040;CAIXA ECONOMICA FEDERAL;36.0
09032024-067056;202429250006;MUNICIPIO DE ICARA;Carmen Zanotto;74403090001410;OLIVTUR TRANSPORTES LTDA;7729.96
09032024-074002;202442730001;MUNICIPIO DE CAPIVARI DE BAIXO;Jorge Seif;03603050001040;CAIXA ECONOMICA FEDERAL;48.0
09032024-074002;202442730001;MUNICIPIO DE CAPIVARI DE BAIXO;Jorge Seif;45684380001210;ORMIRO JOSE DA SILVA;9530.0
0903-003704;202022100018;MUNICIPIO DE SEARA;Esperidião Amin;44066600001280;TERRAMAX - CONSTRUCOES E OBRAS LTDA;142348.09
09032021-011965;202139320005;MUNICIPIO DE SEARA;Caroline de Toni;03603050001040;CAIXA ECONOMICA FEDERAL;31.349999999999998
09032023-032865;202329250001;MUNICIPIO DE SEARA;Carmen Zanotto;03603050001040;CAIXA ECONOMICA FEDERAL;46522.24
09032023-032865;202329250001;MUNICIPIO DE SEARA;Carmen Zanotto;09134430001730;RENAULT DO BRASIL LTDA.;197279.89
09032023-034162;202318800004;MUNICIPIO DE SEARA;Angela Amin;03603050001040;CAIXA ECONOMICA FEDERAL;46522.24
09032023-034162;202318800004;MUNICIPIO DE SEARA;Angela Amin;09134430001730;RENAULT DO BRASIL LTDA.;197279.89
09032023-034402;202322100001;MUNICIPIO DE SEARA;Esperidião Amin;03603050001040;CAIXA ECONOMICA FEDERAL;46522.24
09032023-034402;202322100001;MUNICIPIO DE SEARA;Esperidião Amin;09134430001730;RENAULT DO BRASIL LTDA.;197279.89
0903-003366;202022100018;MUNICIPIO DE GASPAR;Esperidião Amin;97217290001210;G D C DA SILVA COSTA LTDA;171500.0
0903-004359;202028560001;MUNICIPIO DE GASPAR;Rogério Peninha Mendonça;97217290001210;G D C DA SILVA COSTA LTDA;171500.0
09032021-009470;202118800011;MUNICIPIO DE GASPAR;Angela Amin;19249960001940;BRITAGEM GASPAR LTDA;960.0
09032021-009470;202118800011;MUNICIPIO DE GASPAR;Angela Amin;03603050001040;CAIXA ECONOMICA FEDERAL;62.16
09032021-009470;202118800011;MUNICIPIO DE GASPAR;Angela Amin;05560520001490;PREMOCON ARTEFATOS DE CONCRETO LTDA;1929.61
09032022-014121;202232350003;MUNICIPIO DE GASPAR;Geovania De Sá;03603050001040;CAIXA ECONOMICA FEDERAL;26.8
09032022-016330;202239530001;MUNICIPIO DE GASPAR;Darci de Matos;03603050001040;CAIXA ECONOMICA FEDERAL;26.8
09032023-033063;202328550022;MUNICIPIO DE GASPAR;Pedro Uczai;03603050001040;CAIXA ECONOMICA FEDERAL;12.0
09032023-034153;202318800004;MUNICIPIO DE GASPAR;Angela Amin;03603050001040;CAIXA ECONOMICA FEDERAL;12.0
09032024-069070;202422100016;MUNICIPIO DE GASPAR;Esperidião Amin;03603050001040;CAIXA ECONOMICA FEDERAL;9.6
09032024-069070;202422100016;MUNICIPIO DE GASPAR;Esperidião Amin;10092660001680;EDUTTECH SOLUCOES LTDA;296355.54000000004
09032021-010434;202128560001;MUNICIPIO DE GASPAR;Rogério Peninha Mendonça;19249960001940;BRITAGEM GASPAR LTDA;960.0
09032021-010434;202128560001;MUNICIPIO DE GASPAR;Rogério Peninha Mendonça;03603050001040;CAIXA ECONOMICA FEDERAL;62.16
09032021-010434;202128560001;MUNICIPIO DE GASPAR;Rogério Peninha Mendonça;05560520001490;PREMOCON ARTEFATOS DE CONCRETO LTDA;1929.61
09032026-097324;202643390009;MUNICIPIO DE GASPAR;Daniela Reinehr;00000000000191;BANCO DO BRASIL SA;348250.0
09032026-095734;202639290001;MUNICIPIO DE GASPAR;Carlos Chiodini;00000000000191;BANCO DO BRASIL SA;547250.0
0903-004600;202028560001;MUNICIPIO DE TROMBUDO CENTRAL;Rogério Peninha Mendonça;74556590001810;LZK CONSTRUTORA LTDA;278897.91
0903-004600;202028560001;MUNICIPIO DE TROMBUDO CENTRAL;Rogério Peninha Mendonça;03603050001040;CAIXA ECONOMICA FEDERAL;30.0
09032021-010442;202128560001;MUNICIPIO DE TROMBUDO CENTRAL;Rogério Peninha Mendonça;03603050001040;CAIXA ECONOMICA FEDERAL;63.8
09032021-010442;202128560001;MUNICIPIO DE TROMBUDO CENTRAL;Rogério Peninha Mendonça;74556590001810;LZK CONSTRUTORA LTDA;431549.37
09032021-011506;202137860003;MUNICIPIO DE TROMBUDO CENTRAL;Dário Berger;03603050001040;CAIXA ECONOMICA FEDERAL;63.8
09032021-011506;202137860003;MUNICIPIO DE TROMBUDO CENTRAL;Dário Berger;74556590001810;LZK CONSTRUTORA LTDA;431549.37
09032021-012118;202139530003;MUNICIPIO DE TROMBUDO CENTRAL;Darci de Matos;03603050001040;CAIXA ECONOMICA FEDERAL;63.8
09032021-012118;202139530003;MUNICIPIO DE TROMBUDO CENTRAL;Darci de Matos;74556590001810;LZK CONSTRUTORA LTDA;431549.37
09032022-018225;202228560001;MUNICIPIO DE TROMBUDO CENTRAL;Rogério Peninha Mendonça;03603050001040;CAIXA ECONOMICA FEDERAL;11.0
09032022-018225;202228560001;MUNICIPIO DE TROMBUDO CENTRAL;Rogério Peninha Mendonça;61459280001400;CONSTRUCAO CIVIL M G LTDA;422914.26
09032022-017383;202222100001;MUNICIPIO DE TROMBUDO CENTRAL;Esperidião Amin;03603050001040;CAIXA ECONOMICA FEDERAL;11.0
09032022-017383;202222100001;MUNICIPIO DE TROMBUDO CENTRAL;Esperidião Amin;61459280001400;CONSTRUCAO CIVIL M G LTDA;422914.26
09032023-034164;202318800004;MUNICIPIO DE TROMBUDO CENTRAL;Angela Amin;03603050001040;CAIXA ECONOMICA FEDERAL;111.0
09032023-034164;202318800004;MUNICIPIO DE TROMBUDO CENTRAL;Angela Amin;74556590001810;LZK CONSTRUTORA LTDA;1009914.5399999999
09032023-034164;202318800004;MUNICIPIO DE TROMBUDO CENTRAL;Angela Amin;61459280001400;CONSTRUCAO CIVIL M G LTDA;256448.19
09032023-034404;202322100001;MUNICIPIO DE TROMBUDO CENTRAL;Esperidião Amin;03603050001040;CAIXA ECONOMICA FEDERAL;111.0
09032023-034404;202322100001;MUNICIPIO DE TROMBUDO CENTRAL;Esperidião Amin;74556590001810;LZK CONSTRUTORA LTDA;1009914.5399999999
09032023-034404;202322100001;MUNICIPIO DE TROMBUDO CENTRAL;Esperidião Amin;61459280001400;CONSTRUCAO CIVIL M G LTDA;256448.19
09032023-035171;202328560017;MUNICIPIO DE TROMBUDO CENTRAL;Rogério Peninha Mendonça;03603050001040;CAIXA ECONOMICA FEDERAL;111.0
09032023-035171;202328560017;MUNICIPIO DE TROMBUDO CENTRAL;Rogério Peninha Mendonça;74556590001810;LZK CONSTRUTORA LTDA;1009914.5399999999
09032023-035171;202328560017;MUNICIPIO DE TROMBUDO CENTRAL;Rogério Peninha Mendonça;61459280001400;CONSTRUCAO CIVIL M G LTDA;256448.19
09032023-2-041957;202328560017;MUNICIPIO DE TROMBUDO CENTRAL;Rogério Peninha Mendonça;03603050001040;CAIXA ECONOMICA FEDERAL;111.0
09032023-2-041957;202328560017;MUNICIPIO DE TROMBUDO CENTRAL;Rogério Peninha Mendonça;74556590001810;LZK CONSTRUTORA LTDA;1009914.5399999999
09032023-2-041957;202328560017;MUNICIPIO DE TROMBUDO CENTRAL;Rogério Peninha Mendonça;61459280001400;CONSTRUCAO CIVIL M G LTDA;256448.19
09032024-069309;202490550002;MUNICIPIO DE TROMBUDO CENTRAL;Gilson Marques;58086280001310;SAMUEL PADOVAM;3123.95
09032024-069309;202490550002;MUNICIPIO DE TROMBUDO CENTRAL;Gilson Marques;03603050001040;CAIXA ECONOMICA FEDERAL;240.0
09032024-069309;202490550002;MUNICIPIO DE TROMBUDO CENTRAL;Gilson Marques;82210470001970;ACHEI INDUSTRIA DE MOVEIS LTDA;2064.9300000000003
09032024-075080;202444480002;MUNICIPIO DE TROMBUDO CENTRAL;Pezenti;61459280001400;CONSTRUCAO CIVIL M G LTDA;29573.22
09032024-075080;202444480002;MUNICIPIO DE TROMBUDO CENTRAL;Pezenti;03603050001040;CAIXA ECONOMICA FEDERAL;12.0
09032026-096349;202640620003;MUNICIPIO DE TROMBUDO CENTRAL;Ricardo Guidi;00000000000191;BANCO DO BRASIL SA;497500.0
09032023-037006;202339290002;MUNICIPIO DE ITAPOA;Carlos Chiodini;03603050001040;CAIXA ECONOMICA FEDERAL;12.0
09032024-074487;202443390001;MUNICIPIO DE ITAPOA;Daniela Reinehr;03603050001040;CAIXA ECONOMICA FEDERAL;24.0
09032021-010448;202128560001;MUNICIPIO DE LAURENTINO;Rogério Peninha Mendonça;03603050001040;CAIXA ECONOMICA FEDERAL;340.3499999999999
09032021-010448;202128560001;MUNICIPIO DE LAURENTINO;Rogério Peninha Mendonça;81829520001850;MINERACAO TREVO INDUSTRIA E COMERCIO DE PEDRA ARDOSIA LTDA;9594.0
09032021-010448;202128560001;MUNICIPIO DE LAURENTINO;Rogério Peninha Mendonça;61459280001400;CONSTRUCAO CIVIL M G LTDA;343524.37
09032021-010448;202128560001;MUNICIPIO DE LAURENTINO;Rogério Peninha Mendonça;32221660001400;COMERCIAL DACLANDE LTDA;31739.71
09032021-010448;202128560001;MUNICIPIO DE LAURENTINO;Rogério Peninha Mendonça;03944600058870;MINISTERIO DA FAZENDA;13475.63
09032021-012251;202139800001;MUNICIPIO DE LAURENTINO;Fabio Schiochet;03603050001040;CAIXA ECONOMICA FEDERAL;340.3499999999999
09032021-012251;202139800001;MUNICIPIO DE LAURENTINO;Fabio Schiochet;81829520001850;MINERACAO TREVO INDUSTRIA E COMERCIO DE PEDRA ARDOSIA LTDA;9594.0
09032021-012251;202139800001;MUNICIPIO DE LAURENTINO;Fabio Schiochet;61459280001400;CONSTRUCAO CIVIL M G LTDA;343524.37
09032021-012251;202139800001;MUNICIPIO DE LAURENTINO;Fabio Schiochet;32221660001400;COMERCIAL DACLANDE LTDA;31739.71
09032021-012251;202139800001;MUNICIPIO DE LAURENTINO;Fabio Schiochet;03944600058870;MINISTERIO DA FAZENDA;13475.63
09032022-016137;202237860003;MUNICIPIO DE LAURENTINO;Dário Berger;03944600033290;MINISTERIO DA FAZENDA;4622.2699999999995
09032022-016137;202237860003;MUNICIPIO DE LAURENTINO;Dário Berger;81829520001850;MINERACAO TREVO INDUSTRIA E COMERCIO DE PEDRA ARDOSIA L;4950.0
09032022-016137;202237860003;MUNICIPIO DE LAURENTINO;Dário Berger;32221660001400;COMERCIAL DACLANDE LTDA;8669.7
09032022-018233;202228560001;MUNICIPIO DE LAURENTINO;Rogério Peninha Mendonça;03944600033290;MINISTERIO DA FAZENDA;4622.2699999999995
09032022-018233;202228560001;MUNICIPIO DE LAURENTINO;Rogério Peninha Mendonça;81829520001850;MINERACAO TREVO INDUSTRIA E COMERCIO DE PEDRA ARDOSIA L;4950.0
09032022-018233;202228560001;MUNICIPIO DE LAURENTINO;Rogério Peninha Mendonça;32221660001400;COMERCIAL DACLANDE LTDA;8669.7
09032023-035173;202328560019;MUNICIPIO DE LAURENTINO;Rogério Peninha Mendonça;24486590001300;CONSTRURIO EMPREITEIRA DE MAO DE OBRA LTDA;139339.92
0903-004783;202018800013;MUNICIPIO DE TIMBO;Angela Amin;78843000001200;ROHR MAQUINAS LTDA;493506.0
0903-004783;202018800013;MUNICIPIO DE TIMBO;Angela Amin;36209270001120;PAVIPLAN PAVIMENTACAO LTDA;450000.0
0903-003611;202041850004;MUNICIPIO DE TIMBO;Jorginho Mello;78843000001200;ROHR MAQUINAS LTDA;493506.0
0903-003611;202041850004;MUNICIPIO DE TIMBO;Jorginho Mello;36209270001120;PAVIPLAN PAVIMENTACAO LTDA;450000.0
0903-004088;202028560001;MUNICIPIO DE TIMBO;Rogério Peninha Mendonça;78843000001200;ROHR MAQUINAS LTDA;493506.0
0903-004088;202028560001;MUNICIPIO DE TIMBO;Rogério Peninha Mendonça;36209270001120;PAVIPLAN PAVIMENTACAO LTDA;450000.0
0903-004192;202022100018;MUNICIPIO DE TIMBO;Esperidião Amin;78843000001200;ROHR MAQUINAS LTDA;493506.0
0903-004192;202022100018;MUNICIPIO DE TIMBO;Esperidião Amin;36209270001120;PAVIPLAN PAVIMENTACAO LTDA;450000.0
09032022-016338;202239530001;MUNICIPIO DE TIMBO;Darci de Matos;54576290001890;P.R.P BORGES COMERCIO LTDA;3782.06
09032022-016338;202239530001;MUNICIPIO DE TIMBO;Darci de Matos;39285110001660;S.O.S SUL RESGATE - COMERCIO E SERVICOS DE SEGURANCA E SINALIZACAO LTDA;129181.0
09032022-021952;202290550001;MUNICIPIO DE TIMBO;Gilson Marques;54576290001890;P.R.P BORGES COMERCIO LTDA;3782.06
09032022-021952;202290550001;MUNICIPIO DE TIMBO;Gilson Marques;39285110001660;S.O.S SUL RESGATE - COMERCIO E SERVICOS DE SEGURANCA E SINALIZACAO LTDA;129181.0
09032026-089612;202632350004;MUNICIPIO DE TIMBO;Geovania De Sá;00000000000191;BANCO DO BRASIL SA;398000.0
0903-003229;202028560001;MUNICIPIO DE IMBUIA;Rogério Peninha Mendonça;61459280001400;CONSTRUCAO CIVIL M G LTDA;172445.91
0903-003229;202028560001;MUNICIPIO DE IMBUIA;Rogério Peninha Mendonça;03603050001040;CAIXA ECONOMICA FEDERAL;20.9
0903-004498;202022100018;MUNICIPIO DE IMBUIA;Esperidião Amin;61459280001400;CONSTRUCAO CIVIL M G LTDA;172445.91
0903-004498;202022100018;MUNICIPIO DE IMBUIA;Esperidião Amin;03603050001040;CAIXA ECONOMICA FEDERAL;20.9
09032022-016117;202237860003;MUNICIPIO DE IMBUIA;Dário Berger;03603050001040;CAIXA ECONOMICA FEDERAL;33.0
09032022-018213;202228560001;MUNICIPIO DE IMBUIA;Rogério Peninha Mendonça;03603050001040;CAIXA ECONOMICA FEDERAL;33.0
09032023-035164;202328560010;MUNICIPIO DE IMBUIA;Rogério Peninha Mendonça;03603050001040;CAIXA ECONOMICA FEDERAL;11.0
09032024-075065;202444480002;MUNICIPIO DE IMBUIA;Pezenti;03603050001040;CAIXA ECONOMICA FEDERAL;12.0
0903-004669;202028560001;MUNICIPIO DE ASCURRA;Rogério Peninha Mendonça;03603050001040;CAIXA ECONOMICA FEDERAL;625.85
0903-004669;202028560001;MUNICIPIO DE ASCURRA;Rogério Peninha Mendonça;63251850001900;N. D. MATERIAIS DE CONSTRUCAO LTDA.;5300.02
0903-004669;202028560001;MUNICIPIO DE ASCURRA;Rogério Peninha Mendonça;33568460001570;ALDONIR MIRANDA;240.0
0903-004669;202028560001;MUNICIPIO DE ASCURRA;Rogério Peninha Mendonça;79718500001860;TERRAPLANAGEM ZIMATH LTDA;13380.14
0903-003371;202041850004;MUNICIPIO DE ASCURRA;Jorginho Mello;03603050001040;CAIXA ECONOMICA FEDERAL;625.85
0903-003371;202041850004;MUNICIPIO DE ASCURRA;Jorginho Mello;63251850001900;N. D. MATERIAIS DE CONSTRUCAO LTDA.;5300.02
0903-003371;202041850004;MUNICIPIO DE ASCURRA;Jorginho Mello;33568460001570;ALDONIR MIRANDA;240.0
0903-003371;202041850004;MUNICIPIO DE ASCURRA;Jorginho Mello;79718500001860;TERRAPLANAGEM ZIMATH LTDA;13380.14
0903-004119;202025690009;MUNICIPIO DE ASCURRA;Celso Maldaner;03603050001040;CAIXA ECONOMICA FEDERAL;625.85
0903-004119;202025690009;MUNICIPIO DE ASCURRA;Celso Maldaner;63251850001900;N. D. MATERIAIS DE CONSTRUCAO LTDA.;5300.02
0903-004119;202025690009;MUNICIPIO DE ASCURRA;Celso Maldaner;33568460001570;ALDONIR MIRANDA;240.0
0903-004119;202025690009;MUNICIPIO DE ASCURRA;Celso Maldaner;79718500001860;TERRAPLANAGEM ZIMATH LTDA;13380.14
09032022-021950;202290550001;MUNICIPIO DE ASCURRA;Gilson Marques;03603050001040;CAIXA ECONOMICA FEDERAL;77.0
09032022-021950;202290550001;MUNICIPIO DE ASCURRA;Gilson Marques;47548060001260;ASSOCIACAO DE SERVICOS SOCIAIS VOLUNTARIOS DE ASCURRA, APIUNA E RODEIO;220000.0
09032022-021517;202241290001;MUNICIPIO DE ASCURRA;Rodrigo Coelho;03603050001040;CAIXA ECONOMICA FEDERAL;77.0
09032022-021517;202241290001;MUNICIPIO DE ASCURRA;Rodrigo Coelho;47548060001260;ASSOCIACAO DE SERVICOS SOCIAIS VOLUNTARIOS DE ASCURRA, APIUNA E RODEIO;220000.0
09032023-037180;202339440015;MUNICIPIO DE ASCURRA;Coronel Armando;03603050001040;CAIXA ECONOMICA FEDERAL;140.0
09032023-038995;202342510010;MUNICIPIO DE ASCURRA;Ivete da Silveira;03603050001040;CAIXA ECONOMICA FEDERAL;140.0
09032024-068650;202442510013;MUNICIPIO DE ASCURRA;Ivete da Silveira;38320090001570;TERRAPLENAGEM POFFO LTDA;128657.83
09032022-018205;202228560001;MUNICIPIO DE ASCURRA;Rogério Peninha Mendonça;03603050001040;CAIXA ECONOMICA FEDERAL;77.0
09032022-018205;202228560001;MUNICIPIO DE ASCURRA;Rogério Peninha Mendonça;47548060001260;ASSOCIACAO DE SERVICOS SOCIAIS VOLUNTARIOS DE ASCURRA, APIUNA E RODEIO;220000.0
09032026-093897;202642090003;MUNICIPIO DE ASCURRA;Jorge Goetten;00000000000191;BANCO DO BRASIL SA;398000.0
09032026-093897;202642090003;MUNICIPIO DE ASCURRA;Jorge Goetten;38320090001570;TERRAPLENAGEM POFFO LTDA;23737.86
09032026-095781;202639320001;MUNICIPIO DE ASCURRA;Caroline de Toni;00000000000191;BANCO DO BRASIL SA;398000.0
09032026-094082;202644480001;MUNICIPIO DE ASCURRA;Pezenti;00000000000191;BANCO DO BRASIL SA;398000.0
09032021-010416;202128550001;MUNICIPIO DE SANTA HELENA;Pedro Uczai;03944600033290;MINISTERIO DA FAZENDA;498.96
09032021-010416;202128550001;MUNICIPIO DE SANTA HELENA;Pedro Uczai;32577770001240;GAIA RODOVIAS LTDA.;9366.22
09032023-033057;202328550022;MUNICIPIO DE SANTA HELENA;Pedro Uczai;03603050001040;CAIXA ECONOMICA FEDERAL;22.0
09032023-036989;202339290002;MUNICIPIO DE SANTA HELENA;Carlos Chiodini;03603050001040;CAIXA ECONOMICA FEDERAL;22.0
09032021-010971;202132350006;MUNICIPIO DE DESCANSO;Geovania De Sá;26454390001050;IMPERIAL EMPREENDIMENTOS LTDA;99456.95000000001
09032021-010971;202132350006;MUNICIPIO DE DESCANSO;Geovania De Sá;32577770001240;GAIA RODOVIAS LTDA.;4767.65
09032023-033080;202328550022;MUNICIPIO DE DESCANSO;Pedro Uczai;26454390001050;IMPERIAL EMPREENDIMENTOS LTDA;499377.27999999997
09032023-033080;202328550022;MUNICIPIO DE DESCANSO;Pedro Uczai;32577770001240;GAIA RODOVIAS LTDA.;49506.13
09032022-014139;202232350003;MUNICIPIO DE DESCANSO;Geovania De Sá;32577770001240;GAIA RODOVIAS LTDA.;132076.49000000002
09032023-031257;202332350003;MUNICIPIO DE DESCANSO;Geovania De Sá;26454390001050;IMPERIAL EMPREENDIMENTOS LTDA;499377.27999999997
09032023-031257;202332350003;MUNICIPIO DE DESCANSO;Geovania De Sá;32577770001240;GAIA RODOVIAS LTDA.;49506.13
09032023-039021;202342510010;MUNICIPIO DE DESCANSO;Ivete da Silveira;26454390001050;IMPERIAL EMPREENDIMENTOS LTDA;499377.27999999997
09032023-039021;202342510010;MUNICIPIO DE DESCANSO;Ivete da Silveira;32577770001240;GAIA RODOVIAS LTDA.;49506.13
09032023-037066;202339320001;MUNICIPIO DE DESCANSO;Caroline de Toni;26454390001050;IMPERIAL EMPREENDIMENTOS LTDA;499377.27999999997
09032023-037066;202339320001;MUNICIPIO DE DESCANSO;Caroline de Toni;32577770001240;GAIA RODOVIAS LTDA.;49506.13
09032024-069092;202422100016;MUNICIPIO DE DESCANSO;Esperidião Amin;61954410001720;EVAPORCLIMA PLACAS EVAPORATIVAS LTDA;72415.64
09032024-073887;202442090002;MUNICIPIO DE DESCANSO;Jorge Goetten;61616490001700;JEAN PYER VIVIAN LTDA;115082.25
09032024-073887;202442090002;MUNICIPIO DE DESCANSO;Jorge Goetten;63137330001620;FORTMAQ MAQUINAS E IMPLEMENTOS AGRICOLAS LTDA;33902.23
09032024-074476;202443390001;MUNICIPIO DE DESCANSO;Daniela Reinehr;50654310001500;BALBINOT MATERIAIS DE CONSTRUCAO LTDA;79350.95
09032024-074476;202443390001;MUNICIPIO DE DESCANSO;Daniela Reinehr;45174720001770;"CLEONOR JOSE MAHL &amp; CIA LTDA";9660.75
0903-003502;202032350006;MUNICIPIO DE CELSO RAMOS;Geovania De Sá;29526890001800;CARBONI DISTRIBUIDORA DE VEICULOS LTDA;190000.0
09032021-013418;202141850007;MUNICIPIO DE CELSO RAMOS;Jorginho Mello;51268930001300;CONSTRUCER MAT. DE CONSTRUCAO E AGROPECUARIA LTDA;171366.91999999998
09032021-013418;202141850007;MUNICIPIO DE CELSO RAMOS;Jorginho Mello;70386420001290;SO LUZ COMERCIO DE MATERIAIS ELETRICOS E HIDRAULICOS LT;13980.82
09032021-013418;202141850007;MUNICIPIO DE CELSO RAMOS;Jorginho Mello;75150060001400;ARTEFATOS DE CIMENTO SIDART LTDA;3034.5
09032024-067049;202429250006;MUNICIPIO DE CELSO RAMOS;Carmen Zanotto;06373380001590;ASSOCIACAO DE PAIS E AMIGOS DOS EXCEPCIONAIS DE CELSO R;50000.0
09032021-012121;202139530003;MUNICIPIO DE CELSO RAMOS;Darci de Matos;51268930001300;CONSTRUCER MAT. DE CONSTRUCAO E AGROPECUARIA LTDA;171366.91999999998
09032021-012121;202139530003;MUNICIPIO DE CELSO RAMOS;Darci de Matos;70386420001290;SO LUZ COMERCIO DE MATERIAIS ELETRICOS E HIDRAULICOS LT;13980.82
09032021-012121;202139530003;MUNICIPIO DE CELSO RAMOS;Darci de Matos;75150060001400;ARTEFATOS DE CIMENTO SIDART LTDA;3034.5
09032025-083404;202539800001;MUNICIPIO DE CELSO RAMOS;Fabio Schiochet;50636530010240;ENGEPECAS EQUIPAMENTOS LTDA.;357162.0
09032026-095948;202639800001;MUNICIPIO DE CELSO RAMOS;Fabio Schiochet;00000000000191;BANCO DO BRASIL SA;497500.0
09032023-031267;202332350003;NOVO HORIZONTE;Geovania De Sá;03603050001040;CAIXA ECONOMICA FEDERAL;94.0
09032023-033086;202328550022;NOVO HORIZONTE;Pedro Uczai;03603050001040;CAIXA ECONOMICA FEDERAL;94.0
09032024-072875;202439320001;NOVO HORIZONTE;Caroline de Toni;03603050001040;CAIXA ECONOMICA FEDERAL;12.0
09032022-017142;202218800004;MUNICIPIO DE DOUTOR PEDRINHO;Angela Amin;62241210001010;SHARK MAQUINAS PARA CONSTRUCAO LTDA;323011.21
09032022-017142;202218800004;MUNICIPIO DE DOUTOR PEDRINHO;Angela Amin;18401970001300;JANUARIO MAQUINAS AGRICOLAS LTDA;29640.0
09032022-017387;202222100001;MUNICIPIO DE DOUTOR PEDRINHO;Esperidião Amin;62241210001010;SHARK MAQUINAS PARA CONSTRUCAO LTDA;323011.21
09032022-017387;202222100001;MUNICIPIO DE DOUTOR PEDRINHO;Esperidião Amin;18401970001300;JANUARIO MAQUINAS AGRICOLAS LTDA;29640.0
09032024-073874;202442090002;MUNICIPIO DE DOUTOR PEDRINHO;Jorge Goetten;03944600033290;MINISTERIO DA FAZENDA;22.4
09032024-069083;202422100016;MUNICIPIO DE DOUTOR PEDRINHO;Esperidião Amin;86289960001960;VB CONSTRUCAO CIVIL LTDA;90300.0
09032024-073989;202442730001;MUNICIPIO DE DOUTOR PEDRINHO;Jorge Seif;03944600033290;MINISTERIO DA FAZENDA;1001.6
09032025-079215;202544480001;MUNICIPIO DE DOUTOR PEDRINHO;Pezenti;86289960001960;VB CONSTRUCAO CIVIL LTDA;106519.03
09032025-079215;202544480001;MUNICIPIO DE DOUTOR PEDRINHO;Pezenti;03944600033290;MINISTERIO DA FAZENDA;6487.87
09032026-094103;202644480001;MUNICIPIO DE DOUTOR PEDRINHO;Pezenti;00000000000191;BANCO DO BRASIL SA;497500.0
09032023-038431;202341290005;MAFRA;Rodrigo Coelho;36209270001120;PAVIPLAN PAVIMENTACAO LTDA;1889368.41
09032024-075095;202444480002;MAFRA;Pezenti;03603050001040;CAIXA ECONOMICA FEDERAL;48.0
09032024-068836;202442510012;MUNICIPIO DE SAO LUDGERO;Ivete da Silveira;03603050001040;CAIXA ECONOMICA FEDERAL;12.0
09032025-083222;202539320001;MUNICIPIO DE PONTE SERRADA;Caroline de Toni;04898280090200;MINISTERIO DA GESTAO E DA INOVACAO EM SERVICOS PUBLICOS;89751.56
09032026-094577;202622100012;MUNICIPIO DE PONTE SERRADA;Esperidião Amin;00000000000191;BANCO DO BRASIL SA;398000.0
09032026-097333;202643390009;MUNICIPIO DE PONTE SERRADA;Daniela Reinehr;00000000000191;BANCO DO BRASIL SA;497500.0
09032021-010437;202128560001;MUNICIPIO DE NOVA TRENTO;Rogério Peninha Mendonça;72582020001870;"ANDRADE &amp; AMORIM PAVIMENTACAO E DRENAGEM LTDA";484621.01
09032021-010437;202128560001;MUNICIPIO DE NOVA TRENTO;Rogério Peninha Mendonça;16501780001400;C R ARTEFATOS DE CIMENTO LTDA;119381.81
09032021-011499;202137860003;MUNICIPIO DE NOVA TRENTO;Dário Berger;72582020001870;"ANDRADE &amp; AMORIM PAVIMENTACAO E DRENAGEM LTDA";484621.01
09032021-011499;202137860003;MUNICIPIO DE NOVA TRENTO;Dário Berger;16501780001400;C R ARTEFATOS DE CIMENTO LTDA;119381.81
09032022-016119;202237860003;MUNICIPIO DE NOVA TRENTO;Dário Berger;16501780001400;C R ARTEFATOS DE CIMENTO LTDA;281673.58999999997
09032022-016119;202237860003;MUNICIPIO DE NOVA TRENTO;Dário Berger;08208540001140;QUALIDADE MINERACAO LTDA;686056.92
09032023-034393;202322100001;MUNICIPIO DE NOVA TRENTO;Esperidião Amin;08208540001140;QUALIDADE MINERACAO LTDA;503527.91
09032022-018216;202228560001;MUNICIPIO DE NOVA TRENTO;Rogério Peninha Mendonça;16501780001400;C R ARTEFATOS DE CIMENTO LTDA;281673.58999999997
09032022-018216;202228560001;MUNICIPIO DE NOVA TRENTO;Rogério Peninha Mendonça;08208540001140;QUALIDADE MINERACAO LTDA;686056.92
09032022-020235;202239800001;MUNICIPIO DE NOVA TRENTO;Fabio Schiochet;16501780001400;C R ARTEFATOS DE CIMENTO LTDA;281673.58999999997
09032022-020235;202239800001;MUNICIPIO DE NOVA TRENTO;Fabio Schiochet;08208540001140;QUALIDADE MINERACAO LTDA;686056.92
09032023-034157;202318800004;MUNICIPIO DE NOVA TRENTO;Angela Amin;08208540001140;QUALIDADE MINERACAO LTDA;503527.91
09032023-037631;202340150002;MUNICIPIO DE NOVA TRENTO;Hélio Costa;08208540001140;QUALIDADE MINERACAO LTDA;503527.91
09032024-074453;202443390001;MUNICIPIO DE NOVA TRENTO;Daniela Reinehr;16501780001400;C R ARTEFATOS DE CIMENTO LTDA;118154.66
09032024-074763;202444010011;MUNICIPIO DE NOVA TRENTO;Julia Zanatta;16501780001400;C R ARTEFATOS DE CIMENTO LTDA;94793.2
09032024-074763;202444010011;MUNICIPIO DE NOVA TRENTO;Julia Zanatta;03603050001040;CAIXA ECONOMICA FEDERAL;36.0
09032024-074763;202444010011;MUNICIPIO DE NOVA TRENTO;Julia Zanatta;08208540001140;QUALIDADE MINERACAO LTDA;1470134.41
09032026-094096;202644480001;MUNICIPIO DE NOVA TRENTO;Pezenti;00000000000191;BANCO DO BRASIL SA;398000.0
09032026-095941;202639800001;MUNICIPIO DE NOVA TRENTO;Fabio Schiochet;00000000000191;BANCO DO BRASIL SA;497500.0
09032021-010444;202128560001;MUNICIPIO DE CAMBORIU;Rogério Peninha Mendonça;03603050001040;CAIXA ECONOMICA FEDERAL;22.0
09032023-034171;202318800004;MUNICIPIO DE CAMBORIU;Angela Amin;79536890001180;FAGUNDEZ DISTRIBUICAO LTDA;149578.25
09032023-034171;202318800004;MUNICIPIO DE CAMBORIU;Angela Amin;23393550001350;SOMADATTA INFORMATICA LTDA;179191.2
09032023-034171;202318800004;MUNICIPIO DE CAMBORIU;Angela Amin;82210470001970;ACHEI INDUSTRIA DE MOVEIS LTDA;86475.69
09032023-034171;202318800004;MUNICIPIO DE CAMBORIU;Angela Amin;93161050001290;FRIOVIX COMERCIO DE REFRIGERACAO LTDA;151596.21
09032023-034171;202318800004;MUNICIPIO DE CAMBORIU;Angela Amin;04896610001220;AUDIOVISAO ELETRO E CENTRAL DE PRODUTOS LTDA;687.7
09032023-034171;202318800004;MUNICIPIO DE CAMBORIU;Angela Amin;19378860001670;CONRREFRIO MONTAGENS INDUSTRIAS DE FRIOS LTDA;63232.0
09032023-034171;202318800004;MUNICIPIO DE CAMBORIU;Angela Amin;00000000000191;BANCO DO BRASIL SA;48.480000000000004
09032023-034171;202318800004;MUNICIPIO DE CAMBORIU;Angela Amin;50103820001580;SUDESTE INDUSTRIA E COMERCIO DE MOVEIS ESCOLARES LTDA;82485.16
09032023-035158;202328560003;MUNICIPIO DE CAMBORIU;Rogério Peninha Mendonça;79536890001180;FAGUNDEZ DISTRIBUICAO LTDA;149578.25
09032023-035158;202328560003;MUNICIPIO DE CAMBORIU;Rogério Peninha Mendonça;23393550001350;SOMADATTA INFORMATICA LTDA;179191.2
09032023-035158;202328560003;MUNICIPIO DE CAMBORIU;Rogério Peninha Mendonça;82210470001970;ACHEI INDUSTRIA DE MOVEIS LTDA;86475.69
09032023-035158;202328560003;MUNICIPIO DE CAMBORIU;Rogério Peninha Mendonça;93161050001290;FRIOVIX COMERCIO DE REFRIGERACAO LTDA;151596.21
09032023-035158;202328560003;MUNICIPIO DE CAMBORIU;Rogério Peninha Mendonça;04896610001220;AUDIOVISAO ELETRO E CENTRAL DE PRODUTOS LTDA;687.7
09032023-035158;202328560003;MUNICIPIO DE CAMBORIU;Rogério Peninha Mendonça;19378860001670;CONRREFRIO MONTAGENS INDUSTRIAS DE FRIOS LTDA;63232.0
09032023-035158;202328560003;MUNICIPIO DE CAMBORIU;Rogério Peninha Mendonça;00000000000191;BANCO DO BRASIL SA;48.480000000000004
09032023-035158;202328560003;MUNICIPIO DE CAMBORIU;Rogério Peninha Mendonça;50103820001580;SUDESTE INDUSTRIA E COMERCIO DE MOVEIS ESCOLARES LTDA;82485.16
09032023-037001;202339290002;MUNICIPIO DE CAMBORIU;Carlos Chiodini;79536890001180;FAGUNDEZ DISTRIBUICAO LTDA;149578.25
09032023-037001;202339290002;MUNICIPIO DE CAMBORIU;Carlos Chiodini;23393550001350;SOMADATTA INFORMATICA LTDA;179191.2
09032023-037001;202339290002;MUNICIPIO DE CAMBORIU;Carlos Chiodini;82210470001970;ACHEI INDUSTRIA DE MOVEIS LTDA;86475.69
09032023-037001;202339290002;MUNICIPIO DE CAMBORIU;Carlos Chiodini;93161050001290;FRIOVIX COMERCIO DE REFRIGERACAO LTDA;151596.21
09032023-037001;202339290002;MUNICIPIO DE CAMBORIU;Carlos Chiodini;04896610001220;AUDIOVISAO ELETRO E CENTRAL DE PRODUTOS LTDA;687.7
09032023-037001;202339290002;MUNICIPIO DE CAMBORIU;Carlos Chiodini;19378860001670;CONRREFRIO MONTAGENS INDUSTRIAS DE FRIOS LTDA;63232.0
09032023-037001;202339290002;MUNICIPIO DE CAMBORIU;Carlos Chiodini;00000000000191;BANCO DO BRASIL SA;48.480000000000004
09032023-037001;202339290002;MUNICIPIO DE CAMBORIU;Carlos Chiodini;50103820001580;SUDESTE INDUSTRIA E COMERCIO DE MOVEIS ESCOLARES LTDA;82485.16
09032023-2-041955;202328560003;MUNICIPIO DE CAMBORIU;Rogério Peninha Mendonça;79536890001180;FAGUNDEZ DISTRIBUICAO LTDA;149578.25
09032023-2-041955;202328560003;MUNICIPIO DE CAMBORIU;Rogério Peninha Mendonça;23393550001350;SOMADATTA INFORMATICA LTDA;179191.2
09032023-2-041955;202328560003;MUNICIPIO DE CAMBORIU;Rogério Peninha Mendonça;82210470001970;ACHEI INDUSTRIA DE MOVEIS LTDA;86475.69
09032023-2-041955;202328560003;MUNICIPIO DE CAMBORIU;Rogério Peninha Mendonça;93161050001290;FRIOVIX COMERCIO DE REFRIGERACAO LTDA;151596.21
09032023-2-041955;202328560003;MUNICIPIO DE CAMBORIU;Rogério Peninha Mendonça;04896610001220;AUDIOVISAO ELETRO E CENTRAL DE PRODUTOS LTDA;687.7
09032023-2-041955;202328560003;MUNICIPIO DE CAMBORIU;Rogério Peninha Mendonça;19378860001670;CONRREFRIO MONTAGENS INDUSTRIAS DE FRIOS LTDA;63232.0
09032023-2-041955;202328560003;MUNICIPIO DE CAMBORIU;Rogério Peninha Mendonça;00000000000191;BANCO DO BRASIL SA;48.480000000000004
09032023-2-041955;202328560003;MUNICIPIO DE CAMBORIU;Rogério Peninha Mendonça;50103820001580;SUDESTE INDUSTRIA E COMERCIO DE MOVEIS ESCOLARES LTDA;82485.16
09032023-033085;202328550022;MUNICIPIO DE LEBON REGIS;Pedro Uczai;03603050001040;CAIXA ECONOMICA FEDERAL;491.0
09032023-033085;202328550022;MUNICIPIO DE LEBON REGIS;Pedro Uczai;53406390001300;PRIME CONSULTORIA E ASSESSORIA EMPRESARIAL LTDA;126314.41000000002
09032023-033085;202328550022;MUNICIPIO DE LEBON REGIS;Pedro Uczai;74556590002620;LZK CONSTRUTORA LTDA;46245.52
09032023-033085;202328550022;MUNICIPIO DE LEBON REGIS;Pedro Uczai;47721670001210;L&S TRUCK CENTER LTDA;1840.0
09032023-033085;202328550022;MUNICIPIO DE LEBON REGIS;Pedro Uczai;37252610001670;COMERCIO DE PNEUS OENNING LTDA;5481.38
09032023-033085;202328550022;MUNICIPIO DE LEBON REGIS;Pedro Uczai;00633930001820;EMPLAC FABRICA DE PLACAS LTDA;240.0
09032023-037079;202339320001;MUNICIPIO DE LEBON REGIS;Caroline de Toni;03603050001040;CAIXA ECONOMICA FEDERAL;491.0
09032023-037079;202339320001;MUNICIPIO DE LEBON REGIS;Caroline de Toni;53406390001300;PRIME CONSULTORIA E ASSESSORIA EMPRESARIAL LTDA;126314.41000000002
09032023-037079;202339320001;MUNICIPIO DE LEBON REGIS;Caroline de Toni;74556590002620;LZK CONSTRUTORA LTDA;46245.52
09032023-037079;202339320001;MUNICIPIO DE LEBON REGIS;Caroline de Toni;47721670001210;L&S TRUCK CENTER LTDA;1840.0
09032023-037079;202339320001;MUNICIPIO DE LEBON REGIS;Caroline de Toni;37252610001670;COMERCIO DE PNEUS OENNING LTDA;5481.38
09032023-037079;202339320001;MUNICIPIO DE LEBON REGIS;Caroline de Toni;00633930001820;EMPLAC FABRICA DE PLACAS LTDA;240.0
09032023-039037;202342510010;MUNICIPIO DE LEBON REGIS;Ivete da Silveira;03603050001040;CAIXA ECONOMICA FEDERAL;491.0
09032023-039037;202342510010;MUNICIPIO DE LEBON REGIS;Ivete da Silveira;53406390001300;PRIME CONSULTORIA E ASSESSORIA EMPRESARIAL LTDA;126314.41000000002
09032023-039037;202342510010;MUNICIPIO DE LEBON REGIS;Ivete da Silveira;74556590002620;LZK CONSTRUTORA LTDA;46245.52
09032023-039037;202342510010;MUNICIPIO DE LEBON REGIS;Ivete da Silveira;47721670001210;L&S TRUCK CENTER LTDA;1840.0
09032023-039037;202342510010;MUNICIPIO DE LEBON REGIS;Ivete da Silveira;37252610001670;COMERCIO DE PNEUS OENNING LTDA;5481.38
09032023-039037;202342510010;MUNICIPIO DE LEBON REGIS;Ivete da Silveira;00633930001820;EMPLAC FABRICA DE PLACAS LTDA;240.0
0903-004650;202022100018;MUNICIPIO DE ABELARDO LUZ;Esperidião Amin;03603050001040;CAIXA ECONOMICA FEDERAL;20.45
09032021-009934;202125690003;MUNICIPIO DE ABELARDO LUZ;Celso Maldaner;03603050001040;CAIXA ECONOMICA FEDERAL;10.45
09032023-033059;202328550022;MUNICIPIO DE ABELARDO LUZ;Pedro Uczai;88872450001940;BRITADOR TUPY LTDA;227159.3
09032023-033059;202328550022;MUNICIPIO DE ABELARDO LUZ;Pedro Uczai;03603050001040;CAIXA ECONOMICA FEDERAL;36.0
09032023-037035;202339320001;MUNICIPIO DE ABELARDO LUZ;Caroline de Toni;88872450001940;BRITADOR TUPY LTDA;227159.3
09032023-037035;202339320001;MUNICIPIO DE ABELARDO LUZ;Caroline de Toni;03603050001040;CAIXA ECONOMICA FEDERAL;36.0
09032023-034382;202322100001;MUNICIPIO DE ABELARDO LUZ;Esperidião Amin;88872450001940;BRITADOR TUPY LTDA;227159.3
09032023-034382;202322100001;MUNICIPIO DE ABELARDO LUZ;Esperidião Amin;03603050001040;CAIXA ECONOMICA FEDERAL;36.0
09032021-012119;202139530003;MUNICIPIO DE CORREIA PINTO;Darci de Matos;03603050001040;CAIXA ECONOMICA FEDERAL;98.9
09032022-016126;202237860003;MUNICIPIO DE CORREIA PINTO;Dário Berger;60990820001500;CONSBRITA CONSTRUTORA DE OBRAS LTDA;131213.03
09032022-016341;202239530001;MUNICIPIO DE CORREIA PINTO;Darci de Matos;60990820001500;CONSBRITA CONSTRUTORA DE OBRAS LTDA;131213.03
09032023-036998;202339290002;MUNICIPIO DE CORREIA PINTO;Carlos Chiodini;37505900001680;CONSBRITA LTDA;394875.72000000003
09032023-036998;202339290002;MUNICIPIO DE CORREIA PINTO;Carlos Chiodini;03603050001040;CAIXA ECONOMICA FEDERAL;60.0
0903-003657;202018800013;MUNICIPIO DE SAO MIGUEL D'OESTE;Angela Amin;85889120001380;E.J.F. EMPREENDIMENTOS LTDA;283800.0
09032021-012117;202139530003;MUNICIPIO DE SAO MIGUEL D'OESTE;Darci de Matos;03944600001410;MINISTERIO DA FAZENDA;1435.27
09032021-012117;202139530003;MUNICIPIO DE SAO MIGUEL D'OESTE;Darci de Matos;85889120001380;E.J.F. EMPREENDIMENTOS LTDA;1006692.3900000001
09032021-011964;202139320005;MUNICIPIO DE SAO MIGUEL D'OESTE;Caroline de Toni;03944600001410;MINISTERIO DA FAZENDA;1435.27
09032021-011964;202139320005;MUNICIPIO DE SAO MIGUEL D'OESTE;Caroline de Toni;85889120001380;E.J.F. EMPREENDIMENTOS LTDA;1006692.3900000001
09032022-021033;202240620006;MUNICIPIO DE SAO MIGUEL D'OESTE;Ricardo Guidi;85889120001380;E.J.F. EMPREENDIMENTOS LTDA;467000.0
09032022-021033;202240620006;MUNICIPIO DE SAO MIGUEL D'OESTE;Ricardo Guidi;03944600001410;MINISTERIO DA FAZENDA;1076.61
09032022-016142;202237860003;MUNICIPIO DE SAO JOSE;Dário Berger;03603050001040;CAIXA ECONOMICA FEDERAL;12.0
09032022-018235;202228560001;MUNICIPIO DE SAO JOSE;Rogério Peninha Mendonça;03603050001040;CAIXA ECONOMICA FEDERAL;12.0
09032022-016349;202239530001;MUNICIPIO DE SAO JOSE;Darci de Matos;03603050001040;CAIXA ECONOMICA FEDERAL;12.0
09032023-036561;202337860004;MUNICIPIO DE SAO JOSE;Dário Berger;08208540001140;QUALIDADE MINERACAO LTDA;2152688.35
09032023-036563;202337860018;MUNICIPIO DE SAO JOSE;Dário Berger;08208540001140;QUALIDADE MINERACAO LTDA;2152688.35
09032023-037201;202339490001;MUNICIPIO DE SAO JOSE;Daniel Freitas;08208540001140;QUALIDADE MINERACAO LTDA;2152688.35
09032023-2-041697;202342510010;MUNICIPIO DE SAO JOSE;Ivete da Silveira;08208540001140;QUALIDADE MINERACAO LTDA;2152688.35
09032025-083406;202539800001;MUNICIPIO DE PESCARIA BRAVA;Fabio Schiochet;08208540001140;QUALIDADE MINERACAO LTDA;259719.90000000002
09032025-085404;202544930002;MUNICIPIO DE PESCARIA BRAVA;Zé Trovão;08208540001140;QUALIDADE MINERACAO LTDA;673112.85
0903-004546;202041850004;MUNICIPIO DE MONDAI;Jorginho Mello;03603050001040;CAIXA ECONOMICA FEDERAL;20.0
0903-004546;202041850004;MUNICIPIO DE MONDAI;Jorginho Mello;32577770001240;GAIA RODOVIAS LTDA.;18.1
0903-004074;202039800001;MUNICIPIO DE MONDAI;Fabio Schiochet;32577770001240;GAIA RODOVIAS LTDA.;302.43
0903-003389;202018800013;MUNICIPIO DE MONDAI;Angela Amin;32577770001240;GAIA RODOVIAS LTDA.;302.43
09032021-010961;202132350006;MUNICIPIO DE MONDAI;Geovania De Sá;32577770001240;GAIA RODOVIAS LTDA.;204065.91
09032023-037046;202339320001;MUNICIPIO DE MONDAI;Caroline de Toni;03603050001040;CAIXA ECONOMICA FEDERAL;132.0
09032023-037046;202339320001;MUNICIPIO DE MONDAI;Caroline de Toni;32577770001240;GAIA RODOVIAS LTDA.;300000.0
09032023-037420;202339800001;MUNICIPIO DE MONDAI;Fabio Schiochet;03603050001040;CAIXA ECONOMICA FEDERAL;132.0
09032023-037420;202339800001;MUNICIPIO DE MONDAI;Fabio Schiochet;32577770001240;GAIA RODOVIAS LTDA.;300000.0
09032023-039001;202342510010;MUNICIPIO DE MONDAI;Ivete da Silveira;03603050001040;CAIXA ECONOMICA FEDERAL;132.0
09032023-039001;202342510010;MUNICIPIO DE MONDAI;Ivete da Silveira;32577770001240;GAIA RODOVIAS LTDA.;300000.0
0903-004060;202018800013;MUNICIPIO DE ANITAPOLIS;Angela Amin;03603050001040;CAIXA ECONOMICA FEDERAL;31.349999999999998
0903-004060;202018800013;MUNICIPIO DE ANITAPOLIS;Angela Amin;00000000043959;ANA PAULA RICHTER BENNERT;863.5400000000001
09032021-011494;202137860003;MUNICIPIO DE ANITAPOLIS;Dário Berger;03603050001040;CAIXA ECONOMICA FEDERAL;94.05000000000001
09032022-014115;202232350003;MUNICIPIO DE ANITAPOLIS;Geovania De Sá;03603050001040;CAIXA ECONOMICA FEDERAL;55.0
09032022-014115;202232350003;MUNICIPIO DE ANITAPOLIS;Geovania De Sá;50636530010240;ENGEPECAS EQUIPAMENTOS LTDA.;400000.0
09032022-019861;202239290005;MUNICIPIO DE ANITAPOLIS;Carlos Chiodini;03603050001040;CAIXA ECONOMICA FEDERAL;55.0
09032022-019861;202239290005;MUNICIPIO DE ANITAPOLIS;Carlos Chiodini;50636530010240;ENGEPECAS EQUIPAMENTOS LTDA.;400000.0
09032021-009935;202125690003;MUNICIPIO DE ANITAPOLIS;Celso Maldaner;03603050001040;CAIXA ECONOMICA FEDERAL;94.05000000000001
09032023-034179;202318800004;MUNICIPIO DE TIJUCAS;Angela Amin;50355320018260;METRONORTE COMERCIAL DE VEICULOS LTDA;140246.6
09032023-034179;202318800004;MUNICIPIO DE TIJUCAS;Angela Amin;03603050001040;CAIXA ECONOMICA FEDERAL;12.0
09032024-068829;202442510012;MUNICIPIO DE TIJUCAS;Ivete da Silveira;03603050001040;CAIXA ECONOMICA FEDERAL;12.0
09032022-017398;202222100001;MUNICIPIO DE NOVA ERECHIM;Esperidião Amin;61616490001700;JEAN PYER VIVIAN LTDA;37632.92
09032022-017398;202222100001;MUNICIPIO DE NOVA ERECHIM;Esperidião Amin;03603050001040;CAIXA ECONOMICA FEDERAL;33.0
09032022-019909;202239320002;MUNICIPIO DE NOVA ERECHIM;Caroline de Toni;61616490001700;JEAN PYER VIVIAN LTDA;37632.92
09032022-019909;202239320002;MUNICIPIO DE NOVA ERECHIM;Caroline de Toni;03603050001040;CAIXA ECONOMICA FEDERAL;33.0
09032024-074494;202443390001;MUNICIPIO DE NOVA ERECHIM;Daniela Reinehr;57494070001300;BORILLE MATERIAIS DE CONSTRUCOES LTDA;147704.55
09032021-012126;202139530003;MUNICIPIO DE CORUPA;Darci de Matos;03603050001040;CAIXA ECONOMICA FEDERAL;153.0
09032021-012126;202139530003;MUNICIPIO DE CORUPA;Darci de Matos;36209270001120;PAVIPLAN PAVIMENTACAO LTDA;1520558.0
09032021-011949;202139290005;MUNICIPIO DE CORUPA;Carlos Chiodini;03603050001040;CAIXA ECONOMICA FEDERAL;153.0
09032021-011949;202139290005;MUNICIPIO DE CORUPA;Carlos Chiodini;36209270001120;PAVIPLAN PAVIMENTACAO LTDA;1520558.0
09032021-012248;202139800001;MUNICIPIO DE CORUPA;Fabio Schiochet;03603050001040;CAIXA ECONOMICA FEDERAL;153.0
09032021-012248;202139800001;MUNICIPIO DE CORUPA;Fabio Schiochet;36209270001120;PAVIPLAN PAVIMENTACAO LTDA;1520558.0
09032023-037002;202339290002;MUNICIPIO DE CORUPA;Carlos Chiodini;03603050001040;CAIXA ECONOMICA FEDERAL;46.0
09032023-037002;202339290002;MUNICIPIO DE CORUPA;Carlos Chiodini;36209270001120;PAVIPLAN PAVIMENTACAO LTDA;287155.64
09032023-037178;202339440010;MUNICIPIO DE CORUPA;Coronel Armando;03603050001040;CAIXA ECONOMICA FEDERAL;46.0
09032023-037178;202339440010;MUNICIPIO DE CORUPA;Coronel Armando;36209270001120;PAVIPLAN PAVIMENTACAO LTDA;287155.64
09032024-072774;202439290001;MUNICIPIO DE CORUPA;Carlos Chiodini;36209270001120;PAVIPLAN PAVIMENTACAO LTDA;466295.54
09032024-074724;202443920007;MUNICIPIO DE CORUPA;Ismael;03603050001040;CAIXA ECONOMICA FEDERAL;24.0
09032024-066098;202442730002;MUNICIPIO DE CORUPA;Jorge Seif;03603050001040;CAIXA ECONOMICA FEDERAL;24.0
0903-003549;202028550021;MUNICIPIO DE UNIAO DO OESTE;Pedro Uczai;00000000056253;AGENOR CASTALDELLO;149.91
0903-003549;202028550021;MUNICIPIO DE UNIAO DO OESTE;Pedro Uczai;13412140001940;CONCISA PAVIMENTACAO E TERRAPLENAGEM LTDA;245749.98
09032023-034168;202318800004;MUNICIPIO DE UNIAO DO OESTE;Angela Amin;03603050001040;CAIXA ECONOMICA FEDERAL;12.0
09032024-069084;202422100016;MUNICIPIO DE UNIAO DO OESTE;Esperidião Amin;93039280001100;AGV SINALIZACOES LTDA;301302.35000000003
09032024-069084;202422100016;MUNICIPIO DE UNIAO DO OESTE;Esperidião Amin;03944600033290;MINISTERIO DA FAZENDA;896.23
09032023-034430;202322100001;FLORIANÓPOLIS;Esperidião Amin;03603050001040;CAIXA ECONOMICA FEDERAL;12.0
09032023-037086;202339320001;FLORIANÓPOLIS;Caroline de Toni;03603050001040;CAIXA ECONOMICA FEDERAL;12.0
09032023-2-041804;202322100001;FLORIANÓPOLIS;Esperidião Amin;03603050001040;CAIXA ECONOMICA FEDERAL;12.0
09032024-072876;202439320001;FLORIANÓPOLIS;Caroline de Toni;03603050001040;CAIXA ECONOMICA FEDERAL;12.0
09032022-021856;202241850010;MUNICIPIO DE IPIRA;Jorginho Mello;03603050001040;CAIXA ECONOMICA FEDERAL;407.0
09032022-021856;202241850010;MUNICIPIO DE IPIRA;Jorginho Mello;71747350001800;OXIGENIO JOACABA COMERCIO DE GASES ATMOSFERICOS E PRODUTOS PARA SAUDE LTDA;815.1
09032022-021856;202241850010;MUNICIPIO DE IPIRA;Jorginho Mello;25024480001390;AUTO POSTO VALLE DO RIO DO PEIXE LTDA;33731.67
09032022-021856;202241850010;MUNICIPIO DE IPIRA;Jorginho Mello;95781530001950;CASA DAS BATERIAS VERONEZE LTDA;790.0
09032022-021856;202241850010;MUNICIPIO DE IPIRA;Jorginho Mello;15586570001310;LUBRIFIL - COMERCIO DE LUBRIFICANTES E FILTROS LTDA;2695.09
09032022-021856;202241850010;MUNICIPIO DE IPIRA;Jorginho Mello;47700830001590;SERRARIA STOCKMANN LTDA;12084.74
09032022-021856;202241850010;MUNICIPIO DE IPIRA;Jorginho Mello;09752300001760;PITAKE DO SUL COMERCIO DE PECAS LTDA;240.0
09032022-021856;202241850010;MUNICIPIO DE IPIRA;Jorginho Mello;50636530009900;ENGEPECAS EQUIPAMENTOS LTDA.;460.52
0903-003906;202041850004;MUNICIPIO DE TREZE TILIAS;Jorginho Mello;58522500001730;METALURGICA FREITAS LTDA;45540.0
09032022-017706;202225690003;MUNICIPIO DE TREZE TILIAS;Celso Maldaner;60005540001750;CONSTRUTORA PISO LISO LTDA;17133.03
09032022-021836;202241850010;MUNICIPIO DE TREZE TILIAS;Jorginho Mello;60005540001750;CONSTRUTORA PISO LISO LTDA;17133.03
09032023-034163;202318800004;MUNICIPIO DE TREZE TILIAS;Angela Amin;60005540001750;CONSTRUTORA PISO LISO LTDA;29969.24
09032023-037055;202339320001;MUNICIPIO DE TREZE TILIAS;Caroline de Toni;60005540001750;CONSTRUTORA PISO LISO LTDA;29969.24
09032023-2-041693;202342510010;MUNICIPIO DE TREZE TILIAS;Ivete da Silveira;60005540001750;CONSTRUTORA PISO LISO LTDA;29969.24
09032026-095798;202639320001;MUNICIPIO DE TREZE TILIAS;Caroline de Toni;00000000000191;BANCO DO BRASIL SA;398000.0
09032024-070535;202443250003;MUNICIPIO DE PALMITOS;Cobalchini;57551800001350;BOA FE CONSTRUCOES LTDA;311904.94999999995
09032022-021835;202241850010;MUNICIPIO DE SAO MARTINHO;Jorginho Mello;03603050001040;CAIXA ECONOMICA FEDERAL;23.0
09032022-021835;202241850010;MUNICIPIO DE SAO MARTINHO;Jorginho Mello;72453290001610;JER ENGENHARIA LTDA;82083.51
0903-004185;202025690009;MUNICIPIO DE CUNHA PORA;Celso Maldaner;03603050001040;CAIXA ECONOMICA FEDERAL;20.45
09032021-012238;202139800001;MUNICIPIO DE CUNHA PORA;Fabio Schiochet;03603050001040;CAIXA ECONOMICA FEDERAL;10.45
09032021-012238;202139800001;MUNICIPIO DE CUNHA PORA;Fabio Schiochet;28736740001260;CCM COMERCIO DE MAQUINAS E SERVICOS LTDA;500000.0
09032021-010969;202132350006;MUNICIPIO DE BRACO DO NORTE;Geovania De Sá;03603050001040;CAIXA ECONOMICA FEDERAL;33.0
09032022-015113;202229250013;MUNICIPIO DE BRACO DO NORTE;Carmen Zanotto;03603050001040;CAIXA ECONOMICA FEDERAL;115.0
09032022-015113;202229250013;MUNICIPIO DE BRACO DO NORTE;Carmen Zanotto;47422670001050;CASA DO PICA-PAU MAQUINAS AGRICOLAS LTDA;3500.0
09032022-020520;202240150005;MUNICIPIO DE BRACO DO NORTE;Hélio Costa;03603050001040;CAIXA ECONOMICA FEDERAL;115.0
09032022-020520;202240150005;MUNICIPIO DE BRACO DO NORTE;Hélio Costa;47422670001050;CASA DO PICA-PAU MAQUINAS AGRICOLAS LTDA;3500.0
09032023-034170;202318800004;MUNICIPIO DE BRACO DO NORTE;Angela Amin;03603050001040;CAIXA ECONOMICA FEDERAL;96.0
09032023-038050;202340620003;MUNICIPIO DE BRACO DO NORTE;Ricardo Guidi;03603050001040;CAIXA ECONOMICA FEDERAL;96.0
09032024-073521;202440620002;MUNICIPIO DE BRACO DO NORTE;Ricardo Guidi;03603050001040;CAIXA ECONOMICA FEDERAL;48.0
09032023-037067;202339320001;MUNICIPIO DE IMARUI;Caroline de Toni;36345600001960;AUTO POSTO MARRECO LTDA;8868.67
09032023-038052;202340620003;MUNICIPIO DE IMARUI;Ricardo Guidi;36345600001960;AUTO POSTO MARRECO LTDA;8868.67
09032024-074019;202442730001;MUNICIPIO DE IMARUI;Jorge Seif;03603050001040;CAIXA ECONOMICA FEDERAL;12.0
09032025-080642;202542510003;MUNICIPIO DE IMARUI;Ivete da Silveira;00000000000191;BANCO DO BRASIL SA;297000.0
09032025-083896;202540620003;MUNICIPIO DE IMARUI;Ricardo Guidi;00000000000191;BANCO DO BRASIL SA;396000.0
09032025-083240;202539320001;MUNICIPIO DE IMARUI;Caroline de Toni;00000000000191;BANCO DO BRASIL SA;396000.0
09032026-094208;202643920005;MUNICIPIO DE IMARUI;Ismael;00000000000191;BANCO DO BRASIL SA;398000.0
09032026-095958;202639800001;MUNICIPIO DE IMARUI;Fabio Schiochet;00000000000191;BANCO DO BRASIL SA;696500.0
09032026-097343;202643390009;MUNICIPIO DE IMARUI;Daniela Reinehr;00000000000191;BANCO DO BRASIL SA;54848.89
09032026-093922;202642090003;MUNICIPIO DE IMARUI;Jorge Goetten;00000000000191;BANCO DO BRASIL SA;398000.0
09032022-020243;202239800001;MUNICIPIO DE GUARAMIRIM;Fabio Schiochet;36209270001120;PAVIPLAN PAVIMENTACAO LTDA;3717376.83
09032022-020243;202239800001;MUNICIPIO DE GUARAMIRIM;Fabio Schiochet;03603050001040;CAIXA ECONOMICA FEDERAL;47.0
09032021-012128;202139530003;MUNICIPIO DE GUARAMIRIM;Darci de Matos;03603050001040;CAIXA ECONOMICA FEDERAL;91.0
09032021-012128;202139530003;MUNICIPIO DE GUARAMIRIM;Darci de Matos;36209270001120;PAVIPLAN PAVIMENTACAO LTDA;409877.76
09032024-074501;202443390001;MUNICIPIO DE ARVOREDO;Daniela Reinehr;31385980001780;DELBA VICENTINI CREMASCO;42700.0
09032021-010637;202129250018;MUNICIPIO DE XAXIM;Carmen Zanotto;03603050001040;CAIXA ECONOMICA FEDERAL;94.60000000000001
09032021-010637;202129250018;MUNICIPIO DE XAXIM;Carmen Zanotto;80332530002540;STANG & STANG LTDA;149831.01
09032021-010637;202129250018;MUNICIPIO DE XAXIM;Carmen Zanotto;55605010001460;CONSTRUTORA COLINA LTDA;193750.69999999998
09032021-011974;202139320005;MUNICIPIO DE XAXIM;Caroline de Toni;03603050001040;CAIXA ECONOMICA FEDERAL;94.60000000000001
09032021-011974;202139320005;MUNICIPIO DE XAXIM;Caroline de Toni;80332530002540;STANG & STANG LTDA;149831.01
09032021-011974;202139320005;MUNICIPIO DE XAXIM;Caroline de Toni;55605010001460;CONSTRUTORA COLINA LTDA;193750.69999999998
09032022-015120;202229250013;MUNICIPIO DE XAXIM;Carmen Zanotto;03603050001040;CAIXA ECONOMICA FEDERAL;22.0
09032022-021853;202241850010;MUNICIPIO DE XAXIM;Jorginho Mello;03603050001040;CAIXA ECONOMICA FEDERAL;22.0
09032022-014146;202232350003;MUNICIPIO DE MARACAJA;Geovania De Sá;00000000084190;ANIBAL BRAMBILA;2528.62
09032022-014146;202232350003;MUNICIPIO DE MARACAJA;Geovania De Sá;03603050001040;CAIXA ECONOMICA FEDERAL;12.0
09032022-014146;202232350003;MUNICIPIO DE MARACAJA;Geovania De Sá;91929930001150;DELLART MESAS E CADEIRAS LTDA;61980.0
09032022-021042;202240620006;MUNICIPIO DE MARACAJA;Ricardo Guidi;00000000084190;ANIBAL BRAMBILA;2528.62
09032022-021042;202240620006;MUNICIPIO DE MARACAJA;Ricardo Guidi;03603050001040;CAIXA ECONOMICA FEDERAL;12.0
09032022-021042;202240620006;MUNICIPIO DE MARACAJA;Ricardo Guidi;91929930001150;DELLART MESAS E CADEIRAS LTDA;61980.0
09032024-073529;202440620002;MUNICIPIO DE MARACAJA;Ricardo Guidi;00000000072070;MICHELE CONSTANTINO GONCALVES;1330.8
09032021-010423;202128550001;MUNICIPIO DE CORDILHEIRA ALTA;Pedro Uczai;78843000001200;ROHR MAQUINAS LTDA;250000.0
09032022-016420;202228550021;MUNICIPIO DE CORDILHEIRA ALTA;Pedro Uczai;03603050001040;CAIXA ECONOMICA FEDERAL;103.0
09032022-016420;202228550021;MUNICIPIO DE CORDILHEIRA ALTA;Pedro Uczai;55237310001350;V.L. FUZETI COMERCIAL LTDA;1975.0
09032022-017391;202222100001;MUNICIPIO DE CORDILHEIRA ALTA;Esperidião Amin;03603050001040;CAIXA ECONOMICA FEDERAL;103.0
09032022-017391;202222100001;MUNICIPIO DE CORDILHEIRA ALTA;Esperidião Amin;55237310001350;V.L. FUZETI COMERCIAL LTDA;1975.0
09032022-014152;202232350003;MUNICIPIO DE VARGEM BONITA;Geovania De Sá;31385980001780;DELBA VICENTINI CREMASCO;54980.0
09032022-014122;202232350003;MUNICIPIO DE HERVAL D'OESTE;Geovania De Sá;92236590001810;VIGA - PAVIMENTACAO E OBRAS LTDA.;34205.33
09032022-016331;202239530001;MUNICIPIO DE HERVAL D'OESTE;Darci de Matos;92236590001810;VIGA - PAVIMENTACAO E OBRAS LTDA.;34205.33
09032022-017136;202218800004;MUNICIPIO DE HERVAL D'OESTE;Angela Amin;92236590001810;VIGA - PAVIMENTACAO E OBRAS LTDA.;34205.33
09032022-017375;202222100001;MUNICIPIO DE HERVAL D'OESTE;Esperidião Amin;92236590001810;VIGA - PAVIMENTACAO E OBRAS LTDA.;34205.33
09032023-031241;202332350003;MUNICIPIO DE HERVAL D'OESTE;Geovania De Sá;92236590001810;VIGA - PAVIMENTACAO E OBRAS LTDA.;1619374.25
09032023-031241;202332350003;MUNICIPIO DE HERVAL D'OESTE;Geovania De Sá;03603050001040;CAIXA ECONOMICA FEDERAL;68.0
09032023-038997;202342510010;MUNICIPIO DE HERVAL D'OESTE;Ivete da Silveira;92236590001810;VIGA - PAVIMENTACAO E OBRAS LTDA.;1619374.25
09032023-038997;202342510010;MUNICIPIO DE HERVAL D'OESTE;Ivete da Silveira;03603050001040;CAIXA ECONOMICA FEDERAL;68.0
09032023-037042;202339320001;MUNICIPIO DE HERVAL D'OESTE;Caroline de Toni;92236590001810;VIGA - PAVIMENTACAO E OBRAS LTDA.;1619374.25
09032023-037042;202339320001;MUNICIPIO DE HERVAL D'OESTE;Caroline de Toni;03603050001040;CAIXA ECONOMICA FEDERAL;68.0
09032024-069071;202422100016;MUNICIPIO DE HERVAL D'OESTE;Esperidião Amin;92236590001810;VIGA - PAVIMENTACAO E OBRAS LTDA.;511920.22
09032024-072815;202439320001;MUNICIPIO DE HERVAL D'OESTE;Caroline de Toni;92236590001810;VIGA - PAVIMENTACAO E OBRAS LTDA.;131651.9
09032024-073963;202442730001;MUNICIPIO DE HERVAL D'OESTE;Jorge Seif;92236590001810;VIGA - PAVIMENTACAO E OBRAS LTDA.;207624.83
09032022-015098;202229250013;MUNICIPIO DE RIQUEZA;Carmen Zanotto;77522360001230;MEDILAR IMPORTACAO E DISTRIBUICAO DE PRODUTOS MEDICO HOSPITALARES S/A;1069.08
09032022-015098;202229250013;MUNICIPIO DE RIQUEZA;Carmen Zanotto;03603050001040;CAIXA ECONOMICA FEDERAL;298.0
09032022-015098;202229250013;MUNICIPIO DE RIQUEZA;Carmen Zanotto;55317250001200;SOMA/SC PRODUTOS HOSPITALARES LTDA;5027.06
09032022-015098;202229250013;MUNICIPIO DE RIQUEZA;Carmen Zanotto;52015390001220;DALMED DISTRIBUIDORA DE MEDICAMENTOS LTDA;1281.5
09032022-015098;202229250013;MUNICIPIO DE RIQUEZA;Carmen Zanotto;57827330003000;CIAMED - DISTRIBUIDORA DE MEDICAMENTOS LTDA.;2600.0
09032022-015098;202229250013;MUNICIPIO DE RIQUEZA;Carmen Zanotto;28166960001540;PONTAMED FARMACEUTICA LTDA;1772.9
09032022-015098;202229250013;MUNICIPIO DE RIQUEZA;Carmen Zanotto;32577770001240;GAIA RODOVIAS LTDA.;128647.02
09032022-015098;202229250013;MUNICIPIO DE RIQUEZA;Carmen Zanotto;08020020001020;ALTERMED MATERIAL MEDICO HOSPITALAR LTDA;2816.5
09032022-015098;202229250013;MUNICIPIO DE RIQUEZA;Carmen Zanotto;44708770001050;MEDIGRAM COMERCIO DE MEDICAMENTOS LTDA;346.5
09032022-015098;202229250013;MUNICIPIO DE RIQUEZA;Carmen Zanotto;61944400001030;ODONTOMEDI - PRODUTOS ODONTOLOGICOS E HOSPITALARES LTDA;636.69
09032022-015098;202229250013;MUNICIPIO DE RIQUEZA;Carmen Zanotto;48893150001920;S & R DISTRIBUIDORA LTDA;1734.0
09032022-015098;202229250013;MUNICIPIO DE RIQUEZA;Carmen Zanotto;36520300003320;CENTERMEDI-COMERCIO DE PRODUTOS HOSPITALARES LTDA;7194.6
09032022-021822;202241850010;MUNICIPIO DE RIQUEZA;Jorginho Mello;77522360001230;MEDILAR IMPORTACAO E DISTRIBUICAO DE PRODUTOS MEDICO HOSPITALARES S/A;1069.08
09032022-021822;202241850010;MUNICIPIO DE RIQUEZA;Jorginho Mello;03603050001040;CAIXA ECONOMICA FEDERAL;298.0
09032022-021822;202241850010;MUNICIPIO DE RIQUEZA;Jorginho Mello;55317250001200;SOMA/SC PRODUTOS HOSPITALARES LTDA;5027.06
09032022-021822;202241850010;MUNICIPIO DE RIQUEZA;Jorginho Mello;52015390001220;DALMED DISTRIBUIDORA DE MEDICAMENTOS LTDA;1281.5
09032022-021822;202241850010;MUNICIPIO DE RIQUEZA;Jorginho Mello;57827330003000;CIAMED - DISTRIBUIDORA DE MEDICAMENTOS LTDA.;2600.0
09032022-021822;202241850010;MUNICIPIO DE RIQUEZA;Jorginho Mello;28166960001540;PONTAMED FARMACEUTICA LTDA;1772.9
09032022-021822;202241850010;MUNICIPIO DE RIQUEZA;Jorginho Mello;32577770001240;GAIA RODOVIAS LTDA.;128647.02
09032022-021822;202241850010;MUNICIPIO DE RIQUEZA;Jorginho Mello;08020020001020;ALTERMED MATERIAL MEDICO HOSPITALAR LTDA;2816.5
09032022-021822;202241850010;MUNICIPIO DE RIQUEZA;Jorginho Mello;44708770001050;MEDIGRAM COMERCIO DE MEDICAMENTOS LTDA;346.5
09032022-021822;202241850010;MUNICIPIO DE RIQUEZA;Jorginho Mello;61944400001030;ODONTOMEDI - PRODUTOS ODONTOLOGICOS E HOSPITALARES LTDA;636.69
09032022-021822;202241850010;MUNICIPIO DE RIQUEZA;Jorginho Mello;48893150001920;S & R DISTRIBUIDORA LTDA;1734.0
09032022-021822;202241850010;MUNICIPIO DE RIQUEZA;Jorginho Mello;36520300003320;CENTERMEDI-COMERCIO DE PRODUTOS HOSPITALARES LTDA;7194.6
09032023-038988;202342510010;MUNICIPIO DE RIQUEZA;Ivete da Silveira;32577770001240;GAIA RODOVIAS LTDA.;4528.46
09032024-072805;202439320001;MUNICIPIO DE RIQUEZA;Caroline de Toni;00000000000191;BANCO DO BRASIL SA;3.32
09032024-073943;202442730001;MUNICIPIO DE RIQUEZA;Jorge Seif;00000000000191;BANCO DO BRASIL SA;3.32
0903-003743;202018800013;MUNICIPIO DE MORRO DA FUMACA;Angela Amin;25432160011090;PERFIL COMPUTACIONAL LTDA;11104.67
0903-003942;202022100018;MUNICIPIO DE MORRO DA FUMACA;Esperidião Amin;25432160011090;PERFIL COMPUTACIONAL LTDA;11104.67
09032026-094574;202622100012;MUNICIPIO DE MORRO DA FUMACA;Esperidião Amin;00000000000191;BANCO DO BRASIL SA;398000.0
09032021-011960;202139320005;MUNICIPIO DE PERITIBA;Caroline de Toni;03944600033290;MINISTERIO DA FAZENDA;1045.3700000000001
09032021-013414;202141850007;MUNICIPIO DE PERITIBA;Jorginho Mello;29526890006940;CARBONI DISTRIBUIDORA DE VEICULOS LTDA;579500.0
0903-003720;202029250015;MUNICIPIO DE SAO CRISTOVAO DO SUL;Carmen Zanotto;00000000073845;PAULINA RIBEIRO DE MELLO;580506.47
0903-003861;202028550021;MUNICIPIO DE SAO CRISTOVAO DO SUL;Pedro Uczai;00000000073845;PAULINA RIBEIRO DE MELLO;580506.47
09032023-033065;202328550022;MUNICIPIO DE IPUMIRIM;Pedro Uczai;03603050001040;CAIXA ECONOMICA FEDERAL;11.0
09032023-038999;202342510010;MUNICIPIO DE IPUMIRIM;Ivete da Silveira;03603050001040;CAIXA ECONOMICA FEDERAL;11.0
09032022-019900;202239320002;MUNICIPIO DE MODELO;Caroline de Toni;03603050001040;CAIXA ECONOMICA FEDERAL;45.0
09032022-019900;202239320002;MUNICIPIO DE MODELO;Caroline de Toni;32577770001240;GAIA RODOVIAS LTDA.;151130.14
09032022-014125;202232350003;MUNICIPIO DE MODELO;Geovania De Sá;03603050001040;CAIXA ECONOMICA FEDERAL;45.0
09032022-014125;202232350003;MUNICIPIO DE MODELO;Geovania De Sá;32577770001240;GAIA RODOVIAS LTDA.;151130.14
09032022-018236;202228560001;MUNICIPIO DE LONTRAS;Rogério Peninha Mendonça;03603050001040;CAIXA ECONOMICA FEDERAL;11.0
09032024-074041;202442730001;MUNICIPIO DE LONTRAS;Jorge Seif;89969400001940;PSI INDUSTRIA E COMERCIO DE ARTEFATOS LTDA;99999.89
09032024-074498;202443390001;MUNICIPIO DE LONTRAS;Daniela Reinehr;89969400001940;PSI INDUSTRIA E COMERCIO DE ARTEFATOS LTDA;99999.89
0903-003772;202039800001;MUNICIPIO DE GUARACIABA;Fabio Schiochet;32577770001240;GAIA RODOVIAS LTDA.;350122.89999999997
09032022-016416;202228550021;MUNICIPIO DE GUARACIABA;Pedro Uczai;03603050001040;CAIXA ECONOMICA FEDERAL;67.0
09032023-034745;202325690017;MUNICIPIO DE GUARACIABA;Celso Maldaner;47106450001790;ASFALTOBRAS RODOVIAS LTDA;2942275.38
09032023-034745;202325690017;MUNICIPIO DE GUARACIABA;Celso Maldaner;85889120001380;E.J.F. EMPREENDIMENTOS LTDA;78788.87
09032023-037419;202339800001;MUNICIPIO DE GUARACIABA;Fabio Schiochet;47106450001790;ASFALTOBRAS RODOVIAS LTDA;2942275.38
09032023-037419;202339800001;MUNICIPIO DE GUARACIABA;Fabio Schiochet;85889120001380;E.J.F. EMPREENDIMENTOS LTDA;78788.87
09032024-072814;202439320001;MUNICIPIO DE GUARACIABA;Caroline de Toni;85889120001380;E.J.F. EMPREENDIMENTOS LTDA;155759.18
09032024-073961;202442730001;MUNICIPIO DE GUARACIABA;Jorge Seif;85889120001380;E.J.F. EMPREENDIMENTOS LTDA;100331.05
09032024-074446;202443390001;MUNICIPIO DE GUARACIABA;Daniela Reinehr;00000000000191;BANCO DO BRASIL SA;13.08
09032024-074446;202443390001;MUNICIPIO DE GUARACIABA;Daniela Reinehr;85889120001380;E.J.F. EMPREENDIMENTOS LTDA;68443.35
0903-004485;202028560001;MUNICIPIO DE VIDAL RAMOS;Rogério Peninha Mendonça;03603050001040;CAIXA ECONOMICA FEDERAL;54.45
0903-004485;202028560001;MUNICIPIO DE VIDAL RAMOS;Rogério Peninha Mendonça;61459280001400;CONSTRUCAO CIVIL M G LTDA;236780.94
09032022-016125;202237860003;MUNICIPIO DE VIDAL RAMOS;Dário Berger;63137330001620;FORTMAQ MAQUINAS E IMPLEMENTOS AGRICOLAS LTDA;62635.25
09032022-016125;202237860003;MUNICIPIO DE VIDAL RAMOS;Dário Berger;31385980001780;DELBA VICENTINI CREMASCO;58829.02
09032022-016125;202237860003;MUNICIPIO DE VIDAL RAMOS;Dário Berger;78582060001040;MAQUIXANDE INDUSTRIA DE MAQUINAS AGRICOLAS E TRANSPORTE;25539.8
09032022-016125;202237860003;MUNICIPIO DE VIDAL RAMOS;Dário Berger;47422670001050;CASA DO PICA-PAU MAQUINAS AGRICOLAS LTDA;21688.66
09032022-016339;202239530001;MUNICIPIO DE VIDAL RAMOS;Darci de Matos;63137330001620;FORTMAQ MAQUINAS E IMPLEMENTOS AGRICOLAS LTDA;62635.25
09032022-016339;202239530001;MUNICIPIO DE VIDAL RAMOS;Darci de Matos;31385980001780;DELBA VICENTINI CREMASCO;58829.02
09032022-016339;202239530001;MUNICIPIO DE VIDAL RAMOS;Darci de Matos;78582060001040;MAQUIXANDE INDUSTRIA DE MAQUINAS AGRICOLAS E TRANSPORTE;25539.8
09032022-016339;202239530001;MUNICIPIO DE VIDAL RAMOS;Darci de Matos;47422670001050;CASA DO PICA-PAU MAQUINAS AGRICOLAS LTDA;21688.66
09032022-018226;202228560001;MUNICIPIO DE VIDAL RAMOS;Rogério Peninha Mendonça;63137330001620;FORTMAQ MAQUINAS E IMPLEMENTOS AGRICOLAS LTDA;62635.25
09032022-018226;202228560001;MUNICIPIO DE VIDAL RAMOS;Rogério Peninha Mendonça;31385980001780;DELBA VICENTINI CREMASCO;58829.02
09032022-018226;202228560001;MUNICIPIO DE VIDAL RAMOS;Rogério Peninha Mendonça;78582060001040;MAQUIXANDE INDUSTRIA DE MAQUINAS AGRICOLAS E TRANSPORTE;25539.8
09032022-018226;202228560001;MUNICIPIO DE VIDAL RAMOS;Rogério Peninha Mendonça;47422670001050;CASA DO PICA-PAU MAQUINAS AGRICOLAS LTDA;21688.66
09032022-021036;202240620006;MUNICIPIO DE VIDAL RAMOS;Ricardo Guidi;63137330001620;FORTMAQ MAQUINAS E IMPLEMENTOS AGRICOLAS LTDA;62635.25
09032022-021036;202240620006;MUNICIPIO DE VIDAL RAMOS;Ricardo Guidi;31385980001780;DELBA VICENTINI CREMASCO;58829.02
09032022-021036;202240620006;MUNICIPIO DE VIDAL RAMOS;Ricardo Guidi;78582060001040;MAQUIXANDE INDUSTRIA DE MAQUINAS AGRICOLAS E TRANSPORTE;25539.8
09032022-021036;202240620006;MUNICIPIO DE VIDAL RAMOS;Ricardo Guidi;47422670001050;CASA DO PICA-PAU MAQUINAS AGRICOLAS LTDA;21688.66
09032024-068013;202444010006;MUNICIPIO DE VIDAL RAMOS;Julia Zanatta;03944600033290;MINISTERIO DA FAZENDA;1765.73
09032024-075081;202444480002;MUNICIPIO DE VIDAL RAMOS;Pezenti;50423420001980;PRE-FABRICAR CONCRETOS LTDA;246055.68
09032024-075081;202444480002;MUNICIPIO DE VIDAL RAMOS;Pezenti;03944600033290;MINISTERIO DA FAZENDA;1859.97
09032025-081157;202543920009;MUNICIPIO DE VIDAL RAMOS;Ismael;50437200001580;RK IMPLEMENTOS AGRICOLAS LTDA;23218.0
0903-003915;202032350006;MUNICIPIO DE INDAIAL;Geovania De Sá;19012270001700;PROGRESSO AMBIENTAL LTDA;196401.24
09032021-009471;202118800011;MUNICIPIO DE INDAIAL;Angela Amin;03603050001040;CAIXA ECONOMICA FEDERAL;24.0
09032022-016332;202239530001;MUNICIPIO DE INDAIAL;Darci de Matos;03603050001040;CAIXA ECONOMICA FEDERAL;48.0
09032022-016332;202239530001;MUNICIPIO DE INDAIAL;Darci de Matos;03944600058870;MINISTERIO DA FAZENDA;3315.63
09032022-016332;202239530001;MUNICIPIO DE INDAIAL;Darci de Matos;90162550001170;INDAIAL PAVER FABRICA DE ARTEFATOS DE CIMENTO LTDA;236175.10000000003
09032022-021951;202290550001;MUNICIPIO DE INDAIAL;Gilson Marques;03603050001040;CAIXA ECONOMICA FEDERAL;48.0
09032022-021951;202290550001;MUNICIPIO DE INDAIAL;Gilson Marques;03944600058870;MINISTERIO DA FAZENDA;3315.63
09032022-021951;202290550001;MUNICIPIO DE INDAIAL;Gilson Marques;90162550001170;INDAIAL PAVER FABRICA DE ARTEFATOS DE CIMENTO LTDA;236175.10000000003
09032023-031242;202332350003;MUNICIPIO DE INDAIAL;Geovania De Sá;03944600058870;MINISTERIO DA FAZENDA;3183.93
09032023-031242;202332350003;MUNICIPIO DE INDAIAL;Geovania De Sá;03603050001040;CAIXA ECONOMICA FEDERAL;48.0
09032023-034155;202318800004;MUNICIPIO DE INDAIAL;Angela Amin;03944600058870;MINISTERIO DA FAZENDA;3183.93
09032023-034155;202318800004;MUNICIPIO DE INDAIAL;Angela Amin;03603050001040;CAIXA ECONOMICA FEDERAL;48.0
09032023-036991;202339290002;MUNICIPIO DE INDAIAL;Carlos Chiodini;03944600058870;MINISTERIO DA FAZENDA;3183.93
09032023-036991;202339290002;MUNICIPIO DE INDAIAL;Carlos Chiodini;03603050001040;CAIXA ECONOMICA FEDERAL;48.0
09032022-016110;202237860003;MUNICIPIO DE ALFREDO WAGNER;Dário Berger;03603050001040;CAIXA ECONOMICA FEDERAL;22.0
09032026-089597;202632350004;MUNICIPIO DE ALFREDO WAGNER;Geovania De Sá;00000000000191;BANCO DO BRASIL SA;497500.0
09032026-095780;202639320001;MUNICIPIO DE ALFREDO WAGNER;Caroline de Toni;00000000000191;BANCO DO BRASIL SA;398000.0
09032022-014145;202232350003;MUNICIPIO DE ARROIO TRINTA;Geovania De Sá;19249960003560;BRITAGEM GASPAR LTDA;109492.98
09032022-014145;202232350003;MUNICIPIO DE ARROIO TRINTA;Geovania De Sá;03603050001040;CAIXA ECONOMICA FEDERAL;46.0
09032024-069101;202422100016;MUNICIPIO DE ARROIO TRINTA;Esperidião Amin;60203180001100;VOLKSWAGEN TRUCK & BUS INDUSTRIA E COMERCIO DE VEICULOS LTDA;207409.63
09032024-072866;202439320001;MUNICIPIO DE ARROIO TRINTA;Caroline de Toni;60203180001100;VOLKSWAGEN TRUCK & BUS INDUSTRIA E COMERCIO DE VEICULOS LTDA;100000.0
09032024-074491;202443390001;MUNICIPIO DE ARROIO TRINTA;Daniela Reinehr;60203180001100;VOLKSWAGEN TRUCK & BUS INDUSTRIA E COMERCIO DE VEICULOS LTDA;276992.37
09032021-010427;202128550001;MUNICIPIO DE CHAPECO;Pedro Uczai;03603050001040;CAIXA ECONOMICA FEDERAL;42.900000000000006
09032021-011516;202137860003;MUNICIPIO DE CHAPECO;Dário Berger;03603050001040;CAIXA ECONOMICA FEDERAL;42.900000000000006
09032021-011969;202139320005;MUNICIPIO DE CHAPECO;Caroline de Toni;03603050001040;CAIXA ECONOMICA FEDERAL;42.900000000000006
09032022-019904;202239320002;MUNICIPIO DE CHAPECO;Caroline de Toni;03603050001040;CAIXA ECONOMICA FEDERAL;22.0
09032022-2-022110;202222100001;MUNICIPIO DE CHAPECO;Esperidião Amin;03603050001040;CAIXA ECONOMICA FEDERAL;22.0
09032022-3-022312;202222100001;MUNICIPIO DE CHAPECO;Esperidião Amin;03603050001040;CAIXA ECONOMICA FEDERAL;22.0
09032022-017150;202218800004;MUNICIPIO DE MAREMA;Angela Amin;03603050001040;CAIXA ECONOMICA FEDERAL;22.0
0903-004781;202041850004;MUNICIPIO DE SAO MIGUEL DA BOA VISTA;Jorginho Mello;89858250001140;DIDATICA INDUSTRIA E COMERCIO DE BRINQUEDOS EIRELI;55000.0
09032021-010957;202132350006;MUNICIPIO DE SAO MIGUEL DA BOA VISTA;Geovania De Sá;00000000076676;ELIR POSSENTI;816.0
09032021-010957;202132350006;MUNICIPIO DE SAO MIGUEL DA BOA VISTA;Geovania De Sá;00000000031045;MARCINEI JOSE SIQUEIRA;816.0
09032021-010957;202132350006;MUNICIPIO DE SAO MIGUEL DA BOA VISTA;Geovania De Sá;44083590001530;POSTO CHARNOSKI LTDA;129302.04999999999
09032021-010957;202132350006;MUNICIPIO DE SAO MIGUEL DA BOA VISTA;Geovania De Sá;00000000065739;MARIA MARLEI RINTZEL ALVES DE OLIVEIRA;816.0
09032021-010957;202132350006;MUNICIPIO DE SAO MIGUEL DA BOA VISTA;Geovania De Sá;00000000058515;JEFERSON ROSSETTO;1240.0
09032021-010957;202132350006;MUNICIPIO DE SAO MIGUEL DA BOA VISTA;Geovania De Sá;00000000004908;JOSELI MARIA LORA;816.0
09032021-010957;202132350006;MUNICIPIO DE SAO MIGUEL DA BOA VISTA;Geovania De Sá;00000000087129;DJONATAN MARTINI;2000.0
09032021-010957;202132350006;MUNICIPIO DE SAO MIGUEL DA BOA VISTA;Geovania De Sá;00000000012064;DJULIAN MARTINI;2000.0
09032021-010957;202132350006;MUNICIPIO DE SAO MIGUEL DA BOA VISTA;Geovania De Sá;00000000081582;HUGO FREDERICO MANN;816.0
09032021-010957;202132350006;MUNICIPIO DE SAO MIGUEL DA BOA VISTA;Geovania De Sá;27355630001530;AUTO MECANICA IVAL LTDA;3503.0
09032021-010957;202132350006;MUNICIPIO DE SAO MIGUEL DA BOA VISTA;Geovania De Sá;59479440001940;EVANDRO LUIS TRENTIN;118.0
09032021-010957;202132350006;MUNICIPIO DE SAO MIGUEL DA BOA VISTA;Geovania De Sá;00000000056568;DALVAIR DE LARA ONGARATTO;800.0
09032021-010957;202132350006;MUNICIPIO DE SAO MIGUEL DA BOA VISTA;Geovania De Sá;00000000052190;FELIPE CEZAR FASSBINDER;550.8
09032021-010957;202132350006;MUNICIPIO DE SAO MIGUEL DA BOA VISTA;Geovania De Sá;00000000095402;NEDIO LIEBERT;816.0
09032021-010957;202132350006;MUNICIPIO DE SAO MIGUEL DA BOA VISTA;Geovania De Sá;45866940001410;INFOTRIZ COMERCIAL LTDA;82.39
09032021-010957;202132350006;MUNICIPIO DE SAO MIGUEL DA BOA VISTA;Geovania De Sá;00000000075577;MARCELO MALLMANN;2000.0
09032021-010957;202132350006;MUNICIPIO DE SAO MIGUEL DA BOA VISTA;Geovania De Sá;00000000053272;MARCOS GEHM;816.0
09032021-010957;202132350006;MUNICIPIO DE SAO MIGUEL DA BOA VISTA;Geovania De Sá;00000000084111;VILMAR DE CAMPOS;2000.0
09032021-010957;202132350006;MUNICIPIO DE SAO MIGUEL DA BOA VISTA;Geovania De Sá;00000000057697;MAYARA DE OLIVEIRA GERARDI;816.0
09032021-010957;202132350006;MUNICIPIO DE SAO MIGUEL DA BOA VISTA;Geovania De Sá;00000000022808;DANILO PROVIN;816.0
09032021-010957;202132350006;MUNICIPIO DE SAO MIGUEL DA BOA VISTA;Geovania De Sá;00000000066404;VALDIR FRANK;816.0
09032021-010957;202132350006;MUNICIPIO DE SAO MIGUEL DA BOA VISTA;Geovania De Sá;00000000031574;CLAIR SARTORI FEDRIGO;816.0
09032021-010957;202132350006;MUNICIPIO DE SAO MIGUEL DA BOA VISTA;Geovania De Sá;00000000074624;JOAO ARI PETTER;2000.0
09032021-010957;202132350006;MUNICIPIO DE SAO MIGUEL DA BOA VISTA;Geovania De Sá;00000000042097;ZENILA MARIA LAMMERS;816.0
09032021-010957;202132350006;MUNICIPIO DE SAO MIGUEL DA BOA VISTA;Geovania De Sá;00000000078524;IRENE LOREIRA DE LIMA KAFFER;816.0
09032021-010957;202132350006;MUNICIPIO DE SAO MIGUEL DA BOA VISTA;Geovania De Sá;00000000005425;DEOMIR ONGARATTO;800.0
09032021-010957;202132350006;MUNICIPIO DE SAO MIGUEL DA BOA VISTA;Geovania De Sá;00000000087030;EDSON CESAR RIGOTTI;163.2
09032021-010957;202132350006;MUNICIPIO DE SAO MIGUEL DA BOA VISTA;Geovania De Sá;00000000075367;JONAS SIGNOR;816.0
09032021-010957;202132350006;MUNICIPIO DE SAO MIGUEL DA BOA VISTA;Geovania De Sá;89689580001820;MODELMAQ TERRAPLENAGENS E SERVICOS LTDA;36695.0
09032021-010957;202132350006;MUNICIPIO DE SAO MIGUEL DA BOA VISTA;Geovania De Sá;00000000031147;RAFAEL DOMINGO MATA DIAZ;805.2
09032021-010957;202132350006;MUNICIPIO DE SAO MIGUEL DA BOA VISTA;Geovania De Sá;00000000085634;REINALDO GATTO;1387.2
09032021-013406;202141850007;MUNICIPIO DE SAO MIGUEL DA BOA VISTA;Jorginho Mello;00000000076676;ELIR POSSENTI;816.0
09032021-013406;202141850007;MUNICIPIO DE SAO MIGUEL DA BOA VISTA;Jorginho Mello;00000000031045;MARCINEI JOSE SIQUEIRA;816.0
09032021-013406;202141850007;MUNICIPIO DE SAO MIGUEL DA BOA VISTA;Jorginho Mello;44083590001530;POSTO CHARNOSKI LTDA;129302.04999999999
09032021-013406;202141850007;MUNICIPIO DE SAO MIGUEL DA BOA VISTA;Jorginho Mello;00000000065739;MARIA MARLEI RINTZEL ALVES DE OLIVEIRA;816.0
09032021-013406;202141850007;MUNICIPIO DE SAO MIGUEL DA BOA VISTA;Jorginho Mello;00000000058515;JEFERSON ROSSETTO;1240.0
09032021-013406;202141850007;MUNICIPIO DE SAO MIGUEL DA BOA VISTA;Jorginho Mello;00000000004908;JOSELI MARIA LORA;816.0
09032021-013406;202141850007;MUNICIPIO DE SAO MIGUEL DA BOA VISTA;Jorginho Mello;00000000087129;DJONATAN MARTINI;2000.0
09032021-013406;202141850007;MUNICIPIO DE SAO MIGUEL DA BOA VISTA;Jorginho Mello;00000000012064;DJULIAN MARTINI;2000.0
09032021-013406;202141850007;MUNICIPIO DE SAO MIGUEL DA BOA VISTA;Jorginho Mello;00000000081582;HUGO FREDERICO MANN;816.0
09032021-013406;202141850007;MUNICIPIO DE SAO MIGUEL DA BOA VISTA;Jorginho Mello;27355630001530;AUTO MECANICA IVAL LTDA;3503.0
09032021-013406;202141850007;MUNICIPIO DE SAO MIGUEL DA BOA VISTA;Jorginho Mello;59479440001940;EVANDRO LUIS TRENTIN;118.0
09032021-013406;202141850007;MUNICIPIO DE SAO MIGUEL DA BOA VISTA;Jorginho Mello;00000000056568;DALVAIR DE LARA ONGARATTO;800.0
09032021-013406;202141850007;MUNICIPIO DE SAO MIGUEL DA BOA VISTA;Jorginho Mello;00000000052190;FELIPE CEZAR FASSBINDER;550.8
09032021-013406;202141850007;MUNICIPIO DE SAO MIGUEL DA BOA VISTA;Jorginho Mello;00000000095402;NEDIO LIEBERT;816.0
09032021-013406;202141850007;MUNICIPIO DE SAO MIGUEL DA BOA VISTA;Jorginho Mello;45866940001410;INFOTRIZ COMERCIAL LTDA;82.39
09032021-013406;202141850007;MUNICIPIO DE SAO MIGUEL DA BOA VISTA;Jorginho Mello;00000000075577;MARCELO MALLMANN;2000.0
09032021-013406;202141850007;MUNICIPIO DE SAO MIGUEL DA BOA VISTA;Jorginho Mello;00000000053272;MARCOS GEHM;816.0
09032021-013406;202141850007;MUNICIPIO DE SAO MIGUEL DA BOA VISTA;Jorginho Mello;00000000084111;VILMAR DE CAMPOS;2000.0
09032021-013406;202141850007;MUNICIPIO DE SAO MIGUEL DA BOA VISTA;Jorginho Mello;00000000057697;MAYARA DE OLIVEIRA GERARDI;816.0
09032021-013406;202141850007;MUNICIPIO DE SAO MIGUEL DA BOA VISTA;Jorginho Mello;00000000022808;DANILO PROVIN;816.0
09032021-013406;202141850007;MUNICIPIO DE SAO MIGUEL DA BOA VISTA;Jorginho Mello;00000000066404;VALDIR FRANK;816.0
09032021-013406;202141850007;MUNICIPIO DE SAO MIGUEL DA BOA VISTA;Jorginho Mello;00000000031574;CLAIR SARTORI FEDRIGO;816.0
09032021-013406;202141850007;MUNICIPIO DE SAO MIGUEL DA BOA VISTA;Jorginho Mello;00000000074624;JOAO ARI PETTER;2000.0
09032021-013406;202141850007;MUNICIPIO DE SAO MIGUEL DA BOA VISTA;Jorginho Mello;00000000042097;ZENILA MARIA LAMMERS;816.0
09032021-013406;202141850007;MUNICIPIO DE SAO MIGUEL DA BOA VISTA;Jorginho Mello;00000000078524;IRENE LOREIRA DE LIMA KAFFER;816.0
09032021-013406;202141850007;MUNICIPIO DE SAO MIGUEL DA BOA VISTA;Jorginho Mello;00000000005425;DEOMIR ONGARATTO;800.0
09032021-013406;202141850007;MUNICIPIO DE SAO MIGUEL DA BOA VISTA;Jorginho Mello;00000000087030;EDSON CESAR RIGOTTI;163.2
09032021-013406;202141850007;MUNICIPIO DE SAO MIGUEL DA BOA VISTA;Jorginho Mello;00000000075367;JONAS SIGNOR;816.0
09032021-013406;202141850007;MUNICIPIO DE SAO MIGUEL DA BOA VISTA;Jorginho Mello;89689580001820;MODELMAQ TERRAPLENAGENS E SERVICOS LTDA;36695.0
09032021-013406;202141850007;MUNICIPIO DE SAO MIGUEL DA BOA VISTA;Jorginho Mello;00000000031147;RAFAEL DOMINGO MATA DIAZ;805.2
09032021-013406;202141850007;MUNICIPIO DE SAO MIGUEL DA BOA VISTA;Jorginho Mello;00000000085634;REINALDO GATTO;1387.2
09032022-021823;202241850010;MUNICIPIO DE SAO MIGUEL DA BOA VISTA;Jorginho Mello;32577770001240;GAIA RODOVIAS LTDA.;5.62
09032022-021823;202241850010;MUNICIPIO DE SAO MIGUEL DA BOA VISTA;Jorginho Mello;03603050001040;CAIXA ECONOMICA FEDERAL;11.0
09032023-033058;202328550022;MUNICIPIO DE SAO MIGUEL DA BOA VISTA;Pedro Uczai;32577770001240;GAIA RODOVIAS LTDA.;541435.9299999999
09032023-033058;202328550022;MUNICIPIO DE SAO MIGUEL DA BOA VISTA;Pedro Uczai;03603050001040;CAIXA ECONOMICA FEDERAL;23.0
09032023-033058;202328550022;MUNICIPIO DE SAO MIGUEL DA BOA VISTA;Pedro Uczai;03944600058870;MINISTERIO DA FAZENDA;320.75
09032023-034748;202325690022;MUNICIPIO DE SAO MIGUEL DA BOA VISTA;Celso Maldaner;32577770001240;GAIA RODOVIAS LTDA.;541435.9299999999
09032023-034748;202325690022;MUNICIPIO DE SAO MIGUEL DA BOA VISTA;Celso Maldaner;03603050001040;CAIXA ECONOMICA FEDERAL;23.0
09032023-034748;202325690022;MUNICIPIO DE SAO MIGUEL DA BOA VISTA;Celso Maldaner;03944600058870;MINISTERIO DA FAZENDA;320.75
09032023-2-041688;202342510010;MUNICIPIO DE SAO MIGUEL DA BOA VISTA;Ivete da Silveira;32577770001240;GAIA RODOVIAS LTDA.;541435.9299999999
09032023-2-041688;202342510010;MUNICIPIO DE SAO MIGUEL DA BOA VISTA;Ivete da Silveira;03603050001040;CAIXA ECONOMICA FEDERAL;23.0
09032023-2-041688;202342510010;MUNICIPIO DE SAO MIGUEL DA BOA VISTA;Ivete da Silveira;03944600058870;MINISTERIO DA FAZENDA;320.75
09032024-068725;202442510013;NAVEGANTES;Ivete da Silveira;87642150001900;ASSOCIACAO DE APOIO E CULTURA E ESPORTE DE SANTA CATARINA - AACESC;200000.0
09032024-068725;202442510013;NAVEGANTES;Ivete da Silveira;87642150001900;ASSOCIACAO DE APOIO E CULTURA E ESPORTE DE SANTA CATARINA - AACESC;200000.0
09032024-068842;202442510012;NAVEGANTES;Ivete da Silveira;87642150001900;ASSOCIACAO DE APOIO E CULTURA E ESPORTE DE SANTA CATARINA - AACESC;200000.0
09032024-068842;202442510012;NAVEGANTES;Ivete da Silveira;87642150001900;ASSOCIACAO DE APOIO E CULTURA E ESPORTE DE SANTA CATARINA - AACESC;200000.0
0903-003531;202018800013;MUNICIPIO DE TURVO;Angela Amin;26040470002700;FORAUTO VEICULOS E PECAS LTDA.;150000.0
0903-003531;202018800013;MUNICIPIO DE TURVO;Angela Amin;03603050001040;CAIXA ECONOMICA FEDERAL;10.0
09032023-034405;202322100001;MUNICIPIO DE TURVO;Esperidião Amin;03603050001040;CAIXA ECONOMICA FEDERAL;22.0
09032023-031253;202332350003;MUNICIPIO DE TURVO;Geovania De Sá;03603050001040;CAIXA ECONOMICA FEDERAL;22.0
09032024-066089;202442730002;MUNICIPIO DE TURVO;Jorge Seif;03603050001040;CAIXA ECONOMICA FEDERAL;12.0
09032021-010975;202132350006;MUNICIPIO DE IRINEOPOLIS;Geovania De Sá;47422670001050;CASA DO PICA-PAU MAQUINAS AGRICOLAS LTDA;2239.95
09032023-034416;202322100001;MUNICIPIO DE IRINEOPOLIS;Esperidião Amin;52797110001600;ROCHA EMPREENDIMENTOS LTDA;152147.71000000002
09032023-034416;202322100001;MUNICIPIO DE IRINEOPOLIS;Esperidião Amin;78582060001040;MAQUIXANDE INDUSTRIA DE MAQUINAS AGRICOLAS E TRANSPORTE;13197.7
09032023-034416;202322100001;MUNICIPIO DE IRINEOPOLIS;Esperidião Amin;31385980001780;DELBA VICENTINI CREMASCO;33500.0
09032023-034416;202322100001;MUNICIPIO DE IRINEOPOLIS;Esperidião Amin;08020020001020;ALTERMED MATERIAL MEDICO HOSPITALAR LTDA;1719.12
09032023-034416;202322100001;MUNICIPIO DE IRINEOPOLIS;Esperidião Amin;63137330001620;FORTMAQ MAQUINAS E IMPLEMENTOS AGRICOLAS LTDA;63232.0
09032022-016421;202228550021;MUNICIPIO DE IRINEOPOLIS;Pedro Uczai;47422670001050;CASA DO PICA-PAU MAQUINAS AGRICOLAS LTDA;98903.98999999999
09032022-019867;202239290005;MUNICIPIO DE IRINEOPOLIS;Carlos Chiodini;47422670001050;CASA DO PICA-PAU MAQUINAS AGRICOLAS LTDA;98903.98999999999
09032023-031260;202332350003;MUNICIPIO DE IRINEOPOLIS;Geovania De Sá;52797110001600;ROCHA EMPREENDIMENTOS LTDA;152147.71000000002
09032023-031260;202332350003;MUNICIPIO DE IRINEOPOLIS;Geovania De Sá;78582060001040;MAQUIXANDE INDUSTRIA DE MAQUINAS AGRICOLAS E TRANSPORTE;13197.7
09032023-031260;202332350003;MUNICIPIO DE IRINEOPOLIS;Geovania De Sá;31385980001780;DELBA VICENTINI CREMASCO;33500.0
09032023-031260;202332350003;MUNICIPIO DE IRINEOPOLIS;Geovania De Sá;08020020001020;ALTERMED MATERIAL MEDICO HOSPITALAR LTDA;1719.12
09032023-031260;202332350003;MUNICIPIO DE IRINEOPOLIS;Geovania De Sá;63137330001620;FORTMAQ MAQUINAS E IMPLEMENTOS AGRICOLAS LTDA;63232.0
09032023-034174;202318800004;MUNICIPIO DE IRINEOPOLIS;Angela Amin;52797110001600;ROCHA EMPREENDIMENTOS LTDA;152147.71000000002
09032023-034174;202318800004;MUNICIPIO DE IRINEOPOLIS;Angela Amin;78582060001040;MAQUIXANDE INDUSTRIA DE MAQUINAS AGRICOLAS E TRANSPORTE;13197.7
09032023-034174;202318800004;MUNICIPIO DE IRINEOPOLIS;Angela Amin;31385980001780;DELBA VICENTINI CREMASCO;33500.0
09032023-034174;202318800004;MUNICIPIO DE IRINEOPOLIS;Angela Amin;08020020001020;ALTERMED MATERIAL MEDICO HOSPITALAR LTDA;1719.12
09032023-034174;202318800004;MUNICIPIO DE IRINEOPOLIS;Angela Amin;63137330001620;FORTMAQ MAQUINAS E IMPLEMENTOS AGRICOLAS LTDA;63232.0
09032023-037069;202339320001;MUNICIPIO DE IRINEOPOLIS;Caroline de Toni;52797110001600;ROCHA EMPREENDIMENTOS LTDA;152147.71000000002
09032023-037069;202339320001;MUNICIPIO DE IRINEOPOLIS;Caroline de Toni;78582060001040;MAQUIXANDE INDUSTRIA DE MAQUINAS AGRICOLAS E TRANSPORTE;13197.7
09032023-037069;202339320001;MUNICIPIO DE IRINEOPOLIS;Caroline de Toni;31385980001780;DELBA VICENTINI CREMASCO;33500.0
09032023-037069;202339320001;MUNICIPIO DE IRINEOPOLIS;Caroline de Toni;08020020001020;ALTERMED MATERIAL MEDICO HOSPITALAR LTDA;1719.12
09032023-037069;202339320001;MUNICIPIO DE IRINEOPOLIS;Caroline de Toni;63137330001620;FORTMAQ MAQUINAS E IMPLEMENTOS AGRICOLAS LTDA;63232.0
09032023-039026;202342510010;MUNICIPIO DE IRINEOPOLIS;Ivete da Silveira;52797110001600;ROCHA EMPREENDIMENTOS LTDA;152147.71000000002
09032023-039026;202342510010;MUNICIPIO DE IRINEOPOLIS;Ivete da Silveira;78582060001040;MAQUIXANDE INDUSTRIA DE MAQUINAS AGRICOLAS E TRANSPORTE;13197.7
09032023-039026;202342510010;MUNICIPIO DE IRINEOPOLIS;Ivete da Silveira;31385980001780;DELBA VICENTINI CREMASCO;33500.0
09032023-039026;202342510010;MUNICIPIO DE IRINEOPOLIS;Ivete da Silveira;08020020001020;ALTERMED MATERIAL MEDICO HOSPITALAR LTDA;1719.12
09032023-039026;202342510010;MUNICIPIO DE IRINEOPOLIS;Ivete da Silveira;63137330001620;FORTMAQ MAQUINAS E IMPLEMENTOS AGRICOLAS LTDA;63232.0
09032026-095959;202639800001;MUNICIPIO DE IRINEOPOLIS;Fabio Schiochet;00000000000191;BANCO DO BRASIL SA;398000.0
09032023-031261;202332350003;MUNICIPIO DE MONTE CASTELO;Geovania De Sá;42130840001000;CONSTRUTORA LATERAL DE OBRAS LTDA;164150.0
09032023-031261;202332350003;MUNICIPIO DE MONTE CASTELO;Geovania De Sá;36209270001120;PAVIPLAN PAVIMENTACAO LTDA;380000.0
09032023-037070;202339320001;MUNICIPIO DE MONTE CASTELO;Caroline de Toni;42130840001000;CONSTRUTORA LATERAL DE OBRAS LTDA;164150.0
09032023-037070;202339320001;MUNICIPIO DE MONTE CASTELO;Caroline de Toni;36209270001120;PAVIPLAN PAVIMENTACAO LTDA;380000.0
09032023-039029;202342510010;MUNICIPIO DE MONTE CASTELO;Ivete da Silveira;42130840001000;CONSTRUTORA LATERAL DE OBRAS LTDA;164150.0
09032023-039029;202342510010;MUNICIPIO DE MONTE CASTELO;Ivete da Silveira;36209270001120;PAVIPLAN PAVIMENTACAO LTDA;380000.0
09032024-068820;202442510012;MUNICIPIO DE MONTE CASTELO;Ivete da Silveira;03603050001040;CAIXA ECONOMICA FEDERAL;12.0
09032024-068820;202442510012;MUNICIPIO DE MONTE CASTELO;Ivete da Silveira;26748010001680;FORTECOM CONCRETO E CONSTRUCAO LTDA;2405.6
09032022-016139;202237860003;MUNICIPIO DE PETROLANDIA;Dário Berger;07654600001000;GIO IMPLEMENTOS AGRICOLAS LTDA;43760.0
09032022-017393;202222100001;MUNICIPIO DE PETROLANDIA;Esperidião Amin;07654600001000;GIO IMPLEMENTOS AGRICOLAS LTDA;43760.0
09032023-039031;202342510010;MUNICIPIO DE PETROLANDIA;Ivete da Silveira;73564230001980;PROCAB INDUSTRIA DE EQUIPAMENTOS AGRICOLAS LTDA;35000.0
09032023-039031;202342510010;MUNICIPIO DE PETROLANDIA;Ivete da Silveira;50636530010240;ENGEPECAS EQUIPAMENTOS LTDA.;382356.0
09032023-034419;202322100001;MUNICIPIO DE PETROLANDIA;Esperidião Amin;73564230001980;PROCAB INDUSTRIA DE EQUIPAMENTOS AGRICOLAS LTDA;35000.0
09032023-034419;202322100001;MUNICIPIO DE PETROLANDIA;Esperidião Amin;50636530010240;ENGEPECAS EQUIPAMENTOS LTDA.;382356.0
0903-003920;202018800013;MUNICIPIO DE AGRONOMICA;Angela Amin;36751410001000;AGROARTES PUBLICIDADE E SINALIZACAO VIARIA LTDA;30933.0
0903-003917;202041850004;MUNICIPIO DE AGRONOMICA;Jorginho Mello;36751410001000;AGROARTES PUBLICIDADE E SINALIZACAO VIARIA LTDA;30933.0
09032021-013407;202141850007;MUNICIPIO DE AGRONOMICA;Jorginho Mello;74556590001810;LZK CONSTRUTORA LTDA;227466.58
09032021-012112;202139530003;MUNICIPIO DE AGRONOMICA;Darci de Matos;74556590001810;LZK CONSTRUTORA LTDA;227466.58
09032022-016326;202239530001;MUNICIPIO DE AGRONOMICA;Darci de Matos;03603050001040;CAIXA ECONOMICA FEDERAL;184.24999999999997
09032022-016326;202239530001;MUNICIPIO DE AGRONOMICA;Darci de Matos;50423420001980;PRE-FABRICAR CONCRETOS LTDA;3052.35
09032022-016326;202239530001;MUNICIPIO DE AGRONOMICA;Darci de Matos;78292500001880;ALPHA MINERADORA DE PEDRAS LTDA;66950.0
09032022-016326;202239530001;MUNICIPIO DE AGRONOMICA;Darci de Matos;42157330001020;JGF MATERIAIS DE CONSTRUCAO LTDA;1692.55
09032022-016326;202239530001;MUNICIPIO DE AGRONOMICA;Darci de Matos;14085030001630;CENTRAL DE BRITAGEM CASTELINHO LTDA;24630.0
09032022-016326;202239530001;MUNICIPIO DE AGRONOMICA;Darci de Matos;26566220001060;LUKE CONSULTORIA E PLANEJAMENTO LTDA;9500.0
09032022-021824;202241850010;MUNICIPIO DE AGRONOMICA;Jorginho Mello;03603050001040;CAIXA ECONOMICA FEDERAL;184.24999999999997
09032022-021824;202241850010;MUNICIPIO DE AGRONOMICA;Jorginho Mello;50423420001980;PRE-FABRICAR CONCRETOS LTDA;3052.35
09032022-021824;202241850010;MUNICIPIO DE AGRONOMICA;Jorginho Mello;78292500001880;ALPHA MINERADORA DE PEDRAS LTDA;66950.0
09032022-021824;202241850010;MUNICIPIO DE AGRONOMICA;Jorginho Mello;42157330001020;JGF MATERIAIS DE CONSTRUCAO LTDA;1692.55
09032022-021824;202241850010;MUNICIPIO DE AGRONOMICA;Jorginho Mello;14085030001630;CENTRAL DE BRITAGEM CASTELINHO LTDA;24630.0
09032022-021824;202241850010;MUNICIPIO DE AGRONOMICA;Jorginho Mello;26566220001060;LUKE CONSULTORIA E PLANEJAMENTO LTDA;9500.0
09032022-017134;202218800004;MUNICIPIO DE AGRONOMICA;Angela Amin;03603050001040;CAIXA ECONOMICA FEDERAL;184.24999999999997
09032022-017134;202218800004;MUNICIPIO DE AGRONOMICA;Angela Amin;50423420001980;PRE-FABRICAR CONCRETOS LTDA;3052.35
09032022-017134;202218800004;MUNICIPIO DE AGRONOMICA;Angela Amin;78292500001880;ALPHA MINERADORA DE PEDRAS LTDA;66950.0
09032022-017134;202218800004;MUNICIPIO DE AGRONOMICA;Angela Amin;42157330001020;JGF MATERIAIS DE CONSTRUCAO LTDA;1692.55
09032022-017134;202218800004;MUNICIPIO DE AGRONOMICA;Angela Amin;14085030001630;CENTRAL DE BRITAGEM CASTELINHO LTDA;24630.0
09032022-017134;202218800004;MUNICIPIO DE AGRONOMICA;Angela Amin;26566220001060;LUKE CONSULTORIA E PLANEJAMENTO LTDA;9500.0
0903-003979;202025690009;MUNICIPIO DE IRACEMINHA;Celso Maldaner;32577770001240;GAIA RODOVIAS LTDA.;393608.10000000003
0903-003979;202025690009;MUNICIPIO DE IRACEMINHA;Celso Maldaner;28053710001760;EUROPA ARTEFATOS DE CIMENTO LTDA;6801.25
0903-004447;202041850004;MUNICIPIO DE IRACEMINHA;Jorginho Mello;32577770001240;GAIA RODOVIAS LTDA.;393608.10000000003
0903-004447;202041850004;MUNICIPIO DE IRACEMINHA;Jorginho Mello;28053710001760;EUROPA ARTEFATOS DE CIMENTO LTDA;6801.25
09032021-009940;202125690003;MUNICIPIO DE IRACEMINHA;Celso Maldaner;32577770001240;GAIA RODOVIAS LTDA.;180381.6
09032021-011508;202137860003;MUNICIPIO DE IRACEMINHA;Dário Berger;32577770001240;GAIA RODOVIAS LTDA.;180381.6
09032021-012122;202139530003;MUNICIPIO DE IRACEMINHA;Darci de Matos;32577770001240;GAIA RODOVIAS LTDA.;180381.6
09032021-013419;202141850007;MUNICIPIO DE IRACEMINHA;Jorginho Mello;32577770001240;GAIA RODOVIAS LTDA.;180381.6
09032023-034741;202325690004;MUNICIPIO DE IRACEMINHA;Celso Maldaner;32577770001240;GAIA RODOVIAS LTDA.;555428.97
09032023-039012;202342510010;MUNICIPIO DE IRACEMINHA;Ivete da Silveira;32577770001240;GAIA RODOVIAS LTDA.;555428.97
09032024-073875;202442090002;MUNICIPIO DE IRACEMINHA;Jorge Goetten;03944600033290;MINISTERIO DA FAZENDA;57.75
09032025-084743;202543390010;MUNICIPIO DE IRACEMINHA;Daniela Reinehr;32577770001240;GAIA RODOVIAS LTDA.;323.85
09032025-084743;202543390010;MUNICIPIO DE IRACEMINHA;Daniela Reinehr;03944600033290;MINISTERIO DA FAZENDA;10.0
09032026-097245;202643250001;MUNICIPIO DE IRACEMINHA;Cobalchini;03944600033290;MINISTERIO DA FAZENDA;347.62
09032026-097245;202643250001;MUNICIPIO DE IRACEMINHA;Cobalchini;00000000000191;BANCO DO BRASIL SA;398000.0
0903-003901;202018800013;MUNICIPIO DE JOSE BOITEUX;Angela Amin;00000000000191;BANCO DO BRASIL SA;4356.41
09032021-010966;202132350006;MUNICIPIO DE JOSE BOITEUX;Geovania De Sá;61459280001400;CONSTRUCAO CIVIL M G LTDA;145156.4
09032022-017388;202222100001;MUNICIPIO DE JOSE BOITEUX;Esperidião Amin;61459280001400;CONSTRUCAO CIVIL M G LTDA;394017.08
09032022-018227;202228560001;MUNICIPIO DE JOSE BOITEUX;Rogério Peninha Mendonça;61459280001400;CONSTRUCAO CIVIL M G LTDA;394017.08
09032022-016342;202239530001;MUNICIPIO DE JOSE BOITEUX;Darci de Matos;61459280001400;CONSTRUCAO CIVIL M G LTDA;394017.08
09032023-032869;202329250001;MUNICIPIO DE JOSE BOITEUX;Carmen Zanotto;03603050001040;CAIXA ECONOMICA FEDERAL;10799.2
09032023-034411;202322100001;MUNICIPIO DE JOSE BOITEUX;Esperidião Amin;03603050001040;CAIXA ECONOMICA FEDERAL;10799.2
09032024-066091;202442730002;MUNICIPIO DE JOSE BOITEUX;Jorge Seif;00000000592501;BANCO DO BRASIL SA;9718.76
09032021-011532;202137860003;MUNICIPIO DE SCHROEDER;Dário Berger;03603050001040;CAIXA ECONOMICA FEDERAL;22.580000000000002
09032021-011532;202137860003;MUNICIPIO DE SCHROEDER;Dário Berger;30946450001290;INFRASUL - INFRAESTRUTURA E EMPREENDIMENTOS LTDA;1077486.72
09032021-011953;202139290005;MUNICIPIO DE SCHROEDER;Carlos Chiodini;03603050001040;CAIXA ECONOMICA FEDERAL;22.580000000000002
09032021-011953;202139290005;MUNICIPIO DE SCHROEDER;Carlos Chiodini;30946450001290;INFRASUL - INFRAESTRUTURA E EMPREENDIMENTOS LTDA;1077486.72
09032022-014143;202232350003;MUNICIPIO DE SCHROEDER;Geovania De Sá;03603050001040;CAIXA ECONOMICA FEDERAL;68.97999999999999
09032022-014143;202232350003;MUNICIPIO DE SCHROEDER;Geovania De Sá;30946450001290;INFRASUL - INFRAESTRUTURA E EMPREENDIMENTOS LTDA;977205.4500000001
09032022-019871;202239290005;MUNICIPIO DE SCHROEDER;Carlos Chiodini;03603050001040;CAIXA ECONOMICA FEDERAL;68.97999999999999
09032022-019871;202239290005;MUNICIPIO DE SCHROEDER;Carlos Chiodini;30946450001290;INFRASUL - INFRAESTRUTURA E EMPREENDIMENTOS LTDA;977205.4500000001
09032022-017395;202222100001;MUNICIPIO DE SCHROEDER;Esperidião Amin;03603050001040;CAIXA ECONOMICA FEDERAL;68.97999999999999
09032022-017395;202222100001;MUNICIPIO DE SCHROEDER;Esperidião Amin;30946450001290;INFRASUL - INFRAESTRUTURA E EMPREENDIMENTOS LTDA;977205.4500000001
09032023-037005;202339290002;MUNICIPIO DE SCHROEDER;Carlos Chiodini;35813980001950;R.S.A PLANEJAMENTO & CONSTRUCAO LTDA;62621.950000000004
09032023-037005;202339290002;MUNICIPIO DE SCHROEDER;Carlos Chiodini;30946450001290;INFRASUL - INFRAESTRUTURA E EMPREENDIMENTOS LTDA;1970215.0899999999
09032023-037005;202339290002;MUNICIPIO DE SCHROEDER;Carlos Chiodini;03603050001040;CAIXA ECONOMICA FEDERAL;8.14
09032023-037005;202339290002;MUNICIPIO DE SCHROEDER;Carlos Chiodini;34707270041180;FORD MOTOR COMPANY BRASIL LTDA;271700.0
09032023-037179;202339440011;MUNICIPIO DE SCHROEDER;Coronel Armando;35813980001950;R.S.A PLANEJAMENTO & CONSTRUCAO LTDA;62621.950000000004
09032023-037179;202339440011;MUNICIPIO DE SCHROEDER;Coronel Armando;30946450001290;INFRASUL - INFRAESTRUTURA E EMPREENDIMENTOS LTDA;1970215.0899999999
09032023-037179;202339440011;MUNICIPIO DE SCHROEDER;Coronel Armando;03603050001040;CAIXA ECONOMICA FEDERAL;8.14
09032023-037179;202339440011;MUNICIPIO DE SCHROEDER;Coronel Armando;34707270041180;FORD MOTOR COMPANY BRASIL LTDA;271700.0
09032024-069098;202422100016;MUNICIPIO DE SCHROEDER;Esperidião Amin;03603050001040;CAIXA ECONOMICA FEDERAL;3.6
09032024-069098;202422100016;MUNICIPIO DE SCHROEDER;Esperidião Amin;30946450001290;INFRASUL - INFRAESTRUTURA E EMPREENDIMENTOS LTDA;672873.35
09032024-072778;202439290001;MUNICIPIO DE SCHROEDER;Carlos Chiodini;03603050001040;CAIXA ECONOMICA FEDERAL;71.03999999999999
09032026-089625;202632350004;MUNICIPIO DE SCHROEDER;Geovania De Sá;00000000000191;BANCO DO BRASIL SA;398000.0
09032026-091794;202644010005;MUNICIPIO DE SCHROEDER;Julia Zanatta;00000000000191;BANCO DO BRASIL SA;497500.0
09032026-095752;202639290001;MUNICIPIO DE SCHROEDER;Carlos Chiodini;00000000000191;BANCO DO BRASIL SA;597000.0
09032026-097348;202643390009;MUNICIPIO DE SCHROEDER;Daniela Reinehr;00000000000191;BANCO DO BRASIL SA;447750.0
09032021-010445;202128560001;MUNICIPIO DE GUABIRUBA;Rogério Peninha Mendonça;03603050001040;CAIXA ECONOMICA FEDERAL;22.0
09032021-010445;202128560001;MUNICIPIO DE GUABIRUBA;Rogério Peninha Mendonça;16501780001400;C R ARTEFATOS DE CIMENTO LTDA;133555.76
09032022-017146;202218800004;MUNICIPIO DE GUABIRUBA;Angela Amin;16501780001400;C R ARTEFATOS DE CIMENTO LTDA;626734.3099999999
09032022-017392;202222100001;MUNICIPIO DE GUABIRUBA;Esperidião Amin;16501780001400;C R ARTEFATOS DE CIMENTO LTDA;626734.3099999999
09032022-018232;202228560001;MUNICIPIO DE GUABIRUBA;Rogério Peninha Mendonça;16501780001400;C R ARTEFATOS DE CIMENTO LTDA;626734.3099999999
09032023-034172;202318800004;MUNICIPIO DE GUABIRUBA;Angela Amin;03603050001040;CAIXA ECONOMICA FEDERAL;44.0
09032023-034172;202318800004;MUNICIPIO DE GUABIRUBA;Angela Amin;14005570001820;EMPREITEIRA PACHAO LTDA;381617.88
09032023-039024;202342510010;MUNICIPIO DE GUABIRUBA;Ivete da Silveira;03603050001040;CAIXA ECONOMICA FEDERAL;44.0
09032023-039024;202342510010;MUNICIPIO DE GUABIRUBA;Ivete da Silveira;14005570001820;EMPREITEIRA PACHAO LTDA;381617.88
09032022-014138;202232350003;MUNICIPIO DE CURITIBANOS;Geovania De Sá;20110650002490;CASA DE RECUPERACAO AGUA DA VIDA CRAVI;50000.0
09032022-015115;202229250013;MUNICIPIO DE CURITIBANOS;Carmen Zanotto;20110650002490;CASA DE RECUPERACAO AGUA DA VIDA CRAVI;50000.0
09032022-021039;202240620006;MUNICIPIO DE CURITIBANOS;Ricardo Guidi;20110650002490;CASA DE RECUPERACAO AGUA DA VIDA CRAVI;50000.0
09032022-016132;202237860003;MUNICIPIO DE CURITIBANOS;Dário Berger;20110650002490;CASA DE RECUPERACAO AGUA DA VIDA CRAVI;50000.0
09032026-089618;202632350004;MUNICIPIO DE CURITIBANOS;Geovania De Sá;00000000000191;BANCO DO BRASIL SA;298500.0
09032026-093920;202642090003;MUNICIPIO DE CURITIBANOS;Jorge Goetten;00000000000191;BANCO DO BRASIL SA;497500.0
0903-003634;202022100018;MUNICIPIO DE CACADOR;Esperidião Amin;03768200001820;RESTAURANTE E MARMITARIA CACHOEIRA LTDA;33.74
0903-003634;202022100018;MUNICIPIO DE CACADOR;Esperidião Amin;03603050001040;CAIXA ECONOMICA FEDERAL;31.349999999999998
0903-003730;202028560001;MUNICIPIO DE CACADOR;Rogério Peninha Mendonça;03768200001820;RESTAURANTE E MARMITARIA CACHOEIRA LTDA;33.74
0903-003730;202028560001;MUNICIPIO DE CACADOR;Rogério Peninha Mendonça;03603050001040;CAIXA ECONOMICA FEDERAL;31.349999999999998
09032021-011957;202139320005;MUNICIPIO DE CACADOR;Caroline de Toni;03603050001040;CAIXA ECONOMICA FEDERAL;20.9
09032023-037038;202339320001;MUNICIPIO DE CACADOR;Caroline de Toni;34707270041180;FORD MOTOR COMPANY BRASIL LTDA;148200.0
09032023-037038;202339320001;MUNICIPIO DE CACADOR;Caroline de Toni;03603050001040;CAIXA ECONOMICA FEDERAL;11.0
09032022-017399;202222100001;MUNICIPIO DE VIDEIRA;Esperidião Amin;79536890001180;FAGUNDEZ DISTRIBUICAO LTDA;13733.2
09032022-015124;202229250013;MUNICIPIO DE VIDEIRA;Carmen Zanotto;79536890001180;FAGUNDEZ DISTRIBUICAO LTDA;13733.2
09032021-011966;202139320005;MUNICIPIO DE MONTE CARLO;Caroline de Toni;71568400001970;BRITASUL COMERCIO DE PEDRAS LTDA;49691.11000000001
09032021-011966;202139320005;MUNICIPIO DE MONTE CARLO;Caroline de Toni;93131410001390;DB S.A COMERCIO DE MOVEIS E ELETRODOMESTICOS;3922.0
09032021-011966;202139320005;MUNICIPIO DE MONTE CARLO;Caroline de Toni;85335770001700;"JEAN C. V. FERREIRA &amp; CIA LTDA";3910.0
09032021-011966;202139320005;MUNICIPIO DE MONTE CARLO;Caroline de Toni;50355320009350;METRONORTE COMERCIAL DE VEICULOS LTDA;16700.0
09032021-011966;202139320005;MUNICIPIO DE MONTE CARLO;Caroline de Toni;33748720001080;GIGA1 COM LTDA;1590.0
09032025-083234;202539320001;MUNICIPIO DE MONTE CARLO;Caroline de Toni;92516270001900;K.C.R. INDUSTRIA E COMERCIO DE EQUIPAMENTOS LTDA;19037.0
09032023-034399;202322100001;MUNICIPIO DE RIO FORTUNA;Esperidião Amin;03603050001040;CAIXA ECONOMICA FEDERAL;193.0
09032023-031250;202332350003;MUNICIPIO DE RIO FORTUNA;Geovania De Sá;03603050001040;CAIXA ECONOMICA FEDERAL;193.0
09032023-038045;202340620003;MUNICIPIO DE RIO FORTUNA;Ricardo Guidi;03603050001040;CAIXA ECONOMICA FEDERAL;193.0
09032023-039005;202342510010;MUNICIPIO DE RIO FORTUNA;Ivete da Silveira;03603050001040;CAIXA ECONOMICA FEDERAL;193.0
09032024-068009;202444010006;MUNICIPIO DE RIO FORTUNA;Julia Zanatta;03603050001040;CAIXA ECONOMICA FEDERAL;60.0
0903-003883;202022100018;MUNICIPIO DE ITAIOPOLIS;Esperidião Amin;03603050001040;CAIXA ECONOMICA FEDERAL;11.0
09032021-009472;202118800011;MUNICIPIO DE ITAIOPOLIS;Angela Amin;03603050001040;CAIXA ECONOMICA FEDERAL;99.0
09032022-014123;202232350003;MUNICIPIO DE ITAIOPOLIS;Geovania De Sá;12653650001000;ANA CARDOSO LTDA;149064.1
09032022-014123;202232350003;MUNICIPIO DE ITAIOPOLIS;Geovania De Sá;03603050001040;CAIXA ECONOMICA FEDERAL;101.0
09032022-014123;202232350003;MUNICIPIO DE ITAIOPOLIS;Geovania De Sá;50355320020400;METRONORTE COMERCIAL DE VEICULOS LTDA;127452.0
09032022-016333;202239530001;MUNICIPIO DE ITAIOPOLIS;Darci de Matos;12653650001000;ANA CARDOSO LTDA;149064.1
09032022-016333;202239530001;MUNICIPIO DE ITAIOPOLIS;Darci de Matos;03603050001040;CAIXA ECONOMICA FEDERAL;101.0
09032022-016333;202239530001;MUNICIPIO DE ITAIOPOLIS;Darci de Matos;50355320020400;METRONORTE COMERCIAL DE VEICULOS LTDA;127452.0
09032023-034391;202322100001;MUNICIPIO DE ITAIOPOLIS;Esperidião Amin;82300920001080;SC CONSTRUCAO CIVIL E FABRICACAO DE ARTEFATOS LTDA;761355.5099999999
09032023-034391;202322100001;MUNICIPIO DE ITAIOPOLIS;Esperidião Amin;03603050001040;CAIXA ECONOMICA FEDERAL;48.0
09032023-034391;202322100001;MUNICIPIO DE ITAIOPOLIS;Esperidião Amin;08730550001060;ASSOCIACAO DE SERVICOS SOCIAIS VOLUNTARIOS DE ITAIOPOLIS;221751.0
09032022-020234;202239800001;MUNICIPIO DE ITAIOPOLIS;Fabio Schiochet;12653650001000;ANA CARDOSO LTDA;149064.1
09032022-020234;202239800001;MUNICIPIO DE ITAIOPOLIS;Fabio Schiochet;03603050001040;CAIXA ECONOMICA FEDERAL;101.0
09032022-020234;202239800001;MUNICIPIO DE ITAIOPOLIS;Fabio Schiochet;50355320020400;METRONORTE COMERCIAL DE VEICULOS LTDA;127452.0
09032023-3-042547;202339530009;MUNICIPIO DE ITAIOPOLIS;Darci de Matos;82300920001080;SC CONSTRUCAO CIVIL E FABRICACAO DE ARTEFATOS LTDA;761355.5099999999
09032023-3-042547;202339530009;MUNICIPIO DE ITAIOPOLIS;Darci de Matos;03603050001040;CAIXA ECONOMICA FEDERAL;48.0
09032023-3-042547;202339530009;MUNICIPIO DE ITAIOPOLIS;Darci de Matos;08730550001060;ASSOCIACAO DE SERVICOS SOCIAIS VOLUNTARIOS DE ITAIOPOLIS;221751.0
09032022-020514;202240150005;MUNICIPIO DE ITAIOPOLIS;Hélio Costa;12653650001000;ANA CARDOSO LTDA;149064.1
09032022-020514;202240150005;MUNICIPIO DE ITAIOPOLIS;Hélio Costa;03603050001040;CAIXA ECONOMICA FEDERAL;101.0
09032022-020514;202240150005;MUNICIPIO DE ITAIOPOLIS;Hélio Costa;50355320020400;METRONORTE COMERCIAL DE VEICULOS LTDA;127452.0
09032024-074449;202443390001;MUNICIPIO DE ITAIOPOLIS;Daniela Reinehr;03603050001040;CAIXA ECONOMICA FEDERAL;24.0
09032021-011519;202137860003;MUNICIPIO DE ITAJAI;Dário Berger;03362340001040;A J POTTER & CIA LTDA;614122.25
09032024-068225;202439490003;MUNICIPIO DE ITAJAI;Daniel Freitas;03603050001040;CAIXA ECONOMICA FEDERAL;36.0
09032024-068225;202439490003;MUNICIPIO DE ITAJAI;Daniel Freitas;03362340001040;A J POTTER & CIA LTDA;726024.6799999999
09032024-068817;202442510012;MUNICIPIO DE ITAJAI;Ivete da Silveira;03362340001040;A J POTTER & CIA LTDA;239388.68
09032024-068817;202442510012;MUNICIPIO DE ITAJAI;Ivete da Silveira;03603050001040;CAIXA ECONOMICA FEDERAL;12.0
09032021-010447;202128560001;MUNICIPIO DE ITAJAI;Rogério Peninha Mendonça;03362340001040;A J POTTER & CIA LTDA;614122.25
09032024-072810;202439320001;MUNICIPIO DE CAMPO ERE;Caroline de Toni;04923080001000;MANJATO TRATORES LTDA;104728.0
09032024-072810;202439320001;MUNICIPIO DE CAMPO ERE;Caroline de Toni;47422670001050;CASA DO PICA-PAU MAQUINAS AGRICOLAS LTDA;140296.0
09032022-018198;202228550020;MUNICIPIO DE CAMPO ERE;Pedro Uczai;03603050001040;CAIXA ECONOMICA FEDERAL;99.0
09032022-018198;202228550020;MUNICIPIO DE CAMPO ERE;Pedro Uczai;49831120001600;TRATORMAX - COMERCIO DE PECAS PARA TRATORES LTDA;46216.02
09032022-018198;202228550020;MUNICIPIO DE CAMPO ERE;Pedro Uczai;92435670001630;A. R. PNEUS LTDA;16255.0
09032022-018198;202228550020;MUNICIPIO DE CAMPO ERE;Pedro Uczai;66957820002980;MARLENI FORSTER INSTALADORA;170.94
09032022-018198;202228550020;MUNICIPIO DE CAMPO ERE;Pedro Uczai;56894150001380;RECAPADORA MARRECAS LTDA;13216.0
09032021-010964;202132350006;MUNICIPIO DE PRAIA GRANDE;Geovania De Sá;00000000000191;BANCO DO BRASIL SA;13.08
09032022-014130;202232350003;MUNICIPIO DE PRAIA GRANDE;Geovania De Sá;16878040001730;NAZAMAK PECAS E EQUIPAMENTOS LTDA;105159.87
09032022-014130;202232350003;MUNICIPIO DE PRAIA GRANDE;Geovania De Sá;16310220001120;VIANMAQ EQUIPAMENTOS LTDA;17600.0
09032022-014130;202232350003;MUNICIPIO DE PRAIA GRANDE;Geovania De Sá;79661240001750;AGROMEL COMERCIO E REPRESENTACAO DE PRODUTOS AGROPECUAR;5254.18
09032022-014130;202232350003;MUNICIPIO DE PRAIA GRANDE;Geovania De Sá;17305440001710;SERRARIA E TRATAMENTO SBARDELOTO LTDA;1605.98
09032022-014130;202232350003;MUNICIPIO DE PRAIA GRANDE;Geovania De Sá;70016750001020;PATRICIO PEREIRA REOS;2340.0
09032022-014130;202232350003;MUNICIPIO DE PRAIA GRANDE;Geovania De Sá;00000000059094;JORGE ACACIO BALCEVICZ;11428.5
09032022-014130;202232350003;MUNICIPIO DE PRAIA GRANDE;Geovania De Sá;00000000074722;ADMILCIO DO NASCIMENTO IDALINO;1120.0
09032022-017377;202222100001;MUNICIPIO DE PRAIA GRANDE;Esperidião Amin;16878040001730;NAZAMAK PECAS E EQUIPAMENTOS LTDA;105159.87
09032022-017377;202222100001;MUNICIPIO DE PRAIA GRANDE;Esperidião Amin;16310220001120;VIANMAQ EQUIPAMENTOS LTDA;17600.0
09032022-017377;202222100001;MUNICIPIO DE PRAIA GRANDE;Esperidião Amin;79661240001750;AGROMEL COMERCIO E REPRESENTACAO DE PRODUTOS AGROPECUAR;5254.18
09032022-017377;202222100001;MUNICIPIO DE PRAIA GRANDE;Esperidião Amin;17305440001710;SERRARIA E TRATAMENTO SBARDELOTO LTDA;1605.98
09032022-017377;202222100001;MUNICIPIO DE PRAIA GRANDE;Esperidião Amin;70016750001020;PATRICIO PEREIRA REOS;2340.0
09032022-017377;202222100001;MUNICIPIO DE PRAIA GRANDE;Esperidião Amin;00000000059094;JORGE ACACIO BALCEVICZ;11428.5
09032022-017377;202222100001;MUNICIPIO DE PRAIA GRANDE;Esperidião Amin;00000000074722;ADMILCIO DO NASCIMENTO IDALINO;1120.0
09032023-037421;202339800001;MUNICIPIO DE PRAIA GRANDE;Fabio Schiochet;00000000093100;NAILOR CARDOSO MAGNUS;2478.15
09032023-037421;202339800001;MUNICIPIO DE PRAIA GRANDE;Fabio Schiochet;91324800001190;PRAIA GRANDE LANCHERIA LTDA;3307.0
09032023-037421;202339800001;MUNICIPIO DE PRAIA GRANDE;Fabio Schiochet;16878040001730;NAZAMAK PECAS E EQUIPAMENTOS LTDA;58131.7
09032023-037421;202339800001;MUNICIPIO DE PRAIA GRANDE;Fabio Schiochet;00000000000516;JONATAN BEVILAQUA;1380.0
09032023-037421;202339800001;MUNICIPIO DE PRAIA GRANDE;Fabio Schiochet;62865450001920;GALATAS MIDIAS E EVENTOS LTDA;172187.5
09032023-037421;202339800001;MUNICIPIO DE PRAIA GRANDE;Fabio Schiochet;16666210001710;CRIOBRAS AR GAS LTDA;710.29
09032023-037421;202339800001;MUNICIPIO DE PRAIA GRANDE;Fabio Schiochet;29815640001880;PENATUR TRANSPORTES LTDA;7000.0
09032023-037421;202339800001;MUNICIPIO DE PRAIA GRANDE;Fabio Schiochet;00000000070393;ANTONIO CEZAR DA SILVA;3000.0
09032023-037421;202339800001;MUNICIPIO DE PRAIA GRANDE;Fabio Schiochet;00000000018295;EDUARDO PIONER PEIXOTO;1680.0
09032023-037421;202339800001;MUNICIPIO DE PRAIA GRANDE;Fabio Schiochet;00000000033698;DEIWD MARTINS MACIEL;1490.0
09032023-037421;202339800001;MUNICIPIO DE PRAIA GRANDE;Fabio Schiochet;00000000055853;TEREZINHA DOS SANTOS MAGNUS;1200.0
09032023-037421;202339800001;MUNICIPIO DE PRAIA GRANDE;Fabio Schiochet;00000000015206;JEREMIAS DA ROCHA ROQUE;2100.0
09032023-037421;202339800001;MUNICIPIO DE PRAIA GRANDE;Fabio Schiochet;00000000005526;JOEL DA SILVA BOAVENTURA;2046.34
09032023-037421;202339800001;MUNICIPIO DE PRAIA GRANDE;Fabio Schiochet;00000000072275;GUILHERME BRUNEL GOULART;10000.0
09032023-037421;202339800001;MUNICIPIO DE PRAIA GRANDE;Fabio Schiochet;00000000060592;DANIELA BENEDET DE ALMEIDA LUMMERTZ;10500.0
09032023-037421;202339800001;MUNICIPIO DE PRAIA GRANDE;Fabio Schiochet;00000000005736;JOELSON SCHARDOSIM DA SILVA;1487.8
09032023-037421;202339800001;MUNICIPIO DE PRAIA GRANDE;Fabio Schiochet;00000000059094;JORGE ACACIO BALCEVICZ;17992.3
09032023-037421;202339800001;MUNICIPIO DE PRAIA GRANDE;Fabio Schiochet;60929870001060;J.R.S.C. INFORMATICA LTDA;4185.0
09032023-037421;202339800001;MUNICIPIO DE PRAIA GRANDE;Fabio Schiochet;00000000000499;JULIANA BALTAZAR DE OLIVEIRA;588.0
09032023-037421;202339800001;MUNICIPIO DE PRAIA GRANDE;Fabio Schiochet;00000000030516;JONATAN BEVILAQUA;4140.0
09032023-037421;202339800001;MUNICIPIO DE PRAIA GRANDE;Fabio Schiochet;09951480001030;"AMILTON HIGINO TEIXEIRA &amp; FILHO LTDA";1630.0
09032023-037421;202339800001;MUNICIPIO DE PRAIA GRANDE;Fabio Schiochet;00000000029250;PROTASIO BITTENCOURT APOLINARIO;1400.0
09032023-037421;202339800001;MUNICIPIO DE PRAIA GRANDE;Fabio Schiochet;00000000098941;MATEUS CARDOSO FORTUNATO;504.0
09032023-037421;202339800001;MUNICIPIO DE PRAIA GRANDE;Fabio Schiochet;00000000047633;ERACLIDES DE SOUZA ALVES;2014.2
09032023-037421;202339800001;MUNICIPIO DE PRAIA GRANDE;Fabio Schiochet;00000000008251;JOSE DIEGO HIPOLITO PEDRO;1364.0
09032023-037421;202339800001;MUNICIPIO DE PRAIA GRANDE;Fabio Schiochet;00000000075886;JHONY MARTINS RODRIGUES;2100.0
09032023-037421;202339800001;MUNICIPIO DE PRAIA GRANDE;Fabio Schiochet;00000000047253;DAVID DA CUNHA;2000.0
09032023-037421;202339800001;MUNICIPIO DE PRAIA GRANDE;Fabio Schiochet;00000000049277;GABRIEL DIAS PEREIRA;2000.0
09032023-037421;202339800001;MUNICIPIO DE PRAIA GRANDE;Fabio Schiochet;00000000000059;DANIELA BENEDET DE ALMEIDA LUMMERTZ;700.0
09032023-037421;202339800001;MUNICIPIO DE PRAIA GRANDE;Fabio Schiochet;27423610002100;"LUZ &amp; FORMA COMERCIO E DECORACOES LTDA";13357.32
09032023-037421;202339800001;MUNICIPIO DE PRAIA GRANDE;Fabio Schiochet;00000000019409;GIANE MICHELE CLEZAR BORGES;1000.0
09032023-039003;202342510010;MUNICIPIO DE PRAIA GRANDE;Ivete da Silveira;00000000093100;NAILOR CARDOSO MAGNUS;2478.15
09032023-039003;202342510010;MUNICIPIO DE PRAIA GRANDE;Ivete da Silveira;91324800001190;PRAIA GRANDE LANCHERIA LTDA;3307.0
09032023-039003;202342510010;MUNICIPIO DE PRAIA GRANDE;Ivete da Silveira;16878040001730;NAZAMAK PECAS E EQUIPAMENTOS LTDA;58131.7
09032023-039003;202342510010;MUNICIPIO DE PRAIA GRANDE;Ivete da Silveira;00000000000516;JONATAN BEVILAQUA;1380.0
09032023-039003;202342510010;MUNICIPIO DE PRAIA GRANDE;Ivete da Silveira;62865450001920;GALATAS MIDIAS E EVENTOS LTDA;172187.5
09032023-039003;202342510010;MUNICIPIO DE PRAIA GRANDE;Ivete da Silveira;16666210001710;CRIOBRAS AR GAS LTDA;710.29
09032023-039003;202342510010;MUNICIPIO DE PRAIA GRANDE;Ivete da Silveira;29815640001880;PENATUR TRANSPORTES LTDA;7000.0
09032023-039003;202342510010;MUNICIPIO DE PRAIA GRANDE;Ivete da Silveira;00000000070393;ANTONIO CEZAR DA SILVA;3000.0
09032023-039003;202342510010;MUNICIPIO DE PRAIA GRANDE;Ivete da Silveira;00000000018295;EDUARDO PIONER PEIXOTO;1680.0
09032023-039003;202342510010;MUNICIPIO DE PRAIA GRANDE;Ivete da Silveira;00000000033698;DEIWD MARTINS MACIEL;1490.0
09032023-039003;202342510010;MUNICIPIO DE PRAIA GRANDE;Ivete da Silveira;00000000055853;TEREZINHA DOS SANTOS MAGNUS;1200.0
09032023-039003;202342510010;MUNICIPIO DE PRAIA GRANDE;Ivete da Silveira;00000000015206;JEREMIAS DA ROCHA ROQUE;2100.0
09032023-039003;202342510010;MUNICIPIO DE PRAIA GRANDE;Ivete da Silveira;00000000005526;JOEL DA SILVA BOAVENTURA;2046.34
09032023-039003;202342510010;MUNICIPIO DE PRAIA GRANDE;Ivete da Silveira;00000000072275;GUILHERME BRUNEL GOULART;10000.0
09032023-039003;202342510010;MUNICIPIO DE PRAIA GRANDE;Ivete da Silveira;00000000060592;DANIELA BENEDET DE ALMEIDA LUMMERTZ;10500.0
09032023-039003;202342510010;MUNICIPIO DE PRAIA GRANDE;Ivete da Silveira;00000000005736;JOELSON SCHARDOSIM DA SILVA;1487.8
09032023-039003;202342510010;MUNICIPIO DE PRAIA GRANDE;Ivete da Silveira;00000000059094;JORGE ACACIO BALCEVICZ;17992.3
09032023-039003;202342510010;MUNICIPIO DE PRAIA GRANDE;Ivete da Silveira;60929870001060;J.R.S.C. INFORMATICA LTDA;4185.0
09032023-039003;202342510010;MUNICIPIO DE PRAIA GRANDE;Ivete da Silveira;00000000000499;JULIANA BALTAZAR DE OLIVEIRA;588.0
09032023-039003;202342510010;MUNICIPIO DE PRAIA GRANDE;Ivete da Silveira;00000000030516;JONATAN BEVILAQUA;4140.0
09032023-039003;202342510010;MUNICIPIO DE PRAIA GRANDE;Ivete da Silveira;09951480001030;"AMILTON HIGINO TEIXEIRA &amp; FILHO LTDA";1630.0
09032023-039003;202342510010;MUNICIPIO DE PRAIA GRANDE;Ivete da Silveira;00000000029250;PROTASIO BITTENCOURT APOLINARIO;1400.0
09032023-039003;202342510010;MUNICIPIO DE PRAIA GRANDE;Ivete da Silveira;00000000098941;MATEUS CARDOSO FORTUNATO;504.0
09032023-039003;202342510010;MUNICIPIO DE PRAIA GRANDE;Ivete da Silveira;00000000047633;ERACLIDES DE SOUZA ALVES;2014.2
09032023-039003;202342510010;MUNICIPIO DE PRAIA GRANDE;Ivete da Silveira;00000000008251;JOSE DIEGO HIPOLITO PEDRO;1364.0
09032023-039003;202342510010;MUNICIPIO DE PRAIA GRANDE;Ivete da Silveira;00000000075886;JHONY MARTINS RODRIGUES;2100.0
09032023-039003;202342510010;MUNICIPIO DE PRAIA GRANDE;Ivete da Silveira;00000000047253;DAVID DA CUNHA;2000.0
09032023-039003;202342510010;MUNICIPIO DE PRAIA GRANDE;Ivete da Silveira;00000000049277;GABRIEL DIAS PEREIRA;2000.0
09032023-039003;202342510010;MUNICIPIO DE PRAIA GRANDE;Ivete da Silveira;00000000000059;DANIELA BENEDET DE ALMEIDA LUMMERTZ;700.0
09032023-039003;202342510010;MUNICIPIO DE PRAIA GRANDE;Ivete da Silveira;27423610002100;"LUZ &amp; FORMA COMERCIO E DECORACOES LTDA";13357.32
09032023-039003;202342510010;MUNICIPIO DE PRAIA GRANDE;Ivete da Silveira;00000000019409;GIANE MICHELE CLEZAR BORGES;1000.0
09032023-031248;202332350003;MUNICIPIO DE PRAIA GRANDE;Geovania De Sá;00000000093100;NAILOR CARDOSO MAGNUS;2478.15
09032023-031248;202332350003;MUNICIPIO DE PRAIA GRANDE;Geovania De Sá;91324800001190;PRAIA GRANDE LANCHERIA LTDA;3307.0
09032023-031248;202332350003;MUNICIPIO DE PRAIA GRANDE;Geovania De Sá;16878040001730;NAZAMAK PECAS E EQUIPAMENTOS LTDA;58131.7
09032023-031248;202332350003;MUNICIPIO DE PRAIA GRANDE;Geovania De Sá;00000000000516;JONATAN BEVILAQUA;1380.0
09032023-031248;202332350003;MUNICIPIO DE PRAIA GRANDE;Geovania De Sá;62865450001920;GALATAS MIDIAS E EVENTOS LTDA;172187.5
09032023-031248;202332350003;MUNICIPIO DE PRAIA GRANDE;Geovania De Sá;16666210001710;CRIOBRAS AR GAS LTDA;710.29
09032023-031248;202332350003;MUNICIPIO DE PRAIA GRANDE;Geovania De Sá;29815640001880;PENATUR TRANSPORTES LTDA;7000.0
09032023-031248;202332350003;MUNICIPIO DE PRAIA GRANDE;Geovania De Sá;00000000070393;ANTONIO CEZAR DA SILVA;3000.0
09032023-031248;202332350003;MUNICIPIO DE PRAIA GRANDE;Geovania De Sá;00000000018295;EDUARDO PIONER PEIXOTO;1680.0
09032023-031248;202332350003;MUNICIPIO DE PRAIA GRANDE;Geovania De Sá;00000000033698;DEIWD MARTINS MACIEL;1490.0
09032023-031248;202332350003;MUNICIPIO DE PRAIA GRANDE;Geovania De Sá;00000000055853;TEREZINHA DOS SANTOS MAGNUS;1200.0
09032023-031248;202332350003;MUNICIPIO DE PRAIA GRANDE;Geovania De Sá;00000000015206;JEREMIAS DA ROCHA ROQUE;2100.0
09032023-031248;202332350003;MUNICIPIO DE PRAIA GRANDE;Geovania De Sá;00000000005526;JOEL DA SILVA BOAVENTURA;2046.34
09032023-031248;202332350003;MUNICIPIO DE PRAIA GRANDE;Geovania De Sá;00000000072275;GUILHERME BRUNEL GOULART;10000.0
09032023-031248;202332350003;MUNICIPIO DE PRAIA GRANDE;Geovania De Sá;00000000060592;DANIELA BENEDET DE ALMEIDA LUMMERTZ;10500.0
09032023-031248;202332350003;MUNICIPIO DE PRAIA GRANDE;Geovania De Sá;00000000005736;JOELSON SCHARDOSIM DA SILVA;1487.8
09032023-031248;202332350003;MUNICIPIO DE PRAIA GRANDE;Geovania De Sá;00000000059094;JORGE ACACIO BALCEVICZ;17992.3
09032023-031248;202332350003;MUNICIPIO DE PRAIA GRANDE;Geovania De Sá;60929870001060;J.R.S.C. INFORMATICA LTDA;4185.0
09032023-031248;202332350003;MUNICIPIO DE PRAIA GRANDE;Geovania De Sá;00000000000499;JULIANA BALTAZAR DE OLIVEIRA;588.0
09032023-031248;202332350003;MUNICIPIO DE PRAIA GRANDE;Geovania De Sá;00000000030516;JONATAN BEVILAQUA;4140.0
09032023-031248;202332350003;MUNICIPIO DE PRAIA GRANDE;Geovania De Sá;09951480001030;"AMILTON HIGINO TEIXEIRA &amp; FILHO LTDA";1630.0
09032023-031248;202332350003;MUNICIPIO DE PRAIA GRANDE;Geovania De Sá;00000000029250;PROTASIO BITTENCOURT APOLINARIO;1400.0
09032023-031248;202332350003;MUNICIPIO DE PRAIA GRANDE;Geovania De Sá;00000000098941;MATEUS CARDOSO FORTUNATO;504.0
09032023-031248;202332350003;MUNICIPIO DE PRAIA GRANDE;Geovania De Sá;00000000047633;ERACLIDES DE SOUZA ALVES;2014.2
09032023-031248;202332350003;MUNICIPIO DE PRAIA GRANDE;Geovania De Sá;00000000008251;JOSE DIEGO HIPOLITO PEDRO;1364.0
09032023-031248;202332350003;MUNICIPIO DE PRAIA GRANDE;Geovania De Sá;00000000075886;JHONY MARTINS RODRIGUES;2100.0
09032023-031248;202332350003;MUNICIPIO DE PRAIA GRANDE;Geovania De Sá;00000000047253;DAVID DA CUNHA;2000.0
09032023-031248;202332350003;MUNICIPIO DE PRAIA GRANDE;Geovania De Sá;00000000049277;GABRIEL DIAS PEREIRA;2000.0
09032023-031248;202332350003;MUNICIPIO DE PRAIA GRANDE;Geovania De Sá;00000000000059;DANIELA BENEDET DE ALMEIDA LUMMERTZ;700.0
09032023-031248;202332350003;MUNICIPIO DE PRAIA GRANDE;Geovania De Sá;27423610002100;"LUZ &amp; FORMA COMERCIO E DECORACOES LTDA";13357.32
09032023-031248;202332350003;MUNICIPIO DE PRAIA GRANDE;Geovania De Sá;00000000019409;GIANE MICHELE CLEZAR BORGES;1000.0
09032024-069076;202422100016;MUNICIPIO DE PRAIA GRANDE;Esperidião Amin;33261930001630;LAJECRIL ARTEFATOS DE CIMENTO LTDA;21285.19
09032021-011529;202137860003;MUNICIPIO DE SANTO AMARO DA IMPERATRIZ;Dário Berger;03603050001040;CAIXA ECONOMICA FEDERAL;141.9
09032021-011529;202137860003;MUNICIPIO DE SANTO AMARO DA IMPERATRIZ;Dário Berger;38808110001120;CASA ELMO LTDA;108760.0
09032021-011529;202137860003;MUNICIPIO DE SANTO AMARO DA IMPERATRIZ;Dário Berger;72425640001800;N. S. INDUSTRIA DE PRE-MOLDADOS LTDA;11270.0
09032021-011529;202137860003;MUNICIPIO DE SANTO AMARO DA IMPERATRIZ;Dário Berger;69157400001340;SANEAMENTO PRE MOLDADOS INDUSTRIA E COMERCIO LTDA;80357.4
09032022-016141;202237860003;MUNICIPIO DE SANTO AMARO DA IMPERATRIZ;Dário Berger;03603050001040;CAIXA ECONOMICA FEDERAL;58.0
09032022-016348;202239530001;MUNICIPIO DE SANTO AMARO DA IMPERATRIZ;Darci de Matos;03603050001040;CAIXA ECONOMICA FEDERAL;58.0
09032023-034178;202318800004;MUNICIPIO DE SANTO AMARO DA IMPERATRIZ;Angela Amin;03603050001040;CAIXA ECONOMICA FEDERAL;108.0
09032023-034178;202318800004;MUNICIPIO DE SANTO AMARO DA IMPERATRIZ;Angela Amin;38808110001120;CASA ELMO LTDA;71773.92
09032023-034420;202322100001;MUNICIPIO DE SANTO AMARO DA IMPERATRIZ;Esperidião Amin;03603050001040;CAIXA ECONOMICA FEDERAL;108.0
09032023-034420;202322100001;MUNICIPIO DE SANTO AMARO DA IMPERATRIZ;Esperidião Amin;38808110001120;CASA ELMO LTDA;71773.92
09032024-066105;202442730002;MUNICIPIO DE SANTO AMARO DA IMPERATRIZ;Jorge Seif;03603050001040;CAIXA ECONOMICA FEDERAL;12.0
09032024-068824;202442510012;MUNICIPIO DE SANTO AMARO DA IMPERATRIZ;Ivete da Silveira;86642420001910;J. CARLO DISTRIBUIDORA DE AGUA E DESENTUPIDORA LTDA;9172.8
09032024-068824;202442510012;MUNICIPIO DE SANTO AMARO DA IMPERATRIZ;Ivete da Silveira;03603050001040;CAIXA ECONOMICA FEDERAL;48.0
09032024-068824;202442510012;MUNICIPIO DE SANTO AMARO DA IMPERATRIZ;Ivete da Silveira;71504340001170;SINASC SINALIZACAO E CONSTRUCAO DE RODOVIAS LTDA;100516.6
09032024-073891;202442090002;MUNICIPIO DE SANTO AMARO DA IMPERATRIZ;Jorge Goetten;03603050001040;CAIXA ECONOMICA FEDERAL;60.0
09032024-073891;202442090002;MUNICIPIO DE SANTO AMARO DA IMPERATRIZ;Jorge Goetten;38808110001120;CASA ELMO LTDA;151020.0
09032022-020245;202239800001;MUNICIPIO DE MAJOR GERCINO;Fabio Schiochet;72015560001950;TRANSPORTE E AUTO POSTO JC BOITEUXBURGO LTDA;85549.05
09032022-020245;202239800001;MUNICIPIO DE MAJOR GERCINO;Fabio Schiochet;30336590001320;AUTO POSTO RUBIK LTDA;36509.27
09032022-020245;202239800001;MUNICIPIO DE MAJOR GERCINO;Fabio Schiochet;87129970001140;SILVA SANTOS ARTEFATOS DE CIMENTO LTDA;4539.33
09032022-020245;202239800001;MUNICIPIO DE MAJOR GERCINO;Fabio Schiochet;46231840001050;JURILDA LAURINDO GRIGA;71808.0
09032022-020245;202239800001;MUNICIPIO DE MAJOR GERCINO;Fabio Schiochet;00000000064075;JOSE FRANCISCO GAMBETA;811.0
09032022-020245;202239800001;MUNICIPIO DE MAJOR GERCINO;Fabio Schiochet;47544840001150;AGROPECUARIA PINHEIRAL LTDA;480.0
09032022-020245;202239800001;MUNICIPIO DE MAJOR GERCINO;Fabio Schiochet;83819340001220;VIDROCAR COMERCIO DE VIDROS AUTOMOTIVOS LTDA;280.0
09032022-020245;202239800001;MUNICIPIO DE MAJOR GERCINO;Fabio Schiochet;72808800001460;MARIO ROGERIO VIRTUOSO;8000.0
09032021-011522;202137860003;MUNICIPIO DE MAJOR GERCINO;Dário Berger;46231840001050;MADEIREIRA GRIGA LTDA;46396.31
09032021-011522;202137860003;MUNICIPIO DE MAJOR GERCINO;Dário Berger;00000000021215;CARLOS LEAL DA SILVA;39100.0
09032021-011522;202137860003;MUNICIPIO DE MAJOR GERCINO;Dário Berger;72015560001950;TRANSPORTE E AUTO POSTO JC BOITEUXBURGO LTDA;2179.9700000000003
09032021-011522;202137860003;MUNICIPIO DE MAJOR GERCINO;Dário Berger;30336590001320;AUTO POSTO RUBIK LTDA;10874.26
09032021-011522;202137860003;MUNICIPIO DE MAJOR GERCINO;Dário Berger;99430190001460;SILVIO PETRY;127.0
09032023-034177;202318800004;MUNICIPIO DE MAJOR GERCINO;Angela Amin;72582020001870;"ANDRADE &amp; AMORIM PAVIMENTACAO E DRENAGEM LTDA";306736.61
09032022-018203;202228550020;MUNICIPIO DE RIO NEGRINHO;Pedro Uczai;50355320027170;METRONORTE COMERCIAL DE VEICULOS LTDA;19483.22
09032022-018203;202228550020;MUNICIPIO DE RIO NEGRINHO;Pedro Uczai;51332910001000;STRABE COMERCIO E CONSTRUCOES LTDA;1052444.9000000001
09032022-014148;202232350003;MUNICIPIO DE RIO NEGRINHO;Geovania De Sá;50355320027170;METRONORTE COMERCIAL DE VEICULOS LTDA;19483.22
09032022-014148;202232350003;MUNICIPIO DE RIO NEGRINHO;Geovania De Sá;51332910001000;STRABE COMERCIO E CONSTRUCOES LTDA;1052444.9000000001
09032022-019874;202239290005;MUNICIPIO DE RIO NEGRINHO;Carlos Chiodini;50355320027170;METRONORTE COMERCIAL DE VEICULOS LTDA;19483.22
09032022-019874;202239290005;MUNICIPIO DE RIO NEGRINHO;Carlos Chiodini;51332910001000;STRABE COMERCIO E CONSTRUCOES LTDA;1052444.9000000001
09032023-037012;202339290002;MUNICIPIO DE RIO NEGRINHO;Carlos Chiodini;51332910001000;STRABE COMERCIO E CONSTRUCOES LTDA;41761.63
09032024-073899;202442090002;MUNICIPIO DE RIO NEGRINHO;Jorge Goetten;00000000000191;BANCO DO BRASIL SA;5.43
09032024-073899;202442090002;MUNICIPIO DE RIO NEGRINHO;Jorge Goetten;03944600033290;MINISTERIO DA FAZENDA;189.0
09032024-074499;202443390001;MUNICIPIO DE RIO NEGRINHO;Daniela Reinehr;00000000000191;BANCO DO BRASIL SA;5.43
0903-004182;202025690009;MUNICIPIO DE IPORA DO OESTE;Celso Maldaner;03603050001040;CAIXA ECONOMICA FEDERAL;114.95000000000002
09032023-033072;202328550022;MUNICIPIO DE IPORA DO OESTE;Pedro Uczai;32577770001240;GAIA RODOVIAS LTDA.;143700.0
09032023-034410;202322100001;MUNICIPIO DE IPORA DO OESTE;Esperidião Amin;32577770001240;GAIA RODOVIAS LTDA.;143700.0
0903-003481;202022100018;MUNICIPIO DE PAPANDUVA;Esperidião Amin;03603050001040;CAIXA ECONOMICA FEDERAL;44.0
09032022-019863;202239290005;MUNICIPIO DE PAPANDUVA;Carlos Chiodini;03944600149590;MINISTERIO DA FAZENDA;421.62
09032022-016120;202237860003;MUNICIPIO DE PAPANDUVA;Dário Berger;03944600149590;MINISTERIO DA FAZENDA;421.62
09032021-009474;202118800011;MUNICIPIO DE PAPANDUVA;Angela Amin;03603050001040;CAIXA ECONOMICA FEDERAL;10.45
09032024-068664;202442510013;MUNICIPIO DE JACINTO MACHADO;Ivete da Silveira;03603050001040;CAIXA ECONOMICA FEDERAL;252.0
09032024-068781;202442510012;MUNICIPIO DE JACINTO MACHADO;Ivete da Silveira;03603050001040;CAIXA ECONOMICA FEDERAL;264.0
0903-003581;202018800013;MUNICIPIO DE NOVA VENEZA;Angela Amin;03603050001040;CAIXA ECONOMICA FEDERAL;133.15
0903-003843;202032350006;MUNICIPIO DE NOVA VENEZA;Geovania De Sá;03603050001040;CAIXA ECONOMICA FEDERAL;133.15
09032022-014127;202232350003;MUNICIPIO DE NOVA VENEZA;Geovania De Sá;03603050001040;CAIXA ECONOMICA FEDERAL;1058.0
09032023-034394;202322100001;MUNICIPIO DE NOVA VENEZA;Esperidião Amin;03603050001040;CAIXA ECONOMICA FEDERAL;351.0
09032023-031244;202332350003;MUNICIPIO DE NOVA VENEZA;Geovania De Sá;03603050001040;CAIXA ECONOMICA FEDERAL;351.0
09032023-038043;202340620003;MUNICIPIO DE NOVA VENEZA;Ricardo Guidi;03603050001040;CAIXA ECONOMICA FEDERAL;351.0
09032026-089771;202639490005;MUNICIPIO DE NOVA VENEZA;Daniel Freitas;00000000000191;BANCO DO BRASIL SA;995000.0
09032026-094575;202622100012;MUNICIPIO DE NOVA VENEZA;Esperidião Amin;00000000000191;BANCO DO BRASIL SA;398000.0
09032022-017152;202218800004;MUNICIPIO DE URUBICI;Angela Amin;86915490001810;"ALAN MARCUS BLANC &amp; CIA. LTDA";598220.2300000001
09032022-017152;202218800004;MUNICIPIO DE URUBICI;Angela Amin;77289740001350;DANIEL EQUIPAMENTOS AGRICOLAS LTDA;49899.99
09032022-020247;202239800001;MUNICIPIO DE URUBICI;Fabio Schiochet;86915490001810;"ALAN MARCUS BLANC &amp; CIA. LTDA";598220.2300000001
09032022-020247;202239800001;MUNICIPIO DE URUBICI;Fabio Schiochet;77289740001350;DANIEL EQUIPAMENTOS AGRICOLAS LTDA;49899.99
09032022-021041;202240620006;MUNICIPIO DE URUBICI;Ricardo Guidi;86915490001810;"ALAN MARCUS BLANC &amp; CIA. LTDA";598220.2300000001
09032022-021041;202240620006;MUNICIPIO DE URUBICI;Ricardo Guidi;77289740001350;DANIEL EQUIPAMENTOS AGRICOLAS LTDA;49899.99
09032023-032878;202329250001;MUNICIPIO DE URUBICI;Carmen Zanotto;03603050001040;CAIXA ECONOMICA FEDERAL;22.0
09032023-034423;202322100001;MUNICIPIO DE URUBICI;Esperidião Amin;03603050001040;CAIXA ECONOMICA FEDERAL;22.0
09032026-095967;202639800001;MUNICIPIO DE URUBICI;Fabio Schiochet;00000000000191;BANCO DO BRASIL SA;423872.99
09032026-093927;202642090003;MUNICIPIO DE URUBICI;Jorge Goetten;00000000000191;BANCO DO BRASIL SA;398000.0
09032021-011948;202139290005;MUNICIPIO DE SAO JOAO DO ITAPERIU;Carlos Chiodini;03603050001040;CAIXA ECONOMICA FEDERAL;64.9
09032021-011948;202139290005;MUNICIPIO DE SAO JOAO DO ITAPERIU;Carlos Chiodini;35743700001200;EMPREITEIRA DE MAO DE OBRA ADRIMAR LTDA;330022.45
09032021-011948;202139290005;MUNICIPIO DE SAO JOAO DO ITAPERIU;Carlos Chiodini;50204950001340;FATOR3 ENGENHARIA E CONSULTORIA LTDA;146458.0
09032022-019859;202239290005;MUNICIPIO DE SAO JOAO DO ITAPERIU;Carlos Chiodini;03603050001040;CAIXA ECONOMICA FEDERAL;22.0
0903-004086;202041850004;MUNICIPIO DE SAO JOAO DO ITAPERIU;Jorginho Mello;03603050001040;CAIXA ECONOMICA FEDERAL;62.25
0903-004086;202041850004;MUNICIPIO DE SAO JOAO DO ITAPERIU;Jorginho Mello;89335780001020;ENGEBV CONSTRUTORA LTDA;187423.06
09032024-068760;202442510012;MUNICIPIO DE SAO JOAO DO ITAPERIU;Ivete da Silveira;03603050001040;CAIXA ECONOMICA FEDERAL;12.0
09032024-072757;202439290001;MUNICIPIO DE SAO JOAO DO ITAPERIU;Carlos Chiodini;03603050001040;CAIXA ECONOMICA FEDERAL;60.0
09032024-072757;202439290001;MUNICIPIO DE SAO JOAO DO ITAPERIU;Carlos Chiodini;36209270001120;PAVIPLAN PAVIMENTACAO LTDA;310344.17
09032024-073850;202442090002;MUNICIPIO DE SAO JOAO DO ITAPERIU;Jorge Goetten;03603050001040;CAIXA ECONOMICA FEDERAL;36.0
09032024-073938;202442730001;MUNICIPIO DE SAO JOAO DO ITAPERIU;Jorge Seif;03603050001040;CAIXA ECONOMICA FEDERAL;36.0
09032021-011491;202137860003;MUNICIPIO DE SAO JOAO DO ITAPERIU;Dário Berger;03603050001040;CAIXA ECONOMICA FEDERAL;64.9
09032021-011491;202137860003;MUNICIPIO DE SAO JOAO DO ITAPERIU;Dário Berger;35743700001200;EMPREITEIRA DE MAO DE OBRA ADRIMAR LTDA;330022.45
09032021-011491;202137860003;MUNICIPIO DE SAO JOAO DO ITAPERIU;Dário Berger;50204950001340;FATOR3 ENGENHARIA E CONSULTORIA LTDA;146458.0
09032022-021819;202241850010;MUNICIPIO DE SAO JOAO DO ITAPERIU;Jorginho Mello;03603050001040;CAIXA ECONOMICA FEDERAL;22.0
09032023-037075;202339320001;MUNICIPIO DE JOACABA;Caroline de Toni;03603050001040;CAIXA ECONOMICA FEDERAL;418.0
09032023-037075;202339320001;MUNICIPIO DE JOACABA;Caroline de Toni;82210470001970;ACHEI INDUSTRIA DE MOVEIS LTDA;8325.05
0903-003550;202028560001;MUNICIPIO DE AGROLANDIA;Rogério Peninha Mendonça;40141160001300;AUTO POSTO WALEAGRO LTDA;49943.1
0903-003550;202028560001;MUNICIPIO DE AGROLANDIA;Rogério Peninha Mendonça;03603050001040;CAIXA ECONOMICA FEDERAL;343.94999999999993
0903-003550;202028560001;MUNICIPIO DE AGROLANDIA;Rogério Peninha Mendonça;19412130001800;VALDIR ROLING & CIA LTDA;4030.98
0903-003550;202028560001;MUNICIPIO DE AGROLANDIA;Rogério Peninha Mendonça;22548960001600;INDUSTRIA E COMERCIO DE MADEIRAS COLORADO LTDA;4405.54
0903-003550;202028560001;MUNICIPIO DE AGROLANDIA;Rogério Peninha Mendonça;69105960001430;VMT PRESTADORA DE SERVICOS LTDA;8378.98
0903-003550;202028560001;MUNICIPIO DE AGROLANDIA;Rogério Peninha Mendonça;63251850001900;N. D. MATERIAIS DE CONSTRUCAO LTDA.;2203.5
0903-004458;202041850004;MUNICIPIO DE AGROLANDIA;Jorginho Mello;40141160001300;AUTO POSTO WALEAGRO LTDA;49943.1
0903-004458;202041850004;MUNICIPIO DE AGROLANDIA;Jorginho Mello;03603050001040;CAIXA ECONOMICA FEDERAL;343.94999999999993
0903-004458;202041850004;MUNICIPIO DE AGROLANDIA;Jorginho Mello;19412130001800;VALDIR ROLING & CIA LTDA;4030.98
0903-004458;202041850004;MUNICIPIO DE AGROLANDIA;Jorginho Mello;22548960001600;INDUSTRIA E COMERCIO DE MADEIRAS COLORADO LTDA;4405.54
0903-004458;202041850004;MUNICIPIO DE AGROLANDIA;Jorginho Mello;69105960001430;VMT PRESTADORA DE SERVICOS LTDA;8378.98
0903-004458;202041850004;MUNICIPIO DE AGROLANDIA;Jorginho Mello;63251850001900;N. D. MATERIAIS DE CONSTRUCAO LTDA.;2203.5
09032022-017133;202218800004;MUNICIPIO DE AGROLANDIA;Angela Amin;03603050001040;CAIXA ECONOMICA FEDERAL;48.0
09032022-017370;202222100001;MUNICIPIO DE AGROLANDIA;Esperidião Amin;03603050001040;CAIXA ECONOMICA FEDERAL;48.0
09032026-096334;202640620003;MUNICIPIO DE AGROLANDIA;Ricardo Guidi;00000000000191;BANCO DO BRASIL SA;398000.0
09032021-010630;202129250018;MUNICIPIO DE BOM RETIRO;Carmen Zanotto;96448750001090;DGA - DIGITAL ART COMUNICACAO VISUAL LTDA;100000.0
09032021-010630;202129250018;MUNICIPIO DE BOM RETIRO;Carmen Zanotto;24401240002020;MARCOS DA CRUZ;88734.36
09032021-010630;202129250018;MUNICIPIO DE BOM RETIRO;Carmen Zanotto;58591740001280;JAIR PHILIPPI MADEIRAS E FRUTICULTURA LTDA;26185.1
09032021-010630;202129250018;MUNICIPIO DE BOM RETIRO;Carmen Zanotto;53876320001730;VIP COMERCIO DE VEICULOS LTDA;250000.0
09032021-010630;202129250018;MUNICIPIO DE BOM RETIRO;Carmen Zanotto;24401240001130;MARCOS DA CRUZ;60000.0
09032021-010630;202129250018;MUNICIPIO DE BOM RETIRO;Carmen Zanotto;44610760001750;JOSEMIR CADORIN;54897.3
09032021-010630;202129250018;MUNICIPIO DE BOM RETIRO;Carmen Zanotto;03603050001040;CAIXA ECONOMICA FEDERAL;22.0
09032021-010630;202129250018;MUNICIPIO DE BOM RETIRO;Carmen Zanotto;00000000050798;SIVALDO ANTONIO ALEXANDRE;9965.0
09032021-011496;202137860003;MUNICIPIO DE BOM RETIRO;Dário Berger;96448750001090;DGA - DIGITAL ART COMUNICACAO VISUAL LTDA;100000.0
09032021-011496;202137860003;MUNICIPIO DE BOM RETIRO;Dário Berger;24401240002020;MARCOS DA CRUZ;88734.36
09032021-011496;202137860003;MUNICIPIO DE BOM RETIRO;Dário Berger;58591740001280;JAIR PHILIPPI MADEIRAS E FRUTICULTURA LTDA;26185.1
09032021-011496;202137860003;MUNICIPIO DE BOM RETIRO;Dário Berger;53876320001730;VIP COMERCIO DE VEICULOS LTDA;250000.0
09032021-011496;202137860003;MUNICIPIO DE BOM RETIRO;Dário Berger;24401240001130;MARCOS DA CRUZ;60000.0
09032021-011496;202137860003;MUNICIPIO DE BOM RETIRO;Dário Berger;44610760001750;JOSEMIR CADORIN;54897.3
09032021-011496;202137860003;MUNICIPIO DE BOM RETIRO;Dário Berger;03603050001040;CAIXA ECONOMICA FEDERAL;22.0
09032021-011496;202137860003;MUNICIPIO DE BOM RETIRO;Dário Berger;00000000050798;SIVALDO ANTONIO ALEXANDRE;9965.0
09032021-012237;202139800001;MUNICIPIO DE BOM RETIRO;Fabio Schiochet;96448750001090;DGA - DIGITAL ART COMUNICACAO VISUAL LTDA;100000.0
09032021-012237;202139800001;MUNICIPIO DE BOM RETIRO;Fabio Schiochet;24401240002020;MARCOS DA CRUZ;88734.36
09032021-012237;202139800001;MUNICIPIO DE BOM RETIRO;Fabio Schiochet;58591740001280;JAIR PHILIPPI MADEIRAS E FRUTICULTURA LTDA;26185.1
09032021-012237;202139800001;MUNICIPIO DE BOM RETIRO;Fabio Schiochet;53876320001730;VIP COMERCIO DE VEICULOS LTDA;250000.0
09032021-012237;202139800001;MUNICIPIO DE BOM RETIRO;Fabio Schiochet;24401240001130;MARCOS DA CRUZ;60000.0
09032021-012237;202139800001;MUNICIPIO DE BOM RETIRO;Fabio Schiochet;44610760001750;JOSEMIR CADORIN;54897.3
09032021-012237;202139800001;MUNICIPIO DE BOM RETIRO;Fabio Schiochet;03603050001040;CAIXA ECONOMICA FEDERAL;22.0
09032021-012237;202139800001;MUNICIPIO DE BOM RETIRO;Fabio Schiochet;00000000050798;SIVALDO ANTONIO ALEXANDRE;9965.0
09032021-012423;202140150011;MUNICIPIO DE BOM RETIRO;Hélio Costa;96448750001090;DGA - DIGITAL ART COMUNICACAO VISUAL LTDA;100000.0
09032021-012423;202140150011;MUNICIPIO DE BOM RETIRO;Hélio Costa;24401240002020;MARCOS DA CRUZ;88734.36
09032021-012423;202140150011;MUNICIPIO DE BOM RETIRO;Hélio Costa;58591740001280;JAIR PHILIPPI MADEIRAS E FRUTICULTURA LTDA;26185.1
09032021-012423;202140150011;MUNICIPIO DE BOM RETIRO;Hélio Costa;53876320001730;VIP COMERCIO DE VEICULOS LTDA;250000.0
09032021-012423;202140150011;MUNICIPIO DE BOM RETIRO;Hélio Costa;24401240001130;MARCOS DA CRUZ;60000.0
09032021-012423;202140150011;MUNICIPIO DE BOM RETIRO;Hélio Costa;44610760001750;JOSEMIR CADORIN;54897.3
09032021-012423;202140150011;MUNICIPIO DE BOM RETIRO;Hélio Costa;03603050001040;CAIXA ECONOMICA FEDERAL;22.0
09032021-012423;202140150011;MUNICIPIO DE BOM RETIRO;Hélio Costa;00000000050798;SIVALDO ANTONIO ALEXANDRE;9965.0
09032022-014118;202232350003;MUNICIPIO DE BOM RETIRO;Geovania De Sá;24401240002020;MARCOS DA CRUZ;51655.7
09032022-014118;202232350003;MUNICIPIO DE BOM RETIRO;Geovania De Sá;44610760001750;JOSEMIR CADORIN;5954.08
09032022-014118;202232350003;MUNICIPIO DE BOM RETIRO;Geovania De Sá;59092580001290;BRITAGEM SANTA TEREZA LTDA;19041.0
09032022-015101;202229250013;MUNICIPIO DE BOM RETIRO;Carmen Zanotto;24401240002020;MARCOS DA CRUZ;51655.7
09032022-015101;202229250013;MUNICIPIO DE BOM RETIRO;Carmen Zanotto;44610760001750;JOSEMIR CADORIN;5954.08
09032022-015101;202229250013;MUNICIPIO DE BOM RETIRO;Carmen Zanotto;59092580001290;BRITAGEM SANTA TEREZA LTDA;19041.0
09032023-037037;202339320001;MUNICIPIO DE BOM RETIRO;Caroline de Toni;58591740001280;JAIR PHILIPPI MADEIRAS E FRUTICULTURA LTDA;51656.0
09032023-037037;202339320001;MUNICIPIO DE BOM RETIRO;Caroline de Toni;44610760001750;JOSEMIR CADORIN;33285.399999999994
09032024-067039;202429250006;MUNICIPIO DE BOM RETIRO;Carmen Zanotto;60203180001100;VOLKSWAGEN TRUCK & BUS INDUSTRIA E COMERCIO DE VEICULOS LTDA;338651.54
09032024-068770;202442510012;MUNICIPIO DE BOM RETIRO;Ivete da Silveira;60203180001100;"VOLKSWAGEN TRUCK &amp; BUS INDUSTRIA E COMERCIO DE VEICULOS";155348.46
09032024-073954;202442730001;MUNICIPIO DE BOM RETIRO;Jorge Seif;24401240002020;MARCOS DA CRUZ;155674.3
0903-004668;202028560001;MUNICIPIO DE RIO DOS CEDROS;Rogério Peninha Mendonça;89209090001700;RCPA EMPREITEIRA LTDA;195454.38
09032023-037422;202339800001;MUNICIPIO DE RIO DOS CEDROS;Fabio Schiochet;03944600033290;MINISTERIO DA FAZENDA;118.49
09032023-037422;202339800001;MUNICIPIO DE RIO DOS CEDROS;Fabio Schiochet;03944600033290;MINISTERIO DA FAZENDA;118.49
09032023-036996;202339290002;MUNICIPIO DE RIO DOS CEDROS;Carlos Chiodini;03944600033290;MINISTERIO DA FAZENDA;118.49
09032023-034398;202322100001;MUNICIPIO DE RIO DOS CEDROS;Esperidião Amin;03944600033290;MINISTERIO DA FAZENDA;118.49
09032024-068674;202442510013;MUNICIPIO DE RIO DOS CEDROS;Ivete da Silveira;82091960001300;FERRO FORTE COMERCIO DE SUCATAS, TRANSPORTE E TERRAPLANAGEM LTDA;11007.39
09032024-068791;202442510012;MUNICIPIO DE RIO DOS CEDROS;Ivete da Silveira;26319310001130;ARTEFATOS DE CIMENTO ARTERIO LTDA;50577.5
09032024-075073;202444480002;MUNICIPIO DE RIO DOS CEDROS;Pezenti;26319310001130;ARTEFATOS DE CIMENTO ARTERIO LTDA;86439.0
09032024-075073;202444480002;MUNICIPIO DE RIO DOS CEDROS;Pezenti;03603050001040;CAIXA ECONOMICA FEDERAL;24.0
09032021-011950;202139290005;MUNICIPIO DE GARUVA;Carlos Chiodini;26075730001030;OLIVEIRA & POZZER LTDA;385832.6099999999
09032021-011950;202139290005;MUNICIPIO DE GARUVA;Carlos Chiodini;03603050001040;CAIXA ECONOMICA FEDERAL;66.0
09032023-037182;202339440021;MUNICIPIO DE GARUVA;Coronel Armando;03603050001040;CAIXA ECONOMICA FEDERAL;128.0
09032023-037182;202339440021;MUNICIPIO DE GARUVA;Coronel Armando;93537090001450;HOEFT & HOEFT CONSTRUCOES CIVIS LTDA;154611.08000000002
09032023-038433;202341290007;MUNICIPIO DE GARUVA;Rodrigo Coelho;03603050001040;CAIXA ECONOMICA FEDERAL;128.0
09032023-038433;202341290007;MUNICIPIO DE GARUVA;Rodrigo Coelho;93537090001450;HOEFT & HOEFT CONSTRUCOES CIVIS LTDA;154611.08000000002
09032023-039023;202342510010;MUNICIPIO DE GARUVA;Ivete da Silveira;03603050001040;CAIXA ECONOMICA FEDERAL;128.0
09032023-039023;202342510010;MUNICIPIO DE GARUVA;Ivete da Silveira;93537090001450;HOEFT & HOEFT CONSTRUCOES CIVIS LTDA;154611.08000000002
09032024-073888;202442090002;MUNICIPIO DE GARUVA;Jorge Goetten;93710920001900;ACA INDUSTRIA E COMERCIO DE PECAS PARA AR CONDICIONADO;296400.0
09032024-074477;202443390001;MUNICIPIO DE GARUVA;Daniela Reinehr;00000000000191;BANCO DO BRASIL SA;16.4
09032024-072775;202439290001;MUNICIPIO DE GARUVA;Carlos Chiodini;00000000000191;BANCO DO BRASIL SA;22796.79
09032025-083189;202539290001;MUNICIPIO DE GARUVA;Carlos Chiodini;81762580001550;VIEMAQ EQUIPAMENTOS LTDA;586872.0
09032021-009954;202125690003;MUNICIPIO DE LAURO MULLER;Celso Maldaner;59566170001070;BF CONSTRUCOES LTDA;11276.31
09032022-015117;202229250013;MUNICIPIO DE LAURO MULLER;Carmen Zanotto;50355320009350;METRONORTE COMERCIAL DE VEICULOS LTDA;101000.0
09032022-015117;202229250013;MUNICIPIO DE LAURO MULLER;Carmen Zanotto;81588650001920;MULTIBAN LOCACAO DE BENS MOVEIS LTDA;948.74
09032022-015117;202229250013;MUNICIPIO DE LAURO MULLER;Carmen Zanotto;20638050001000;SOCIEDADE DOS AMIGOS DA LOCOMOTIVA A VAPOR;786966.11
09032022-015117;202229250013;MUNICIPIO DE LAURO MULLER;Carmen Zanotto;03603050001040;CAIXA ECONOMICA FEDERAL;122.0
09032022-020039;202239490001;MUNICIPIO DE LAURO MULLER;Daniel Freitas;50355320009350;METRONORTE COMERCIAL DE VEICULOS LTDA;101000.0
09032022-020039;202239490001;MUNICIPIO DE LAURO MULLER;Daniel Freitas;81588650001920;MULTIBAN LOCACAO DE BENS MOVEIS LTDA;948.74
09032022-020039;202239490001;MUNICIPIO DE LAURO MULLER;Daniel Freitas;20638050001000;SOCIEDADE DOS AMIGOS DA LOCOMOTIVA A VAPOR;786966.11
09032022-020039;202239490001;MUNICIPIO DE LAURO MULLER;Daniel Freitas;03603050001040;CAIXA ECONOMICA FEDERAL;122.0
09032024-073523;202440620002;MUNICIPIO DE LAURO MULLER;Ricardo Guidi;03603050001040;CAIXA ECONOMICA FEDERAL;36.0
09032023-031269;202332350003;BELMONTE;Geovania De Sá;03603050001040;CAIXA ECONOMICA FEDERAL;12.0
09032025-075755;202542730002;BELMONTE;Jorge Seif;55186950001110;ABASTECEDORA IRMAOS SIGOLIN LTDA;91784.75000000001
09032023-034747;202325690020;MUNICIPIO DE ERVAL VELHO;Celso Maldaner;92236590001810;VIGA - PAVIMENTACAO E OBRAS LTDA.;814940.13
09032023-034425;202322100001;MUNICIPIO DE ERVAL VELHO;Esperidião Amin;92236590001810;VIGA - PAVIMENTACAO E OBRAS LTDA.;814940.13
09032024-073898;202442090002;MUNICIPIO DE ERVAL VELHO;Jorge Goetten;92236590001810;VIGA - PAVIMENTACAO E OBRAS LTDA.;181658.51
0903-003863;202041850004;MUNICIPIO DE ARMAZEM;Jorginho Mello;03603050001040;CAIXA ECONOMICA FEDERAL;10.45
0903-003863;202041850004;MUNICIPIO DE ARMAZEM;Jorginho Mello;39285110001660;S.O.S SUL RESGATE - COMERCIO E SERVICOS DE SEGURANCA E SINALIZACAO LTDA;100898.7
09032021-010958;202132350006;MUNICIPIO DE ARMAZEM;Geovania De Sá;03603050001040;CAIXA ECONOMICA FEDERAL;75.25
09032021-012776;202140620004;MUNICIPIO DE ARMAZEM;Ricardo Guidi;03603050001040;CAIXA ECONOMICA FEDERAL;75.25
09032022-014116;202232350003;MUNICIPIO DE ARMAZEM;Geovania De Sá;03603050001040;CAIXA ECONOMICA FEDERAL;110.35000000000001
09032022-021029;202240620006;MUNICIPIO DE ARMAZEM;Ricardo Guidi;03603050001040;CAIXA ECONOMICA FEDERAL;110.35000000000001
09032022-020017;202239440009;MUNICIPIO DE ARMAZEM;Coronel Armando;03603050001040;CAIXA ECONOMICA FEDERAL;110.35000000000001
09032022-021829;202241850010;MUNICIPIO DE ARMAZEM;Jorginho Mello;03603050001040;CAIXA ECONOMICA FEDERAL;110.35000000000001
09032023-037625;202340150002;MUNICIPIO DE ARMAZEM;Hélio Costa;03603050001040;CAIXA ECONOMICA FEDERAL;46.0
09032023-038038;202340620003;MUNICIPIO DE ARMAZEM;Ricardo Guidi;03603050001040;CAIXA ECONOMICA FEDERAL;46.0
09032023-038994;202342510010;MUNICIPIO DE ARMAZEM;Ivete da Silveira;03603050001040;CAIXA ECONOMICA FEDERAL;46.0
0903-003820;202025690009;MUNICIPIO DE BOTUVERA;Celso Maldaner;62241210001010;SHARK MAQUINAS PARA CONSTRUCAO LTDA;239900.0
0903-003270;202028560001;MUNICIPIO DE BOTUVERA;Rogério Peninha Mendonça;62241210001010;SHARK MAQUINAS PARA CONSTRUCAO LTDA;239900.0
09032024-072759;202439290001;MUNICIPIO DE BOTUVERA;Carlos Chiodini;00000000000191;BANCO DO BRASIL SA;6573.91
09032021-009656;202122100006;MUNICIPIO DE GAROPABA;Esperidião Amin;08208540001140;QUALIDADE MINERACAO LTDA;392552.48
09032021-009656;202122100006;MUNICIPIO DE GAROPABA;Esperidião Amin;03603050001040;CAIXA ECONOMICA FEDERAL;68.9
09032021-009656;202122100006;MUNICIPIO DE GAROPABA;Esperidião Amin;93466670001150;NCL PAVIMENTACAO LTDA;1041.71
09032021-011517;202137860003;MUNICIPIO DE GAROPABA;Dário Berger;08208540001140;QUALIDADE MINERACAO LTDA;392552.48
09032021-011517;202137860003;MUNICIPIO DE GAROPABA;Dário Berger;03603050001040;CAIXA ECONOMICA FEDERAL;68.9
09032021-011517;202137860003;MUNICIPIO DE GAROPABA;Dário Berger;93466670001150;NCL PAVIMENTACAO LTDA;1041.71
09032022-017145;202218800004;MUNICIPIO DE GAROPABA;Angela Amin;03603050001040;CAIXA ECONOMICA FEDERAL;10.45
09032022-017145;202218800004;MUNICIPIO DE GAROPABA;Angela Amin;08208540001140;QUALIDADE MINERACAO LTDA;199561.96
09032022-016133;202237860003;MUNICIPIO DE GAROPABA;Dário Berger;03603050001040;CAIXA ECONOMICA FEDERAL;10.45
09032022-016133;202237860003;MUNICIPIO DE GAROPABA;Dário Berger;08208540001140;QUALIDADE MINERACAO LTDA;199561.96
09032022-020037;202239490001;MUNICIPIO DE GAROPABA;Daniel Freitas;03603050001040;CAIXA ECONOMICA FEDERAL;10.45
09032022-020037;202239490001;MUNICIPIO DE GAROPABA;Daniel Freitas;08208540001140;QUALIDADE MINERACAO LTDA;199561.96
09032022-021520;202241290001;MUNICIPIO DE GAROPABA;Rodrigo Coelho;03603050001040;CAIXA ECONOMICA FEDERAL;10.45
09032022-021520;202241290001;MUNICIPIO DE GAROPABA;Rodrigo Coelho;08208540001140;QUALIDADE MINERACAO LTDA;199561.96
09032024-069093;202422100016;MUNICIPIO DE GAROPABA;Esperidião Amin;62187560001980;HE MARTINS CONSTRUCOES LTDA;493658.15
09032024-069093;202422100016;MUNICIPIO DE GAROPABA;Esperidião Amin;03603050001040;CAIXA ECONOMICA FEDERAL;63.36
09032024-075296;202444930001;MUNICIPIO DE GAROPABA;Zé Trovão;03603050001040;CAIXA ECONOMICA FEDERAL;192.96
09032024-075296;202444930001;MUNICIPIO DE GAROPABA;Zé Trovão;93466670001150;NCL PAVIMENTACAO LTDA;136193.51
09032024-075296;202444930001;MUNICIPIO DE GAROPABA;Zé Trovão;62187560001980;HE MARTINS CONSTRUCOES LTDA;28164.14
09032024-075296;202444930001;MUNICIPIO DE GAROPABA;Zé Trovão;08208540001140;QUALIDADE MINERACAO LTDA;2645507.87
09032024-075296;202444930001;MUNICIPIO DE GAROPABA;Zé Trovão;69157400001340;SANEAMENTO PRE MOLDADOS INDUSTRIA E COMERCIO LTDA;25399.35
09032024-074014;202442730001;MUNICIPIO DE GAROPABA;Jorge Seif;03603050001040;CAIXA ECONOMICA FEDERAL;6.72
09032024-074014;202442730001;MUNICIPIO DE GAROPABA;Jorge Seif;73803440001120;POSITIVA EDIFICACOES LTDA;96817.51999999999
09032024-068224;202439490003;MUNICIPIO DE GAROPABA;Daniel Freitas;03603050001040;CAIXA ECONOMICA FEDERAL;10.08
09032024-068224;202439490003;MUNICIPIO DE GAROPABA;Daniel Freitas;08208540001140;QUALIDADE MINERACAO LTDA;1541867.6099999999
09032024-074761;202444010009;MUNICIPIO DE GAROPABA;Julia Zanatta;03603050001040;CAIXA ECONOMICA FEDERAL;76.8
09032024-074761;202444010009;MUNICIPIO DE GAROPABA;Julia Zanatta;69157400001340;SANEAMENTO PRE MOLDADOS INDUSTRIA E COMERCIO LTDA;132260.89999999997
09032024-074761;202444010009;MUNICIPIO DE GAROPABA;Julia Zanatta;08208540001140;QUALIDADE MINERACAO LTDA;1301893.1400000001
09032024-074709;202443920002;MUNICIPIO DE GAROPABA;Ismael;69157400001340;SANEAMENTO PRE MOLDADOS INDUSTRIA E COMERCIO LTDA;231770.00999999998
09032024-074709;202443920002;MUNICIPIO DE GAROPABA;Ismael;03603050001040;CAIXA ECONOMICA FEDERAL;76.17999999999999
09032024-074709;202443920002;MUNICIPIO DE GAROPABA;Ismael;08208540001140;QUALIDADE MINERACAO LTDA;1822543.3499999996
09032022-016335;202239530001;MUNICIPIO DE MELEIRO;Darci de Matos;65372270001570;SUPREME CONSTRUTORA LTDA;517863.95999999996
09032022-016335;202239530001;MUNICIPIO DE MELEIRO;Darci de Matos;82986720001370;MERCOSUL VEICULOS LTDA;202000.0
09032022-016335;202239530001;MUNICIPIO DE MELEIRO;Darci de Matos;50355320018260;METRONORTE COMERCIAL DE VEICULOS LTDA;149038.34
09032022-020033;202239490001;MUNICIPIO DE MELEIRO;Daniel Freitas;65372270001570;SUPREME CONSTRUTORA LTDA;517863.95999999996
09032022-020033;202239490001;MUNICIPIO DE MELEIRO;Daniel Freitas;82986720001370;MERCOSUL VEICULOS LTDA;202000.0
09032022-020033;202239490001;MUNICIPIO DE MELEIRO;Daniel Freitas;50355320018260;METRONORTE COMERCIAL DE VEICULOS LTDA;149038.34
09032022-021831;202241850010;MUNICIPIO DE MELEIRO;Jorginho Mello;65372270001570;SUPREME CONSTRUTORA LTDA;517863.95999999996
09032022-021831;202241850010;MUNICIPIO DE MELEIRO;Jorginho Mello;82986720001370;MERCOSUL VEICULOS LTDA;202000.0
09032022-021831;202241850010;MUNICIPIO DE MELEIRO;Jorginho Mello;50355320018260;METRONORTE COMERCIAL DE VEICULOS LTDA;149038.34
09032024-073510;202440620002;MUNICIPIO DE MELEIRO;Ricardo Guidi;60203180001100;"VOLKSWAGEN TRUCK &amp; BUS INDUSTRIA E COMERCIO DE VEICULOS";503089.6
09032025-083880;202540620003;MUNICIPIO DE MELEIRO;Ricardo Guidi;60203180001100;"VOLKSWAGEN TRUCK &amp; BUS INDUSTRIA E COMERCIO DE VEICULOS";467225.2
09032022-015106;202229250013;MUNICIPIO DE SAO JOAQUIM;Carmen Zanotto;03603050001040;CAIXA ECONOMICA FEDERAL;113.0
09032024-073984;202442730001;MUNICIPIO DE SAO JOAQUIM;Jorge Seif;03603050001040;CAIXA ECONOMICA FEDERAL;12.0
09032022-014132;202232350003;MUNICIPIO DE SAO JOAQUIM;Geovania De Sá;03603050001040;CAIXA ECONOMICA FEDERAL;113.0
09032022-016124;202237860003;MUNICIPIO DE SAO JOAQUIM;Dário Berger;03603050001040;CAIXA ECONOMICA FEDERAL;113.0
09032022-020035;202239490001;MUNICIPIO DE SAO JOAQUIM;Daniel Freitas;03603050001040;CAIXA ECONOMICA FEDERAL;113.0
09032026-093910;202642090003;MUNICIPIO DE SAO JOAQUIM;Jorge Goetten;00000000000191;BANCO DO BRASIL SA;398000.0
0903-004496;202028560001;MUNICIPIO DE IBIRAMA;Rogério Peninha Mendonça;58980110001540;J C CONSTRUCOES E PAVIMENTACOES LTDA;279727.79000000004
09032021-010435;202128560001;MUNICIPIO DE IBIRAMA;Rogério Peninha Mendonça;58980110001540;J C CONSTRUCOES E PAVIMENTACOES LTDA;273330.99
09032021-010435;202128560001;MUNICIPIO DE IBIRAMA;Rogério Peninha Mendonça;03603050001040;CAIXA ECONOMICA FEDERAL;31.349999999999998
09032023-035160;202328560005;MUNICIPIO DE IBIRAMA;Rogério Peninha Mendonça;58980110001540;J C CONSTRUCOES E PAVIMENTACOES LTDA;649142.0700000001
09032023-035160;202328560005;MUNICIPIO DE IBIRAMA;Rogério Peninha Mendonça;00000000000191;BANCO DO BRASIL SA;42093.78
09032023-037044;202339320001;MUNICIPIO DE IBIRAMA;Caroline de Toni;58980110001540;J C CONSTRUCOES E PAVIMENTACOES LTDA;649142.0700000001
09032023-037044;202339320001;MUNICIPIO DE IBIRAMA;Caroline de Toni;00000000000191;BANCO DO BRASIL SA;42093.78
09032024-072817;202439320001;MUNICIPIO DE IBIRAMA;Caroline de Toni;03603050001040;CAIXA ECONOMICA FEDERAL;48.0
09032024-072817;202439320001;MUNICIPIO DE IBIRAMA;Caroline de Toni;61459280001400;CONSTRUCAO CIVIL M G LTDA;213817.31
09032024-068778;202442510012;MUNICIPIO DE IBIRAMA;Ivete da Silveira;03603050001040;CAIXA ECONOMICA FEDERAL;24.0
0903-004766;202028560001;MUNICIPIO DE TAIO;Rogério Peninha Mendonça;61702050001000;PRIMER FIX TINTAS LTDA;8344.0
0903-004766;202028560001;MUNICIPIO DE TAIO;Rogério Peninha Mendonça;03603050001040;CAIXA ECONOMICA FEDERAL;101.35000000000001
0903-004766;202028560001;MUNICIPIO DE TAIO;Rogério Peninha Mendonça;63251850001900;N. D. MATERIAIS DE CONSTRUCAO LTDA.;1770.0
09032022-021034;202240620006;MUNICIPIO DE TAIO;Ricardo Guidi;03603050001040;CAIXA ECONOMICA FEDERAL;143.0
09032022-021034;202240620006;MUNICIPIO DE TAIO;Ricardo Guidi;74556590003430;LZK CONSTRUTORA LTDA;58551.939999999995
09032022-021034;202240620006;MUNICIPIO DE TAIO;Ricardo Guidi;61702050001000;PRIMER FIX TINTAS LTDA;4440.8
09032021-011505;202137860003;MUNICIPIO DE TAIO;Dário Berger;03603050001040;CAIXA ECONOMICA FEDERAL;154.45
09032021-011505;202137860003;MUNICIPIO DE TAIO;Dário Berger;25395370001500;STRINGARI TERRAPLANAGEM LTDA;20944.0
09032021-011505;202137860003;MUNICIPIO DE TAIO;Dário Berger;74556590004240;LZK CONSTRUTORA LTDA;40389.69
09032021-011505;202137860003;MUNICIPIO DE TAIO;Dário Berger;74556590001810;LZK CONSTRUTORA LTDA;102295.76000000001
09032021-011505;202137860003;MUNICIPIO DE TAIO;Dário Berger;74556590003430;LZK CONSTRUTORA LTDA;14486.97
09032023-035176;202328560022;MUNICIPIO DE TAIO;Rogério Peninha Mendonça;03603050001040;CAIXA ECONOMICA FEDERAL;285.0
09032023-035176;202328560022;MUNICIPIO DE TAIO;Rogério Peninha Mendonça;24794170001040;BETON MIX - COMERCIO DE CONCRETO LTDA;362782.29999999993
09032023-035176;202328560022;MUNICIPIO DE TAIO;Rogério Peninha Mendonça;89969400001940;PSI INDUSTRIA E COMERCIO DE ARTEFATOS LTDA;186238.0
09032023-035176;202328560022;MUNICIPIO DE TAIO;Rogério Peninha Mendonça;90162550001170;INDAIAL PAVER FABRICA DE ARTEFATOS DE CIMENTO LTDA;7020.0
09032023-035176;202328560022;MUNICIPIO DE TAIO;Rogério Peninha Mendonça;74556590003430;LZK CONSTRUTORA LTDA;37853.69
09032023-035176;202328560022;MUNICIPIO DE TAIO;Rogério Peninha Mendonça;61702050001000;PRIMER FIX TINTAS LTDA;34.28
09032023-035176;202328560022;MUNICIPIO DE TAIO;Rogério Peninha Mendonça;25395370001500;STRINGARI TERRAPLANAGEM LTDA;5046.56
09032021-010441;202128560001;MUNICIPIO DE TAIO;Rogério Peninha Mendonça;03603050001040;CAIXA ECONOMICA FEDERAL;154.45
09032021-010441;202128560001;MUNICIPIO DE TAIO;Rogério Peninha Mendonça;25395370001500;STRINGARI TERRAPLANAGEM LTDA;20944.0
09032021-010441;202128560001;MUNICIPIO DE TAIO;Rogério Peninha Mendonça;74556590004240;LZK CONSTRUTORA LTDA;40389.69
09032021-010441;202128560001;MUNICIPIO DE TAIO;Rogério Peninha Mendonça;74556590001810;LZK CONSTRUTORA LTDA;102295.76000000001
09032021-010441;202128560001;MUNICIPIO DE TAIO;Rogério Peninha Mendonça;74556590003430;LZK CONSTRUTORA LTDA;14486.97
09032023-032866;202329250001;MUNICIPIO DE TAIO;Carmen Zanotto;03603050001040;CAIXA ECONOMICA FEDERAL;285.0
09032023-032866;202329250001;MUNICIPIO DE TAIO;Carmen Zanotto;24794170001040;BETON MIX - COMERCIO DE CONCRETO LTDA;362782.29999999993
09032023-032866;202329250001;MUNICIPIO DE TAIO;Carmen Zanotto;89969400001940;PSI INDUSTRIA E COMERCIO DE ARTEFATOS LTDA;186238.0
09032023-032866;202329250001;MUNICIPIO DE TAIO;Carmen Zanotto;90162550001170;INDAIAL PAVER FABRICA DE ARTEFATOS DE CIMENTO LTDA;7020.0
09032023-032866;202329250001;MUNICIPIO DE TAIO;Carmen Zanotto;74556590003430;LZK CONSTRUTORA LTDA;37853.69
09032023-032866;202329250001;MUNICIPIO DE TAIO;Carmen Zanotto;61702050001000;PRIMER FIX TINTAS LTDA;34.28
09032023-032866;202329250001;MUNICIPIO DE TAIO;Carmen Zanotto;25395370001500;STRINGARI TERRAPLANAGEM LTDA;5046.56
09032023-038046;202340620003;MUNICIPIO DE TAIO;Ricardo Guidi;03603050001040;CAIXA ECONOMICA FEDERAL;285.0
09032023-038046;202340620003;MUNICIPIO DE TAIO;Ricardo Guidi;24794170001040;BETON MIX - COMERCIO DE CONCRETO LTDA;362782.29999999993
09032023-038046;202340620003;MUNICIPIO DE TAIO;Ricardo Guidi;89969400001940;PSI INDUSTRIA E COMERCIO DE ARTEFATOS LTDA;186238.0
09032023-038046;202340620003;MUNICIPIO DE TAIO;Ricardo Guidi;90162550001170;INDAIAL PAVER FABRICA DE ARTEFATOS DE CIMENTO LTDA;7020.0
09032023-038046;202340620003;MUNICIPIO DE TAIO;Ricardo Guidi;74556590003430;LZK CONSTRUTORA LTDA;37853.69
09032023-038046;202340620003;MUNICIPIO DE TAIO;Ricardo Guidi;61702050001000;PRIMER FIX TINTAS LTDA;34.28
09032023-038046;202340620003;MUNICIPIO DE TAIO;Ricardo Guidi;25395370001500;STRINGARI TERRAPLANAGEM LTDA;5046.56
09032024-075078;202444480002;MUNICIPIO DE TAIO;Pezenti;03603050001040;CAIXA ECONOMICA FEDERAL;60.0
09032022-014133;202232350003;MUNICIPIO DE WITMARSUM;Geovania De Sá;61459280001400;CONSTRUCAO CIVIL M G LTDA;389007.33999999997
09032022-014133;202232350003;MUNICIPIO DE WITMARSUM;Geovania De Sá;03603050001040;CAIXA ECONOMICA FEDERAL;33.0
09032022-020238;202239800001;MUNICIPIO DE WITMARSUM;Fabio Schiochet;61459280001400;CONSTRUCAO CIVIL M G LTDA;389007.33999999997
09032022-020238;202239800001;MUNICIPIO DE WITMARSUM;Fabio Schiochet;03603050001040;CAIXA ECONOMICA FEDERAL;33.0
09032022-016340;202239530001;MUNICIPIO DE WITMARSUM;Darci de Matos;61459280001400;CONSTRUCAO CIVIL M G LTDA;389007.33999999997
09032022-016340;202239530001;MUNICIPIO DE WITMARSUM;Darci de Matos;03603050001040;CAIXA ECONOMICA FEDERAL;33.0
09032023-034166;202318800004;MUNICIPIO DE WITMARSUM;Angela Amin;91354300001950;DELVA FABRICACAO DE PECAS EM METAIS LTDA;9000.0
09032023-034166;202318800004;MUNICIPIO DE WITMARSUM;Angela Amin;03603050001040;CAIXA ECONOMICA FEDERAL;12.0
09032023-034166;202318800004;MUNICIPIO DE WITMARSUM;Angela Amin;28012210001940;ARTEFATOS DE MADEIRA REGIS LTDA;73000.0
09032023-038048;202340620003;MUNICIPIO DE WITMARSUM;Ricardo Guidi;91354300001950;DELVA FABRICACAO DE PECAS EM METAIS LTDA;9000.0
09032023-038048;202340620003;MUNICIPIO DE WITMARSUM;Ricardo Guidi;03603050001040;CAIXA ECONOMICA FEDERAL;12.0
09032023-038048;202340620003;MUNICIPIO DE WITMARSUM;Ricardo Guidi;28012210001940;ARTEFATOS DE MADEIRA REGIS LTDA;73000.0
09032023-2-041694;202342510010;MUNICIPIO DE WITMARSUM;Ivete da Silveira;91354300001950;DELVA FABRICACAO DE PECAS EM METAIS LTDA;9000.0
09032023-2-041694;202342510010;MUNICIPIO DE WITMARSUM;Ivete da Silveira;03603050001040;CAIXA ECONOMICA FEDERAL;12.0
09032023-2-041694;202342510010;MUNICIPIO DE WITMARSUM;Ivete da Silveira;28012210001940;ARTEFATOS DE MADEIRA REGIS LTDA;73000.0
09032022-015126;202229250013;MUNICIPIO DE MACIEIRA;Carmen Zanotto;03603050001040;CAIXA ECONOMICA FEDERAL;187.0
09032022-016426;202228550021;MUNICIPIO DE MACIEIRA;Pedro Uczai;03603050001040;CAIXA ECONOMICA FEDERAL;187.0
09032022-017724;202225690003;MUNICIPIO DE MACIEIRA;Celso Maldaner;03603050001040;CAIXA ECONOMICA FEDERAL;187.0
09032025-2-088359;202543390010;MUNICIPIO DE MACIEIRA;Daniela Reinehr;00000000000191;BANCO DO BRASIL SA;396000.0
09032025-084757;202543390010;MUNICIPIO DE MACIEIRA;Daniela Reinehr;00000000000191;BANCO DO BRASIL SA;396000.0
0903-003946;202029250015;MUNICIPIO DE CERRO NEGRO;Carmen Zanotto;44987060001860;MARCIA DA CUNHA VENTURA;151774.77
0903-003293;202022100018;MUNICIPIO DE CERRO NEGRO;Esperidião Amin;44987060001860;MARCIA DA CUNHA VENTURA;151774.77
09032023-032856;202329250001;MUNICIPIO DE CERRO NEGRO;Carmen Zanotto;77212030001160;JRM INSTALACOES LTDA;108451.75
09032024-067034;202429250006;MUNICIPIO DE CERRO NEGRO;Carmen Zanotto;55847740001200;COMERCIO DE COMBUSTIVEIS VARELA E SILVA LTDA;15474.94
09032024-067034;202429250006;MUNICIPIO DE CERRO NEGRO;Carmen Zanotto;59636860003000;LABORATORIO ALFA LTDA;31976.63
09032024-067034;202429250006;MUNICIPIO DE CERRO NEGRO;Carmen Zanotto;77522360001230;MEDILAR IMPORTACAO E DISTRIBUICAO DE PRODUTOS MEDICO HO;9448.44
09032024-067034;202429250006;MUNICIPIO DE CERRO NEGRO;Carmen Zanotto;50355320018260;METRONORTE COMERCIAL DE VEICULOS LTDA;98296.6
09032024-067034;202429250006;MUNICIPIO DE CERRO NEGRO;Carmen Zanotto;36520300003320;CENTERMEDI-COMERCIO DE PRODUTOS HOSPITALARES LTDA;553.18
09032024-067034;202429250006;MUNICIPIO DE CERRO NEGRO;Carmen Zanotto;08020020001020;ALTERMED MATERIAL MEDICO HOSPITALAR LTDA;342.49
09032024-067034;202429250006;MUNICIPIO DE CERRO NEGRO;Carmen Zanotto;25208290001400;DIMASTER - COMERCIO DE PRODUTOS HOSPITALARES LTDA.;237.12
09032025-2-087591;202522100013;MUNICIPIO DE CERRO NEGRO;Esperidião Amin;00000000000191;BANCO DO BRASIL SA;13.08
09032025-2-087591;202522100013;MUNICIPIO DE CERRO NEGRO;Esperidião Amin;62241210019220;SHARK MAQUINAS PARA CONSTRUCAO LTDA;364572.0
09032025-081770;202522100013;MUNICIPIO DE CERRO NEGRO;Esperidião Amin;00000000000191;BANCO DO BRASIL SA;13.08
09032025-081770;202522100013;MUNICIPIO DE CERRO NEGRO;Esperidião Amin;62241210019220;SHARK MAQUINAS PARA CONSTRUCAO LTDA;364572.0
09032021-012123;202139530003;MUNICIPIO DE ARABUTA;Darci de Matos;03603050001040;CAIXA ECONOMICA FEDERAL;12.0
09032021-013423;202141850007;MUNICIPIO DE ARABUTA;Jorginho Mello;03603050001040;CAIXA ECONOMICA FEDERAL;12.0
09032022-014136;202232350003;MUNICIPIO DE ARABUTA;Geovania De Sá;03603050001040;CAIXA ECONOMICA FEDERAL;137.0
09032022-021841;202241850010;MUNICIPIO DE ARABUTA;Jorginho Mello;03603050001040;CAIXA ECONOMICA FEDERAL;137.0
09032023-037061;202339320001;MUNICIPIO DE ARABUTA;Caroline de Toni;03603050001040;CAIXA ECONOMICA FEDERAL;84.0
09032023-039017;202342510010;MUNICIPIO DE ARABUTA;Ivete da Silveira;03603050001040;CAIXA ECONOMICA FEDERAL;84.0
0903-003320;202028560001;MUNICIPIO DE BRACO DO TROMBUDO;Rogério Peninha Mendonça;03603050001040;CAIXA ECONOMICA FEDERAL;10.0
0903-003320;202028560001;MUNICIPIO DE BRACO DO TROMBUDO;Rogério Peninha Mendonça;16024980001250;WALENDOWSKY DISTRIBUIDORA DE COMBUSTIVEIS LTDA.;49563.55
0903-003320;202028560001;MUNICIPIO DE BRACO DO TROMBUDO;Rogério Peninha Mendonça;30937760001910;MANUPA COMERCIO EXPORTACAO IMPORTACAO DE EQUIPAMENTOS E VEICULOS ADAPTADOS LTDA;300000.0
09032021-010430;202128560001;MUNICIPIO DE BRACO DO TROMBUDO;Rogério Peninha Mendonça;61459280001400;CONSTRUCAO CIVIL M G LTDA;274050.32
09032021-010430;202128560001;MUNICIPIO DE BRACO DO TROMBUDO;Rogério Peninha Mendonça;03603050001040;CAIXA ECONOMICA FEDERAL;10.45
09032022-018204;202228560001;MUNICIPIO DE BRACO DO TROMBUDO;Rogério Peninha Mendonça;03603050001040;CAIXA ECONOMICA FEDERAL;253.0
09032022-018204;202228560001;MUNICIPIO DE BRACO DO TROMBUDO;Rogério Peninha Mendonça;53724550001510;LAJE AGUA COMERCIO DE MATERIAIS DE CONSTRUCAO LTDA;34651.0
09032022-018204;202228560001;MUNICIPIO DE BRACO DO TROMBUDO;Rogério Peninha Mendonça;24794170001040;BETON MIX - COMERCIO DE CONCRETO LTDA;4625.56
09032024-069065;202422100016;MUNICIPIO DE BRACO DO TROMBUDO;Esperidião Amin;74556590001810;LZK CONSTRUTORA LTDA;289156.42
09032024-075055;202444480002;MUNICIPIO DE BRACO DO TROMBUDO;Pezenti;00000000000191;BANCO DO BRASIL SA;13.08
0903-004684;202041850004;MUNICIPIO DE BRACO DO TROMBUDO;Jorginho Mello;03603050001040;CAIXA ECONOMICA FEDERAL;10.0
0903-004684;202041850004;MUNICIPIO DE BRACO DO TROMBUDO;Jorginho Mello;16024980001250;WALENDOWSKY DISTRIBUIDORA DE COMBUSTIVEIS LTDA.;49563.55
0903-004684;202041850004;MUNICIPIO DE BRACO DO TROMBUDO;Jorginho Mello;30937760001910;MANUPA COMERCIO EXPORTACAO IMPORTACAO DE EQUIPAMENTOS E VEICULOS ADAPTADOS LTDA;300000.0
09032026-091769;202644010005;MUNICIPIO DE BRACO DO TROMBUDO;Julia Zanatta;00000000000191;BANCO DO BRASIL SA;597000.0
09032023-031268;202332350003;MORRO GRANDE;Geovania De Sá;58956350001180;JR CONSTRUCOES E TERRAPLENAGEM LTDA EPP;386711.33
09032023-031268;202332350003;MORRO GRANDE;Geovania De Sá;03603050001040;CAIXA ECONOMICA FEDERAL;24.0
09032024-074045;202442730001;MORRO GRANDE;Jorge Seif;03603050001040;CAIXA ECONOMICA FEDERAL;12.0
09032024-074045;202442730001;MORRO GRANDE;Jorge Seif;50355320018260;METRONORTE COMERCIAL DE VEICULOS LTDA;102555.65
09032026-091804;202644010005;MORRO GRANDE;Julia Zanatta;00000000000191;BANCO DO BRASIL SA;497500.0
0903-004363;202032350006;MUNICIPIO DE GRAVATAL;Geovania De Sá;03603050001040;CAIXA ECONOMICA FEDERAL;55.0
09032022-016116;202237860003;MUNICIPIO DE GRAVATAL;Dário Berger;03603050001040;CAIXA ECONOMICA FEDERAL;68.0
09032022-016116;202237860003;MUNICIPIO DE GRAVATAL;Dário Berger;86139830001430;CATARINENSE MATERIAIS DE CONSTRUCAO LTDA;64876.09
09032022-017374;202222100001;MUNICIPIO DE GRAVATAL;Esperidião Amin;03603050001040;CAIXA ECONOMICA FEDERAL;68.0
09032022-017374;202222100001;MUNICIPIO DE GRAVATAL;Esperidião Amin;86139830001430;CATARINENSE MATERIAIS DE CONSTRUCAO LTDA;64876.09
09032023-031240;202332350003;MUNICIPIO DE GRAVATAL;Geovania De Sá;03603050001040;CAIXA ECONOMICA FEDERAL;198.0
09032023-038042;202340620003;MUNICIPIO DE GRAVATAL;Ricardo Guidi;03603050001040;CAIXA ECONOMICA FEDERAL;198.0
09032022-018230;202228560001;MUNICIPIO DE BARRA VELHA;Rogério Peninha Mendonça;02088170001500;POWER IMPORTS VEICULOS LTDA;150000.0
09032022-021519;202241290001;MUNICIPIO DE BARRA VELHA;Rodrigo Coelho;02088170001500;POWER IMPORTS VEICULOS LTDA;150000.0
09032022-021843;202241850010;MUNICIPIO DE BARRA VELHA;Jorginho Mello;02088170001500;POWER IMPORTS VEICULOS LTDA;150000.0
09032026-094108;202644480001;MUNICIPIO DE BARRA VELHA;Pezenti;00000000000191;BANCO DO BRASIL SA;248750.0
09032026-095744;202639290001;MUNICIPIO DE BARRA VELHA;Carlos Chiodini;00000000000191;BANCO DO BRASIL SA;497500.0
0903-003202;202018800013;MUNICIPIO DE SAO JOAO DO SUL;Angela Amin;09951480001030;AMILTON HIGINO TEIXEIRA & FILHO LTDA;5166.24
0903-004490;202032350006;MUNICIPIO DE SAO JOAO DO SUL;Geovania De Sá;09951480001030;AMILTON HIGINO TEIXEIRA & FILHO LTDA;5166.24
09032022-015114;202229250013;MUNICIPIO DE CAMPOS NOVOS;Carmen Zanotto;03603050001040;CAIXA ECONOMICA FEDERAL;254.0
09032022-015114;202229250013;MUNICIPIO DE CAMPOS NOVOS;Carmen Zanotto;31744880001610;SEGVILLE VIGILANCIA PATRIMONIAL E ELETRONICA LTDA;5777.299999999999
09032022-015114;202229250013;MUNICIPIO DE CAMPOS NOVOS;Carmen Zanotto;45866940001410;INFOTRIZ COMERCIAL LTDA;716.7
09032022-018202;202228550020;MUNICIPIO DE CAMPOS NOVOS;Pedro Uczai;03603050001040;CAIXA ECONOMICA FEDERAL;254.0
09032022-018202;202228550020;MUNICIPIO DE CAMPOS NOVOS;Pedro Uczai;31744880001610;SEGVILLE VIGILANCIA PATRIMONIAL E ELETRONICA LTDA;5777.299999999999
09032022-018202;202228550020;MUNICIPIO DE CAMPOS NOVOS;Pedro Uczai;45866940001410;INFOTRIZ COMERCIAL LTDA;716.7
09032022-019903;202239320002;MUNICIPIO DE CAMPOS NOVOS;Caroline de Toni;03603050001040;CAIXA ECONOMICA FEDERAL;254.0
09032022-019903;202239320002;MUNICIPIO DE CAMPOS NOVOS;Caroline de Toni;31744880001610;SEGVILLE VIGILANCIA PATRIMONIAL E ELETRONICA LTDA;5777.299999999999
09032022-019903;202239320002;MUNICIPIO DE CAMPOS NOVOS;Caroline de Toni;45866940001410;INFOTRIZ COMERCIAL LTDA;716.7
09032022-016345;202239530001;MUNICIPIO DE CAMPOS NOVOS;Darci de Matos;03603050001040;CAIXA ECONOMICA FEDERAL;254.0
09032022-016345;202239530001;MUNICIPIO DE CAMPOS NOVOS;Darci de Matos;31744880001610;SEGVILLE VIGILANCIA PATRIMONIAL E ELETRONICA LTDA;5777.299999999999
09032022-016345;202239530001;MUNICIPIO DE CAMPOS NOVOS;Darci de Matos;45866940001410;INFOTRIZ COMERCIAL LTDA;716.7
09032023-037064;202339320001;MUNICIPIO DE CAMPOS NOVOS;Caroline de Toni;71568400001970;BRITASUL COMERCIO DE PEDRAS LTDA;361691.88
09032023-037064;202339320001;MUNICIPIO DE CAMPOS NOVOS;Caroline de Toni;03603050001040;CAIXA ECONOMICA FEDERAL;60.0
09032024-072846;202439320001;MUNICIPIO DE CAMPOS NOVOS;Caroline de Toni;71568400001970;BRITASUL COMERCIO DE PEDRAS LTDA;175480.57
09032022-017714;202225690003;MUNICIPIO DE NOVA ITABERABA;Celso Maldaner;68657120001500;MAGUI TRANSPORTES LTDA;283659.57
09032022-018228;202228560001;MUNICIPIO DE VITOR MEIRELES;Rogério Peninha Mendonça;03603050001040;CAIXA ECONOMICA FEDERAL;124.5
09032022-016344;202239530001;MUNICIPIO DE VITOR MEIRELES;Darci de Matos;03603050001040;CAIXA ECONOMICA FEDERAL;124.5
09032022-017389;202222100001;MUNICIPIO DE VITOR MEIRELES;Esperidião Amin;03603050001040;CAIXA ECONOMICA FEDERAL;124.5
09032023-034169;202318800004;MUNICIPIO DE VITOR MEIRELES;Angela Amin;03603050001040;CAIXA ECONOMICA FEDERAL;92.0
09032023-034412;202322100001;MUNICIPIO DE VITOR MEIRELES;Esperidião Amin;03603050001040;CAIXA ECONOMICA FEDERAL;92.0
09032023-2-041695;202342510010;MUNICIPIO DE VITOR MEIRELES;Ivete da Silveira;03603050001040;CAIXA ECONOMICA FEDERAL;92.0
09032024-075083;202444480002;MUNICIPIO DE VITOR MEIRELES;Pezenti;03603050001040;CAIXA ECONOMICA FEDERAL;23.5
09032024-066093;202442730002;MUNICIPIO DE VITOR MEIRELES;Jorge Seif;32221660001400;COMERCIAL DACLANDE LTDA;106541.66
09032024-066093;202442730002;MUNICIPIO DE VITOR MEIRELES;Jorge Seif;03603050001040;CAIXA ECONOMICA FEDERAL;12.0
0903-003297;202039800001;MUNICIPIO DE RIO RUFINO;Fabio Schiochet;00000000079268;TARCIZO RIBEIRO DOS SANTOS;1700.0
0903-003297;202039800001;MUNICIPIO DE RIO RUFINO;Fabio Schiochet;00000000042944;ALCEDIR LUIZ DALO;12450.0
0903-003297;202039800001;MUNICIPIO DE RIO RUFINO;Fabio Schiochet;00000000059942;RUDINEI DEL CASTANHEL;1125.0
0903-003297;202039800001;MUNICIPIO DE RIO RUFINO;Fabio Schiochet;44610760001750;JOSEMIR CADORIN;12137.0
0903-003297;202039800001;MUNICIPIO DE RIO RUFINO;Fabio Schiochet;00000000053611;MARCOS COPETTI BANCK;64173.399999999994
0903-003297;202039800001;MUNICIPIO DE RIO RUFINO;Fabio Schiochet;03335560001080;COMERCIO DE COMBUSTIVEIS CELIRIO WIGGERS LTDA;1367.6
0903-003297;202039800001;MUNICIPIO DE RIO RUFINO;Fabio Schiochet;00000000024683;ADENOR ELOI CHRISTOFF;6880.0
0903-003617;202041850004;MUNICIPIO DE RIO RUFINO;Jorginho Mello;00000000079268;TARCIZO RIBEIRO DOS SANTOS;1700.0
0903-003617;202041850004;MUNICIPIO DE RIO RUFINO;Jorginho Mello;00000000042944;ALCEDIR LUIZ DALO;12450.0
0903-003617;202041850004;MUNICIPIO DE RIO RUFINO;Jorginho Mello;00000000059942;RUDINEI DEL CASTANHEL;1125.0
0903-003617;202041850004;MUNICIPIO DE RIO RUFINO;Jorginho Mello;44610760001750;JOSEMIR CADORIN;12137.0
0903-003617;202041850004;MUNICIPIO DE RIO RUFINO;Jorginho Mello;00000000053611;MARCOS COPETTI BANCK;64173.399999999994
0903-003617;202041850004;MUNICIPIO DE RIO RUFINO;Jorginho Mello;03335560001080;COMERCIO DE COMBUSTIVEIS CELIRIO WIGGERS LTDA;1367.6
0903-003617;202041850004;MUNICIPIO DE RIO RUFINO;Jorginho Mello;00000000024683;ADENOR ELOI CHRISTOFF;6880.0
0903-004194;202022100018;MUNICIPIO DE RIO RUFINO;Esperidião Amin;00000000079268;TARCIZO RIBEIRO DOS SANTOS;1700.0
0903-004194;202022100018;MUNICIPIO DE RIO RUFINO;Esperidião Amin;00000000042944;ALCEDIR LUIZ DALO;12450.0
0903-004194;202022100018;MUNICIPIO DE RIO RUFINO;Esperidião Amin;00000000059942;RUDINEI DEL CASTANHEL;1125.0
0903-004194;202022100018;MUNICIPIO DE RIO RUFINO;Esperidião Amin;44610760001750;JOSEMIR CADORIN;12137.0
0903-004194;202022100018;MUNICIPIO DE RIO RUFINO;Esperidião Amin;00000000053611;MARCOS COPETTI BANCK;64173.399999999994
0903-004194;202022100018;MUNICIPIO DE RIO RUFINO;Esperidião Amin;03335560001080;COMERCIO DE COMBUSTIVEIS CELIRIO WIGGERS LTDA;1367.6
0903-004194;202022100018;MUNICIPIO DE RIO RUFINO;Esperidião Amin;00000000024683;ADENOR ELOI CHRISTOFF;6880.0
0903-004784;202018800013;MUNICIPIO DE RIO RUFINO;Angela Amin;00000000079268;TARCIZO RIBEIRO DOS SANTOS;1700.0
0903-004784;202018800013;MUNICIPIO DE RIO RUFINO;Angela Amin;00000000042944;ALCEDIR LUIZ DALO;12450.0
0903-004784;202018800013;MUNICIPIO DE RIO RUFINO;Angela Amin;00000000059942;RUDINEI DEL CASTANHEL;1125.0
0903-004784;202018800013;MUNICIPIO DE RIO RUFINO;Angela Amin;44610760001750;JOSEMIR CADORIN;12137.0
0903-004784;202018800013;MUNICIPIO DE RIO RUFINO;Angela Amin;00000000053611;MARCOS COPETTI BANCK;64173.399999999994
0903-004784;202018800013;MUNICIPIO DE RIO RUFINO;Angela Amin;03335560001080;COMERCIO DE COMBUSTIVEIS CELIRIO WIGGERS LTDA;1367.6
0903-004784;202018800013;MUNICIPIO DE RIO RUFINO;Angela Amin;00000000024683;ADENOR ELOI CHRISTOFF;6880.0
09032021-012236;202139800001;MUNICIPIO DE RIO RUFINO;Fabio Schiochet;24550360017520;MASTERCELL COMERCIO DE ELETRONICOS LTDA;5446.0
09032021-012236;202139800001;MUNICIPIO DE RIO RUFINO;Fabio Schiochet;90537480001270;BAGATOLI DISTRIBUIDORA LTDA;2132.99
09032021-012236;202139800001;MUNICIPIO DE RIO RUFINO;Fabio Schiochet;00000000019536;ERACKSON ROBERT LINS;44.7
09032021-012236;202139800001;MUNICIPIO DE RIO RUFINO;Fabio Schiochet;00000000068379;ERITON DA CRUZ DIAS;4500.0
09032021-012236;202139800001;MUNICIPIO DE RIO RUFINO;Fabio Schiochet;91921400001830;GISLEIA MARCELINO PIRES;875.2
09032021-012236;202139800001;MUNICIPIO DE RIO RUFINO;Fabio Schiochet;00000000000231;ILDJEANNY MUNIZ;15180.87
09032021-012236;202139800001;MUNICIPIO DE RIO RUFINO;Fabio Schiochet;60408840001940;MICROLAGES INFORMATICA LTDA;1020.0
09032023-031235;202332350003;MUNICIPIO DE RIO RUFINO;Geovania De Sá;50355320009350;METRONORTE COMERCIAL DE VEICULOS LTDA;110705.43
09032023-038986;202342510010;MUNICIPIO DE RIO RUFINO;Ivete da Silveira;50355320009350;METRONORTE COMERCIAL DE VEICULOS LTDA;110705.43
09032022-020513;202240150005;MUNICIPIO DE RIO RUFINO;Hélio Costa;36520300003320;CENTERMEDI-COMERCIO DE PRODUTOS HOSPITALARES LTDA;26241.329999999998
09032022-020513;202240150005;MUNICIPIO DE RIO RUFINO;Hélio Costa;17333450001170;NOELI VIEIRA DISTRIBUIDORA DE SOROS E EQUIPAMENTOS MEDICOS LTDA;106.56
09032022-020513;202240150005;MUNICIPIO DE RIO RUFINO;Hélio Costa;03603050001040;CAIXA ECONOMICA FEDERAL;781.0
09032022-020513;202240150005;MUNICIPIO DE RIO RUFINO;Hélio Costa;71634160001700;FARMACIA SAO VICENTE LTDA;4640.55
09032022-020513;202240150005;MUNICIPIO DE RIO RUFINO;Hélio Costa;77522360001230;MEDILAR IMPORTACAO E DISTRIBUICAO DE PRODUTOS MEDICO HOSPITALARES S/A;457.07
09032022-020513;202240150005;MUNICIPIO DE RIO RUFINO;Hélio Costa;54396350004560;ANTIBIOTICOS DO BRASIL LTDA.;920.0
09032022-020513;202240150005;MUNICIPIO DE RIO RUFINO;Hélio Costa;82733640001570;TICKET GESTAO EM MANUTENCAO EZC S.A;4125.19
09032022-020513;202240150005;MUNICIPIO DE RIO RUFINO;Hélio Costa;50219320001340;MF DE ALMEIDA & CIA. LTDA;999.85
09032022-020513;202240150005;MUNICIPIO DE RIO RUFINO;Hélio Costa;00000000047902;RODRIGO GABRIEL VALTER SCHLISCHTING;320.0
09032022-020513;202240150005;MUNICIPIO DE RIO RUFINO;Hélio Costa;55317250001200;SOMA/SC PRODUTOS HOSPITALARES LTDA;34744.98
09032022-020513;202240150005;MUNICIPIO DE RIO RUFINO;Hélio Costa;25208290001400;DIMASTER - COMERCIO DE PRODUTOS HOSPITALARES LTDA.;860.15
09032022-020513;202240150005;MUNICIPIO DE RIO RUFINO;Hélio Costa;99443710001040;SULMEDIC COMERCIO DE MEDICAMENTOS LTDA;753.82
09032022-020513;202240150005;MUNICIPIO DE RIO RUFINO;Hélio Costa;58184230001370;AMCOR FLEXIBLES BRASIL LTDA;174.0
09032022-020513;202240150005;MUNICIPIO DE RIO RUFINO;Hélio Costa;43720200001440;WERBRAN DISTRIBUIDORA DE MEDICAMENTOS LTDA;1698.51
09032022-020513;202240150005;MUNICIPIO DE RIO RUFINO;Hélio Costa;57827330003000;CIAMED - DISTRIBUIDORA DE MEDICAMENTOS LTDA.;37093.4
09032022-020513;202240150005;MUNICIPIO DE RIO RUFINO;Hélio Costa;48893150001920;S & R DISTRIBUIDORA LTDA;741.24
09032022-020513;202240150005;MUNICIPIO DE RIO RUFINO;Hélio Costa;43553940001510;PROHOSP DISTRIBUIDORA DE MEDICAMENTOS LTDA.;8700.6
09032022-020513;202240150005;MUNICIPIO DE RIO RUFINO;Hélio Costa;59120180001830;MERCO SOLUCOES EM SAUDE S/A;3851.49
09032022-020513;202240150005;MUNICIPIO DE RIO RUFINO;Hélio Costa;36123120004970;NUTRIPORT COMERCIAL LTDA.;1200.0
09032022-020513;202240150005;MUNICIPIO DE RIO RUFINO;Hélio Costa;40712450001600;LICIMED DISTRIBUIDORA DE MEDICAMENTOS, CORRELATOS E PRODUTOS MEDICOS E HOSPITALARES LTDA;5580.0
09032022-020513;202240150005;MUNICIPIO DE RIO RUFINO;Hélio Costa;08020020001020;ALTERMED MATERIAL MEDICO HOSPITALAR LTDA;4803.17
09032024-073941;202442730001;MUNICIPIO DE RIO RUFINO;Jorge Seif;50355320009350;METRONORTE COMERCIAL DE VEICULOS LTDA;100071.45
09032024-067035;202429250006;MUNICIPIO DE RIO RUFINO;Carmen Zanotto;03335560001080;COMERCIO DE COMBUSTIVEIS CELIRIO WIGGERS LTDA;47211.82
09032026-094563;202622100012;MUNICIPIO DE RIO RUFINO;Esperidião Amin;00000000000191;BANCO DO BRASIL SA;398000.0
09032026-089596;202632350004;MUNICIPIO DE RIO RUFINO;Geovania De Sá;00000000000191;BANCO DO BRASIL SA;398000.0
09032021-012125;202139530003;MUNICIPIO DE CANOINHAS;Darci de Matos;03603050001040;CAIXA ECONOMICA FEDERAL;3.18
09032021-012125;202139530003;MUNICIPIO DE CANOINHAS;Darci de Matos;12653650001000;ANA CARDOSO LTDA;98056.89000000001
09032022-021845;202241850010;MUNICIPIO DE CANOINHAS;Jorginho Mello;03603050001040;CAIXA ECONOMICA FEDERAL;37.4
09032022-020242;202239800001;MUNICIPIO DE CANOINHAS;Fabio Schiochet;03603050001040;CAIXA ECONOMICA FEDERAL;37.4
09032021-010970;202132350006;MUNICIPIO DE CANOINHAS;Geovania De Sá;03603050001040;CAIXA ECONOMICA FEDERAL;3.18
09032021-010970;202132350006;MUNICIPIO DE CANOINHAS;Geovania De Sá;12653650001000;ANA CARDOSO LTDA;98056.89000000001
09032024-073885;202442090002;MUNICIPIO DE CANOINHAS;Jorge Goetten;03603050001040;CAIXA ECONOMICA FEDERAL;1.2
09032024-068809;202442510012;MUNICIPIO DE CANOINHAS;Ivete da Silveira;03603050001040;CAIXA ECONOMICA FEDERAL;2.4
09032025-083408;202539800001;MUNICIPIO DE CANOINHAS;Fabio Schiochet;00000000000191;BANCO DO BRASIL SA;91260.0
09032026-095954;202639800001;MUNICIPIO DE CANOINHAS;Fabio Schiochet;00000000000191;BANCO DO BRASIL SA;398000.0
09032021-009483;202118800011;MUNICIPIO DE BOM JARDIM DA SERRA;Angela Amin;27423610002100;"LUZ &amp; FORMA COMERCIO E DECORACOES LTDA";341404.05
09032022-016350;202239530001;MUNICIPIO DE BOM JARDIM DA SERRA;Darci de Matos;27423610002100;LUZ & FORMA COMERCIO E DECORACOES LTDA;300000.0
09032022-016350;202239530001;MUNICIPIO DE BOM JARDIM DA SERRA;Darci de Matos;03603050001040;CAIXA ECONOMICA FEDERAL;110.0
09032022-017149;202218800004;MUNICIPIO DE BOM JARDIM DA SERRA;Angela Amin;27423610002100;LUZ & FORMA COMERCIO E DECORACOES LTDA;300000.0
09032022-017149;202218800004;MUNICIPIO DE BOM JARDIM DA SERRA;Angela Amin;03603050001040;CAIXA ECONOMICA FEDERAL;110.0
09032023-034180;202318800004;MUNICIPIO DE BOM JARDIM DA SERRA;Angela Amin;03603050001040;CAIXA ECONOMICA FEDERAL;11.0
09032022-021040;202240620006;MUNICIPIO DE BOM JARDIM DA SERRA;Ricardo Guidi;27423610002100;LUZ & FORMA COMERCIO E DECORACOES LTDA;300000.0
09032022-021040;202240620006;MUNICIPIO DE BOM JARDIM DA SERRA;Ricardo Guidi;03603050001040;CAIXA ECONOMICA FEDERAL;110.0
09032023-031263;202332350003;MUNICIPIO DE BOM JARDIM DA SERRA;Geovania De Sá;03603050001040;CAIXA ECONOMICA FEDERAL;11.0
09032024-067059;202429250006;MUNICIPIO DE BOM JARDIM DA SERRA;Carmen Zanotto;50355320018260;METRONORTE COMERCIAL DE VEICULOS LTDA;141950.0
09032024-067059;202429250006;MUNICIPIO DE BOM JARDIM DA SERRA;Carmen Zanotto;91161340001470;ACACIA ENGENHARIA LTDA;70656.51
09032024-073527;202440620002;MUNICIPIO DE BOM JARDIM DA SERRA;Ricardo Guidi;91161340001470;ACACIA ENGENHARIA LTDA;156850.2
09032024-074029;202442730001;MUNICIPIO DE BOM JARDIM DA SERRA;Jorge Seif;00000000099989;DIOVANE PEREIRA DAMACENO;21285.0
09032023-032877;202329250001;MUNICIPIO DE LINDOIA DO SUL;Carmen Zanotto;03603050001040;CAIXA ECONOMICA FEDERAL;12.0
09032023-032877;202329250001;MUNICIPIO DE LINDOIA DO SUL;Carmen Zanotto;13412140001940;CONCISA PAVIMENTACAO E TERRAPLENAGEM LTDA;72092.5
09032023-033066;202328550022;MUNICIPIO DE MARAVILHA;Pedro Uczai;32577770001240;GAIA RODOVIAS LTDA.;1607578.07
09032023-033066;202328550022;MUNICIPIO DE MARAVILHA;Pedro Uczai;61659030001090;COMERCIO DE ARTIGOS DE INFORMATICA IRACEMINHA LTDA;76000.0
09032023-034751;202325690025;MUNICIPIO DE MARAVILHA;Celso Maldaner;32577770001240;GAIA RODOVIAS LTDA.;1607578.07
09032023-034751;202325690025;MUNICIPIO DE MARAVILHA;Celso Maldaner;61659030001090;COMERCIO DE ARTIGOS DE INFORMATICA IRACEMINHA LTDA;76000.0
09032024-072818;202439320001;MUNICIPIO DE MARAVILHA;Caroline de Toni;61954410001720;EVAPORCLIMA PLACAS EVAPORATIVAS LTDA;36180.0
09032024-074451;202443390001;MUNICIPIO DE MARAVILHA;Daniela Reinehr;59238240001570;CARROCERIAS BOHRER LTDA;7000.0
09032024-074451;202443390001;MUNICIPIO DE MARAVILHA;Daniela Reinehr;32577770001240;GAIA RODOVIAS LTDA.;472199.03
09032023-037045;202339320001;MUNICIPIO DE MARAVILHA;Caroline de Toni;32577770001240;GAIA RODOVIAS LTDA.;1607578.07
09032023-037045;202339320001;MUNICIPIO DE MARAVILHA;Caroline de Toni;61659030001090;COMERCIO DE ARTIGOS DE INFORMATICA IRACEMINHA LTDA;76000.0
09032024-068667;202442510013;MUNICIPIO DE MARAVILHA;Ivete da Silveira;32577770001240;GAIA RODOVIAS LTDA.;42190.81
09032024-068784;202442510012;MUNICIPIO DE MARAVILHA;Ivete da Silveira;32577770001240;GAIA RODOVIAS LTDA.;161025.31
09032023-2-041701;202342510010;MUNICIPIO DE POUSO REDONDO;Ivete da Silveira;74556590001810;LZK CONSTRUTORA LTDA;387404.39
09032023-2-041701;202342510010;MUNICIPIO DE POUSO REDONDO;Ivete da Silveira;03603050001040;CAIXA ECONOMICA FEDERAL;24.0
09032023-034184;202318800004;CONCÓRDIA;Angela Amin;35396510001420;KAPPA PROJETOS E CONSTRUCOES LTDA;785995.24
09032023-034184;202318800004;CONCÓRDIA;Angela Amin;03603050001040;CAIXA ECONOMICA FEDERAL;24.0
09032023-034743;202325690013;CONCÓRDIA;Celso Maldaner;35396510001420;KAPPA PROJETOS E CONSTRUCOES LTDA;785995.24
09032023-034743;202325690013;CONCÓRDIA;Celso Maldaner;03603050001040;CAIXA ECONOMICA FEDERAL;24.0
09032023-037088;202339320001;CONCÓRDIA;Caroline de Toni;35396510001420;KAPPA PROJETOS E CONSTRUCOES LTDA;785995.24
09032023-037088;202339320001;CONCÓRDIA;Caroline de Toni;03603050001040;CAIXA ECONOMICA FEDERAL;24.0
09032022-015109;202229250013;MUNICIPIO DE URUPEMA;Carmen Zanotto;50636530010240;ENGEPECAS EQUIPAMENTOS LTDA.;600000.0
09032022-017143;202218800004;MUNICIPIO DE URUPEMA;Angela Amin;50636530010240;ENGEPECAS EQUIPAMENTOS LTDA.;600000.0
09032022-020517;202240150005;MUNICIPIO DE URUPEMA;Hélio Costa;50636530010240;ENGEPECAS EQUIPAMENTOS LTDA.;600000.0
09032023-032870;202329250001;MUNICIPIO DE URUPEMA;Carmen Zanotto;85827790001020;CP MAGARINOS MECANICA LTDA;4134.039999999999
09032023-032870;202329250001;MUNICIPIO DE URUPEMA;Carmen Zanotto;50636530003030;ENGEPECAS EQUIPAMENTOS LTDA.;5421.280000000001
09032023-032870;202329250001;MUNICIPIO DE URUPEMA;Carmen Zanotto;11842550001140;MONTE-FIX FIXADORES LTDA;22.24
09032023-032870;202329250001;MUNICIPIO DE URUPEMA;Carmen Zanotto;00000000092615;AUGUSTINHO COSTA;790.0
09032023-032870;202329250001;MUNICIPIO DE URUPEMA;Carmen Zanotto;00000000033088;ROBERTO CARLOS LOTTIN;2400.0
09032023-032870;202329250001;MUNICIPIO DE URUPEMA;Carmen Zanotto;00000000050873;EUCLIDES JOSE SCHMITT;800.0
0903-004108;202018800013;MUNICIPIO DE URUPEMA;Angela Amin;60408840001940;MICROLAGES INFORMATICA LTDA;121.79
09032024-067050;202429250006;MUNICIPIO DE URUPEMA;Carmen Zanotto;60203180001100;"VOLKSWAGEN TRUCK &amp; BUS INDUSTRIA E COMERCIO DE VEICULOS";377138.5
09032024-073992;202442730001;MUNICIPIO DE URUPEMA;Jorge Seif;60203180001100;"VOLKSWAGEN TRUCK &amp; BUS INDUSTRIA E COMERCIO DE VEICULOS";200000.0
09032021-009478;202118800011;MUNICIPIO DE ARARANGUA;Angela Amin;50105200001070;RF - SUL COMERCIO DE CAMINHOES LTDA;865900.0
09032021-009478;202118800011;MUNICIPIO DE ARARANGUA;Angela Amin;03603050001040;CAIXA ECONOMICA FEDERAL;73.7
09032021-009655;202122100006;MUNICIPIO DE ARARANGUA;Esperidião Amin;50105200001070;RF - SUL COMERCIO DE CAMINHOES LTDA;865900.0
09032021-009655;202122100006;MUNICIPIO DE ARARANGUA;Esperidião Amin;03603050001040;CAIXA ECONOMICA FEDERAL;73.7
09032021-009953;202125690003;MUNICIPIO DE ARARANGUA;Celso Maldaner;50105200001070;RF - SUL COMERCIO DE CAMINHOES LTDA;865900.0
09032021-009953;202125690003;MUNICIPIO DE ARARANGUA;Celso Maldaner;03603050001040;CAIXA ECONOMICA FEDERAL;73.7
09032021-011514;202137860003;MUNICIPIO DE ARARANGUA;Dário Berger;50105200001070;RF - SUL COMERCIO DE CAMINHOES LTDA;865900.0
09032021-011514;202137860003;MUNICIPIO DE ARARANGUA;Dário Berger;03603050001040;CAIXA ECONOMICA FEDERAL;73.7
0903-003213;202018800013;MUNICIPIO DE POMERODE;Angela Amin;03603050001040;CAIXA ECONOMICA FEDERAL;10.0
0903-004640;202022100018;MUNICIPIO DE POMERODE;Esperidião Amin;03603050001040;CAIXA ECONOMICA FEDERAL;10.0
09032021-013499;202190550007;MUNICIPIO DE POMERODE;Gilson Marques;36209270001120;PAVIPLAN PAVIMENTACAO LTDA;476630.01
09032021-013499;202190550007;MUNICIPIO DE POMERODE;Gilson Marques;03603050001040;CAIXA ECONOMICA FEDERAL;22.0
09032024-069308;202490550002;MUNICIPIO DE POMERODE;Gilson Marques;04127610001500;LABORATORIO SANDRINI LTDA;17324.83
09032024-069308;202490550002;MUNICIPIO DE POMERODE;Gilson Marques;03603050001040;CAIXA ECONOMICA FEDERAL;180.0
09032024-069308;202490550002;MUNICIPIO DE POMERODE;Gilson Marques;00000000068554;HEIDI HOEFT;1157.0
09032025-2-086834;202590550002;MUNICIPIO DE POMERODE;Gilson Marques;00000000000191;BANCO DO BRASIL SA;8.78
09032026-091779;202644010005;MUNICIPIO DE POMERODE;Julia Zanatta;00000000000191;BANCO DO BRASIL SA;288653.52
09032025-080470;202590550002;MUNICIPIO DE POMERODE;Gilson Marques;00000000000191;BANCO DO BRASIL SA;8.78
09032025-080471;202590550002;MUNICIPIO DE POMERODE;Gilson Marques;00000000000191;BANCO DO BRASIL SA;8.78
09032025-2-086835;202590550002;MUNICIPIO DE POMERODE;Gilson Marques;00000000000191;BANCO DO BRASIL SA;8.78
0903-003472;202028560001;MUNICIPIO DE CANELINHA;Rogério Peninha Mendonça;03603050001040;CAIXA ECONOMICA FEDERAL;10.0
0903-003472;202028560001;MUNICIPIO DE CANELINHA;Rogério Peninha Mendonça;50636530001330;ENGEPECAS EQUIPAMENTOS LTDA.;246000.0
09032022-016113;202237860003;MUNICIPIO DE CANELINHA;Dário Berger;03603050001040;CAIXA ECONOMICA FEDERAL;66.0
09032022-016113;202237860003;MUNICIPIO DE CANELINHA;Dário Berger;71998860001930;GRANMEYER MOVEIS E EQUIPAMENTOS PARA ESCRITORIO LTDA;3000.0
09032022-016113;202237860003;MUNICIPIO DE CANELINHA;Dário Berger;78582060001040;MAQUIXANDE INDUSTRIA DE MAQUINAS AGRICOLAS E TRANSPORTES LTDA;16598.4
09032022-018209;202228560001;MUNICIPIO DE CANELINHA;Rogério Peninha Mendonça;03603050001040;CAIXA ECONOMICA FEDERAL;66.0
09032022-018209;202228560001;MUNICIPIO DE CANELINHA;Rogério Peninha Mendonça;71998860001930;GRANMEYER MOVEIS E EQUIPAMENTOS PARA ESCRITORIO LTDA;3000.0
09032022-018209;202228560001;MUNICIPIO DE CANELINHA;Rogério Peninha Mendonça;78582060001040;MAQUIXANDE INDUSTRIA DE MAQUINAS AGRICOLAS E TRANSPORTES LTDA;16598.4
09032023-031238;202332350003;MUNICIPIO DE CANELINHA;Geovania De Sá;72582020001870;ANDRADE & AMORIM PAVIMENTACAO E DRENAGEM LTDA;296600.0
09032023-031238;202332350003;MUNICIPIO DE CANELINHA;Geovania De Sá;16501780001400;C R ARTEFATOS DE CIMENTO LTDA;159938.47
09032023-031238;202332350003;MUNICIPIO DE CANELINHA;Geovania De Sá;08208540001140;QUALIDADE MINERACAO LTDA;5659999.94
09032023-031238;202332350003;MUNICIPIO DE CANELINHA;Geovania De Sá;03603050001040;CAIXA ECONOMICA FEDERAL;11.0
09032023-037039;202339320001;MUNICIPIO DE CANELINHA;Caroline de Toni;72582020001870;ANDRADE & AMORIM PAVIMENTACAO E DRENAGEM LTDA;296600.0
09032023-037039;202339320001;MUNICIPIO DE CANELINHA;Caroline de Toni;16501780001400;C R ARTEFATOS DE CIMENTO LTDA;159938.47
09032023-037039;202339320001;MUNICIPIO DE CANELINHA;Caroline de Toni;08208540001140;QUALIDADE MINERACAO LTDA;5659999.94
09032023-037039;202339320001;MUNICIPIO DE CANELINHA;Caroline de Toni;03603050001040;CAIXA ECONOMICA FEDERAL;11.0
09032023-037232;202339530001;MUNICIPIO DE CANELINHA;Darci de Matos;72582020001870;ANDRADE & AMORIM PAVIMENTACAO E DRENAGEM LTDA;296600.0
09032023-037232;202339530001;MUNICIPIO DE CANELINHA;Darci de Matos;16501780001400;C R ARTEFATOS DE CIMENTO LTDA;159938.47
09032023-037232;202339530001;MUNICIPIO DE CANELINHA;Darci de Matos;08208540001140;QUALIDADE MINERACAO LTDA;5659999.94
09032023-037232;202339530001;MUNICIPIO DE CANELINHA;Darci de Matos;03603050001040;CAIXA ECONOMICA FEDERAL;11.0
09032023-037418;202339800001;MUNICIPIO DE CANELINHA;Fabio Schiochet;72582020001870;ANDRADE & AMORIM PAVIMENTACAO E DRENAGEM LTDA;296600.0
09032023-037418;202339800001;MUNICIPIO DE CANELINHA;Fabio Schiochet;16501780001400;C R ARTEFATOS DE CIMENTO LTDA;159938.47
09032023-037418;202339800001;MUNICIPIO DE CANELINHA;Fabio Schiochet;08208540001140;QUALIDADE MINERACAO LTDA;5659999.94
09032023-037418;202339800001;MUNICIPIO DE CANELINHA;Fabio Schiochet;03603050001040;CAIXA ECONOMICA FEDERAL;11.0
09032023-037627;202340150002;MUNICIPIO DE CANELINHA;Hélio Costa;72582020001870;ANDRADE & AMORIM PAVIMENTACAO E DRENAGEM LTDA;296600.0
09032023-037627;202340150002;MUNICIPIO DE CANELINHA;Hélio Costa;16501780001400;C R ARTEFATOS DE CIMENTO LTDA;159938.47
09032023-037627;202340150002;MUNICIPIO DE CANELINHA;Hélio Costa;08208540001140;QUALIDADE MINERACAO LTDA;5659999.94
09032023-037627;202340150002;MUNICIPIO DE CANELINHA;Hélio Costa;03603050001040;CAIXA ECONOMICA FEDERAL;11.0
09032024-074762;202444010010;MUNICIPIO DE CANELINHA;Julia Zanatta;08208540001140;QUALIDADE MINERACAO LTDA;1483382.38
09032024-074762;202444010010;MUNICIPIO DE CANELINHA;Julia Zanatta;03603050001040;CAIXA ECONOMICA FEDERAL;12.0
09032024-074762;202444010010;MUNICIPIO DE CANELINHA;Julia Zanatta;72582020001870;ANDRADE & AMORIM PAVIMENTACAO E DRENAGEM LTDA;83.01
09032024-068655;202442510013;MUNICIPIO DE CANELINHA;Ivete da Silveira;72582020001870;ANDRADE & AMORIM PAVIMENTACAO E DRENAGEM LTDA;82458.43
09032024-068772;202442510012;MUNICIPIO DE CANELINHA;Ivete da Silveira;03603050001040;CAIXA ECONOMICA FEDERAL;24.0
09032024-068772;202442510012;MUNICIPIO DE CANELINHA;Ivete da Silveira;72582020001870;ANDRADE & AMORIM PAVIMENTACAO E DRENAGEM LTDA;202972.97
09032024-073957;202442730001;MUNICIPIO DE CANELINHA;Jorge Seif;72582020001870;ANDRADE & AMORIM PAVIMENTACAO E DRENAGEM LTDA;206461.88
09032024-073957;202442730001;MUNICIPIO DE CANELINHA;Jorge Seif;03603050001040;CAIXA ECONOMICA FEDERAL;24.0
09032024-074708;202443920001;MUNICIPIO DE CANELINHA;Ismael;08208540001140;QUALIDADE MINERACAO LTDA;2000000.0
09032024-075293;202444930001;MUNICIPIO DE CANELINHA;Zé Trovão;08208540001140;QUALIDADE MINERACAO LTDA;5851531.61
09032024-075293;202444930001;MUNICIPIO DE CANELINHA;Zé Trovão;72582020001870;ANDRADE & AMORIM PAVIMENTACAO E DRENAGEM LTDA;10555.54
09032024-075293;202444930001;MUNICIPIO DE CANELINHA;Zé Trovão;03603050001040;CAIXA ECONOMICA FEDERAL;12.0
09032022-014149;202232350003;MUNICIPIO DE RODEIO;Geovania De Sá;42248880001050;EMPREITEIRA SGM LTDA;193036.80999999997
09032022-014149;202232350003;MUNICIPIO DE RODEIO;Geovania De Sá;03603050001040;CAIXA ECONOMICA FEDERAL;12.0
09032022-014149;202232350003;MUNICIPIO DE RODEIO;Geovania De Sá;89209090001700;RCPA EMPREITEIRA LTDA;9816.179999999998
09032022-018238;202228560001;MUNICIPIO DE RODEIO;Rogério Peninha Mendonça;42248880001050;EMPREITEIRA SGM LTDA;193036.80999999997
09032022-018238;202228560001;MUNICIPIO DE RODEIO;Rogério Peninha Mendonça;03603050001040;CAIXA ECONOMICA FEDERAL;12.0
09032022-018238;202228560001;MUNICIPIO DE RODEIO;Rogério Peninha Mendonça;89209090001700;RCPA EMPREITEIRA LTDA;9816.179999999998
09032022-016150;202237860003;MUNICIPIO DE RODEIO;Dário Berger;42248880001050;EMPREITEIRA SGM LTDA;193036.80999999997
09032022-016150;202237860003;MUNICIPIO DE RODEIO;Dário Berger;03603050001040;CAIXA ECONOMICA FEDERAL;12.0
09032022-016150;202237860003;MUNICIPIO DE RODEIO;Dário Berger;89209090001700;RCPA EMPREITEIRA LTDA;9816.179999999998
09032026-094125;202644480001;MUNICIPIO DE RODEIO;Pezenti;00000000000191;BANCO DO BRASIL SA;497500.0
09032023-034386;202322100001;MUNICIPIO DE CATANDUVAS;Esperidião Amin;03603050001040;CAIXA ECONOMICA FEDERAL;11.0
09032023-034386;202322100001;MUNICIPIO DE CATANDUVAS;Esperidião Amin;22289400001680;APAE ASSOCIACAO DE PAIS E AMIGOS DOS EXCEPCIONAIS DE CATANDUVAS SC;200000.0
09032021-010976;202132350006;MUNICIPIO DE LAGUNA;Geovania De Sá;19537580001070;MAGAPAVI CONSTRUTORA TERRAPLANAGEM E PAVIMENTADORA LTDA;253642.0
09032021-010976;202132350006;MUNICIPIO DE LAGUNA;Geovania De Sá;08208540001140;QUALIDADE MINERACAO LTDA;3780058.15
09032021-010976;202132350006;MUNICIPIO DE LAGUNA;Geovania De Sá;03603050001040;CAIXA ECONOMICA FEDERAL;22.0
09032021-011521;202137860003;MUNICIPIO DE LAGUNA;Dário Berger;19537580001070;MAGAPAVI CONSTRUTORA TERRAPLANAGEM E PAVIMENTADORA LTDA;253642.0
09032021-011521;202137860003;MUNICIPIO DE LAGUNA;Dário Berger;08208540001140;QUALIDADE MINERACAO LTDA;3780058.15
09032021-011521;202137860003;MUNICIPIO DE LAGUNA;Dário Berger;03603050001040;CAIXA ECONOMICA FEDERAL;22.0
09032021-012129;202139530003;MUNICIPIO DE LAGUNA;Darci de Matos;19537580001070;MAGAPAVI CONSTRUTORA TERRAPLANAGEM E PAVIMENTADORA LTDA;253642.0
09032021-012129;202139530003;MUNICIPIO DE LAGUNA;Darci de Matos;08208540001140;QUALIDADE MINERACAO LTDA;3780058.15
09032021-012129;202139530003;MUNICIPIO DE LAGUNA;Darci de Matos;03603050001040;CAIXA ECONOMICA FEDERAL;22.0
09032021-012250;202139800001;MUNICIPIO DE LAGUNA;Fabio Schiochet;19537580001070;MAGAPAVI CONSTRUTORA TERRAPLANAGEM E PAVIMENTADORA LTDA;253642.0
09032021-012250;202139800001;MUNICIPIO DE LAGUNA;Fabio Schiochet;08208540001140;QUALIDADE MINERACAO LTDA;3780058.15
09032021-012250;202139800001;MUNICIPIO DE LAGUNA;Fabio Schiochet;03603050001040;CAIXA ECONOMICA FEDERAL;22.0
09032021-012066;202139440012;MUNICIPIO DE LAGUNA;Coronel Armando;19537580001070;MAGAPAVI CONSTRUTORA TERRAPLANAGEM E PAVIMENTADORA LTDA;253642.0
09032021-012066;202139440012;MUNICIPIO DE LAGUNA;Coronel Armando;08208540001140;QUALIDADE MINERACAO LTDA;3780058.15
09032021-012066;202139440012;MUNICIPIO DE LAGUNA;Coronel Armando;03603050001040;CAIXA ECONOMICA FEDERAL;22.0
09032022-021407;202241210003;MUNICIPIO DE LAGUNA;Nereu Crispim;89460240001400;INCA - ESTRUTURAS METALICAS CONSTRUCAO E URBANIZACAO LTDA;161060.0
09032022-021407;202241210003;MUNICIPIO DE LAGUNA;Nereu Crispim;03603050001040;CAIXA ECONOMICA FEDERAL;99.0
09032022-021407;202241210003;MUNICIPIO DE LAGUNA;Nereu Crispim;04789110001290;DIGIPLUS TECNOLOGIA LTDA;3781.18
09032023-037235;202339530009;MUNICIPIO DE LAGUNA;Darci de Matos;03603050001040;CAIXA ECONOMICA FEDERAL;33.0
09032023-037235;202339530009;MUNICIPIO DE LAGUNA;Darci de Matos;08208540001140;QUALIDADE MINERACAO LTDA;1217297.8
09032023-034417;202322100001;MUNICIPIO DE LAGUNA;Esperidião Amin;03603050001040;CAIXA ECONOMICA FEDERAL;33.0
09032023-034417;202322100001;MUNICIPIO DE LAGUNA;Esperidião Amin;08208540001140;QUALIDADE MINERACAO LTDA;1217297.8
09032023-2-042138;202340150002;MUNICIPIO DE LAGUNA;Hélio Costa;08208540001140;QUALIDADE MINERACAO LTDA;7095600.71
09032023-3-042548;202339530009;MUNICIPIO DE LAGUNA;Darci de Matos;03603050001040;CAIXA ECONOMICA FEDERAL;33.0
09032023-3-042548;202339530009;MUNICIPIO DE LAGUNA;Darci de Matos;08208540001140;QUALIDADE MINERACAO LTDA;1217297.8
09032024-066100;202442730002;MUNICIPIO DE LAGUNA;Jorge Seif;87779460001700;F.R.A. LTDA;169118.36
09032024-068018;202444010006;MUNICIPIO DE LAGUNA;Julia Zanatta;08208540001140;QUALIDADE MINERACAO LTDA;786400.01
09032024-068018;202444010006;MUNICIPIO DE LAGUNA;Julia Zanatta;03603050001040;CAIXA ECONOMICA FEDERAL;60.0
09032024-074728;202443920007;MUNICIPIO DE LAGUNA;Ismael;03603050001040;CAIXA ECONOMICA FEDERAL;72.0
09032024-074728;202443920007;MUNICIPIO DE LAGUNA;Ismael;08208540001140;QUALIDADE MINERACAO LTDA;666985.4099999999
09032023-034384;202322100001;MUNICIPIO DE AGUAS MORNAS;Esperidião Amin;03603050001040;CAIXA ECONOMICA FEDERAL;36.0
09032023-034384;202322100001;MUNICIPIO DE AGUAS MORNAS;Esperidião Amin;93466670001150;NCL PAVIMENTACAO LTDA;110383.12999999999
09032024-068648;202442510013;MUNICIPIO DE AGUAS MORNAS;Ivete da Silveira;03603050001040;CAIXA ECONOMICA FEDERAL;12.0
09032024-068765;202442510012;MUNICIPIO DE AGUAS MORNAS;Ivete da Silveira;03603050001040;CAIXA ECONOMICA FEDERAL;72.0
09032024-068765;202442510012;MUNICIPIO DE AGUAS MORNAS;Ivete da Silveira;93466670001150;NCL PAVIMENTACAO LTDA;211356.17
09032024-069066;202422100016;MUNICIPIO DE AGUAS MORNAS;Esperidião Amin;03603050001040;CAIXA ECONOMICA FEDERAL;120.0
09032024-069066;202422100016;MUNICIPIO DE AGUAS MORNAS;Esperidião Amin;21345690001750;CIDEPE-CENTRO INDUSTRIAL DE EQUIPAMENTOS DE ENSINO E PESQUISA LTDA;7738.67
09032024-069066;202422100016;MUNICIPIO DE AGUAS MORNAS;Esperidião Amin;69252580001850;INEUDO NORONHA CARDOSO JUNIOR;48350.0
09032024-073854;202442090002;MUNICIPIO DE AGUAS MORNAS;Jorge Goetten;03603050001040;CAIXA ECONOMICA FEDERAL;36.0
0903-003340;202028560001;MUNICIPIO DE RIO DO OESTE;Rogério Peninha Mendonça;03603050001040;CAIXA ECONOMICA FEDERAL;30.45
09032021-010440;202128560001;MUNICIPIO DE RIO DO OESTE;Rogério Peninha Mendonça;03603050001040;CAIXA ECONOMICA FEDERAL;20.9
09032022-018220;202228560001;MUNICIPIO DE RIO DO OESTE;Rogério Peninha Mendonça;61459280001400;CONSTRUCAO CIVIL M G LTDA;187997.94999999998
09032022-014131;202232350003;MUNICIPIO DE RIO DO OESTE;Geovania De Sá;61459280001400;CONSTRUCAO CIVIL M G LTDA;187997.94999999998
09032022-017378;202222100001;MUNICIPIO DE RIO DO OESTE;Esperidião Amin;61459280001400;CONSTRUCAO CIVIL M G LTDA;187997.94999999998
09032022-019864;202239290005;MUNICIPIO DE RIO DO OESTE;Carlos Chiodini;61459280001400;CONSTRUCAO CIVIL M G LTDA;187997.94999999998
09032023-035177;202328560023;MUNICIPIO DE RIO DO OESTE;Rogério Peninha Mendonça;74556590001810;LZK CONSTRUTORA LTDA;34920.01
09032023-035177;202328560023;MUNICIPIO DE RIO DO OESTE;Rogério Peninha Mendonça;03603050001040;CAIXA ECONOMICA FEDERAL;120.0
09032023-035177;202328560023;MUNICIPIO DE RIO DO OESTE;Rogério Peninha Mendonça;61459280001400;CONSTRUCAO CIVIL M G LTDA;30728.5
09032023-034397;202322100001;MUNICIPIO DE RIO DO OESTE;Esperidião Amin;74556590001810;LZK CONSTRUTORA LTDA;34920.01
09032023-034397;202322100001;MUNICIPIO DE RIO DO OESTE;Esperidião Amin;03603050001040;CAIXA ECONOMICA FEDERAL;120.0
09032023-034397;202322100001;MUNICIPIO DE RIO DO OESTE;Esperidião Amin;61459280001400;CONSTRUCAO CIVIL M G LTDA;30728.5
09032024-074717;202443920007;MUNICIPIO DE RIO DO OESTE;Ismael;61459280001400;CONSTRUCAO CIVIL M G LTDA;35231.52
09032024-072765;202439290001;MUNICIPIO DE RIO DO OESTE;Carlos Chiodini;61459280001400;CONSTRUCAO CIVIL M G LTDA;156082.56
09032025-080760;202544010010;MUNICIPIO DE BLUMENAU;Julia Zanatta;00000000000191;BANCO DO BRASIL SA;396000.0
0903-003434;202018800013;MUNICIPIO DE TIMBO GRANDE;Angela Amin;03603050001040;CAIXA ECONOMICA FEDERAL;110.0
0903-003434;202018800013;MUNICIPIO DE TIMBO GRANDE;Angela Amin;22711370001060;LG ALPHA SERVICOS LTDA;140565.44
09032024-073991;202442730001;MUNICIPIO DE TIMBO GRANDE;Jorge Seif;03603050001040;CAIXA ECONOMICA FEDERAL;117.5
09032024-073991;202442730001;MUNICIPIO DE TIMBO GRANDE;Jorge Seif;78594510001280;BRASTUBOS ARTEFATOS DE CIMENTO E TERRAPLANAGEM LTDA;170732.0
09032026-095949;202639800001;MUNICIPIO DE TIMBO GRANDE;Fabio Schiochet;00000000000191;BANCO DO BRASIL SA;398000.0
09032022-015122;202229250013;MUNICIPIO DE SALTO VELOSO;Carmen Zanotto;03603050001040;CAIXA ECONOMICA FEDERAL;288.0
09032022-015122;202229250013;MUNICIPIO DE SALTO VELOSO;Carmen Zanotto;47790590001800;CAISLAN COMERCIO E SERVICOS DE PINTURAS LTDA.;8900.9
09032022-015122;202229250013;MUNICIPIO DE SALTO VELOSO;Carmen Zanotto;27043390001020;INDUSTRIA E COMERCIO DE CALHAS DEVILA LTDA;33662.0
09032022-015122;202229250013;MUNICIPIO DE SALTO VELOSO;Carmen Zanotto;36686550001200;FUNERARIA E MARMORARIA BALDO LTDA;15370.0
09032022-017397;202222100001;MUNICIPIO DE SALTO VELOSO;Esperidião Amin;03603050001040;CAIXA ECONOMICA FEDERAL;288.0
09032022-017397;202222100001;MUNICIPIO DE SALTO VELOSO;Esperidião Amin;47790590001800;CAISLAN COMERCIO E SERVICOS DE PINTURAS LTDA.;8900.9
09032022-017397;202222100001;MUNICIPIO DE SALTO VELOSO;Esperidião Amin;27043390001020;INDUSTRIA E COMERCIO DE CALHAS DEVILA LTDA;33662.0
09032022-017397;202222100001;MUNICIPIO DE SALTO VELOSO;Esperidião Amin;36686550001200;FUNERARIA E MARMORARIA BALDO LTDA;15370.0
09032022-019907;202239320002;MUNICIPIO DE SALTO VELOSO;Caroline de Toni;03603050001040;CAIXA ECONOMICA FEDERAL;288.0
09032022-019907;202239320002;MUNICIPIO DE SALTO VELOSO;Caroline de Toni;47790590001800;CAISLAN COMERCIO E SERVICOS DE PINTURAS LTDA.;8900.9
09032022-019907;202239320002;MUNICIPIO DE SALTO VELOSO;Caroline de Toni;27043390001020;INDUSTRIA E COMERCIO DE CALHAS DEVILA LTDA;33662.0
09032022-019907;202239320002;MUNICIPIO DE SALTO VELOSO;Caroline de Toni;36686550001200;FUNERARIA E MARMORARIA BALDO LTDA;15370.0
09032022-021857;202241850010;MUNICIPIO DE SALTO VELOSO;Jorginho Mello;03603050001040;CAIXA ECONOMICA FEDERAL;288.0
09032022-021857;202241850010;MUNICIPIO DE SALTO VELOSO;Jorginho Mello;47790590001800;CAISLAN COMERCIO E SERVICOS DE PINTURAS LTDA.;8900.9
09032022-021857;202241850010;MUNICIPIO DE SALTO VELOSO;Jorginho Mello;27043390001020;INDUSTRIA E COMERCIO DE CALHAS DEVILA LTDA;33662.0
09032022-021857;202241850010;MUNICIPIO DE SALTO VELOSO;Jorginho Mello;36686550001200;FUNERARIA E MARMORARIA BALDO LTDA;15370.0
09032023-037074;202339320001;MUNICIPIO DE SALTO VELOSO;Caroline de Toni;03603050001040;CAIXA ECONOMICA FEDERAL;141.0
09032023-037074;202339320001;MUNICIPIO DE SALTO VELOSO;Caroline de Toni;27043390001020;INDUSTRIA E COMERCIO DE CALHAS DEVILA LTDA;30004.79
09032023-039036;202342510010;MUNICIPIO DE SALTO VELOSO;Ivete da Silveira;03603050001040;CAIXA ECONOMICA FEDERAL;141.0
09032023-039036;202342510010;MUNICIPIO DE SALTO VELOSO;Ivete da Silveira;27043390001020;INDUSTRIA E COMERCIO DE CALHAS DEVILA LTDA;30004.79
09032024-070546;202443250003;MUNICIPIO DE IRATI;Cobalchini;13412140001940;CONCISA PAVIMENTACAO E TERRAPLENAGEM LTDA;91681.06
09032024-074004;202442730001;MUNICIPIO DE IRATI;Jorge Seif;50355320018260;METRONORTE COMERCIAL DE VEICULOS LTDA;100000.0
09032025-084744;202543390010;MUNICIPIO DE IRATI;Daniela Reinehr;82634340001960;YANMAR SOUTH AMERICA INDUSTRIA DE MAQUINAS LTDA;130416.0
09032025-084673;202543250005;MUNICIPIO DE IRATI;Cobalchini;03944600033290;MINISTERIO DA FAZENDA;14609.630000000001
09032026-097340;202643390009;MUNICIPIO DE IRATI;Daniela Reinehr;00000000000191;BANCO DO BRASIL SA;398000.0
09032022-016130;202237860003;MUNICIPIO DE COCAL DO SUL;Dário Berger;03603050001040;CAIXA ECONOMICA FEDERAL;32.45
09032023-039016;202342510010;MUNICIPIO DE COCAL DO SUL;Ivete da Silveira;03603050001040;CAIXA ECONOMICA FEDERAL;48.0
09032024-068016;202444010006;MUNICIPIO DE COCAL DO SUL;Julia Zanatta;45727870001170;CONSORCIO INTERMUNICIPAL DE RESIDUOS SOLIDOS URBANOS DA REGIAO SUL - CIRSURES;395286.44
09032024-068803;202442510012;MUNICIPIO DE COCAL DO SUL;Ivete da Silveira;03603050001040;CAIXA ECONOMICA FEDERAL;24.0
09032024-074466;202443390001;MUNICIPIO DE COCAL DO SUL;Daniela Reinehr;03603050001040;CAIXA ECONOMICA FEDERAL;84.0
09032021-011511;202137860003;MUNICIPIO DE COCAL DO SUL;Dário Berger;03603050001040;CAIXA ECONOMICA FEDERAL;576.9000000000001
09032021-011511;202137860003;MUNICIPIO DE COCAL DO SUL;Dário Berger;08020020001020;ALTERMED MATERIAL MEDICO HOSPITALAR LTDA;10071.11
09032021-011511;202137860003;MUNICIPIO DE COCAL DO SUL;Dário Berger;71998860001930;GRANMEYER MOVEIS E EQUIPAMENTOS PARA ESCRITORIO LTDA;8130.0
09032021-011511;202137860003;MUNICIPIO DE COCAL DO SUL;Dário Berger;57881170001030;METALIC MEDICAL PRODUTOS HOSPITALARES LTDA;4363.4
09032021-011511;202137860003;MUNICIPIO DE COCAL DO SUL;Dário Berger;17637200001710;VENTISOL INDUSTRIA E COMERCIO S.A.;310.0
09032022-021840;202241850010;MUNICIPIO DE COCAL DO SUL;Jorginho Mello;03603050001040;CAIXA ECONOMICA FEDERAL;32.45
09032022-018222;202228560001;MUNICIPIO DE RIO DO SUL;Rogério Peninha Mendonça;68867200001820;DAMACENO TRANSPORTES E TERRAPLENAGEM LTDA;142661.14
09032023-035169;202328560015;MUNICIPIO DE RIO DO SUL;Rogério Peninha Mendonça;03603050001040;CAIXA ECONOMICA FEDERAL;120.0
09032024-072827;202439320001;MUNICIPIO DE RIO DO SUL;Caroline de Toni;03603050001040;CAIXA ECONOMICA FEDERAL;48.0
09032024-072827;202439320001;MUNICIPIO DE RIO DO SUL;Caroline de Toni;30396930001140;EXPRESSO IRACEMA LTDA;238468.38
09032024-073983;202442730001;MUNICIPIO DE RIO DO SUL;Jorge Seif;30396930001140;EXPRESSO IRACEMA LTDA;91127.34
09032024-073983;202442730001;MUNICIPIO DE RIO DO SUL;Jorge Seif;03603050001040;CAIXA ECONOMICA FEDERAL;24.0
09032024-074718;202443920007;MUNICIPIO DE RIO DO SUL;Ismael;03603050001040;CAIXA ECONOMICA FEDERAL;24.0
09032024-074718;202443920007;MUNICIPIO DE RIO DO SUL;Ismael;05211130001320;SALVER CONSTRUTORA E INCORPORADORA LTDA;233838.06
09032025-2-086836;202590550002;MUNICIPIO DE RIO DO SUL;Gilson Marques;00000000000191;BANCO DO BRASIL SA;234288.88
09032025-080472;202590550002;MUNICIPIO DE RIO DO SUL;Gilson Marques;00000000000191;BANCO DO BRASIL SA;234288.88
09032021-010426;202128550001;MUNICIPIO DE CAXAMBU DO SUL;Pedro Uczai;03603050001040;CAIXA ECONOMICA FEDERAL;22.0
09032023-037010;202339290002;MUNICIPIO DE LUIZ ALVES;Carlos Chiodini;36209270001120;PAVIPLAN PAVIMENTACAO LTDA;480554.36
09032024-072870;202439320001;MUNICIPIO DE LUIZ ALVES;Caroline de Toni;58086280001310;SAMUEL PADOVAM;624.79
09032024-072870;202439320001;MUNICIPIO DE LUIZ ALVES;Caroline de Toni;79536890001180;FAGUNDEZ DISTRIBUICAO LTDA;5582.2
09032024-072870;202439320001;MUNICIPIO DE LUIZ ALVES;Caroline de Toni;31559580001400;MEDPEJ - EQUIPAMENTOS MEDICOS LTDA;12486.83
09032024-072870;202439320001;MUNICIPIO DE LUIZ ALVES;Caroline de Toni;47092430001540;BS EQUIPAMENTOS, INDUSTRIA E COMERCIO LTDA;3545.0
09032024-072870;202439320001;MUNICIPIO DE LUIZ ALVES;Caroline de Toni;87849760002950;SEVENTEC COMERCIO LTDA;10818.6
09032024-068838;202442510012;MUNICIPIO DE LUIZ ALVES;Ivete da Silveira;86289960001960;VB CONSTRUCAO CIVIL LTDA;50000.0
09032025-083197;202539290001;MUNICIPIO DE LUIZ ALVES;Carlos Chiodini;03944600033290;MINISTERIO DA FAZENDA;6958.98
09032025-083197;202539290001;MUNICIPIO DE LUIZ ALVES;Carlos Chiodini;35743700001200;EMPREITEIRA DE MAO DE OBRA ADRIMAR LTDA;464570.66
09032025-083197;202539290001;MUNICIPIO DE LUIZ ALVES;Carlos Chiodini;00000000000191;BANCO DO BRASIL SA;39.24
09032026-095757;202639290001;MUNICIPIO DE LUIZ ALVES;Carlos Chiodini;00000000000191;BANCO DO BRASIL SA;1194000.0
09032026-095822;202639320001;MUNICIPIO DE LUIZ ALVES;Caroline de Toni;00000000000191;BANCO DO BRASIL SA;447750.0
09032022-017722;202225690003;MUNICIPIO DE JARDINOPOLIS;Celso Maldaner;93039280001100;AGV SINALIZACOES LTDA;303638.08
09032022-016423;202228550021;MUNICIPIO DE JARDINOPOLIS;Pedro Uczai;93039280001100;AGV SINALIZACOES LTDA;303638.08
09032021-009956;202125690003;MUNICIPIO DE BALNEARIO DE PICARRAS;Celso Maldaner;35091500001130;NOVAFROTA EQUIPAMENTOS S/A;447060.0
09032021-011951;202139290005;MUNICIPIO DE BALNEARIO DE PICARRAS;Carlos Chiodini;35091500001130;NOVAFROTA EQUIPAMENTOS S/A;447060.0
09032022-014142;202232350003;MUNICIPIO DE BALNEARIO DE PICARRAS;Geovania De Sá;40887230001450;JS INDUSTRIA MECANICA LTDA;203913.32
09032022-018234;202228560001;MUNICIPIO DE BALNEARIO DE PICARRAS;Rogério Peninha Mendonça;40887230001450;JS INDUSTRIA MECANICA LTDA;203913.32
09032023-037004;202339290002;MUNICIPIO DE BALNEARIO DE PICARRAS;Carlos Chiodini;14005570001820;EMPREITEIRA PACHAO LTDA;658167.69
09032024-068822;202442510012;MUNICIPIO DE BALNEARIO DE PICARRAS;Ivete da Silveira;14005570001820;EMPREITEIRA PACHAO LTDA;200000.0
09032024-075088;202444480002;MUNICIPIO DE BALNEARIO DE PICARRAS;Pezenti;14005570001820;EMPREITEIRA PACHAO LTDA;431479.93000000005
09032024-074024;202442730001;MUNICIPIO DE BALNEARIO DE PICARRAS;Jorge Seif;14005570001820;EMPREITEIRA PACHAO LTDA;193031.1
09032024-073524;202440620002;MUNICIPIO DE BALNEARIO DE PICARRAS;Ricardo Guidi;14005570001820;EMPREITEIRA PACHAO LTDA;290371.22
09032025-083195;202539290001;MUNICIPIO DE BALNEARIO DE PICARRAS;Carlos Chiodini;03944600033290;MINISTERIO DA FAZENDA;2240.11
09032026-095750;202639290001;MUNICIPIO DE BALNEARIO DE PICARRAS;Carlos Chiodini;00000000000191;BANCO DO BRASIL SA;995000.0
0903-003280;202028550021;MUNICIPIO DE XANXERE;Pedro Uczai;03603050001040;CAIXA ECONOMICA FEDERAL;31.349999999999998
09032021-012244;202139800001;MUNICIPIO DE XANXERE;Fabio Schiochet;44066600001280;TERRAMAX - CONSTRUCOES E OBRAS LTDA;300000.0
09032023-033071;202328550022;MUNICIPIO DE XANXERE;Pedro Uczai;44066600001280;TERRAMAXX CONSTRUCOES LTDA;1104886.45
09032023-037056;202339320001;MUNICIPIO DE XANXERE;Caroline de Toni;44066600001280;TERRAMAXX CONSTRUCOES LTDA;1104886.45
09032024-072836;202439320001;MUNICIPIO DE XANXERE;Caroline de Toni;44066600001280;TERRAMAXX CONSTRUCOES LTDA;517876.97
09032021-010629;202129250018;MUNICIPIO DE ANITA GARIBALDI;Carmen Zanotto;03603050001040;CAIXA ECONOMICA FEDERAL;464.99999999999966
09032021-010629;202129250018;MUNICIPIO DE ANITA GARIBALDI;Carmen Zanotto;00000000052838;CRISTIANO ANTUNES BELLIN;5768.97
09032021-012114;202139530003;MUNICIPIO DE ANITA GARIBALDI;Darci de Matos;03603050001040;CAIXA ECONOMICA FEDERAL;464.99999999999966
09032021-012114;202139530003;MUNICIPIO DE ANITA GARIBALDI;Darci de Matos;00000000052838;CRISTIANO ANTUNES BELLIN;5768.97
09032021-013410;202141850007;MUNICIPIO DE ANITA GARIBALDI;Jorginho Mello;03603050001040;CAIXA ECONOMICA FEDERAL;464.99999999999966
09032021-013410;202141850007;MUNICIPIO DE ANITA GARIBALDI;Jorginho Mello;00000000052838;CRISTIANO ANTUNES BELLIN;5768.97
09032022-015100;202229250013;MUNICIPIO DE ANITA GARIBALDI;Carmen Zanotto;03603050001040;CAIXA ECONOMICA FEDERAL;99.0
09032022-016327;202239530001;MUNICIPIO DE ANITA GARIBALDI;Darci de Matos;03603050001040;CAIXA ECONOMICA FEDERAL;99.0
09032022-021828;202241850010;MUNICIPIO DE ANITA GARIBALDI;Jorginho Mello;03603050001040;CAIXA ECONOMICA FEDERAL;99.0
09032023-032859;202329250001;MUNICIPIO DE ANITA GARIBALDI;Carmen Zanotto;03603050001040;CAIXA ECONOMICA FEDERAL;188.0
09032023-038993;202342510010;MUNICIPIO DE ANITA GARIBALDI;Ivete da Silveira;03603050001040;CAIXA ECONOMICA FEDERAL;188.0
09032022-019873;202239290005;MUNICIPIO DE ANTONIO CARLOS;Carlos Chiodini;03603050001040;CAIXA ECONOMICA FEDERAL;165.0
09032022-019873;202239290005;MUNICIPIO DE ANTONIO CARLOS;Carlos Chiodini;14660910011900;CIAPETRO DISTRIBUIDORA DE COMBUSTIVEIS LTDA;71413.59
09032022-019873;202239290005;MUNICIPIO DE ANTONIO CARLOS;Carlos Chiodini;47422670001050;CASA DO PICA-PAU MAQUINAS AGRICOLAS LTDA;33480.0
09032022-019873;202239290005;MUNICIPIO DE ANTONIO CARLOS;Carlos Chiodini;78582060001040;MAQUIXANDE INDUSTRIA DE MAQUINAS AGRICOLAS E TRANSPORTES LTDA;32800.0
09032022-016147;202237860003;MUNICIPIO DE ANTONIO CARLOS;Dário Berger;03603050001040;CAIXA ECONOMICA FEDERAL;165.0
09032022-016147;202237860003;MUNICIPIO DE ANTONIO CARLOS;Dário Berger;14660910011900;CIAPETRO DISTRIBUIDORA DE COMBUSTIVEIS LTDA;71413.59
09032022-016147;202237860003;MUNICIPIO DE ANTONIO CARLOS;Dário Berger;47422670001050;CASA DO PICA-PAU MAQUINAS AGRICOLAS LTDA;33480.0
09032022-016147;202237860003;MUNICIPIO DE ANTONIO CARLOS;Dário Berger;78582060001040;MAQUIXANDE INDUSTRIA DE MAQUINAS AGRICOLAS E TRANSPORTES LTDA;32800.0
09032024-068718;202442510013;MUNICIPIO DE ANTONIO CARLOS;Ivete da Silveira;03603050001040;CAIXA ECONOMICA FEDERAL;12.0
09032023-034182;202318800004;MUNICIPIO DE ANTONIO CARLOS;Angela Amin;03603050001040;CAIXA ECONOMICA FEDERAL;148.0
09032023-034182;202318800004;MUNICIPIO DE ANTONIO CARLOS;Angela Amin;72563050001080;CONSTRUTORA WDD LTDA;248810.4
09032023-037007;202339290002;MUNICIPIO DE ANTONIO CARLOS;Carlos Chiodini;03603050001040;CAIXA ECONOMICA FEDERAL;148.0
09032023-037007;202339290002;MUNICIPIO DE ANTONIO CARLOS;Carlos Chiodini;72563050001080;CONSTRUTORA WDD LTDA;248810.4
09032024-069104;202422100016;MUNICIPIO DE ANTONIO CARLOS;Esperidião Amin;03603050001040;CAIXA ECONOMICA FEDERAL;12.0
09032024-072779;202439290001;MUNICIPIO DE ANTONIO CARLOS;Carlos Chiodini;03603050001040;CAIXA ECONOMICA FEDERAL;60.0
09032024-074034;202442730001;MUNICIPIO DE ANTONIO CARLOS;Jorge Seif;03603050001040;CAIXA ECONOMICA FEDERAL;12.0
09032023-031265;202332350003;MUNICIPIO DE SANTA ROSA DO SUL;Geovania De Sá;00000000000191;BANCO DO BRASIL SA;43640.75
09032023-031265;202332350003;MUNICIPIO DE SANTA ROSA DO SUL;Geovania De Sá;55288700001510;FABSUL PAVIMENTACOES LTDA;29883.51
09032023-031265;202332350003;MUNICIPIO DE SANTA ROSA DO SUL;Geovania De Sá;69016280001440;RETROTERRA TRANSPORTE RODOVIARIO E TERRAPLANAGEM LTDA;87871.20999999999
09032023-037424;202339800001;MUNICIPIO DE SANTA ROSA DO SUL;Fabio Schiochet;00000000000191;BANCO DO BRASIL SA;43640.75
09032023-037424;202339800001;MUNICIPIO DE SANTA ROSA DO SUL;Fabio Schiochet;55288700001510;FABSUL PAVIMENTACOES LTDA;29883.51
09032023-037424;202339800001;MUNICIPIO DE SANTA ROSA DO SUL;Fabio Schiochet;69016280001440;RETROTERRA TRANSPORTE RODOVIARIO E TERRAPLANAGEM LTDA;87871.20999999999
09032023-038055;202340620003;MUNICIPIO DE SANTA ROSA DO SUL;Ricardo Guidi;00000000000191;BANCO DO BRASIL SA;43640.75
09032023-038055;202340620003;MUNICIPIO DE SANTA ROSA DO SUL;Ricardo Guidi;55288700001510;FABSUL PAVIMENTACOES LTDA;29883.51
09032023-038055;202340620003;MUNICIPIO DE SANTA ROSA DO SUL;Ricardo Guidi;69016280001440;RETROTERRA TRANSPORTE RODOVIARIO E TERRAPLANAGEM LTDA;87871.20999999999
09032026-094212;202643920005;MUNICIPIO DE SANTA ROSA DO SUL;Ismael;00000000000191;BANCO DO BRASIL SA;497500.0
09032026-089632;202632350004;MUNICIPIO DE SANTA ROSA DO SUL;Geovania De Sá;00000000000191;BANCO DO BRASIL SA;696500.0
09032026-089632;202632350004;MUNICIPIO DE SANTA ROSA DO SUL;Geovania De Sá;69016280001440;RETROTERRA TRANSPORTE RODOVIARIO E TERRAPLANAGEM LTDA;147654.62
09032026-095965;202639800001;MUNICIPIO DE SANTA ROSA DO SUL;Fabio Schiochet;00000000000191;BANCO DO BRASIL SA;398000.0
09032026-093926;202642090003;MUNICIPIO DE SANTA ROSA DO SUL;Jorge Goetten;00000000000191;BANCO DO BRASIL SA;398000.0
09032026-093925;202642090003;MUNICIPIO DE SANTA ROSA DO SUL;Jorge Goetten;00000000000191;BANCO DO BRASIL SA;398000.0
09032023-033078;202328550022;MUNICIPIO DE ANGELINA;Pedro Uczai;60136170001280;AFONSO FRANCISCO SCHERER;128388.62
09032023-033078;202328550022;MUNICIPIO DE ANGELINA;Pedro Uczai;72889790001940;AGROPECUARIA VO AMANDIO LTDA;17375.0
09032023-033078;202328550022;MUNICIPIO DE ANGELINA;Pedro Uczai;72085030001040;ALEANDRO RAIMUNDO;5573.3099999999995
09032023-033078;202328550022;MUNICIPIO DE ANGELINA;Pedro Uczai;00000000028200;CELIO MUNSFELDT;2561.0
09032023-033078;202328550022;MUNICIPIO DE ANGELINA;Pedro Uczai;75905590001680;COMERCIAL MARIVITOR LTDA;32002.6
09032023-033078;202328550022;MUNICIPIO DE ANGELINA;Pedro Uczai;00000000097410;ANTONIO DESIDERIO HECK;1477.5
09032023-033078;202328550022;MUNICIPIO DE ANGELINA;Pedro Uczai;00000000040640;ARNI FRANCISCO WALTER;8110.0
09032024-069088;202422100016;MUNICIPIO DE ANGELINA;Esperidião Amin;00000000000191;BANCO DO BRASIL SA;3429.43
09032025-2-086816;202544480001;MUNICIPIO DE ANGELINA;Pezenti;75905590001680;COMERCIAL MARIVITOR LTDA;54620.479999999996
09032025-2-086816;202544480001;MUNICIPIO DE ANGELINA;Pezenti;00000000000191;BANCO DO BRASIL SA;35430.24
09032025-079219;202544480001;MUNICIPIO DE ANGELINA;Pezenti;75905590001680;COMERCIAL MARIVITOR LTDA;54620.479999999996
09032025-079219;202544480001;MUNICIPIO DE ANGELINA;Pezenti;00000000000191;BANCO DO BRASIL SA;35430.24
09032026-093915;202642090003;MUNICIPIO DE ANGELINA;Jorge Goetten;00000000000191;BANCO DO BRASIL SA;398000.0
09032026-094590;202622100012;MUNICIPIO DE ANGELINA;Esperidião Amin;00000000000191;BANCO DO BRASIL SA;398000.0
09032021-011531;202137860003;MUNICIPIO DE SAO LOURENCO D'OESTE;Dário Berger;03603050001040;CAIXA ECONOMICA FEDERAL;10.45
09032022-019906;202239320002;MUNICIPIO DE SAO LOURENCO D'OESTE;Caroline de Toni;54613280001290;F. ZANCANARO TERRAPLENAGEM LTDA;6.62
09032022-017394;202222100001;MUNICIPIO DE SAO LOURENCO D'OESTE;Esperidião Amin;54613280001290;F. ZANCANARO TERRAPLENAGEM LTDA;6.62
09032023-034739;202325690001;MUNICIPIO DE SAO LOURENCO D'OESTE;Celso Maldaner;54613280001290;F. ZANCANARO TERRAPLENAGEM LTDA;863589.77
09032023-034739;202325690001;MUNICIPIO DE SAO LOURENCO D'OESTE;Celso Maldaner;32108360001090;PANDINI CONSTRUCOES E INCORPORACOES LTDA;263468.57
09032023-034739;202325690001;MUNICIPIO DE SAO LOURENCO D'OESTE;Celso Maldaner;03603050001040;CAIXA ECONOMICA FEDERAL;72.0
09032023-034739;202325690001;MUNICIPIO DE SAO LOURENCO D'OESTE;Celso Maldaner;04923080001000;MANJATO TRATORES LTDA;83881.2
09032023-037073;202339320001;MUNICIPIO DE SAO LOURENCO D'OESTE;Caroline de Toni;54613280001290;F. ZANCANARO TERRAPLENAGEM LTDA;863589.77
09032023-037073;202339320001;MUNICIPIO DE SAO LOURENCO D'OESTE;Caroline de Toni;32108360001090;PANDINI CONSTRUCOES E INCORPORACOES LTDA;263468.57
09032023-037073;202339320001;MUNICIPIO DE SAO LOURENCO D'OESTE;Caroline de Toni;03603050001040;CAIXA ECONOMICA FEDERAL;72.0
09032023-037073;202339320001;MUNICIPIO DE SAO LOURENCO D'OESTE;Caroline de Toni;04923080001000;MANJATO TRATORES LTDA;83881.2
09032023-033082;202328550022;MUNICIPIO DE SAO LOURENCO D'OESTE;Pedro Uczai;54613280001290;F. ZANCANARO TERRAPLENAGEM LTDA;863589.77
09032023-033082;202328550022;MUNICIPIO DE SAO LOURENCO D'OESTE;Pedro Uczai;32108360001090;PANDINI CONSTRUCOES E INCORPORACOES LTDA;263468.57
09032023-033082;202328550022;MUNICIPIO DE SAO LOURENCO D'OESTE;Pedro Uczai;03603050001040;CAIXA ECONOMICA FEDERAL;72.0
09032023-033082;202328550022;MUNICIPIO DE SAO LOURENCO D'OESTE;Pedro Uczai;04923080001000;MANJATO TRATORES LTDA;83881.2
09032023-034421;202322100001;MUNICIPIO DE SAO LOURENCO D'OESTE;Esperidião Amin;54613280001290;F. ZANCANARO TERRAPLENAGEM LTDA;863589.77
09032023-034421;202322100001;MUNICIPIO DE SAO LOURENCO D'OESTE;Esperidião Amin;32108360001090;PANDINI CONSTRUCOES E INCORPORACOES LTDA;263468.57
09032023-034421;202322100001;MUNICIPIO DE SAO LOURENCO D'OESTE;Esperidião Amin;03603050001040;CAIXA ECONOMICA FEDERAL;72.0
09032023-034421;202322100001;MUNICIPIO DE SAO LOURENCO D'OESTE;Esperidião Amin;04923080001000;MANJATO TRATORES LTDA;83881.2
09032024-070558;202443250003;MUNICIPIO DE SAO LOURENCO D'OESTE;Cobalchini;32108360001090;PANDINI CONSTRUCOES E INCORPORACOES LTDA;256056.73
0903-004386;202028560001;MUNICIPIO DE DONA EMMA;Rogério Peninha Mendonça;50636530010240;ENGEPECAS EQUIPAMENTOS LTDA.;340000.0
09032021-010960;202132350006;MUNICIPIO DE DONA EMMA;Geovania De Sá;03603050001040;CAIXA ECONOMICA FEDERAL;222.19999999999993
09032021-010960;202132350006;MUNICIPIO DE DONA EMMA;Geovania De Sá;55215920001000;CLINICA MONTEIRO LINS LTDA;2523.95
09032021-010960;202132350006;MUNICIPIO DE DONA EMMA;Geovania De Sá;91417070001920;MYRIAM NEUMANN SILVA DE NOERENBERG LTDA;21178.83
09032021-010960;202132350006;MUNICIPIO DE DONA EMMA;Geovania De Sá;32072050001300;KARLU CONFECCAO E COMERCIO DE UNIFORMES LTDA;3902.0
09032021-012115;202139530003;MUNICIPIO DE DONA EMMA;Darci de Matos;03603050001040;CAIXA ECONOMICA FEDERAL;222.19999999999993
09032021-012115;202139530003;MUNICIPIO DE DONA EMMA;Darci de Matos;55215920001000;CLINICA MONTEIRO LINS LTDA;2523.95
09032021-012115;202139530003;MUNICIPIO DE DONA EMMA;Darci de Matos;91417070001920;MYRIAM NEUMANN SILVA DE NOERENBERG LTDA;21178.83
09032021-012115;202139530003;MUNICIPIO DE DONA EMMA;Darci de Matos;32072050001300;KARLU CONFECCAO E COMERCIO DE UNIFORMES LTDA;3902.0
09032022-018211;202228560001;MUNICIPIO DE DONA EMMA;Rogério Peninha Mendonça;03603050001040;CAIXA ECONOMICA FEDERAL;45.0
09032022-014119;202232350003;MUNICIPIO DE DONA EMMA;Geovania De Sá;03603050001040;CAIXA ECONOMICA FEDERAL;45.0
09032022-016114;202237860003;MUNICIPIO DE DONA EMMA;Dário Berger;03603050001040;CAIXA ECONOMICA FEDERAL;45.0
09032025-084732;202543390010;MUNICIPIO DE DONA EMMA;Daniela Reinehr;00000000000191;BANCO DO BRASIL SA;495000.0
09032025-084732;202543390010;MUNICIPIO DE DONA EMMA;Daniela Reinehr;25989240001670;CALMATER MATERIAIS DE CONSTRUCAO LTDA;39684.0
09032026-096338;202640620003;MUNICIPIO DE DONA EMMA;Ricardo Guidi;00000000000191;BANCO DO BRASIL SA;298500.0
09032022-017151;202218800004;MUNICIPIO DE FORMOSA DO SUL;Angela Amin;93039280001100;AGV SINALIZACOES LTDA;266638.04
09032022-017396;202222100001;MUNICIPIO DE FORMOSA DO SUL;Esperidião Amin;93039280001100;AGV SINALIZACOES LTDA;266638.04
09032023-033083;202328550022;MUNICIPIO DE FORMOSA DO SUL;Pedro Uczai;47422670001050;CASA DO PICA-PAU MAQUINAS AGRICOLAS LTDA;34481.2
09032021-009480;202118800011;MUNICIPIO DE IRANI;Angela Amin;03603050001040;CAIXA ECONOMICA FEDERAL;32.9
09032021-009657;202122100006;MUNICIPIO DE IRANI;Esperidião Amin;03603050001040;CAIXA ECONOMICA FEDERAL;32.9
09032022-015116;202229250013;MUNICIPIO DE IRANI;Carmen Zanotto;17040790001020;USAPARTS IMPORTADORA DE PECAS PARA TRATORES LTDA;540.3
09032022-015116;202229250013;MUNICIPIO DE IRANI;Carmen Zanotto;00000000066911;VALMIR BUSSOLARO;353.0
09032022-015116;202229250013;MUNICIPIO DE IRANI;Carmen Zanotto;15586570001310;LUBRIFIL - COMERCIO DE LUBRIFICANTES E FILTROS LTDA;1223.5
09032022-015116;202229250013;MUNICIPIO DE IRANI;Carmen Zanotto;90086830001060;BORSATTI COMERCIO DE PECAS E SERVICOS LTDA;230.72
09032021-011525;202137860003;MUNICIPIO DE PALMA SOLA;Dário Berger;00000000003553;CESAR ALEXANDRE DINIZ;25015.2
09032021-011525;202137860003;MUNICIPIO DE PALMA SOLA;Dário Berger;03745930001560;FERAZZO COMERCIO VAREJISTA DE MATERIAIS DE CONSTRUCAO E;7094.76
09032024-074482;202443390001;MUNICIPIO DE PALMA SOLA;Daniela Reinehr;03603050001040;CAIXA ECONOMICA FEDERAL;24.0
09032026-095815;202639320001;MUNICIPIO DE PALMA SOLA;Caroline de Toni;00000000000191;BANCO DO BRASIL SA;354132.37
09032026-096790;202642510003;MUNICIPIO DE PALMA SOLA;Ivete da Silveira;00000000000191;BANCO DO BRASIL SA;398000.0
09032026-097345;202643390009;MUNICIPIO DE PALMA SOLA;Daniela Reinehr;00000000000191;BANCO DO BRASIL SA;398000.0
09032022-016425;202228550021;MUNICIPIO DE FAXINAL DOS GUEDES;Pedro Uczai;72620470001720;FERRONATO MAQUINAS E EQUIPAMENTOS AGRICOLAS LTDA;34200.0
09032022-016425;202228550021;MUNICIPIO DE FAXINAL DOS GUEDES;Pedro Uczai;63137330001620;FORTMAQ MAQUINAS E IMPLEMENTOS AGRICOLAS LTDA;4446.0
09032024-074036;202442730001;MUNICIPIO DE FAXINAL DOS GUEDES;Jorge Seif;79536890001180;FAGUNDEZ DISTRIBUICAO LTDA;13733.2
09032021-010446;202128560001;MUNICIPIO DE ILHOTA;Rogério Peninha Mendonça;03603050001040;CAIXA ECONOMICA FEDERAL;6421.549999999998
09032021-010446;202128560001;MUNICIPIO DE ILHOTA;Rogério Peninha Mendonça;08208540001140;QUALIDADE MINERACAO LTDA;1358467.1400000001
09032021-010446;202128560001;MUNICIPIO DE ILHOTA;Rogério Peninha Mendonça;35743700001200;EMPREITEIRA DE MAO DE OBRA ADRIMAR LTDA;348495.86
09032021-012249;202139800001;MUNICIPIO DE ILHOTA;Fabio Schiochet;03603050001040;CAIXA ECONOMICA FEDERAL;6421.549999999998
09032021-012249;202139800001;MUNICIPIO DE ILHOTA;Fabio Schiochet;08208540001140;QUALIDADE MINERACAO LTDA;1358467.1400000001
09032021-012249;202139800001;MUNICIPIO DE ILHOTA;Fabio Schiochet;35743700001200;EMPREITEIRA DE MAO DE OBRA ADRIMAR LTDA;348495.86
09032022-014140;202232350003;MUNICIPIO DE ILHOTA;Geovania De Sá;03603050001040;CAIXA ECONOMICA FEDERAL;11.0
09032023-034387;202322100001;MUNICIPIO DE CORONEL FREITAS;Esperidião Amin;03603050001040;CAIXA ECONOMICA FEDERAL;124.0
09032023-034387;202322100001;MUNICIPIO DE CORONEL FREITAS;Esperidião Amin;95442430001650;WINCK ENGENHARIA E CONSTRUCOES LTDA;327130.51
09032023-033062;202328550022;MUNICIPIO DE CORONEL FREITAS;Pedro Uczai;03603050001040;CAIXA ECONOMICA FEDERAL;124.0
09032023-033062;202328550022;MUNICIPIO DE CORONEL FREITAS;Pedro Uczai;95442430001650;WINCK ENGENHARIA E CONSTRUCOES LTDA;327130.51
09032024-068768;202442510012;MUNICIPIO DE BENEDITO NOVO;Ivete da Silveira;10565290001900;RALF WILLI MAUS;2384.88
09032024-068768;202442510012;MUNICIPIO DE BENEDITO NOVO;Ivete da Silveira;22548960001600;INDUSTRIA E COMERCIO DE MADEIRAS COLORADO LTDA;7670.0
09032024-068768;202442510012;MUNICIPIO DE BENEDITO NOVO;Ivete da Silveira;41426680001240;AUTO POSTO SUREAL LTDA;10674.84
09032024-068768;202442510012;MUNICIPIO DE BENEDITO NOVO;Ivete da Silveira;75643530001630;RB RECAPAGENS BLUMENAU LTDA;21792.67
09032024-068651;202442510013;MUNICIPIO DE BENEDITO NOVO;Ivete da Silveira;00000000002269;ODETE CORREIA;1440.0
09032024-068651;202442510013;MUNICIPIO DE BENEDITO NOVO;Ivete da Silveira;00000000054962;BRUNO KUSTER;4272.72
09032021-010432;202128560001;MUNICIPIO DE BENEDITO NOVO;Rogério Peninha Mendonça;38031830001710;CARRECAR INDUSTRIA E COMERCIO DE REBOQUES LTDA;5250.0
09032024-073953;202442730001;MUNICIPIO DE BENEDITO NOVO;Jorge Seif;03944600033290;MINISTERIO DA FAZENDA;59.88
09032022-014117;202232350003;MUNICIPIO DE BENEDITO NOVO;Geovania De Sá;00000000005165;CLEOMAR ANTUNES;4604.280000000001
09032022-014117;202232350003;MUNICIPIO DE BENEDITO NOVO;Geovania De Sá;36584880001370;ARTEFATOS DE CIMENTO TRENTO LTDA;52650.0
09032022-014117;202232350003;MUNICIPIO DE BENEDITO NOVO;Geovania De Sá;00000000040527;ALCIDES THUROW;16103.15
09032022-014117;202232350003;MUNICIPIO DE BENEDITO NOVO;Geovania De Sá;41426680001240;AUTO POSTO SUREAL LTDA;24418.07
09032022-014117;202232350003;MUNICIPIO DE BENEDITO NOVO;Geovania De Sá;22548960001600;INDUSTRIA E COMERCIO DE MADEIRAS COLORADO LTDA;17640.0
09032022-014117;202232350003;MUNICIPIO DE BENEDITO NOVO;Geovania De Sá;75643530001630;RB RECAPAGENS BLUMENAU LTDA;23514.0
09032022-014117;202232350003;MUNICIPIO DE BENEDITO NOVO;Geovania De Sá;00000000012077;HENRY LENZ;4816.19
09032022-014117;202232350003;MUNICIPIO DE BENEDITO NOVO;Geovania De Sá;06499030001060;CEDRO ARTEFATOS DE CIMENTO LTDA;27000.0
09032022-014117;202232350003;MUNICIPIO DE BENEDITO NOVO;Geovania De Sá;00000000024358;ALEX PEREIRA DA CONCEICAO;3093.5
09032022-016328;202239530001;MUNICIPIO DE BENEDITO NOVO;Darci de Matos;00000000005165;CLEOMAR ANTUNES;4604.280000000001
09032022-016328;202239530001;MUNICIPIO DE BENEDITO NOVO;Darci de Matos;36584880001370;ARTEFATOS DE CIMENTO TRENTO LTDA;52650.0
09032022-016328;202239530001;MUNICIPIO DE BENEDITO NOVO;Darci de Matos;00000000040527;ALCIDES THUROW;16103.15
09032022-016328;202239530001;MUNICIPIO DE BENEDITO NOVO;Darci de Matos;41426680001240;AUTO POSTO SUREAL LTDA;24418.07
09032022-016328;202239530001;MUNICIPIO DE BENEDITO NOVO;Darci de Matos;22548960001600;INDUSTRIA E COMERCIO DE MADEIRAS COLORADO LTDA;17640.0
09032022-016328;202239530001;MUNICIPIO DE BENEDITO NOVO;Darci de Matos;75643530001630;RB RECAPAGENS BLUMENAU LTDA;23514.0
09032022-016328;202239530001;MUNICIPIO DE BENEDITO NOVO;Darci de Matos;00000000012077;HENRY LENZ;4816.19
09032022-016328;202239530001;MUNICIPIO DE BENEDITO NOVO;Darci de Matos;06499030001060;CEDRO ARTEFATOS DE CIMENTO LTDA;27000.0
09032022-016328;202239530001;MUNICIPIO DE BENEDITO NOVO;Darci de Matos;00000000024358;ALEX PEREIRA DA CONCEICAO;3093.5
09032022-018207;202228560001;MUNICIPIO DE BENEDITO NOVO;Rogério Peninha Mendonça;00000000005165;CLEOMAR ANTUNES;4604.280000000001
09032022-018207;202228560001;MUNICIPIO DE BENEDITO NOVO;Rogério Peninha Mendonça;36584880001370;ARTEFATOS DE CIMENTO TRENTO LTDA;52650.0
09032022-018207;202228560001;MUNICIPIO DE BENEDITO NOVO;Rogério Peninha Mendonça;00000000040527;ALCIDES THUROW;16103.15
09032022-018207;202228560001;MUNICIPIO DE BENEDITO NOVO;Rogério Peninha Mendonça;41426680001240;AUTO POSTO SUREAL LTDA;24418.07
09032022-018207;202228560001;MUNICIPIO DE BENEDITO NOVO;Rogério Peninha Mendonça;22548960001600;INDUSTRIA E COMERCIO DE MADEIRAS COLORADO LTDA;17640.0
09032022-018207;202228560001;MUNICIPIO DE BENEDITO NOVO;Rogério Peninha Mendonça;75643530001630;RB RECAPAGENS BLUMENAU LTDA;23514.0
09032022-018207;202228560001;MUNICIPIO DE BENEDITO NOVO;Rogério Peninha Mendonça;00000000012077;HENRY LENZ;4816.19
09032022-018207;202228560001;MUNICIPIO DE BENEDITO NOVO;Rogério Peninha Mendonça;06499030001060;CEDRO ARTEFATOS DE CIMENTO LTDA;27000.0
09032022-018207;202228560001;MUNICIPIO DE BENEDITO NOVO;Rogério Peninha Mendonça;00000000024358;ALEX PEREIRA DA CONCEICAO;3093.5
09032022-021030;202240620006;MUNICIPIO DE BENEDITO NOVO;Ricardo Guidi;00000000005165;CLEOMAR ANTUNES;4604.280000000001
09032022-021030;202240620006;MUNICIPIO DE BENEDITO NOVO;Ricardo Guidi;36584880001370;ARTEFATOS DE CIMENTO TRENTO LTDA;52650.0
09032022-021030;202240620006;MUNICIPIO DE BENEDITO NOVO;Ricardo Guidi;00000000040527;ALCIDES THUROW;16103.15
09032022-021030;202240620006;MUNICIPIO DE BENEDITO NOVO;Ricardo Guidi;41426680001240;AUTO POSTO SUREAL LTDA;24418.07
09032022-021030;202240620006;MUNICIPIO DE BENEDITO NOVO;Ricardo Guidi;22548960001600;INDUSTRIA E COMERCIO DE MADEIRAS COLORADO LTDA;17640.0
09032022-021030;202240620006;MUNICIPIO DE BENEDITO NOVO;Ricardo Guidi;75643530001630;RB RECAPAGENS BLUMENAU LTDA;23514.0
09032022-021030;202240620006;MUNICIPIO DE BENEDITO NOVO;Ricardo Guidi;00000000012077;HENRY LENZ;4816.19
09032022-021030;202240620006;MUNICIPIO DE BENEDITO NOVO;Ricardo Guidi;06499030001060;CEDRO ARTEFATOS DE CIMENTO LTDA;27000.0
09032022-021030;202240620006;MUNICIPIO DE BENEDITO NOVO;Ricardo Guidi;00000000024358;ALEX PEREIRA DA CONCEICAO;3093.5
09032024-073856;202442090002;MUNICIPIO DE BENEDITO NOVO;Jorge Goetten;38320090001570;TERRAPLENAGEM POFFO LTDA;348279.71
09032024-074438;202443390001;MUNICIPIO DE BENEDITO NOVO;Daniela Reinehr;03944600033290;MINISTERIO DA FAZENDA;3281.2300000000005
09032024-074438;202443390001;MUNICIPIO DE BENEDITO NOVO;Daniela Reinehr;00000000000191;BANCO DO BRASIL SA;148188.50999999998
09032024-074438;202443390001;MUNICIPIO DE BENEDITO NOVO;Daniela Reinehr;38320090001570;TERRAPLENAGEM POFFO LTDA;447039.74
09032024-075060;202444480002;MUNICIPIO DE BENEDITO NOVO;Pezenti;03944600033290;MINISTERIO DA FAZENDA;1759.44
09032024-075060;202444480002;MUNICIPIO DE BENEDITO NOVO;Pezenti;38320090001570;TERRAPLENAGEM POFFO LTDA;384080.61
09032021-009479;202118800011;MUNICIPIO DE IMBITUBA;Angela Amin;03603050001040;CAIXA ECONOMICA FEDERAL;219.0
09032021-009479;202118800011;MUNICIPIO DE IMBITUBA;Angela Amin;14184450001590;ARCEGO REPRESENTACOES COMERCIAIS LTDA;1848.0
09032021-009479;202118800011;MUNICIPIO DE IMBITUBA;Angela Amin;50355320001880;METRONORTE COMERCIAL DE VEICULOS LTDA;41950.0
09032021-009479;202118800011;MUNICIPIO DE IMBITUBA;Angela Amin;20486100002710;COMERCIAL HERZOG LTDA;164.7
09032021-009479;202118800011;MUNICIPIO DE IMBITUBA;Angela Amin;74609120002760;LEONARDO A. VERZA LTDA;2135.92
09032021-010974;202132350006;MUNICIPIO DE IMBITUBA;Geovania De Sá;03603050001040;CAIXA ECONOMICA FEDERAL;219.0
09032021-010974;202132350006;MUNICIPIO DE IMBITUBA;Geovania De Sá;14184450001590;ARCEGO REPRESENTACOES COMERCIAIS LTDA;1848.0
09032021-010974;202132350006;MUNICIPIO DE IMBITUBA;Geovania De Sá;50355320001880;METRONORTE COMERCIAL DE VEICULOS LTDA;41950.0
09032021-010974;202132350006;MUNICIPIO DE IMBITUBA;Geovania De Sá;20486100002710;COMERCIAL HERZOG LTDA;164.7
09032021-010974;202132350006;MUNICIPIO DE IMBITUBA;Geovania De Sá;74609120002760;LEONARDO A. VERZA LTDA;2135.92
09032021-011518;202137860003;MUNICIPIO DE IMBITUBA;Dário Berger;03603050001040;CAIXA ECONOMICA FEDERAL;219.0
09032021-011518;202137860003;MUNICIPIO DE IMBITUBA;Dário Berger;14184450001590;ARCEGO REPRESENTACOES COMERCIAIS LTDA;1848.0
09032021-011518;202137860003;MUNICIPIO DE IMBITUBA;Dário Berger;50355320001880;METRONORTE COMERCIAL DE VEICULOS LTDA;41950.0
09032021-011518;202137860003;MUNICIPIO DE IMBITUBA;Dário Berger;20486100002710;COMERCIAL HERZOG LTDA;164.7
09032021-011518;202137860003;MUNICIPIO DE IMBITUBA;Dário Berger;74609120002760;LEONARDO A. VERZA LTDA;2135.92
09032022-016135;202237860003;MUNICIPIO DE IMBITUBA;Dário Berger;62187560001980;HE MARTINS CONSTRUCOES LTDA;239348.23
09032022-016135;202237860003;MUNICIPIO DE IMBITUBA;Dário Berger;03603050001040;CAIXA ECONOMICA FEDERAL;58.0
09032023-037003;202339290002;MUNICIPIO DE IMBITUBA;Carlos Chiodini;62187560001980;HE MARTINS CONSTRUCOES LTDA;144565.34000000003
09032023-037003;202339290002;MUNICIPIO DE IMBITUBA;Carlos Chiodini;03603050001040;CAIXA ECONOMICA FEDERAL;36.0
09032023-037068;202339320001;MUNICIPIO DE IMBITUBA;Caroline de Toni;62187560001980;HE MARTINS CONSTRUCOES LTDA;144565.34000000003
09032023-037068;202339320001;MUNICIPIO DE IMBITUBA;Caroline de Toni;03603050001040;CAIXA ECONOMICA FEDERAL;36.0
09032022-016146;202237860003;MUNICIPIO DE BALNEARIO RINCAO;Dário Berger;03603050001040;CAIXA ECONOMICA FEDERAL;105.05000000000001
09032022-016146;202237860003;MUNICIPIO DE BALNEARIO RINCAO;Dário Berger;42422950001630;RIMOL TERRAPLENAGEM E TRANSPORTES LTDA;151889.04
09032023-037203;202339490001;MUNICIPIO DE BALNEARIO RINCAO;Daniel Freitas;08208540001140;QUALIDADE MINERACAO LTDA;3094799.4600000004
09032023-037203;202339490001;MUNICIPIO DE BALNEARIO RINCAO;Daniel Freitas;03603050001040;CAIXA ECONOMICA FEDERAL;332.0
09032023-038054;202340620003;MUNICIPIO DE BALNEARIO RINCAO;Ricardo Guidi;08208540001140;QUALIDADE MINERACAO LTDA;3094799.4600000004
09032023-038054;202340620003;MUNICIPIO DE BALNEARIO RINCAO;Ricardo Guidi;03603050001040;CAIXA ECONOMICA FEDERAL;332.0
09032024-073528;202440620002;MUNICIPIO DE BALNEARIO RINCAO;Ricardo Guidi;03603050001040;CAIXA ECONOMICA FEDERAL;96.0
09032024-068834;202442510012;MUNICIPIO DE BALNEARIO RINCAO;Ivete da Silveira;03603050001040;CAIXA ECONOMICA FEDERAL;12.0
09032024-068026;202444010006;MUNICIPIO DE BALNEARIO RINCAO;Julia Zanatta;03603050001040;CAIXA ECONOMICA FEDERAL;252.0
09032024-068026;202444010006;MUNICIPIO DE BALNEARIO RINCAO;Julia Zanatta;39285110001660;S.O.S SUL RESGATE - COMERCIO E SERVICOS DE SEGURANCA E SINALIZACAO LTDA;15076.19
09032024-068026;202444010006;MUNICIPIO DE BALNEARIO RINCAO;Julia Zanatta;77522360001230;MEDILAR IMPORTACAO E DISTRIBUICAO DE PRODUTOS MEDICO HOSPITALARES S/A;181.4
09032024-068026;202444010006;MUNICIPIO DE BALNEARIO RINCAO;Julia Zanatta;61053620001230;ACCUMED PRODUTOS MEDICO HOSPITALARES LTDA;592.8
09032024-068026;202444010006;MUNICIPIO DE BALNEARIO RINCAO;Julia Zanatta;36207160001800;CMOS DRAKE S.A;22160.84
09032024-068026;202444010006;MUNICIPIO DE BALNEARIO RINCAO;Julia Zanatta;76267760001600;CIRURGICA SAO FELIPE PRODUTOS PARA SAUDE LTDA;17102.28
09032024-068716;202442510013;MUNICIPIO DE BALNEARIO RINCAO;Ivete da Silveira;03603050001040;CAIXA ECONOMICA FEDERAL;12.0
09032021-009948;202125690003;MUNICIPIO DE SANTA TEREZINHA;Celso Maldaner;03603050001040;CAIXA ECONOMICA FEDERAL;53.349999999999994
09032021-009948;202125690003;MUNICIPIO DE SANTA TEREZINHA;Celso Maldaner;74556590001810;LZK CONSTRUTORA LTDA;524812.36
09032021-010443;202128560001;MUNICIPIO DE SANTA TEREZINHA;Rogério Peninha Mendonça;03603050001040;CAIXA ECONOMICA FEDERAL;53.349999999999994
09032021-010443;202128560001;MUNICIPIO DE SANTA TEREZINHA;Rogério Peninha Mendonça;74556590001810;LZK CONSTRUTORA LTDA;524812.36
09032022-020241;202239800001;MUNICIPIO DE SANTA TEREZINHA;Fabio Schiochet;03603050001040;CAIXA ECONOMICA FEDERAL;55.0
09032022-020241;202239800001;MUNICIPIO DE SANTA TEREZINHA;Fabio Schiochet;74556590001810;LZK CONSTRUTORA LTDA;769018.94
09032022-020241;202239800001;MUNICIPIO DE SANTA TEREZINHA;Fabio Schiochet;50636530010240;ENGEPECAS EQUIPAMENTOS LTDA.;350000.0
09032022-020241;202239800001;MUNICIPIO DE SANTA TEREZINHA;Fabio Schiochet;74424070001180;PEDAGO SOLUCOES EDUCATIVAS LTDA;149250.0
09032022-018229;202228560001;MUNICIPIO DE SANTA TEREZINHA;Rogério Peninha Mendonça;03603050001040;CAIXA ECONOMICA FEDERAL;55.0
09032022-018229;202228560001;MUNICIPIO DE SANTA TEREZINHA;Rogério Peninha Mendonça;74556590001810;LZK CONSTRUTORA LTDA;769018.94
09032022-018229;202228560001;MUNICIPIO DE SANTA TEREZINHA;Rogério Peninha Mendonça;50636530010240;ENGEPECAS EQUIPAMENTOS LTDA.;350000.0
09032022-018229;202228560001;MUNICIPIO DE SANTA TEREZINHA;Rogério Peninha Mendonça;74424070001180;PEDAGO SOLUCOES EDUCATIVAS LTDA;149250.0
09032024-073518;202440620002;MUNICIPIO DE SANTA TEREZINHA;Ricardo Guidi;03603050001040;CAIXA ECONOMICA FEDERAL;47.0
09032024-073518;202440620002;MUNICIPIO DE SANTA TEREZINHA;Ricardo Guidi;74556590006960;LZK CONSTRUTORA LTDA;231713.81
09032022-016131;202237860003;MUNICIPIO DE SANTA TEREZINHA;Dário Berger;03603050001040;CAIXA ECONOMICA FEDERAL;55.0
09032022-016131;202237860003;MUNICIPIO DE SANTA TEREZINHA;Dário Berger;74556590001810;LZK CONSTRUTORA LTDA;769018.94
09032022-016131;202237860003;MUNICIPIO DE SANTA TEREZINHA;Dário Berger;50636530010240;ENGEPECAS EQUIPAMENTOS LTDA.;350000.0
09032022-016131;202237860003;MUNICIPIO DE SANTA TEREZINHA;Dário Berger;74424070001180;PEDAGO SOLUCOES EDUCATIVAS LTDA;149250.0
09032022-021038;202240620006;MUNICIPIO DE SANTA TEREZINHA;Ricardo Guidi;03603050001040;CAIXA ECONOMICA FEDERAL;55.0
09032022-021038;202240620006;MUNICIPIO DE SANTA TEREZINHA;Ricardo Guidi;74556590001810;LZK CONSTRUTORA LTDA;769018.94
09032022-021038;202240620006;MUNICIPIO DE SANTA TEREZINHA;Ricardo Guidi;50636530010240;ENGEPECAS EQUIPAMENTOS LTDA.;350000.0
09032022-021038;202240620006;MUNICIPIO DE SANTA TEREZINHA;Ricardo Guidi;74424070001180;PEDAGO SOLUCOES EDUCATIVAS LTDA;149250.0
0903-004374;202028560001;MUNICIPIO DE LEOBERTO LEAL;Rogério Peninha Mendonça;96448750001090;DGA - DIGITAL ART COMUNICACAO VISUAL LTDA;9500.0
0903-004374;202028560001;MUNICIPIO DE LEOBERTO LEAL;Rogério Peninha Mendonça;35582200001230;FREEWIL SERVICOS ADMINISTRATIVOS LTDA;54000.0
0903-004374;202028560001;MUNICIPIO DE LEOBERTO LEAL;Rogério Peninha Mendonça;50355320009350;METRONORTE COMERCIAL DE VEICULOS LTDA;63280.85
09032022-017137;202218800004;MUNICIPIO DE LEOBERTO LEAL;Angela Amin;72085330001020;WILSON LOPES;48000.0
09032022-018215;202228560001;MUNICIPIO DE LEOBERTO LEAL;Rogério Peninha Mendonça;72085330001020;WILSON LOPES;48000.0
09032025-079203;202544480001;MUNICIPIO DE LEOBERTO LEAL;Pezenti;40887230001450;JS INDUSTRIA MECANICA LTDA;82242.77
09032026-089770;202639490005;MUNICIPIO DE LEOBERTO LEAL;Daniel Freitas;00000000000191;BANCO DO BRASIL SA;1990000.0
09032023-032863;202329250001;MUNICIPIO DE PONTE ALTA;Carmen Zanotto;00000000000191;BANCO DO BRASIL SA;16.0
0903-003357;202028560001;MUNICIPIO DE RIO DO CAMPO;Rogério Peninha Mendonça;03603050001040;CAIXA ECONOMICA FEDERAL;112.25000000000001
09032023-034161;202318800004;MUNICIPIO DE RIO DO CAMPO;Angela Amin;74556590001810;LZK CONSTRUTORA LTDA;358634.43000000005
09032023-034161;202318800004;MUNICIPIO DE RIO DO CAMPO;Angela Amin;34707270001200;FORD MOTOR COMPANY BRASIL LTDA;275000.0
09032023-031249;202332350003;MUNICIPIO DE RIO DO CAMPO;Geovania De Sá;74556590001810;LZK CONSTRUTORA LTDA;358634.43000000005
09032023-031249;202332350003;MUNICIPIO DE RIO DO CAMPO;Geovania De Sá;34707270001200;FORD MOTOR COMPANY BRASIL LTDA;275000.0
09032024-067044;202429250006;MUNICIPIO DE RIO DO CAMPO;Carmen Zanotto;30476520002500;UVEL COMERCIAL DE VEICULOS LTDA;103584.19
09032025-081155;202543920009;MUNICIPIO DE RIO DO CAMPO;Ismael;00000000000191;BANCO DO BRASIL SA;495000.0
09032021-010968;202132350006;MUNICIPIO DE BALNEARIO BARRA DO SUL;Geovania De Sá;03603050001040;CAIXA ECONOMICA FEDERAL;81.0
09032021-010968;202132350006;MUNICIPIO DE BALNEARIO BARRA DO SUL;Geovania De Sá;35743700001200;EMPREITEIRA DE MAO DE OBRA ADRIMAR LTDA;379180.32
09032021-012247;202139800001;MUNICIPIO DE BALNEARIO BARRA DO SUL;Fabio Schiochet;03603050001040;CAIXA ECONOMICA FEDERAL;81.0
09032021-012247;202139800001;MUNICIPIO DE BALNEARIO BARRA DO SUL;Fabio Schiochet;35743700001200;EMPREITEIRA DE MAO DE OBRA ADRIMAR LTDA;379180.32
09032022-014135;202232350003;MUNICIPIO DE BALNEARIO BARRA DO SUL;Geovania De Sá;03603050001040;CAIXA ECONOMICA FEDERAL;231.0
09032022-014135;202232350003;MUNICIPIO DE BALNEARIO BARRA DO SUL;Geovania De Sá;92391390001670;HD COMUNICACAO VISUAL LTDA;1680.0
09032022-014135;202232350003;MUNICIPIO DE BALNEARIO BARRA DO SUL;Geovania De Sá;00000000072147;ALEXIA CAMILA TAVARES;12182.65
09032022-014135;202232350003;MUNICIPIO DE BALNEARIO BARRA DO SUL;Geovania De Sá;33611750002010;COMERCIO ROCAMEL LTDA;184.0
09032022-014135;202232350003;MUNICIPIO DE BALNEARIO BARRA DO SUL;Geovania De Sá;18167750001000;ALIDIA CISZ SCHUBERT;370.0
09032022-014135;202232350003;MUNICIPIO DE BALNEARIO BARRA DO SUL;Geovania De Sá;29796050001000;INSTITUTO FESTIVAL DE DANCA DE JOINVILLE;13200.0
09032022-014135;202232350003;MUNICIPIO DE BALNEARIO BARRA DO SUL;Geovania De Sá;03122210001030;ZULIZA COMERCIAL LTDA;48.0
09032022-014135;202232350003;MUNICIPIO DE BALNEARIO BARRA DO SUL;Geovania De Sá;00000000039356;MANUELA BOLICO SALLES;13.95
09032022-017144;202218800004;MUNICIPIO DE BALNEARIO BARRA DO SUL;Angela Amin;03603050001040;CAIXA ECONOMICA FEDERAL;231.0
09032022-017144;202218800004;MUNICIPIO DE BALNEARIO BARRA DO SUL;Angela Amin;92391390001670;HD COMUNICACAO VISUAL LTDA;1680.0
09032022-017144;202218800004;MUNICIPIO DE BALNEARIO BARRA DO SUL;Angela Amin;00000000072147;ALEXIA CAMILA TAVARES;12182.65
09032022-017144;202218800004;MUNICIPIO DE BALNEARIO BARRA DO SUL;Angela Amin;33611750002010;COMERCIO ROCAMEL LTDA;184.0
09032022-017144;202218800004;MUNICIPIO DE BALNEARIO BARRA DO SUL;Angela Amin;18167750001000;ALIDIA CISZ SCHUBERT;370.0
09032022-017144;202218800004;MUNICIPIO DE BALNEARIO BARRA DO SUL;Angela Amin;29796050001000;INSTITUTO FESTIVAL DE DANCA DE JOINVILLE;13200.0
09032022-017144;202218800004;MUNICIPIO DE BALNEARIO BARRA DO SUL;Angela Amin;03122210001030;ZULIZA COMERCIAL LTDA;48.0
09032022-017144;202218800004;MUNICIPIO DE BALNEARIO BARRA DO SUL;Angela Amin;00000000039356;MANUELA BOLICO SALLES;13.95
09032023-037000;202339290002;MUNICIPIO DE BALNEARIO BARRA DO SUL;Carlos Chiodini;03603050001040;CAIXA ECONOMICA FEDERAL;329.0
09032023-037000;202339290002;MUNICIPIO DE BALNEARIO BARRA DO SUL;Carlos Chiodini;35743700001200;EMPREITEIRA DE MAO DE OBRA ADRIMAR LTDA;1649528.6600000001
09032023-037000;202339290002;MUNICIPIO DE BALNEARIO BARRA DO SUL;Carlos Chiodini;79536890001180;FAGUNDEZ DISTRIBUICAO LTDA;14321.06
09032023-037000;202339290002;MUNICIPIO DE BALNEARIO BARRA DO SUL;Carlos Chiodini;74609120002760;LEONARDO A. VERZA LTDA;282.8
09032023-038430;202341290004;MUNICIPIO DE BALNEARIO BARRA DO SUL;Rodrigo Coelho;03603050001040;CAIXA ECONOMICA FEDERAL;329.0
09032023-038430;202341290004;MUNICIPIO DE BALNEARIO BARRA DO SUL;Rodrigo Coelho;35743700001200;EMPREITEIRA DE MAO DE OBRA ADRIMAR LTDA;1649528.6600000001
09032023-038430;202341290004;MUNICIPIO DE BALNEARIO BARRA DO SUL;Rodrigo Coelho;79536890001180;FAGUNDEZ DISTRIBUICAO LTDA;14321.06
09032023-038430;202341290004;MUNICIPIO DE BALNEARIO BARRA DO SUL;Rodrigo Coelho;74609120002760;LEONARDO A. VERZA LTDA;282.8
09032024-068687;202442510013;MUNICIPIO DE BALNEARIO BARRA DO SUL;Ivete da Silveira;03603050001040;CAIXA ECONOMICA FEDERAL;36.0
09032024-073880;202442090002;MUNICIPIO DE BALNEARIO BARRA DO SUL;Jorge Goetten;03603050001040;CAIXA ECONOMICA FEDERAL;12.0
09032024-073880;202442090002;MUNICIPIO DE BALNEARIO BARRA DO SUL;Jorge Goetten;35743700001200;EMPREITEIRA DE MAO DE OBRA ADRIMAR LTDA;190817.9
09032024-074723;202443920007;MUNICIPIO DE BALNEARIO BARRA DO SUL;Ismael;03603050001040;CAIXA ECONOMICA FEDERAL;60.0
09032023-037058;202339320001;MUNICIPIO DE BALNEARIO BARRA DO SUL;Caroline de Toni;03603050001040;CAIXA ECONOMICA FEDERAL;329.0
09032023-037058;202339320001;MUNICIPIO DE BALNEARIO BARRA DO SUL;Caroline de Toni;35743700001200;EMPREITEIRA DE MAO DE OBRA ADRIMAR LTDA;1649528.6600000001
09032023-037058;202339320001;MUNICIPIO DE BALNEARIO BARRA DO SUL;Caroline de Toni;79536890001180;FAGUNDEZ DISTRIBUICAO LTDA;14321.06
09032023-037058;202339320001;MUNICIPIO DE BALNEARIO BARRA DO SUL;Caroline de Toni;74609120002760;LEONARDO A. VERZA LTDA;282.8
09032021-010633;202129250018;MUNICIPIO DE LAGES;Carmen Zanotto;03603050001040;CAIXA ECONOMICA FEDERAL;189.45
09032021-010633;202129250018;MUNICIPIO DE LAGES;Carmen Zanotto;17036840001500;CONSTRUTORA EVOLUTA LTDA;421669.67
09032021-012239;202139800001;MUNICIPIO DE LAGES;Fabio Schiochet;03603050001040;CAIXA ECONOMICA FEDERAL;189.45
09032021-012239;202139800001;MUNICIPIO DE LAGES;Fabio Schiochet;17036840001500;CONSTRUTORA EVOLUTA LTDA;421669.67
09032022-016334;202239530001;MUNICIPIO DE LAGES;Darci de Matos;03603050001040;CAIXA ECONOMICA FEDERAL;184.0
09032022-016334;202239530001;MUNICIPIO DE LAGES;Darci de Matos;44927250001030;LB COMERCIO E SERVICOS LTDA;413480.53
09032022-020515;202240150005;MUNICIPIO DE LAGES;Hélio Costa;03603050001040;CAIXA ECONOMICA FEDERAL;184.0
09032022-020515;202240150005;MUNICIPIO DE LAGES;Hélio Costa;44927250001030;LB COMERCIO E SERVICOS LTDA;413480.53
09032022-021830;202241850010;MUNICIPIO DE LAGES;Jorginho Mello;03603050001040;CAIXA ECONOMICA FEDERAL;184.0
09032022-021830;202241850010;MUNICIPIO DE LAGES;Jorginho Mello;44927250001030;LB COMERCIO E SERVICOS LTDA;413480.53
09032023-032862;202329250001;MUNICIPIO DE LAGES;Carmen Zanotto;03603050001040;CAIXA ECONOMICA FEDERAL;204.0
09032023-032862;202329250001;MUNICIPIO DE LAGES;Carmen Zanotto;17036840001500;CONSTRUTORA EVOLUTA LTDA;597209.8700000001
09032023-037630;202340150002;MUNICIPIO DE LAGES;Hélio Costa;03603050001040;CAIXA ECONOMICA FEDERAL;204.0
09032023-037630;202340150002;MUNICIPIO DE LAGES;Hélio Costa;17036840001500;CONSTRUTORA EVOLUTA LTDA;597209.8700000001
09032023-039000;202342510010;MUNICIPIO DE LAGES;Ivete da Silveira;03603050001040;CAIXA ECONOMICA FEDERAL;204.0
09032023-039000;202342510010;MUNICIPIO DE LAGES;Ivete da Silveira;17036840001500;CONSTRUTORA EVOLUTA LTDA;597209.8700000001
09032022-015103;202229250013;MUNICIPIO DE LAGES;Carmen Zanotto;03603050001040;CAIXA ECONOMICA FEDERAL;184.0
09032022-015103;202229250013;MUNICIPIO DE LAGES;Carmen Zanotto;44927250001030;LB COMERCIO E SERVICOS LTDA;413480.53
0903-004129;202041850004;MUNICIPIO DE SAO DOMINGOS;Jorginho Mello;78213590001790;CONSTRUTORA SENHORE LTDA;187309.04
09032021-011963;202139320005;MUNICIPIO DE SAO DOMINGOS;Caroline de Toni;03603050001040;CAIXA ECONOMICA FEDERAL;77.0
09032021-011963;202139320005;MUNICIPIO DE SAO DOMINGOS;Caroline de Toni;44066600001280;TERRAMAXX CONSTRUCOES LTDA;1233448.3900000001
09032023-037051;202339320001;MUNICIPIO DE SAO DOMINGOS;Caroline de Toni;03603050001040;CAIXA ECONOMICA FEDERAL;44.0
09032021-010979;202132350006;MUNICIPIO DE PORTO UNIAO;Geovania De Sá;52797110001600;ROCHA EMPREENDIMENTOS LTDA;1001792.66
09032022-019869;202239290005;MUNICIPIO DE PORTO UNIAO;Carlos Chiodini;72891880001890;ENGEMASS ENGENHARIA E CONSTRUCAO LTDA;880284.1399999999
09032022-016347;202239530001;MUNICIPIO DE PORTO UNIAO;Darci de Matos;72891880001890;ENGEMASS ENGENHARIA E CONSTRUCAO LTDA;880284.1399999999
09032026-095751;202639290001;MUNICIPIO DE SAO FRANCISCO DO SUL;Carlos Chiodini;00000000000191;BANCO DO BRASIL SA;995000.0
09032026-097347;202643390009;MUNICIPIO DE SAO FRANCISCO DO SUL;Daniela Reinehr;00000000000191;BANCO DO BRASIL SA;398000.0
0903-003815;202029250015;MUNICIPIO DE OTACILIO COSTA;Carmen Zanotto;03603050001040;CAIXA ECONOMICA FEDERAL;20.9
0903-003815;202029250015;MUNICIPIO DE OTACILIO COSTA;Carmen Zanotto;91468930001520;CONSTRUTORA BRANGER LTDA;286624.8
09032021-009939;202125690003;MUNICIPIO DE OTACILIO COSTA;Celso Maldaner;03603050001040;CAIXA ECONOMICA FEDERAL;20.9
09032021-009939;202125690003;MUNICIPIO DE OTACILIO COSTA;Celso Maldaner;35582200001230;FREEWIL SERVICOS ADMINISTRATIVOS LTDA;102000.0
09032021-009939;202125690003;MUNICIPIO DE OTACILIO COSTA;Celso Maldaner;50636530010240;ENGEPECAS EQUIPAMENTOS LTDA.;363000.0
09032023-032867;202329250001;MUNICIPIO DE OTACILIO COSTA;Carmen Zanotto;03603050001040;CAIXA ECONOMICA FEDERAL;33.0
09032023-032867;202329250001;MUNICIPIO DE OTACILIO COSTA;Carmen Zanotto;94658890001570;EXTRABRIT MINERACAO LTDA;220932.0
09032023-036999;202339290002;MUNICIPIO DE OTACILIO COSTA;Carlos Chiodini;03603050001040;CAIXA ECONOMICA FEDERAL;33.0
09032023-036999;202339290002;MUNICIPIO DE OTACILIO COSTA;Carlos Chiodini;94658890001570;EXTRABRIT MINERACAO LTDA;220932.0
09032026-094198;202643920005;MUNICIPIO DE OTACILIO COSTA;Ismael;00000000000191;BANCO DO BRASIL SA;398000.0
09032026-095742;202639290001;MUNICIPIO DE OTACILIO COSTA;Carlos Chiodini;00000000000191;BANCO DO BRASIL SA;398000.0
0903-003683;202018800013;MUNICIPIO DE ITAPEMA;Angela Amin;03603050001040;CAIXA ECONOMICA FEDERAL;159.89
0903-003683;202018800013;MUNICIPIO DE ITAPEMA;Angela Amin;33651980001030;TECNOAL COMERCIAL DISTRIBUIDORA LTDA;3204.0
0903-003683;202018800013;MUNICIPIO DE ITAPEMA;Angela Amin;30937760001910;MANUPA COMERCIO EXPORTACAO IMPORTACAO DE EQUIPAMENTOS E VEICULOS ADAPTADOS LTDA;345000.0
0903-003683;202018800013;MUNICIPIO DE ITAPEMA;Angela Amin;83896610001620;TCA TRANSFORMACOES VEICULARES LTDA;62900.0
0903-003683;202018800013;MUNICIPIO DE ITAPEMA;Angela Amin;71998860001930;GRANMEYER MOVEIS E EQUIPAMENTOS PARA ESCRITORIO LTDA;9224.5
0903-003683;202018800013;MUNICIPIO DE ITAPEMA;Angela Amin;25432160006330;PERFIL COMPUTACIONAL LTDA;37559.76
0903-003683;202018800013;MUNICIPIO DE ITAPEMA;Angela Amin;72615620001380;L. MOHR LTDA;759.8
09032021-009473;202118800011;MUNICIPIO DE ITAPEMA;Angela Amin;03603050001040;CAIXA ECONOMICA FEDERAL;20.9
09032021-009473;202118800011;MUNICIPIO DE ITAPEMA;Angela Amin;37746880001550;SERVICO NACIONAL DE APRENDIZAGEM INDUSTRIAL;300000.0
09032022-016118;202237860003;MUNICIPIO DE ITAPEMA;Dário Berger;03603050001040;CAIXA ECONOMICA FEDERAL;113.98
09032022-016118;202237860003;MUNICIPIO DE ITAPEMA;Dário Berger;88142960001960;SANTOS E SANTANA CONSTRUCOES E SERVICOS LTDA;14933.4
09032022-016118;202237860003;MUNICIPIO DE ITAPEMA;Dário Berger;61278900001830;CONKAST EQUIPAMENTOS TECNOLOGICOS LTDA;18000.0
09032023-035175;202328560021;MUNICIPIO DE ITAPEMA;Rogério Peninha Mendonça;03603050001040;CAIXA ECONOMICA FEDERAL;91.3
09032023-035175;202328560021;MUNICIPIO DE ITAPEMA;Rogério Peninha Mendonça;18663880001700;META MOVEIS DE METAIS INDUSTRIA E COMERCIO LTDA;148200.0
09032024-073966;202442730001;MUNICIPIO DE ITAPEMA;Jorge Seif;03603050001040;CAIXA ECONOMICA FEDERAL;13.46
09032024-075067;202444480002;MUNICIPIO DE ITAPEMA;Pezenti;03603050001040;CAIXA ECONOMICA FEDERAL;26.92
09032023-036992;202339290002;MUNICIPIO DE ITAPEMA;Carlos Chiodini;03603050001040;CAIXA ECONOMICA FEDERAL;91.3
09032023-036992;202339290002;MUNICIPIO DE ITAPEMA;Carlos Chiodini;18663880001700;META MOVEIS DE METAIS INDUSTRIA E COMERCIO LTDA;148200.0
09032022-018214;202228560001;MUNICIPIO DE ITAPEMA;Rogério Peninha Mendonça;03603050001040;CAIXA ECONOMICA FEDERAL;113.98
09032022-018214;202228560001;MUNICIPIO DE ITAPEMA;Rogério Peninha Mendonça;88142960001960;SANTOS E SANTANA CONSTRUCOES E SERVICOS LTDA;14933.4
09032022-018214;202228560001;MUNICIPIO DE ITAPEMA;Rogério Peninha Mendonça;61278900001830;CONKAST EQUIPAMENTOS TECNOLOGICOS LTDA;18000.0
0903-003249;202028550021;MUNICIPIO DE GUARUJA DO SUL;Pedro Uczai;85889120001380;E.J.F. EMPREENDIMENTOS LTDA;250130.98
09032021-010419;202128550001;MUNICIPIO DE GUARUJA DO SUL;Pedro Uczai;66957820001070;MARLENI FORSTER INSTALADORA;432132.81
09032022-018199;202228550020;MUNICIPIO DE GUARUJA DO SUL;Pedro Uczai;66957820001070;MARLENI FORSTER INSTALADORA;387036.38
09032023-037628;202340150002;MUNICIPIO DE GUARUJA DO SUL;Hélio Costa;03603050001040;CAIXA ECONOMICA FEDERAL;33.0
09032023-037628;202340150002;MUNICIPIO DE GUARUJA DO SUL;Hélio Costa;66957820001070;MARLENI FORSTER INSTALADORA;245335.95
09032023-034390;202322100001;MUNICIPIO DE GUARUJA DO SUL;Esperidião Amin;03603050001040;CAIXA ECONOMICA FEDERAL;33.0
09032023-034390;202322100001;MUNICIPIO DE GUARUJA DO SUL;Esperidião Amin;66957820001070;MARLENI FORSTER INSTALADORA;245335.95
09032023-033064;202328550022;MUNICIPIO DE GUARUJA DO SUL;Pedro Uczai;03603050001040;CAIXA ECONOMICA FEDERAL;33.0
09032023-033064;202328550022;MUNICIPIO DE GUARUJA DO SUL;Pedro Uczai;66957820001070;MARLENI FORSTER INSTALADORA;245335.95
09032026-094089;202644480001;MUNICIPIO DE GUARUJA DO SUL;Pezenti;00000000000191;BANCO DO BRASIL SA;398000.0
0903-003381;202041850004;MUNICIPIO DE PENHA;Jorginho Mello;03603050001040;CAIXA ECONOMICA FEDERAL;54.45
0903-003381;202041850004;MUNICIPIO DE PENHA;Jorginho Mello;91346340001010;PAULO CAMARGO ULTRA-SOM, SUPRIMENTOS E EQUIPAMENTOS MEDICOS LTDA;286900.0
0903-003381;202041850004;MUNICIPIO DE PENHA;Jorginho Mello;92516270001900;K.C.R. INDUSTRIA E COMERCIO DE EQUIPAMENTOS LTDA;2530.0
09032024-073976;202442730001;MUNICIPIO DE PENHA;Jorge Seif;03944600033290;MINISTERIO DA FAZENDA;2382.8599999999997
09032025-084313;202542730001;MUNICIPIO DE PENHA;Jorge Seif;03944600033290;MINISTERIO DA FAZENDA;7218.78
09032026-095738;202639290001;MUNICIPIO DE PENHA;Carlos Chiodini;00000000000191;BANCO DO BRASIL SA;497500.0
09032026-089609;202632350004;MUNICIPIO DE PENHA;Geovania De Sá;00000000000191;BANCO DO BRASIL SA;398000.0
09032022-020521;202240150005;MUNICIPIO DE SANTA CECILIA;Hélio Costa;50355320018260;METRONORTE COMERCIAL DE VEICULOS LTDA;298076.68
09032021-010429;202128550001;MUNICIPIO DE XAVANTINA;Pedro Uczai;44066600001280;TERRAMAXX CONSTRUCOES LTDA;140416.23
09032021-013432;202141850007;MUNICIPIO DE XAVANTINA;Jorginho Mello;44066600001280;TERRAMAXX CONSTRUCOES LTDA;140416.23
09032021-013430;202141850007;MUNICIPIO DE SAO JOSE DO CERRITO;Jorginho Mello;00000000000191;BANCO DO BRASIL SA;14240.05
09032024-074027;202442730001;MUNICIPIO DE SAO JOSE DO CERRITO;Jorge Seif;58522500001730;METALURGICA FREITAS LTDA;18278.0
09032026-097254;202643250001;MUNICIPIO DE SAO JOSE DO CERRITO;Cobalchini;00000000000191;BANCO DO BRASIL SA;497500.0
09032026-094298;202628550010;MUNICIPIO DE SAO JOSE DO CERRITO;Pedro Uczai;00000000000191;BANCO DO BRASIL SA;914486.15
09032021-011971;202139320005;MUNICIPIO DE JABORA;Caroline de Toni;03603050001040;CAIXA ECONOMICA FEDERAL;21.45
09032021-011971;202139320005;MUNICIPIO DE JABORA;Caroline de Toni;90945490001670;LANDISEL TRATORES LTDA;259900.0
09032021-011971;202139320005;MUNICIPIO DE JABORA;Caroline de Toni;61616490001700;JEAN PYER VIVIAN LTDA;61157.2
0903-003431;202041850004;MUNICIPIO DE GRAO PARA;Jorginho Mello;00000000018329;EDIANE DACOREGIO ROHLING;1133.42
0903-003431;202041850004;MUNICIPIO DE GRAO PARA;Jorginho Mello;47422670001050;CASA DO PICA-PAU MAQUINAS AGRICOLAS LTDA;15325.0
0903-003431;202041850004;MUNICIPIO DE GRAO PARA;Jorginho Mello;27300480001800;"ALTAIR FABRO &amp; CIA LTDA";84675.0
0903-003431;202041850004;MUNICIPIO DE GRAO PARA;Jorginho Mello;00000000053323;NILTON RICKEN;1274.58
0903-004601;202018800013;MUNICIPIO DE GRAO PARA;Angela Amin;00000000018329;EDIANE DACOREGIO ROHLING;1133.42
0903-004601;202018800013;MUNICIPIO DE GRAO PARA;Angela Amin;47422670001050;CASA DO PICA-PAU MAQUINAS AGRICOLAS LTDA;15325.0
0903-004601;202018800013;MUNICIPIO DE GRAO PARA;Angela Amin;27300480001800;"ALTAIR FABRO &amp; CIA LTDA";84675.0
0903-004601;202018800013;MUNICIPIO DE GRAO PARA;Angela Amin;00000000053323;NILTON RICKEN;1274.58
09032021-009650;202122100006;MUNICIPIO DE GRAO PARA;Esperidião Amin;68899770001980;RODA BRASIL PNEUS LTDA;101300.0
09032021-009650;202122100006;MUNICIPIO DE GRAO PARA;Esperidião Amin;00000000020436;AGENOR DE OLIVEIRA;19641.719999999998
09032021-009650;202122100006;MUNICIPIO DE GRAO PARA;Esperidião Amin;02217730001060;FARIAS TERRAPLENAGEM LTDA;59413.12
09032021-009650;202122100006;MUNICIPIO DE GRAO PARA;Esperidião Amin;61745190001720;AUTO POSTO DACOREGIO LTDA;39633.9
09032021-011498;202137860003;MUNICIPIO DE GRAO PARA;Dário Berger;68899770001980;RODA BRASIL PNEUS LTDA;101300.0
09032021-011498;202137860003;MUNICIPIO DE GRAO PARA;Dário Berger;00000000020436;AGENOR DE OLIVEIRA;19641.719999999998
09032021-011498;202137860003;MUNICIPIO DE GRAO PARA;Dário Berger;02217730001060;FARIAS TERRAPLENAGEM LTDA;59413.12
09032021-011498;202137860003;MUNICIPIO DE GRAO PARA;Dário Berger;61745190001720;AUTO POSTO DACOREGIO LTDA;39633.9
09032022-017373;202222100001;MUNICIPIO DE GRAO PARA;Esperidião Amin;03603050001040;CAIXA ECONOMICA FEDERAL;33.45
09032022-017373;202222100001;MUNICIPIO DE GRAO PARA;Esperidião Amin;27770980001130;POSSOLI VEICULOS LTDA.;137500.0
09032022-020233;202239800001;MUNICIPIO DE GRAO PARA;Fabio Schiochet;03603050001040;CAIXA ECONOMICA FEDERAL;33.45
09032022-020233;202239800001;MUNICIPIO DE GRAO PARA;Fabio Schiochet;27770980001130;POSSOLI VEICULOS LTDA.;137500.0
09032023-034154;202318800004;MUNICIPIO DE GRAO PARA;Angela Amin;03603050001040;CAIXA ECONOMICA FEDERAL;22.0
09032024-068659;202442510013;MUNICIPIO DE GRAO PARA;Ivete da Silveira;03603050001040;CAIXA ECONOMICA FEDERAL;12.0
09032024-068659;202442510013;MUNICIPIO DE GRAO PARA;Ivete da Silveira;50636530010240;ENGEPECAS EQUIPAMENTOS LTDA.;65736.0
09032024-068776;202442510012;MUNICIPIO DE GRAO PARA;Ivete da Silveira;03603050001040;CAIXA ECONOMICA FEDERAL;12.0
09032026-089603;202632350004;MUNICIPIO DE GRAO PARA;Geovania De Sá;00000000000191;BANCO DO BRASIL SA;497500.0
0903-004176;202039800001;MUNICIPIO DE JAGUARUNA;Fabio Schiochet;83589310001780;FABIO NASCIMENTO JOSE DA SILVA;303376.94
0903-004176;202039800001;MUNICIPIO DE JAGUARUNA;Fabio Schiochet;01961980001200;AFM ARTEFATOS DE CIMENTO LTDA;56675.0
0903-004176;202039800001;MUNICIPIO DE JAGUARUNA;Fabio Schiochet;03603050001040;CAIXA ECONOMICA FEDERAL;122.25
0903-004176;202039800001;MUNICIPIO DE JAGUARUNA;Fabio Schiochet;93191880001000;VITORETI COMERCIO DE AREIA LTDA;139740.0
0903-004176;202039800001;MUNICIPIO DE JAGUARUNA;Fabio Schiochet;16693210001460;RM INDUSTRIA E COMERCIO DE ARTEFATOS DE CIMENTO LTDA;279804.2
0903-004176;202039800001;MUNICIPIO DE JAGUARUNA;Fabio Schiochet;48343180001290;BRANCO PEDRAS ARTEFATOS DE CIMENTO LTDA;18523.05
09032023-037629;202340150002;MUNICIPIO DE JAGUARUNA;Hélio Costa;03603050001040;CAIXA ECONOMICA FEDERAL;105.0
09032023-037629;202340150002;MUNICIPIO DE JAGUARUNA;Hélio Costa;16693210001460;RM INDUSTRIA E COMERCIO DE ARTEFATOS DE CIMENTO LTDA;12528.0
09032023-037629;202340150002;MUNICIPIO DE JAGUARUNA;Hélio Costa;61602590001860;INTEGRARE CONSULTORIA E SERVICOS IMOBILIARIOS LTDA;51798.6
09032023-037629;202340150002;MUNICIPIO DE JAGUARUNA;Hélio Costa;58956350001180;JR CONSTRUCOES E TERRAPLENAGEM LTDA EPP;1619356.68
09032023-037629;202340150002;MUNICIPIO DE JAGUARUNA;Hélio Costa;71784350001700;REGINALDO LUZ DA SILVA EXTRACOES E TRANSPORTES LTDA;21860.3
09032023-038982;202342510005;MUNICIPIO DE JAGUARUNA;Ivete da Silveira;03603050001040;CAIXA ECONOMICA FEDERAL;105.0
09032023-038982;202342510005;MUNICIPIO DE JAGUARUNA;Ivete da Silveira;16693210001460;RM INDUSTRIA E COMERCIO DE ARTEFATOS DE CIMENTO LTDA;12528.0
09032023-038982;202342510005;MUNICIPIO DE JAGUARUNA;Ivete da Silveira;61602590001860;INTEGRARE CONSULTORIA E SERVICOS IMOBILIARIOS LTDA;51798.6
09032023-038982;202342510005;MUNICIPIO DE JAGUARUNA;Ivete da Silveira;58956350001180;JR CONSTRUCOES E TERRAPLENAGEM LTDA EPP;1619356.68
09032023-038982;202342510005;MUNICIPIO DE JAGUARUNA;Ivete da Silveira;71784350001700;REGINALDO LUZ DA SILVA EXTRACOES E TRANSPORTES LTDA;21860.3
09032024-068004;202444010006;MUNICIPIO DE JAGUARUNA;Julia Zanatta;03603050001040;CAIXA ECONOMICA FEDERAL;12.0
09032024-068004;202444010006;MUNICIPIO DE JAGUARUNA;Julia Zanatta;50636530010240;ENGEPECAS EQUIPAMENTOS LTDA.;296400.0
09032024-068665;202442510013;MUNICIPIO DE JAGUARUNA;Ivete da Silveira;03603050001040;CAIXA ECONOMICA FEDERAL;12.0
09032024-073968;202442730001;MUNICIPIO DE JAGUARUNA;Jorge Seif;03603050001040;CAIXA ECONOMICA FEDERAL;24.0
09032024-073509;202440620002;MUNICIPIO DE JAGUARUNA;Ricardo Guidi;03603050001040;CAIXA ECONOMICA FEDERAL;108.0
09032025-2-086991;202543920009;MUNICIPIO DE JAGUARUNA;Ismael;00000000000191;BANCO DO BRASIL SA;90421.6
09032025-2-086991;202543920009;MUNICIPIO DE JAGUARUNA;Ismael;50355320018260;METRONORTE COMERCIAL DE VEICULOS LTDA;284960.54
09032025-080740;202544010010;MUNICIPIO DE JAGUARUNA;Julia Zanatta;00000000000191;BANCO DO BRASIL SA;5.27
09032025-081151;202543920009;MUNICIPIO DE JAGUARUNA;Ismael;00000000000191;BANCO DO BRASIL SA;90421.6
09032025-081151;202543920009;MUNICIPIO DE JAGUARUNA;Ismael;50355320018260;METRONORTE COMERCIAL DE VEICULOS LTDA;284960.54
0903-003482;202028560001;MUNICIPIO DE DIONISIO CERQUEIRA;Rogério Peninha Mendonça;83896610001620;TCA TRANSFORMACOES VEICULARES LTDA;52000.0
0903-003482;202028560001;MUNICIPIO DE DIONISIO CERQUEIRA;Rogério Peninha Mendonça;03603050001040;CAIXA ECONOMICA FEDERAL;44.0
09032021-013411;202141850007;MUNICIPIO DE DIONISIO CERQUEIRA;Jorginho Mello;32577770001240;GAIA RODOVIAS LTDA.;124718.2
09032021-013411;202141850007;MUNICIPIO DE DIONISIO CERQUEIRA;Jorginho Mello;03603050001040;CAIXA ECONOMICA FEDERAL;12.0
09032022-018210;202228560001;MUNICIPIO DE DIONISIO CERQUEIRA;Rogério Peninha Mendonça;03603050001040;CAIXA ECONOMICA FEDERAL;77.0
09032023-035157;202328560002;MUNICIPIO DE DIONISIO CERQUEIRA;Rogério Peninha Mendonça;03603050001040;CAIXA ECONOMICA FEDERAL;218.0
09032023-035157;202328560002;MUNICIPIO DE DIONISIO CERQUEIRA;Rogério Peninha Mendonça;57605670001800;EQUIPAMENTOS HIDRAULICOS MARAVILHA LTDA;85607.24
09032023-035157;202328560002;MUNICIPIO DE DIONISIO CERQUEIRA;Rogério Peninha Mendonça;32577770001240;GAIA RODOVIAS LTDA.;503321.88
09032023-037041;202339320001;MUNICIPIO DE DIONISIO CERQUEIRA;Caroline de Toni;03603050001040;CAIXA ECONOMICA FEDERAL;218.0
09032023-037041;202339320001;MUNICIPIO DE DIONISIO CERQUEIRA;Caroline de Toni;57605670001800;EQUIPAMENTOS HIDRAULICOS MARAVILHA LTDA;85607.24
09032023-037041;202339320001;MUNICIPIO DE DIONISIO CERQUEIRA;Caroline de Toni;32577770001240;GAIA RODOVIAS LTDA.;503321.88
09032023-2-041689;202342510010;MUNICIPIO DE DIONISIO CERQUEIRA;Ivete da Silveira;03603050001040;CAIXA ECONOMICA FEDERAL;218.0
09032023-2-041689;202342510010;MUNICIPIO DE DIONISIO CERQUEIRA;Ivete da Silveira;57605670001800;EQUIPAMENTOS HIDRAULICOS MARAVILHA LTDA;85607.24
09032023-2-041689;202342510010;MUNICIPIO DE DIONISIO CERQUEIRA;Ivete da Silveira;32577770001240;GAIA RODOVIAS LTDA.;503321.88
09032024-075062;202444480002;MUNICIPIO DE DIONISIO CERQUEIRA;Pezenti;32577770001240;GAIA RODOVIAS LTDA.;397236.98
09032021-009952;202125690003;MUNICIPIO DE PARAISO;Celso Maldaner;03603050001040;CAIXA ECONOMICA FEDERAL;75.9
09032021-009952;202125690003;MUNICIPIO DE PARAISO;Celso Maldaner;88690850001500;MAICON NARCISO;60900.0
09032021-011512;202137860003;MUNICIPIO DE PARAISO;Dário Berger;03603050001040;CAIXA ECONOMICA FEDERAL;75.9
09032021-011512;202137860003;MUNICIPIO DE PARAISO;Dário Berger;88690850001500;MAICON NARCISO;60900.0
09032022-017717;202225690003;MUNICIPIO DE PARAISO;Celso Maldaner;03603050001040;CAIXA ECONOMICA FEDERAL;11.0
09032022-014137;202232350003;MUNICIPIO DE SAO JOAO DO OESTE;Geovania De Sá;85889120001380;E.J.F. EMPREENDIMENTOS LTDA;222361.05000000002
09032023-039019;202342510010;MUNICIPIO DE SAO JOAO DO OESTE;Ivete da Silveira;69854600001000;CONSTRUTORA BEM TE VI LTDA;98290.51000000001
09032023-039019;202342510010;MUNICIPIO DE SAO JOAO DO OESTE;Ivete da Silveira;03603050001040;CAIXA ECONOMICA FEDERAL;244.0
09032023-039019;202342510010;MUNICIPIO DE SAO JOAO DO OESTE;Ivete da Silveira;26700630001800;JANTSCH EMPREENDIMENTOS LTDA;75497.65
09032024-070548;202443250003;MUNICIPIO DE PASSOS MAIA;Cobalchini;00000000000191;BANCO DO BRASIL SA;712.72
09032021-010424;202128550001;MUNICIPIO DE IPUACU;Pedro Uczai;03603050001040;CAIXA ECONOMICA FEDERAL;66.0
09032021-010424;202128550001;MUNICIPIO DE IPUACU;Pedro Uczai;01455030001550;CONTINI MADEIRAS LTDA;1920.0
09032021-010424;202128550001;MUNICIPIO DE IPUACU;Pedro Uczai;30129930001000;BONGIOVANNI COMUNICACAO GRAFICA LTDA;3680.0
09032022-017715;202225690003;MUNICIPIO DE IPUACU;Celso Maldaner;03603050001040;CAIXA ECONOMICA FEDERAL;24.0
09032024-068689;202442510013;MUNICIPIO DE IPUACU;Ivete da Silveira;50636530010240;ENGEPECAS EQUIPAMENTOS LTDA.;101171.99
09032024-070547;202443250003;MUNICIPIO DE IPUACU;Cobalchini;50636530010240;ENGEPECAS EQUIPAMENTOS LTDA.;203753.14
09032024-068806;202442510012;MUNICIPIO DE IPUACU;Ivete da Silveira;50636530010240;ENGEPECAS EQUIPAMENTOS LTDA.;105422.57
09032024-069113;202422100016;BRUSQUE;Esperidião Amin;03603050001040;CAIXA ECONOMICA FEDERAL;12.0
09032023-032879;202329250001;TUBARÃO;Carmen Zanotto;03603050001040;CAIXA ECONOMICA FEDERAL;624.0
09032023-032879;202329250001;TUBARÃO;Carmen Zanotto;54284490001790;LAJES STANG S.A.;1054024.7400000002
09032023-032879;202329250001;TUBARÃO;Carmen Zanotto;58333460001940;JOVINO EXTRACAO DE AREIA LTDA;99385.79000000001
09032023-032879;202329250001;TUBARÃO;Carmen Zanotto;14005570001820;EMPREITEIRA PACHAO LTDA;192566.55
09032023-036562;202337860004;TUBARÃO;Dário Berger;03603050001040;CAIXA ECONOMICA FEDERAL;624.0
09032023-036562;202337860004;TUBARÃO;Dário Berger;54284490001790;LAJES STANG S.A.;1054024.7400000002
09032023-036562;202337860004;TUBARÃO;Dário Berger;58333460001940;JOVINO EXTRACAO DE AREIA LTDA;99385.79000000001
09032023-036562;202337860004;TUBARÃO;Dário Berger;14005570001820;EMPREITEIRA PACHAO LTDA;192566.55
09032024-067066;202429250006;TUBARÃO;Carmen Zanotto;54284490001790;LAJES STANG S.A.;127169.04
09032024-067066;202429250006;TUBARÃO;Carmen Zanotto;03603050001040;CAIXA ECONOMICA FEDERAL;12.0
09032024-072877;202439320001;TUBARÃO;Caroline de Toni;03603050001040;CAIXA ECONOMICA FEDERAL;12.0
09032024-072877;202439320001;TUBARÃO;Caroline de Toni;14005570001820;EMPREITEIRA PACHAO LTDA;79449.57
0903-003860;202022100018;MUNICIPIO DE SAO JOSE DO CEDRO;Esperidião Amin;32577770001240;GAIA RODOVIAS LTDA.;143509.78
0903-003860;202022100018;MUNICIPIO DE SAO JOSE DO CEDRO;Esperidião Amin;03603050001040;CAIXA ECONOMICA FEDERAL;10.0
09032023-037053;202339320001;MUNICIPIO DE SAO JOSE DO CEDRO;Caroline de Toni;03603050001040;CAIXA ECONOMICA FEDERAL;33.0
09032021-011527;202137860003;MUNICIPIO DE RIO DAS ANTAS;Dário Berger;70386420001290;SO LUZ COMERCIO DE MATERIAIS ELETRICOS E HIDRAULICOS LTDA;24263.16
09032021-011527;202137860003;MUNICIPIO DE RIO DAS ANTAS;Dário Berger;03603050001040;CAIXA ECONOMICA FEDERAL;232.09999999999994
09032021-011527;202137860003;MUNICIPIO DE RIO DAS ANTAS;Dário Berger;90724120001010;PAULO CESAR ALANO DE SOUZA LTDA;6305.0
09032021-011527;202137860003;MUNICIPIO DE RIO DAS ANTAS;Dário Berger;31293540001290;CAPRI TINTAS LTDA;1532.38
09032025-084749;202543390010;MUNICIPIO DE RIO DAS ANTAS;Daniela Reinehr;60203180001100;"VOLKSWAGEN TRUCK &amp; BUS INDUSTRIA E COMERCIO DE VEICULOS";467225.2
09032026-094601;202622100012;MUNICIPIO DE RIO DAS ANTAS;Esperidião Amin;00000000000191;BANCO DO BRASIL SA;398000.0
0903-004110;202032350006;MUNICIPIO DE FORQUILHINHA;Geovania De Sá;58956350001180;JR CONSTRUCOES E TERRAPLENAGEM LTDA EPP;440180.64
0903-004762;202022100018;MUNICIPIO DE FORQUILHINHA;Esperidião Amin;58956350001180;JR CONSTRUCOES E TERRAPLENAGEM LTDA EPP;440180.64
09032021-010628;202129250018;MUNICIPIO DE FORQUILHINHA;Carmen Zanotto;89858250001140;DIDATICA INDUSTRIA E COMERCIO DE BRINQUEDOS LTDA;27143.22
09032021-012422;202140150011;MUNICIPIO DE FORQUILHINHA;Hélio Costa;89858250001140;DIDATICA INDUSTRIA E COMERCIO DE BRINQUEDOS LTDA;27143.22
09032021-012111;202139530003;MUNICIPIO DE FORQUILHINHA;Darci de Matos;89858250001140;DIDATICA INDUSTRIA E COMERCIO DE BRINQUEDOS LTDA;27143.22
09032022-016323;202239530001;MUNICIPIO DE FORQUILHINHA;Darci de Matos;03603050001040;CAIXA ECONOMICA FEDERAL;288.0
09032022-016323;202239530001;MUNICIPIO DE FORQUILHINHA;Darci de Matos;30001900001350;JUGASA COMERCIAL DE VEICULOS S/A;266000.0
09032022-020512;202240150005;MUNICIPIO DE FORQUILHINHA;Hélio Costa;03603050001040;CAIXA ECONOMICA FEDERAL;288.0
09032022-020512;202240150005;MUNICIPIO DE FORQUILHINHA;Hélio Costa;30001900001350;JUGASA COMERCIAL DE VEICULOS S/A;266000.0
09032022-021028;202240620006;MUNICIPIO DE FORQUILHINHA;Ricardo Guidi;03603050001040;CAIXA ECONOMICA FEDERAL;288.0
09032022-021028;202240620006;MUNICIPIO DE FORQUILHINHA;Ricardo Guidi;30001900001350;JUGASA COMERCIAL DE VEICULOS S/A;266000.0
09032023-031233;202332350003;MUNICIPIO DE FORQUILHINHA;Geovania De Sá;03603050001040;CAIXA ECONOMICA FEDERAL;350.0
09032023-031233;202332350003;MUNICIPIO DE FORQUILHINHA;Geovania De Sá;33261930001630;LAJECRIL ARTEFATOS DE CIMENTO LTDA;1264718.8
09032023-031233;202332350003;MUNICIPIO DE FORQUILHINHA;Geovania De Sá;89858250001140;DIDATICA INDUSTRIA E COMERCIO DE BRINQUEDOS LTDA;12886.78
09032023-031233;202332350003;MUNICIPIO DE FORQUILHINHA;Geovania De Sá;58956350001180;JR CONSTRUCOES E TERRAPLENAGEM LTDA EPP;892682.62
09032023-032854;202329250001;MUNICIPIO DE FORQUILHINHA;Carmen Zanotto;03603050001040;CAIXA ECONOMICA FEDERAL;350.0
09032023-032854;202329250001;MUNICIPIO DE FORQUILHINHA;Carmen Zanotto;33261930001630;LAJECRIL ARTEFATOS DE CIMENTO LTDA;1264718.8
09032023-032854;202329250001;MUNICIPIO DE FORQUILHINHA;Carmen Zanotto;89858250001140;DIDATICA INDUSTRIA E COMERCIO DE BRINQUEDOS LTDA;12886.78
09032023-032854;202329250001;MUNICIPIO DE FORQUILHINHA;Carmen Zanotto;58956350001180;JR CONSTRUCOES E TERRAPLENAGEM LTDA EPP;892682.62
09032023-037197;202339490001;MUNICIPIO DE FORQUILHINHA;Daniel Freitas;03603050001040;CAIXA ECONOMICA FEDERAL;350.0
09032023-037197;202339490001;MUNICIPIO DE FORQUILHINHA;Daniel Freitas;33261930001630;LAJECRIL ARTEFATOS DE CIMENTO LTDA;1264718.8
09032023-037197;202339490001;MUNICIPIO DE FORQUILHINHA;Daniel Freitas;89858250001140;DIDATICA INDUSTRIA E COMERCIO DE BRINQUEDOS LTDA;12886.78
09032023-037197;202339490001;MUNICIPIO DE FORQUILHINHA;Daniel Freitas;58956350001180;JR CONSTRUCOES E TERRAPLENAGEM LTDA EPP;892682.62
09032023-037417;202339800001;MUNICIPIO DE FORQUILHINHA;Fabio Schiochet;03603050001040;CAIXA ECONOMICA FEDERAL;350.0
09032023-037417;202339800001;MUNICIPIO DE FORQUILHINHA;Fabio Schiochet;33261930001630;LAJECRIL ARTEFATOS DE CIMENTO LTDA;1264718.8
09032023-037417;202339800001;MUNICIPIO DE FORQUILHINHA;Fabio Schiochet;89858250001140;DIDATICA INDUSTRIA E COMERCIO DE BRINQUEDOS LTDA;12886.78
09032023-037417;202339800001;MUNICIPIO DE FORQUILHINHA;Fabio Schiochet;58956350001180;JR CONSTRUCOES E TERRAPLENAGEM LTDA EPP;892682.62
09032023-038037;202340620003;MUNICIPIO DE FORQUILHINHA;Ricardo Guidi;03603050001040;CAIXA ECONOMICA FEDERAL;350.0
09032023-038037;202340620003;MUNICIPIO DE FORQUILHINHA;Ricardo Guidi;33261930001630;LAJECRIL ARTEFATOS DE CIMENTO LTDA;1264718.8
09032023-038037;202340620003;MUNICIPIO DE FORQUILHINHA;Ricardo Guidi;89858250001140;DIDATICA INDUSTRIA E COMERCIO DE BRINQUEDOS LTDA;12886.78
09032023-038037;202340620003;MUNICIPIO DE FORQUILHINHA;Ricardo Guidi;58956350001180;JR CONSTRUCOES E TERRAPLENAGEM LTDA EPP;892682.62
09032024-069063;202422100016;MUNICIPIO DE FORQUILHINHA;Esperidião Amin;03603050001040;CAIXA ECONOMICA FEDERAL;12.0
09032024-069380;202439800001;MUNICIPIO DE FORQUILHINHA;Fabio Schiochet;03603050001040;CAIXA ECONOMICA FEDERAL;636.0
09032024-073502;202440620002;MUNICIPIO DE FORQUILHINHA;Ricardo Guidi;03603050001040;CAIXA ECONOMICA FEDERAL;240.0
09032024-073849;202442090002;MUNICIPIO DE FORQUILHINHA;Jorge Goetten;03603050001040;CAIXA ECONOMICA FEDERAL;60.0
09032024-073936;202442730001;MUNICIPIO DE FORQUILHINHA;Jorge Seif;03603050001040;CAIXA ECONOMICA FEDERAL;12.0
09032023-038434;202341290008;MUNICIPIO DE ARAQUARI;Rodrigo Coelho;05211130001320;SALVER CONSTRUTORA E INCORPORADORA LTDA;1395705.98
09032023-038434;202341290008;MUNICIPIO DE ARAQUARI;Rodrigo Coelho;03603050001040;CAIXA ECONOMICA FEDERAL;94.0
09032023-038432;202341290006;MUNICIPIO DE MASSARANDUBA;Rodrigo Coelho;03603050001040;CAIXA ECONOMICA FEDERAL;279.0
09032023-038432;202341290006;MUNICIPIO DE MASSARANDUBA;Rodrigo Coelho;94207110001900;FROEHLICH & FROEHLICH LTDA;171078.17999999996
09032023-038432;202341290006;MUNICIPIO DE MASSARANDUBA;Rodrigo Coelho;05560520001490;PREMOCON ARTEFATOS DE CONCRETO LTDA;22702.5
09032023-038432;202341290006;MUNICIPIO DE MASSARANDUBA;Rodrigo Coelho;89969400001940;PSI INDUSTRIA E COMERCIO DE ARTEFATOS LTDA;14544.0
09032022-014147;202232350003;MUNICIPIO DE MASSARANDUBA;Geovania De Sá;86289960001960;VB CONSTRUCAO CIVIL LTDA;236875.0
09032022-021860;202241850010;MUNICIPIO DE MASSARANDUBA;Jorginho Mello;86289960001960;VB CONSTRUCAO CIVIL LTDA;236875.0
09032023-037080;202339320001;MUNICIPIO DE MASSARANDUBA;Caroline de Toni;03603050001040;CAIXA ECONOMICA FEDERAL;279.0
09032023-037080;202339320001;MUNICIPIO DE MASSARANDUBA;Caroline de Toni;94207110001900;FROEHLICH & FROEHLICH LTDA;171078.17999999996
09032023-037080;202339320001;MUNICIPIO DE MASSARANDUBA;Caroline de Toni;05560520001490;PREMOCON ARTEFATOS DE CONCRETO LTDA;22702.5
09032023-037080;202339320001;MUNICIPIO DE MASSARANDUBA;Caroline de Toni;89969400001940;PSI INDUSTRIA E COMERCIO DE ARTEFATOS LTDA;14544.0
09032023-034426;202322100001;MUNICIPIO DE MASSARANDUBA;Esperidião Amin;03603050001040;CAIXA ECONOMICA FEDERAL;279.0
09032023-034426;202322100001;MUNICIPIO DE MASSARANDUBA;Esperidião Amin;94207110001900;FROEHLICH & FROEHLICH LTDA;171078.17999999996
09032023-034426;202322100001;MUNICIPIO DE MASSARANDUBA;Esperidião Amin;05560520001490;PREMOCON ARTEFATOS DE CONCRETO LTDA;22702.5
09032023-034426;202322100001;MUNICIPIO DE MASSARANDUBA;Esperidião Amin;89969400001940;PSI INDUSTRIA E COMERCIO DE ARTEFATOS LTDA;14544.0
09032024-072780;202439290001;MUNICIPIO DE MASSARANDUBA;Carlos Chiodini;36209270001120;PAVIPLAN PAVIMENTACAO LTDA;737529.43
09032023-034424;202322100001;MUNICIPIO DE SIDEROPOLIS;Esperidião Amin;03603050001040;CAIXA ECONOMICA FEDERAL;24.0
09032022-021858;202241850010;MUNICIPIO DE SIDEROPOLIS;Jorginho Mello;45727870001170;CONSORCIO INTERMUNICIPAL DE RESIDUOS SOLIDOS URBANOS DA REGIAO SUL - CIRSURES;100000.0
09032023-031266;202332350003;MUNICIPIO DE SIDEROPOLIS;Geovania De Sá;03603050001040;CAIXA ECONOMICA FEDERAL;24.0
09032023-037204;202339490001;MUNICIPIO DE SIDEROPOLIS;Daniel Freitas;03603050001040;CAIXA ECONOMICA FEDERAL;24.0
09032024-069105;202422100016;MUNICIPIO DE SIDEROPOLIS;Esperidião Amin;03603050001040;CAIXA ECONOMICA FEDERAL;12.0
0903-004177;202028560001;MUNICIPIO DE ATALANTA;Rogério Peninha Mendonça;59092580001290;BRITAGEM SANTA TEREZA LTDA;8476.0
0903-004177;202028560001;MUNICIPIO DE ATALANTA;Rogério Peninha Mendonça;03603050001040;CAIXA ECONOMICA FEDERAL;180.0
0903-004177;202028560001;MUNICIPIO DE ATALANTA;Rogério Peninha Mendonça;00000000053457;ANA BICOSKI MARCHINHAKI;1598.0
0903-004177;202028560001;MUNICIPIO DE ATALANTA;Rogério Peninha Mendonça;00000000026363;JULIANO FLORENCIO DA SILVA;800.0
0903-004177;202028560001;MUNICIPIO DE ATALANTA;Rogério Peninha Mendonça;00000000034774;DIMAS ANTONIO SIQUEIRA;239.15
09032023-035156;202328560001;MUNICIPIO DE ATALANTA;Rogério Peninha Mendonça;03603050001040;CAIXA ECONOMICA FEDERAL;229.5
09032023-038039;202340620003;MUNICIPIO DE ATALANTA;Ricardo Guidi;03603050001040;CAIXA ECONOMICA FEDERAL;229.5
09032023-037077;202339320001;MUNICIPIO DE VARGEAO;Caroline de Toni;00000000000191;BANCO DO BRASIL SA;30692.19
09032021-013428;202141850007;MUNICIPIO DE MAJOR VIEIRA;Jorginho Mello;94658890001570;EXTRABRIT MINERACAO LTDA;283350.0
09032022-019868;202239290005;MUNICIPIO DE MAJOR VIEIRA;Carlos Chiodini;26748010001680;FORTECOM CONCRETO E CONSTRUCAO LTDA;499938.81999999995
09032022-019868;202239290005;MUNICIPIO DE MAJOR VIEIRA;Carlos Chiodini;03603050001040;CAIXA ECONOMICA FEDERAL;155.0
09032022-019868;202239290005;MUNICIPIO DE MAJOR VIEIRA;Carlos Chiodini;38817080001970;HOBI MINERACAO E TRANSPORTES LTDA.;45732.59
0903-003776;202025690009;MUNICIPIO DE PASSO DE TORRES;Celso Maldaner;83722220001470;PRE MOLDADOS PAGANI LTDA;37347.6
0903-003776;202025690009;MUNICIPIO DE PASSO DE TORRES;Celso Maldaner;03603050001040;CAIXA ECONOMICA FEDERAL;220.45
0903-003776;202025690009;MUNICIPIO DE PASSO DE TORRES;Celso Maldaner;00000000009094;MARCOS REUS DAROS;51000.0
0903-004720;202032350006;MUNICIPIO DE PASSO DE TORRES;Geovania De Sá;83722220001470;PRE MOLDADOS PAGANI LTDA;37347.6
0903-004720;202032350006;MUNICIPIO DE PASSO DE TORRES;Geovania De Sá;03603050001040;CAIXA ECONOMICA FEDERAL;220.45
0903-004720;202032350006;MUNICIPIO DE PASSO DE TORRES;Geovania De Sá;00000000009094;MARCOS REUS DAROS;51000.0
09032023-031234;202332350003;MUNICIPIO DE PASSO DE TORRES;Geovania De Sá;03603050001040;CAIXA ECONOMICA FEDERAL;24.0
09032024-073937;202442730001;MUNICIPIO DE PASSO DE TORRES;Jorge Seif;03603050001040;CAIXA ECONOMICA FEDERAL;12.0
09032026-089768;202639490005;MUNICIPIO DE PASSO DE TORRES;Daniel Freitas;00000000000191;BANCO DO BRASIL SA;5472500.0
09032021-011968;202139320005;MUNICIPIO DE CAPINZAL;Caroline de Toni;03603050001040;CAIXA ECONOMICA FEDERAL;54.45
09032021-011968;202139320005;MUNICIPIO DE CAPINZAL;Caroline de Toni;92236590001810;VIGA - PAVIMENTACAO E OBRAS LTDA.;423097.97000000003
09032021-011968;202139320005;MUNICIPIO DE CAPINZAL;Caroline de Toni;79536890001180;FAGUNDEZ DISTRIBUICAO LTDA;698.41
0903-003353;202028560001;MUNICIPIO DE AURORA;Rogério Peninha Mendonça;03603050001040;CAIXA ECONOMICA FEDERAL;94.05000000000001
0903-003568;202025690009;MUNICIPIO DE AURORA;Celso Maldaner;03603050001040;CAIXA ECONOMICA FEDERAL;94.05000000000001
09032021-010431;202128560001;MUNICIPIO DE AURORA;Rogério Peninha Mendonça;03944600058870;MINISTERIO DA FAZENDA;9600.0
09032021-010431;202128560001;MUNICIPIO DE AURORA;Rogério Peninha Mendonça;05211130001320;SALVER CONSTRUTORA E INCORPORADORA LTDA;290400.0
09032022-016111;202237860003;MUNICIPIO DE AURORA;Dário Berger;03603050001040;CAIXA ECONOMICA FEDERAL;56.0
09032022-016111;202237860003;MUNICIPIO DE AURORA;Dário Berger;05211130001320;SALVER CONSTRUTORA E INCORPORADORA LTDA;158830.4
09032022-018206;202228560001;MUNICIPIO DE AURORA;Rogério Peninha Mendonça;03603050001040;CAIXA ECONOMICA FEDERAL;56.0
09032022-018206;202228560001;MUNICIPIO DE AURORA;Rogério Peninha Mendonça;05211130001320;SALVER CONSTRUTORA E INCORPORADORA LTDA;158830.4
09032023-035166;202328560012;MUNICIPIO DE AURORA;Rogério Peninha Mendonça;03603050001040;CAIXA ECONOMICA FEDERAL;189.0
09032023-035166;202328560012;MUNICIPIO DE AURORA;Rogério Peninha Mendonça;59092580001290;BRITAGEM SANTA TEREZA LTDA;27818.96
09032023-035166;202328560012;MUNICIPIO DE AURORA;Rogério Peninha Mendonça;00000000008894;ROGERIO BILK NETO;27005.5
09032024-075059;202444480002;MUNICIPIO DE AURORA;Pezenti;03603050001040;CAIXA ECONOMICA FEDERAL;24.0
09032024-075059;202444480002;MUNICIPIO DE AURORA;Pezenti;61459280001400;CONSTRUCAO CIVIL M G LTDA;457398.38
09032026-093898;202642090003;MUNICIPIO DE AURORA;Jorge Goetten;00000000000191;BANCO DO BRASIL SA;567150.0
09032022-016337;202239530001;MUNICIPIO DE RANCHO QUEIMADO;Darci de Matos;95226420001250;FUNDO MUNICIPAL DE SAUDE DE RANCHO QUEIMADO;239522.44
09032022-016337;202239530001;MUNICIPIO DE RANCHO QUEIMADO;Darci de Matos;95497050001370;MAGNUS ENGENHARIA LTDA;74170.5
09032022-020034;202239490001;MUNICIPIO DE RANCHO QUEIMADO;Daniel Freitas;95226420001250;FUNDO MUNICIPAL DE SAUDE DE RANCHO QUEIMADO;239522.44
09032022-020034;202239490001;MUNICIPIO DE RANCHO QUEIMADO;Daniel Freitas;95497050001370;MAGNUS ENGENHARIA LTDA;74170.5
09032024-068223;202439490003;MUNICIPIO DE RANCHO QUEIMADO;Daniel Freitas;08208540001140;QUALIDADE MINERACAO LTDA;1894334.3399999999
09032024-068223;202439490003;MUNICIPIO DE RANCHO QUEIMADO;Daniel Freitas;03603050001040;CAIXA ECONOMICA FEDERAL;132.0
09032024-068673;202442510013;MUNICIPIO DE RANCHO QUEIMADO;Ivete da Silveira;03603050001040;CAIXA ECONOMICA FEDERAL;12.0
09032024-073870;202442090002;MUNICIPIO DE RANCHO QUEIMADO;Jorge Goetten;03603050001040;CAIXA ECONOMICA FEDERAL;12.0
09032024-068790;202442510012;MUNICIPIO DE RANCHO QUEIMADO;Ivete da Silveira;03603050001040;CAIXA ECONOMICA FEDERAL;36.0
09032024-073981;202442730001;MUNICIPIO DE RANCHO QUEIMADO;Jorge Seif;03603050001040;CAIXA ECONOMICA FEDERAL;36.0
09032025-081784;202522100013;MUNICIPIO DE RANCHO QUEIMADO;Esperidião Amin;00000000000191;BANCO DO BRASIL SA;200263.93
09032026-093907;202642090003;MUNICIPIO DE RANCHO QUEIMADO;Jorge Goetten;00000000000191;BANCO DO BRASIL SA;259921.6
09032026-096345;202640620003;MUNICIPIO DE RANCHO QUEIMADO;Ricardo Guidi;00000000000191;BANCO DO BRASIL SA;398000.0
09032022-016148;202237860003;MUNICIPIO DE ITUPORANGA;Dário Berger;03603050001040;CAIXA ECONOMICA FEDERAL;11.0
09032022-017400;202222100001;MUNICIPIO DE ITUPORANGA;Esperidião Amin;03603050001040;CAIXA ECONOMICA FEDERAL;11.0
09032022-017154;202218800004;MUNICIPIO DE ITUPORANGA;Angela Amin;03603050001040;CAIXA ECONOMICA FEDERAL;11.0
09032023-035172;202328560018;MUNICIPIO DE ITUPORANGA;Rogério Peninha Mendonça;03603050001040;CAIXA ECONOMICA FEDERAL;114.0
09032023-034427;202322100001;MUNICIPIO DE ITUPORANGA;Esperidião Amin;03603050001040;CAIXA ECONOMICA FEDERAL;114.0
09032023-037011;202339290002;MUNICIPIO DE ITUPORANGA;Carlos Chiodini;03603050001040;CAIXA ECONOMICA FEDERAL;114.0
09032024-066117;202442730002;MUNICIPIO DE ITUPORANGA;Jorge Seif;57827330003000;CIAMED - DISTRIBUIDORA DE MEDICAMENTOS LTDA.;1602.22
09032024-066117;202442730002;MUNICIPIO DE ITUPORANGA;Jorge Seif;43553940001510;PROHOSP DISTRIBUIDORA DE MEDICAMENTOS LTDA.;297.88
09032024-066117;202442730002;MUNICIPIO DE ITUPORANGA;Jorge Seif;03603050001040;CAIXA ECONOMICA FEDERAL;336.0
09032024-066117;202442730002;MUNICIPIO DE ITUPORANGA;Jorge Seif;28166960001540;PONTAMED FARMACEUTICA LTDA;4462.32
09032024-066117;202442730002;MUNICIPIO DE ITUPORANGA;Jorge Seif;99443710001040;SULMEDIC COMERCIO DE MEDICAMENTOS LTDA;1090.23
09032024-066117;202442730002;MUNICIPIO DE ITUPORANGA;Jorge Seif;55317250001200;SOMA/SC PRODUTOS HOSPITALARES LTDA;5314.51
09032024-066117;202442730002;MUNICIPIO DE ITUPORANGA;Jorge Seif;77522360001230;MEDILAR IMPORTACAO E DISTRIBUICAO DE PRODUTOS MEDICO HOSPITALARES S/A;712.88
09032024-066117;202442730002;MUNICIPIO DE ITUPORANGA;Jorge Seif;25208290003020;DIMASTER - COMERCIO DE PRODUTOS HOSPITALARES LTDA.;569.97
09032024-066117;202442730002;MUNICIPIO DE ITUPORANGA;Jorge Seif;48893150001920;S & R DISTRIBUIDORA LTDA;287.98
09032024-066117;202442730002;MUNICIPIO DE ITUPORANGA;Jorge Seif;36520300003320;CENTERMEDI-COMERCIO DE PRODUTOS HOSPITALARES LTDA;11895.95
09032024-066117;202442730002;MUNICIPIO DE ITUPORANGA;Jorge Seif;08020020001020;ALTERMED MATERIAL MEDICO HOSPITALAR LTDA;1745.67
09032024-066117;202442730002;MUNICIPIO DE ITUPORANGA;Jorge Seif;40993950001820;SANTISA LABORATORIO FARMACEUTICO S.A;428.79
09032024-066117;202442730002;MUNICIPIO DE ITUPORANGA;Jorge Seif;40712450001600;LICIMED DISTRIBUIDORA DE MEDICAMENTOS, CORRELATOS E PRODUTOS MEDICOS E HOSPITALARES LTDA;257.87
09032024-074497;202443390001;MUNICIPIO DE ITUPORANGA;Daniela Reinehr;50355320018260;METRONORTE COMERCIAL DE VEICULOS LTDA;197600.0
09032024-074497;202443390001;MUNICIPIO DE ITUPORANGA;Daniela Reinehr;03603050001040;CAIXA ECONOMICA FEDERAL;12.0
09032021-009481;202118800011;MUNICIPIO DE PALHOCA;Angela Amin;35992420001310;MEGA JET COMERCIO E REPRESENTACAO LTDA.;95134.26
09032021-011524;202137860003;MUNICIPIO DE PALHOCA;Dário Berger;35992420001310;MEGA JET COMERCIO E REPRESENTACAO LTDA.;95134.26
09032026-095814;202639320001;MUNICIPIO DE PALHOCA;Caroline de Toni;00000000000191;BANCO DO BRASIL SA;796000.0
09032026-097252;202643250001;MUNICIPIO DE PALHOCA;Cobalchini;00000000000191;BANCO DO BRASIL SA;35614.16
09032026-097251;202643250001;MUNICIPIO DE PALHOCA;Cobalchini;00000000000191;BANCO DO BRASIL SA;35614.16
09032026-091791;202644010005;MUNICIPIO DE PALHOCA;Julia Zanatta;00000000000191;BANCO DO BRASIL SA;597000.0
09032026-096782;202642510003;ESTADO DE SANTA CATARINA;Ivete da Silveira;00000000000191;BANCO DO BRASIL SA;497500.0
09032022-016138;202237860003;MUNICIPIO DE ORLEANS;Dário Berger;88188990001660;ELETRICA SAO CLEMENTE LTDA;195486.24
09032022-016138;202237860003;MUNICIPIO DE ORLEANS;Dário Berger;03603050001040;CAIXA ECONOMICA FEDERAL;22.0
09032023-038053;202340620003;MUNICIPIO DE ORLEANS;Ricardo Guidi;03603050001040;CAIXA ECONOMICA FEDERAL;33.0
09032023-038053;202340620003;MUNICIPIO DE ORLEANS;Ricardo Guidi;14326150001500;STANG TRANSPORTE E COMERCIO DE MATERIAL DE CONSTRUCAO S.A.;649535.98
0903-003499;202025690009;MUNICIPIO DE QUILOMBO;Celso Maldaner;04898280090200;MINISTERIO DA GESTAO E DA INOVACAO EM SERVICOS PUBLICOS;761.83
0903-003499;202025690009;MUNICIPIO DE QUILOMBO;Celso Maldaner;44066600001280;TERRAMAX - CONSTRUCOES E OBRAS LTDA;497289.73000000004
09032022-016418;202228550021;MUNICIPIO DE QUILOMBO;Pedro Uczai;03603050001040;CAIXA ECONOMICA FEDERAL;11.0
09032023-033069;202328550022;MUNICIPIO DE QUILOMBO;Pedro Uczai;04898280090200;MINISTERIO DA GESTAO E DA INOVACAO EM SERVICOS PUBLICOS;20015.31
09032023-039004;202342510010;MUNICIPIO DE QUILOMBO;Ivete da Silveira;04898280090200;MINISTERIO DA GESTAO E DA INOVACAO EM SERVICOS PUBLICOS;20015.31
09032022-017401;202222100001;MUNICIPIO DE GUATAMBU;Esperidião Amin;03603050001040;CAIXA ECONOMICA FEDERAL;22.0
09032023-034181;202318800004;MUNICIPIO DE JOINVILLE;Angela Amin;35743700001200;EMPREITEIRA DE MAO DE OBRA ADRIMAR LTDA;207345.36
09032023-037181;202339440018;MUNICIPIO DE JOINVILLE;Coronel Armando;35743700001200;EMPREITEIRA DE MAO DE OBRA ADRIMAR LTDA;207345.36
09032023-038428;202341290001;MUNICIPIO DE JOINVILLE;Rodrigo Coelho;35743700001200;EMPREITEIRA DE MAO DE OBRA ADRIMAR LTDA;207345.36
09032023-038429;202341290003;MUNICIPIO DE JOINVILLE;Rodrigo Coelho;35743700001200;EMPREITEIRA DE MAO DE OBRA ADRIMAR LTDA;207345.36
09032026-096793;202642510003;MUNICIPIO DE JOINVILLE;Ivete da Silveira;00000000000191;BANCO DO BRASIL SA;249045.06
09032026-096792;202642510003;MUNICIPIO DE JOINVILLE;Ivete da Silveira;00000000000191;BANCO DO BRASIL SA;249045.06
09032026-089629;202632350004;MUNICIPIO DE JOINVILLE;Geovania De Sá;00000000000191;BANCO DO BRASIL SA;497500.0
09032026-093924;202642090003;MUNICIPIO DE JOINVILLE;Jorge Goetten;00000000000191;BANCO DO BRASIL SA;398000.0
09032026-096796;202642510003;MUNICIPIO DE JOINVILLE;Ivete da Silveira;00000000000191;BANCO DO BRASIL SA;249045.06
09032026-096794;202642510003;MUNICIPIO DE JOINVILLE;Ivete da Silveira;00000000000191;BANCO DO BRASIL SA;249045.06
09032026-096795;202642510003;MUNICIPIO DE JOINVILLE;Ivete da Silveira;00000000000191;BANCO DO BRASIL SA;249045.06
0903-003497;202028560001;MUNICIPIO DE SAO JOAO BATISTA;Rogério Peninha Mendonça;16170160001000;NASCIMENTO EXTRACAO E COMERCIO DE AREIA LTDA;50000.0
0903-003497;202028560001;MUNICIPIO DE SAO JOAO BATISTA;Rogério Peninha Mendonça;25506780001730;JOSE LUIZ GONCALVES TEDA;2921.0099999999998
0903-003497;202028560001;MUNICIPIO DE SAO JOAO BATISTA;Rogério Peninha Mendonça;87129970001140;SILVA SANTOS ARTEFATOS DE CIMENTO LTDA;50282.0
09032022-016123;202237860003;MUNICIPIO DE SAO JOAO BATISTA;Dário Berger;87129970001140;SILVA SANTOS ARTEFATOS DE CIMENTO LTDA;63845.5
09032022-016123;202237860003;MUNICIPIO DE SAO JOAO BATISTA;Dário Berger;16501780001400;C R ARTEFATOS DE CIMENTO LTDA;226714.51
09032022-016123;202237860003;MUNICIPIO DE SAO JOAO BATISTA;Dário Berger;03603050001040;CAIXA ECONOMICA FEDERAL;309.0
09032022-016123;202237860003;MUNICIPIO DE SAO JOAO BATISTA;Dário Berger;71112450001350;CEMAN COMERCIO DE AREIA LTDA;25631.1
09032023-034400;202322100001;MUNICIPIO DE SAO JOAO BATISTA;Esperidião Amin;03603050001040;CAIXA ECONOMICA FEDERAL;459.0
09032023-034400;202322100001;MUNICIPIO DE SAO JOAO BATISTA;Esperidião Amin;87129970001140;SILVA SANTOS ARTEFATOS DE CIMENTO LTDA;304433.0
09032023-034400;202322100001;MUNICIPIO DE SAO JOAO BATISTA;Esperidião Amin;16170160001000;NASCIMENTO EXTRACAO E COMERCIO DE AREIA LTDA;115375.0
09032023-034400;202322100001;MUNICIPIO DE SAO JOAO BATISTA;Esperidião Amin;71112450001350;CEMAN COMERCIO DE AREIA LTDA;166608.57
09032023-034400;202322100001;MUNICIPIO DE SAO JOAO BATISTA;Esperidião Amin;16501780001400;C R ARTEFATOS DE CIMENTO LTDA;7992.0
09032023-034400;202322100001;MUNICIPIO DE SAO JOAO BATISTA;Esperidião Amin;72563050001080;CONSTRUTORA WDD LTDA;8276.48
09032022-018224;202228560001;MUNICIPIO DE SAO JOAO BATISTA;Rogério Peninha Mendonça;87129970001140;SILVA SANTOS ARTEFATOS DE CIMENTO LTDA;63845.5
09032022-018224;202228560001;MUNICIPIO DE SAO JOAO BATISTA;Rogério Peninha Mendonça;16501780001400;C R ARTEFATOS DE CIMENTO LTDA;226714.51
09032022-018224;202228560001;MUNICIPIO DE SAO JOAO BATISTA;Rogério Peninha Mendonça;03603050001040;CAIXA ECONOMICA FEDERAL;309.0
09032022-018224;202228560001;MUNICIPIO DE SAO JOAO BATISTA;Rogério Peninha Mendonça;71112450001350;CEMAN COMERCIO DE AREIA LTDA;25631.1
09032022-021032;202240620006;MUNICIPIO DE SAO JOAO BATISTA;Ricardo Guidi;87129970001140;SILVA SANTOS ARTEFATOS DE CIMENTO LTDA;63845.5
09032022-021032;202240620006;MUNICIPIO DE SAO JOAO BATISTA;Ricardo Guidi;16501780001400;C R ARTEFATOS DE CIMENTO LTDA;226714.51
09032022-021032;202240620006;MUNICIPIO DE SAO JOAO BATISTA;Ricardo Guidi;03603050001040;CAIXA ECONOMICA FEDERAL;309.0
09032022-021032;202240620006;MUNICIPIO DE SAO JOAO BATISTA;Ricardo Guidi;71112450001350;CEMAN COMERCIO DE AREIA LTDA;25631.1
09032023-035179;202328560025;MUNICIPIO DE SAO JOAO BATISTA;Rogério Peninha Mendonça;03603050001040;CAIXA ECONOMICA FEDERAL;459.0
09032023-035179;202328560025;MUNICIPIO DE SAO JOAO BATISTA;Rogério Peninha Mendonça;87129970001140;SILVA SANTOS ARTEFATOS DE CIMENTO LTDA;304433.0
09032023-035179;202328560025;MUNICIPIO DE SAO JOAO BATISTA;Rogério Peninha Mendonça;16170160001000;NASCIMENTO EXTRACAO E COMERCIO DE AREIA LTDA;115375.0
09032023-035179;202328560025;MUNICIPIO DE SAO JOAO BATISTA;Rogério Peninha Mendonça;71112450001350;CEMAN COMERCIO DE AREIA LTDA;166608.57
09032023-035179;202328560025;MUNICIPIO DE SAO JOAO BATISTA;Rogério Peninha Mendonça;16501780001400;C R ARTEFATOS DE CIMENTO LTDA;7992.0
09032023-035179;202328560025;MUNICIPIO DE SAO JOAO BATISTA;Rogério Peninha Mendonça;72563050001080;CONSTRUTORA WDD LTDA;8276.48
09032023-036997;202339290002;MUNICIPIO DE SAO JOAO BATISTA;Carlos Chiodini;03603050001040;CAIXA ECONOMICA FEDERAL;459.0
09032023-036997;202339290002;MUNICIPIO DE SAO JOAO BATISTA;Carlos Chiodini;87129970001140;SILVA SANTOS ARTEFATOS DE CIMENTO LTDA;304433.0
09032023-036997;202339290002;MUNICIPIO DE SAO JOAO BATISTA;Carlos Chiodini;16170160001000;NASCIMENTO EXTRACAO E COMERCIO DE AREIA LTDA;115375.0
09032023-036997;202339290002;MUNICIPIO DE SAO JOAO BATISTA;Carlos Chiodini;71112450001350;CEMAN COMERCIO DE AREIA LTDA;166608.57
09032023-036997;202339290002;MUNICIPIO DE SAO JOAO BATISTA;Carlos Chiodini;16501780001400;C R ARTEFATOS DE CIMENTO LTDA;7992.0
09032023-036997;202339290002;MUNICIPIO DE SAO JOAO BATISTA;Carlos Chiodini;72563050001080;CONSTRUTORA WDD LTDA;8276.48
09032023-039009;202342510010;MUNICIPIO DE SAO JOAO BATISTA;Ivete da Silveira;03603050001040;CAIXA ECONOMICA FEDERAL;459.0
09032023-039009;202342510010;MUNICIPIO DE SAO JOAO BATISTA;Ivete da Silveira;87129970001140;SILVA SANTOS ARTEFATOS DE CIMENTO LTDA;304433.0
09032023-039009;202342510010;MUNICIPIO DE SAO JOAO BATISTA;Ivete da Silveira;16170160001000;NASCIMENTO EXTRACAO E COMERCIO DE AREIA LTDA;115375.0
09032023-039009;202342510010;MUNICIPIO DE SAO JOAO BATISTA;Ivete da Silveira;71112450001350;CEMAN COMERCIO DE AREIA LTDA;166608.57
09032023-039009;202342510010;MUNICIPIO DE SAO JOAO BATISTA;Ivete da Silveira;16501780001400;C R ARTEFATOS DE CIMENTO LTDA;7992.0
09032023-039009;202342510010;MUNICIPIO DE SAO JOAO BATISTA;Ivete da Silveira;72563050001080;CONSTRUTORA WDD LTDA;8276.48
09032024-068675;202442510013;MUNICIPIO DE SAO JOAO BATISTA;Ivete da Silveira;03603050001040;CAIXA ECONOMICA FEDERAL;12.0
09032024-068675;202442510013;MUNICIPIO DE SAO JOAO BATISTA;Ivete da Silveira;71112450001350;CEMAN COMERCIO DE AREIA LTDA;61545.0
09032024-068792;202442510012;MUNICIPIO DE SAO JOAO BATISTA;Ivete da Silveira;03603050001040;CAIXA ECONOMICA FEDERAL;96.0
09032024-068792;202442510012;MUNICIPIO DE SAO JOAO BATISTA;Ivete da Silveira;15133150001030;PLM CONSTRUCOES E COMERCIO LTDA;148184.76999999996
09032024-068792;202442510012;MUNICIPIO DE SAO JOAO BATISTA;Ivete da Silveira;87129970001140;SILVA SANTOS ARTEFATOS DE CIMENTO LTDA;8055.34
09032024-072830;202439320001;MUNICIPIO DE SAO JOAO BATISTA;Caroline de Toni;71112450001350;CEMAN COMERCIO DE AREIA LTDA;196750.0
09032024-072830;202439320001;MUNICIPIO DE SAO JOAO BATISTA;Caroline de Toni;03603050001040;CAIXA ECONOMICA FEDERAL;24.0
09032024-072830;202439320001;MUNICIPIO DE SAO JOAO BATISTA;Caroline de Toni;16170160001000;NASCIMENTO EXTRACAO E COMERCIO DE AREIA LTDA;53250.0
09032023-037052;202339320001;MUNICIPIO DE SAO JOAO BATISTA;Caroline de Toni;03603050001040;CAIXA ECONOMICA FEDERAL;459.0
09032023-037052;202339320001;MUNICIPIO DE SAO JOAO BATISTA;Caroline de Toni;87129970001140;SILVA SANTOS ARTEFATOS DE CIMENTO LTDA;304433.0
09032023-037052;202339320001;MUNICIPIO DE SAO JOAO BATISTA;Caroline de Toni;16170160001000;NASCIMENTO EXTRACAO E COMERCIO DE AREIA LTDA;115375.0
09032023-037052;202339320001;MUNICIPIO DE SAO JOAO BATISTA;Caroline de Toni;71112450001350;CEMAN COMERCIO DE AREIA LTDA;166608.57
09032023-037052;202339320001;MUNICIPIO DE SAO JOAO BATISTA;Caroline de Toni;16501780001400;C R ARTEFATOS DE CIMENTO LTDA;7992.0
09032023-037052;202339320001;MUNICIPIO DE SAO JOAO BATISTA;Caroline de Toni;72563050001080;CONSTRUTORA WDD LTDA;8276.48
09032023-037071;202339320001;MUNICIPIO DE OURO;Caroline de Toni;92236590001810;VIGA - PAVIMENTACAO E OBRAS LTDA.;1250624.7200000002
09032023-039030;202342510010;MUNICIPIO DE OURO;Ivete da Silveira;92236590001810;VIGA - PAVIMENTACAO E OBRAS LTDA.;1250624.7200000002
09032023-034418;202322100001;MUNICIPIO DE OURO;Esperidião Amin;92236590001810;VIGA - PAVIMENTACAO E OBRAS LTDA.;1250624.7200000002
09032026-094600;202622100012;MUNICIPIO DE OURO;Esperidião Amin;00000000000191;BANCO DO BRASIL SA;398000.0
09032021-013431;202141850007;MUNICIPIO DE SOMBRIO;Jorginho Mello;03603050001040;CAIXA ECONOMICA FEDERAL;48.0
0903-004617;202022100018;MUNICIPIO DE PAULO LOPES;Esperidião Amin;19650250001920;C.A.P. CONSTRUCAO E TERRAPLENAGEM LTDA;350189.06
0903-004370;202032350006;MUNICIPIO DE PAULO LOPES;Geovania De Sá;19650250001920;C.A.P. CONSTRUCAO E TERRAPLENAGEM LTDA;350189.06
09032024-068006;202444010006;MUNICIPIO DE PAULO LOPES;Julia Zanatta;08208540001140;QUALIDADE MINERACAO LTDA;231405.99
09032024-072821;202439320001;MUNICIPIO DE PAULO LOPES;Caroline de Toni;93466670001150;NCL PAVIMENTACAO LTDA;94030.87
09032024-072821;202439320001;MUNICIPIO DE PAULO LOPES;Caroline de Toni;08208540001140;QUALIDADE MINERACAO LTDA;1952.34
09032024-073866;202442090002;MUNICIPIO DE PAULO LOPES;Jorge Goetten;93466670001150;NCL PAVIMENTACAO LTDA;95802.30000000002
09032024-073866;202442090002;MUNICIPIO DE PAULO LOPES;Jorge Goetten;00000000000191;BANCO DO BRASIL SA;13.08
09032024-073866;202442090002;MUNICIPIO DE PAULO LOPES;Jorge Goetten;08208540001140;QUALIDADE MINERACAO LTDA;9182.47
09032024-074455;202443390001;MUNICIPIO DE PAULO LOPES;Daniela Reinehr;93466670001150;NCL PAVIMENTACAO LTDA;149074.04
09032024-075294;202444930001;MUNICIPIO DE PAULO LOPES;Zé Trovão;08208540001140;QUALIDADE MINERACAO LTDA;980946.7000000001
09032025-083182;202539290001;MUNICIPIO DE PAULO LOPES;Carlos Chiodini;08208540001140;QUALIDADE MINERACAO LTDA;204938.23
09032025-083883;202540620003;MUNICIPIO DE PAULO LOPES;Ricardo Guidi;08208540001140;QUALIDADE MINERACAO LTDA;438619.19
09032026-094189;202643920005;MUNICIPIO DE PAULO LOPES;Ismael;08208540001140;QUALIDADE MINERACAO LTDA;616880.15
09032026-094189;202643920005;MUNICIPIO DE PAULO LOPES;Ismael;00000000000191;BANCO DO BRASIL SA;696500.0
09032025-085005;202543920008;MUNICIPIO DE PAULO LOPES;Ismael;08208540001140;QUALIDADE MINERACAO LTDA;903900.0
09032025-085069;202544010008;MUNICIPIO DE PAULO LOPES;Julia Zanatta;08208540001140;QUALIDADE MINERACAO LTDA;1752863.3599999999
09032025-085406;202544930005;MUNICIPIO DE PAULO LOPES;Zé Trovão;08208540001140;QUALIDADE MINERACAO LTDA;873098.0900000001
09032025-2-088539;202544930004;MUNICIPIO DE PAULO LOPES;Zé Trovão;08208540001140;QUALIDADE MINERACAO LTDA;1307868.46
09032025-2-087995;202539490004;MUNICIPIO DE PAULO LOPES;Daniel Freitas;08208540001140;QUALIDADE MINERACAO LTDA;872212.22
09032026-089608;202632350004;MUNICIPIO DE PAULO LOPES;Geovania De Sá;00000000000191;BANCO DO BRASIL SA;398000.0
09032026-096343;202640620003;MUNICIPIO DE PAULO LOPES;Ricardo Guidi;00000000000191;BANCO DO BRASIL SA;398000.0
09032021-010981;202132350006;MUNICIPIO DE TANGARA;Geovania De Sá;20812390001690;PEDREIRA TRIANGULO EXTRACAO E COMERCIALIZACAO DE PEDRAS;3399.38
09032023-2-041698;202342510010;MUNICIPIO DE TANGARA;Ivete da Silveira;03603050001040;CAIXA ECONOMICA FEDERAL;12.0
09032023-2-041698;202342510010;MUNICIPIO DE TANGARA;Ivete da Silveira;45406000001010;FLORIPAINEIS COMERCIO E SERVICOS LTDA;215102.28
09032024-068023;202444010006;MUNICIPIO DE TANGARA;Julia Zanatta;19249960003560;BRITAGEM GASPAR LTDA;129225.48999999999
09032024-068023;202444010006;MUNICIPIO DE TANGARA;Julia Zanatta;20812390001690;PEDREIRA TRIANGULO EXTRACAO E COMERCIALIZACAO DE PEDRAS LTDA;22197.88
09032024-069392;202439800001;MUNICIPIO DE TANGARA;Fabio Schiochet;19249960003560;BRITAGEM GASPAR LTDA;6610.98
0903-003254;202041850004;MUNICIPIO DE GOVERNADOR CELSO RAMOS;Jorginho Mello;03603050001040;CAIXA ECONOMICA FEDERAL;22.0
09032021-012116;202139530003;MUNICIPIO DE GOVERNADOR CELSO RAMOS;Darci de Matos;88577310001600;FUNDO MUNICIPAL DE SAUDE DE GOVERNADOR CELSO RAMOS;345681.81
09032022-014120;202232350003;MUNICIPIO DE GOVERNADOR CELSO RAMOS;Geovania De Sá;88577310001600;FUNDO MUNICIPAL DE SAUDE DE GOVERNADOR CELSO RAMOS;1000000.0
09032022-014120;202232350003;MUNICIPIO DE GOVERNADOR CELSO RAMOS;Geovania De Sá;59376720001410;EONIX COMERCIAL LTDA;47812.5
09032022-016115;202237860003;MUNICIPIO DE GOVERNADOR CELSO RAMOS;Dário Berger;88577310001600;FUNDO MUNICIPAL DE SAUDE DE GOVERNADOR CELSO RAMOS;1000000.0
09032022-016115;202237860003;MUNICIPIO DE GOVERNADOR CELSO RAMOS;Dário Berger;59376720001410;EONIX COMERCIAL LTDA;47812.5
09032022-016329;202239530001;MUNICIPIO DE GOVERNADOR CELSO RAMOS;Darci de Matos;88577310001600;FUNDO MUNICIPAL DE SAUDE DE GOVERNADOR CELSO RAMOS;1000000.0
09032022-016329;202239530001;MUNICIPIO DE GOVERNADOR CELSO RAMOS;Darci de Matos;59376720001410;EONIX COMERCIAL LTDA;47812.5
09032022-020032;202239490001;MUNICIPIO DE GOVERNADOR CELSO RAMOS;Daniel Freitas;88577310001600;FUNDO MUNICIPAL DE SAUDE DE GOVERNADOR CELSO RAMOS;1000000.0
09032022-020032;202239490001;MUNICIPIO DE GOVERNADOR CELSO RAMOS;Daniel Freitas;59376720001410;EONIX COMERCIAL LTDA;47812.5
09032026-094086;202644480001;MUNICIPIO DE GOVERNADOR CELSO RAMOS;Pezenti;00000000000191;BANCO DO BRASIL SA;398000.0
09032026-096339;202640620003;MUNICIPIO DE GOVERNADOR CELSO RAMOS;Ricardo Guidi;00000000000191;BANCO DO BRASIL SA;724585.39
09032022-020519;202240150005;MUNICIPIO DE OURO VERDE;Hélio Costa;03603050001040;CAIXA ECONOMICA FEDERAL;55.0
09032022-021842;202241850010;MUNICIPIO DE OURO VERDE;Jorginho Mello;03603050001040;CAIXA ECONOMICA FEDERAL;55.0
09032023-037062;202339320001;MUNICIPIO DE OURO VERDE;Caroline de Toni;03603050001040;CAIXA ECONOMICA FEDERAL;79.0
09032023-039018;202342510010;MUNICIPIO DE OURO VERDE;Ivete da Silveira;03603050001040;CAIXA ECONOMICA FEDERAL;79.0
0903-004407;202028560001;MUNICIPIO DE BOMBINHAS;Rogério Peninha Mendonça;03603050001040;CAIXA ECONOMICA FEDERAL;55.0
09032022-021516;202241290001;MUNICIPIO DE BOMBINHAS;Rodrigo Coelho;03603050001040;CAIXA ECONOMICA FEDERAL;11.0
09032023-037198;202339490001;MUNICIPIO DE BOMBINHAS;Daniel Freitas;03603050001040;CAIXA ECONOMICA FEDERAL;201.0
09032023-037198;202339490001;MUNICIPIO DE BOMBINHAS;Daniel Freitas;83059500001360;J & J SOLUCOES EM ARTEFATOS DE CIMENTO LTDA;46965.0
09032023-037198;202339490001;MUNICIPIO DE BOMBINHAS;Daniel Freitas;87129970001140;SILVA SANTOS ARTEFATOS DE CIMENTO LTDA;107013.5
09032026-098058;202644930015;MUNICIPIO DE BOMBINHAS;Zé Trovão;00000000000191;BANCO DO BRASIL SA;2985000.0
09032026-094177;202643920005;MUNICIPIO DE BOMBINHAS;Ismael;00000000000191;BANCO DO BRASIL SA;398000.0
09032026-091784;202644010005;MUNICIPIO DE TIMBE DO SUL;Julia Zanatta;00000000000191;BANCO DO BRASIL SA;398000.0
09032022-014113;202232350003;MUNICIPIO DE CALMON;Geovania De Sá;03603050001040;CAIXA ECONOMICA FEDERAL;20.9
09032022-014113;202232350003;MUNICIPIO DE CALMON;Geovania De Sá;50636530010240;ENGEPECAS EQUIPAMENTOS LTDA.;200000.0
09032023-033054;202328550022;MUNICIPIO DE CALMON;Pedro Uczai;03603050001040;CAIXA ECONOMICA FEDERAL;12.0
0903-004265;202028550021;MUNICIPIO DE CALMON;Pedro Uczai;03603050001040;CAIXA ECONOMICA FEDERAL;83.60000000000001
09032023-2-041700;202342510010;MUNICIPIO DE BALNEARIO CAMBORIU;Ivete da Silveira;03603050001040;CAIXA ECONOMICA FEDERAL;11.0
09032023-2-041700;202342510010;MUNICIPIO DE BALNEARIO CAMBORIU;Ivete da Silveira;41321720001700;ASSOCIACAO AMOR PRA DOWN;200000.0
09032023-2-041700;202342510010;MUNICIPIO DE BALNEARIO CAMBORIU;Ivete da Silveira;39796370001600;ESCOLA DE CAES GUIAS 'HELEN KELLER' (ECG-HK);200000.0
09032023-035167;202328560013;MUNICIPIO DE BALNEARIO CAMBORIU;Rogério Peninha Mendonça;03603050001040;CAIXA ECONOMICA FEDERAL;11.0
09032023-035167;202328560013;MUNICIPIO DE BALNEARIO CAMBORIU;Rogério Peninha Mendonça;41321720001700;ASSOCIACAO AMOR PRA DOWN;200000.0
09032023-035167;202328560013;MUNICIPIO DE BALNEARIO CAMBORIU;Rogério Peninha Mendonça;39796370001600;ESCOLA DE CAES GUIAS 'HELEN KELLER' (ECG-HK);200000.0
09032024-072869;202439320001;MUNICIPIO DE BALNEARIO CAMBORIU;Caroline de Toni;03603050001040;CAIXA ECONOMICA FEDERAL;24.0
09032024-072869;202439320001;MUNICIPIO DE BALNEARIO CAMBORIU;Caroline de Toni;79536890001180;FAGUNDEZ DISTRIBUICAO LTDA;60287.76
09032023-039038;202342510010;MUNICIPIO DE BALNEARIO CAMBORIU;Ivete da Silveira;03603050001040;CAIXA ECONOMICA FEDERAL;11.0
09032023-039038;202342510010;MUNICIPIO DE BALNEARIO CAMBORIU;Ivete da Silveira;41321720001700;ASSOCIACAO AMOR PRA DOWN;200000.0
09032023-039038;202342510010;MUNICIPIO DE BALNEARIO CAMBORIU;Ivete da Silveira;39796370001600;ESCOLA DE CAES GUIAS 'HELEN KELLER' (ECG-HK);200000.0
09032025-084660;202543250005;MUNICIPIO DE VARGEM;Cobalchini;00000000000191;BANCO DO BRASIL SA;50000.0
09032022-016324;202239530001;MUNICIPIO DE MIRIM DOCE;Darci de Matos;03603050001040;CAIXA ECONOMICA FEDERAL;66.0
09032022-016324;202239530001;MUNICIPIO DE MIRIM DOCE;Darci de Matos;24794170001040;BETON MIX - COMERCIO DE CONCRETO LTDA;2594.17
09032024-072782;202439290001;TRÊS BARRAS;Carlos Chiodini;03603050001040;CAIXA ECONOMICA FEDERAL;12.0
09032021-010980;202132350006;MUNICIPIO DE PRESIDENTE CASTELO BRANCO;Geovania De Sá;03603050001040;CAIXA ECONOMICA FEDERAL;52.25
09032021-013429;202141850007;MUNICIPIO DE PRESIDENTE CASTELO BRANCO;Jorginho Mello;03603050001040;CAIXA ECONOMICA FEDERAL;52.25
09032023-034746;202325690018;MUNICIPIO DE PRESIDENTE CASTELO BRANCO;Celso Maldaner;00000000000191;BANCO DO BRASIL SA;26.16
09032023-034746;202325690018;MUNICIPIO DE PRESIDENTE CASTELO BRANCO;Celso Maldaner;70845340001920;EMPREITEIRA DE MAO-DE-OBRA GBR LTDA;133352.68
09032023-034746;202325690018;MUNICIPIO DE PRESIDENTE CASTELO BRANCO;Celso Maldaner;00000000006209;LUCAS CANANI RAMOS;16783.47
09032023-039032;202342510010;MUNICIPIO DE PRESIDENTE CASTELO BRANCO;Ivete da Silveira;00000000000191;BANCO DO BRASIL SA;26.16
09032023-039032;202342510010;MUNICIPIO DE PRESIDENTE CASTELO BRANCO;Ivete da Silveira;70845340001920;EMPREITEIRA DE MAO-DE-OBRA GBR LTDA;133352.68
09032023-039032;202342510010;MUNICIPIO DE PRESIDENTE CASTELO BRANCO;Ivete da Silveira;00000000006209;LUCAS CANANI RAMOS;16783.47
0903-003745;202032350006;MUNICIPIO DE SUL BRASIL;Geovania De Sá;03603050001040;CAIXA ECONOMICA FEDERAL;70.45
0903-003745;202032350006;MUNICIPIO DE SUL BRASIL;Geovania De Sá;96563300001040;PALOMA CONSTRUCOES LTDA;1210479.63
0903-003745;202032350006;MUNICIPIO DE SUL BRASIL;Geovania De Sá;08804830001660;ACOMAQ INDUSTRIA E COMERCIO LTDA;40000.0
09032021-009933;202125690003;MUNICIPIO DE SUL BRASIL;Celso Maldaner;47422670001050;CASA DO PICA-PAU MAQUINAS AGRICOLAS LTDA;30000.0
09032021-009933;202125690003;MUNICIPIO DE SUL BRASIL;Celso Maldaner;03603050001040;CAIXA ECONOMICA FEDERAL;20.9
09032021-009933;202125690003;MUNICIPIO DE SUL BRASIL;Celso Maldaner;39881960007580;SHARK SOLUCOES AGRICOLAS LTDA;199500.0
09032021-010415;202128550001;MUNICIPIO DE SUL BRASIL;Pedro Uczai;47422670001050;CASA DO PICA-PAU MAQUINAS AGRICOLAS LTDA;30000.0
09032021-010415;202128550001;MUNICIPIO DE SUL BRASIL;Pedro Uczai;03603050001040;CAIXA ECONOMICA FEDERAL;20.9
09032021-010415;202128550001;MUNICIPIO DE SUL BRASIL;Pedro Uczai;39881960007580;SHARK SOLUCOES AGRICOLAS LTDA;199500.0
09032021-011492;202137860003;MUNICIPIO DE SUL BRASIL;Dário Berger;47422670001050;CASA DO PICA-PAU MAQUINAS AGRICOLAS LTDA;30000.0
09032021-011492;202137860003;MUNICIPIO DE SUL BRASIL;Dário Berger;03603050001040;CAIXA ECONOMICA FEDERAL;20.9
09032021-011492;202137860003;MUNICIPIO DE SUL BRASIL;Dário Berger;39881960007580;SHARK SOLUCOES AGRICOLAS LTDA;199500.0
0903-004646;202022100018;MUNICIPIO DE SAO CARLOS;Esperidião Amin;03603050001040;CAIXA ECONOMICA FEDERAL;10.45
0903-004646;202022100018;MUNICIPIO DE SAO CARLOS;Esperidião Amin;54782910001410;CONSTRUTORA PORTAL DAS TERMAS LTDA;143925.01
09032022-017380;202222100001;MUNICIPIO DE SAO CARLOS;Esperidião Amin;03603050001040;CAIXA ECONOMICA FEDERAL;5615.77
09032023-033070;202328550022;MUNICIPIO DE SAO CARLOS;Pedro Uczai;54782910001410;CONSTRUTORA PORTAL DAS TERMAS LTDA;340152.5
09032023-033070;202328550022;MUNICIPIO DE SAO CARLOS;Pedro Uczai;78873240001320;LERO FIBRAS BRASIL TECNOLOGIAS LTDA;30528.0
09032023-037050;202339320001;MUNICIPIO DE SAO CARLOS;Caroline de Toni;54782910001410;CONSTRUTORA PORTAL DAS TERMAS LTDA;340152.5
09032023-037050;202339320001;MUNICIPIO DE SAO CARLOS;Caroline de Toni;78873240001320;LERO FIBRAS BRASIL TECNOLOGIAS LTDA;30528.0
09032023-039008;202342510010;MUNICIPIO DE SAO CARLOS;Ivete da Silveira;54782910001410;CONSTRUTORA PORTAL DAS TERMAS LTDA;340152.5
09032023-039008;202342510010;MUNICIPIO DE SAO CARLOS;Ivete da Silveira;78873240001320;LERO FIBRAS BRASIL TECNOLOGIAS LTDA;30528.0
0903-003490;202028550021;MUNICIPIO DE ANCHIETA;Pedro Uczai;03603050001040;CAIXA ECONOMICA FEDERAL;12.0
0903-003490;202028550021;MUNICIPIO DE ANCHIETA;Pedro Uczai;85889120001380;E.J.F. EMPREENDIMENTOS LTDA;157546.93
09032023-038992;202342510010;MUNICIPIO DE ANCHIETA;Ivete da Silveira;03603050001040;CAIXA ECONOMICA FEDERAL;12.0
09032022-016424;202228550021;MUNICIPIO DE FRAIBURGO;Pedro Uczai;00000000000191;BANCO DO BRASIL SA;53622.01
09032023-037076;202339320001;MUNICIPIO DE FRAIBURGO;Caroline de Toni;03603050001040;CAIXA ECONOMICA FEDERAL;23.5
09032023-037083;202339320001;MUNICIPIO DE SAO BENTO DO SUL;Caroline de Toni;09496400001420;CEK INFORMATICA LTDA;1052.22
09032023-037083;202339320001;MUNICIPIO DE SAO BENTO DO SUL;Caroline de Toni;82814580001780;GDA SOLUCOES EM INFORMATICA LTDA.;2153.0
09032023-037083;202339320001;MUNICIPIO DE SAO BENTO DO SUL;Caroline de Toni;50355320018260;METRONORTE COMERCIAL DE VEICULOS LTDA;140246.6
09032022-018239;202228560001;MUNICIPIO DE SAO BENTO DO SUL;Rogério Peninha Mendonça;58086280001310;SAMUEL PADOVAM;624.79
09032023-035178;202328560024;MUNICIPIO DE SAO BENTO DO SUL;Rogério Peninha Mendonça;09496400001420;CEK INFORMATICA LTDA;1052.22
09032023-035178;202328560024;MUNICIPIO DE SAO BENTO DO SUL;Rogério Peninha Mendonça;82814580001780;GDA SOLUCOES EM INFORMATICA LTDA.;2153.0
09032023-035178;202328560024;MUNICIPIO DE SAO BENTO DO SUL;Rogério Peninha Mendonça;50355320018260;METRONORTE COMERCIAL DE VEICULOS LTDA;140246.6
09032024-073901;202442090002;MUNICIPIO DE SAO BENTO DO SUL;Jorge Goetten;50355320018260;METRONORTE COMERCIAL DE VEICULOS LTDA;106406.61
0903-003625;202041850004;MUNICIPIO DE PRESIDENTE GETULIO;Jorginho Mello;50636530010240;ENGEPECAS EQUIPAMENTOS LTDA.;250000.0
0903-003625;202041850004;MUNICIPIO DE PRESIDENTE GETULIO;Jorginho Mello;50636530009900;ENGEPECAS EQUIPAMENTOS LTDA.;350000.0
0903-003625;202041850004;MUNICIPIO DE PRESIDENTE GETULIO;Jorginho Mello;03603050001040;CAIXA ECONOMICA FEDERAL;20.45
0903-003964;202028560001;MUNICIPIO DE PRESIDENTE GETULIO;Rogério Peninha Mendonça;50636530010240;ENGEPECAS EQUIPAMENTOS LTDA.;250000.0
0903-003964;202028560001;MUNICIPIO DE PRESIDENTE GETULIO;Rogério Peninha Mendonça;50636530009900;ENGEPECAS EQUIPAMENTOS LTDA.;350000.0
0903-003964;202028560001;MUNICIPIO DE PRESIDENTE GETULIO;Rogério Peninha Mendonça;03603050001040;CAIXA ECONOMICA FEDERAL;20.45
09032022-015105;202229250013;MUNICIPIO DE PRESIDENTE GETULIO;Carmen Zanotto;03603050001040;CAIXA ECONOMICA FEDERAL;11.0
09032022-015105;202229250013;MUNICIPIO DE PRESIDENTE GETULIO;Carmen Zanotto;50355320020400;METRONORTE COMERCIAL DE VEICULOS LTDA;70000.0
09032023-035161;202328560006;MUNICIPIO DE PRESIDENTE GETULIO;Rogério Peninha Mendonça;03603050001040;CAIXA ECONOMICA FEDERAL;211.0
09032023-035161;202328560006;MUNICIPIO DE PRESIDENTE GETULIO;Rogério Peninha Mendonça;78582060001040;MAQUIXANDE INDUSTRIA DE MAQUINAS AGRICOLAS E TRANSPORTES LTDA;8210.279999999999
09032023-038044;202340620003;MUNICIPIO DE PRESIDENTE GETULIO;Ricardo Guidi;03603050001040;CAIXA ECONOMICA FEDERAL;211.0
09032023-038044;202340620003;MUNICIPIO DE PRESIDENTE GETULIO;Ricardo Guidi;78582060001040;MAQUIXANDE INDUSTRIA DE MAQUINAS AGRICOLAS E TRANSPORTES LTDA;8210.279999999999
09032024-075070;202444480002;MUNICIPIO DE PRESIDENTE GETULIO;Pezenti;03603050001040;CAIXA ECONOMICA FEDERAL;24.0
09032023-037043;202339320001;MUNICIPIO DE IBICARE;Caroline de Toni;03603050001040;CAIXA ECONOMICA FEDERAL;11.0
09032023-038998;202342510010;MUNICIPIO DE IBICARE;Ivete da Silveira;03603050001040;CAIXA ECONOMICA FEDERAL;11.0
09032021-013433;202141850007;MUNICIPIO DE APIUNA;Jorginho Mello;03603050001040;CAIXA ECONOMICA FEDERAL;12.0
09032022-021854;202241850010;MUNICIPIO DE APIUNA;Jorginho Mello;40887230001450;JS INDUSTRIA MECANICA LTDA;100000.0
09032023-039034;202342510010;MUNICIPIO DE APIUNA;Ivete da Silveira;03603050001040;CAIXA ECONOMICA FEDERAL;22.0
09032023-039034;202342510010;MUNICIPIO DE APIUNA;Ivete da Silveira;61459280001400;CONSTRUCAO CIVIL M G LTDA;283193.84
09032023-039034;202342510010;MUNICIPIO DE APIUNA;Ivete da Silveira;87689720001320;AGROPECUARIA D Z LTDA;1223.22
09032021-010959;202132350006;MUNICIPIO DE CAMPO ALEGRE;Geovania De Sá;32902320001100;LISBOA TRANSPORTES E TERRAPLENAGEM LTDA;8923.04
09032021-010959;202132350006;MUNICIPIO DE CAMPO ALEGRE;Geovania De Sá;11060700001910;VANDIESEL MECANICA LTDA;19074.68
09032021-010959;202132350006;MUNICIPIO DE CAMPO ALEGRE;Geovania De Sá;50152510001630;PRK ENGENHARIA E CONSTRUCOES LTDA;185807.43
09032021-010959;202132350006;MUNICIPIO DE CAMPO ALEGRE;Geovania De Sá;77163170001780;MILIMAQ EQUIPAMENTOS INDUSTRIAIS LTDA;9006.0
09032021-011497;202137860003;MUNICIPIO DE CAMPO ALEGRE;Dário Berger;32902320001100;LISBOA TRANSPORTES E TERRAPLENAGEM LTDA;8923.04
09032021-011497;202137860003;MUNICIPIO DE CAMPO ALEGRE;Dário Berger;11060700001910;VANDIESEL MECANICA LTDA;19074.68
09032021-011497;202137860003;MUNICIPIO DE CAMPO ALEGRE;Dário Berger;50152510001630;PRK ENGENHARIA E CONSTRUCOES LTDA;185807.43
09032021-011497;202137860003;MUNICIPIO DE CAMPO ALEGRE;Dário Berger;77163170001780;MILIMAQ EQUIPAMENTOS INDUSTRIAIS LTDA;9006.0
09032023-037237;202339530014;MUNICIPIO DE CAMPO ALEGRE;Darci de Matos;36209270001120;PAVIPLAN PAVIMENTACAO LTDA;297631.38
09032023-037237;202339530014;MUNICIPIO DE CAMPO ALEGRE;Darci de Matos;48575220001650;LICS SUPER AGUA LTDA;24601.2
09032023-037237;202339530014;MUNICIPIO DE CAMPO ALEGRE;Darci de Matos;03944600001410;MINISTERIO DA FAZENDA;16616.6
09032023-037237;202339530014;MUNICIPIO DE CAMPO ALEGRE;Darci de Matos;35743700001200;EMPREITEIRA DE MAO DE OBRA ADRIMAR LTDA;52100.07
09032021-009936;202125690003;MUNICIPIO DE CAMPO ALEGRE;Celso Maldaner;32902320001100;LISBOA TRANSPORTES E TERRAPLENAGEM LTDA;8923.04
09032021-009936;202125690003;MUNICIPIO DE CAMPO ALEGRE;Celso Maldaner;11060700001910;VANDIESEL MECANICA LTDA;19074.68
09032021-009936;202125690003;MUNICIPIO DE CAMPO ALEGRE;Celso Maldaner;50152510001630;PRK ENGENHARIA E CONSTRUCOES LTDA;185807.43
09032021-009936;202125690003;MUNICIPIO DE CAMPO ALEGRE;Celso Maldaner;77163170001780;MILIMAQ EQUIPAMENTOS INDUSTRIAIS LTDA;9006.0
09032023-037626;202340150002;MUNICIPIO DE CAMPO ALEGRE;Hélio Costa;36209270001120;PAVIPLAN PAVIMENTACAO LTDA;297631.38
09032023-037626;202340150002;MUNICIPIO DE CAMPO ALEGRE;Hélio Costa;48575220001650;LICS SUPER AGUA LTDA;24601.2
09032023-037626;202340150002;MUNICIPIO DE CAMPO ALEGRE;Hélio Costa;03944600001410;MINISTERIO DA FAZENDA;16616.6
09032023-037626;202340150002;MUNICIPIO DE CAMPO ALEGRE;Hélio Costa;35743700001200;EMPREITEIRA DE MAO DE OBRA ADRIMAR LTDA;52100.07
09032021-010631;202129250018;MUNICIPIO DE CAMPO BELO DO SUL;Carmen Zanotto;00000000000191;BANCO DO BRASIL SA;13.08
09032022-017135;202218800004;MUNICIPIO DE CAMPO BELO DO SUL;Angela Amin;03603050001040;CAIXA ECONOMICA FEDERAL;36.0
09032023-032861;202329250001;MUNICIPIO DE CAMPO BELO DO SUL;Carmen Zanotto;03603050001040;CAIXA ECONOMICA FEDERAL;24.0
0903-003792;202032350006;MUNICIPIO DE CRICIUMA;Geovania De Sá;24639940001080;CONSTRUCOES VITORIA LTDA;1509853.82
0903-003792;202032350006;MUNICIPIO DE CRICIUMA;Geovania De Sá;03603050001040;CAIXA ECONOMICA FEDERAL;147.85
0903-003792;202032350006;MUNICIPIO DE CRICIUMA;Geovania De Sá;75822770001190;UGGIONI BRITAGEM LTDA;87000.0
09032023-034388;202322100001;MUNICIPIO DE CRICIUMA;Esperidião Amin;38514960001030;CONSTRUTORA NELGUI LTDA;27904.66
09032023-034388;202322100001;MUNICIPIO DE CRICIUMA;Esperidião Amin;03603050001040;CAIXA ECONOMICA FEDERAL;12.0
09032023-034152;202318800004;MUNICIPIO DE CRICIUMA;Angela Amin;38514960001030;CONSTRUTORA NELGUI LTDA;27904.66
09032023-034152;202318800004;MUNICIPIO DE CRICIUMA;Angela Amin;03603050001040;CAIXA ECONOMICA FEDERAL;12.0
09032023-037199;202339490001;MUNICIPIO DE CRICIUMA;Daniel Freitas;38514960001030;CONSTRUTORA NELGUI LTDA;27904.66
09032023-037199;202339490001;MUNICIPIO DE CRICIUMA;Daniel Freitas;03603050001040;CAIXA ECONOMICA FEDERAL;12.0
09032023-038040;202340620003;MUNICIPIO DE CRICIUMA;Ricardo Guidi;38514960001030;CONSTRUTORA NELGUI LTDA;27904.66
09032023-038040;202340620003;MUNICIPIO DE CRICIUMA;Ricardo Guidi;03603050001040;CAIXA ECONOMICA FEDERAL;12.0
0903-003835;202041850004;MUNICIPIO DE PEDRAS GRANDES;Jorginho Mello;03603050001040;CAIXA ECONOMICA FEDERAL;10.45
0903-003835;202041850004;MUNICIPIO DE PEDRAS GRANDES;Jorginho Mello;60203180001100;VOLKSWAGEN TRUCK & BUS INDUSTRIA E COMERCIO DE VEICULOS LTDA;222900.0
09032021-009653;202122100006;MUNICIPIO DE PEDRAS GRANDES;Esperidião Amin;47422670001050;CASA DO PICA-PAU MAQUINAS AGRICOLAS LTDA;38000.0
09032021-010962;202132350006;MUNICIPIO DE PEDRAS GRANDES;Geovania De Sá;47422670001050;CASA DO PICA-PAU MAQUINAS AGRICOLAS LTDA;38000.0
09032021-012240;202139800001;MUNICIPIO DE PEDRAS GRANDES;Fabio Schiochet;47422670001050;CASA DO PICA-PAU MAQUINAS AGRICOLAS LTDA;38000.0
09032022-014128;202232350003;MUNICIPIO DE PEDRAS GRANDES;Geovania De Sá;58956350001180;JR CONSTRUCOES E TERRAPLENAGEM LTDA EPP;55206.13
09032022-014128;202232350003;MUNICIPIO DE PEDRAS GRANDES;Geovania De Sá;03603050001040;CAIXA ECONOMICA FEDERAL;342.0
09032022-014128;202232350003;MUNICIPIO DE PEDRAS GRANDES;Geovania De Sá;33849990001080;ELITE PLAYGROUND COMERCIO DE BRINQUEDOS LTDA;44064.8
09032022-021832;202241850010;MUNICIPIO DE PEDRAS GRANDES;Jorginho Mello;58956350001180;JR CONSTRUCOES E TERRAPLENAGEM LTDA EPP;55206.13
09032022-021832;202241850010;MUNICIPIO DE PEDRAS GRANDES;Jorginho Mello;03603050001040;CAIXA ECONOMICA FEDERAL;342.0
09032022-021832;202241850010;MUNICIPIO DE PEDRAS GRANDES;Jorginho Mello;33849990001080;ELITE PLAYGROUND COMERCIO DE BRINQUEDOS LTDA;44064.8
09032023-031245;202332350003;MUNICIPIO DE PEDRAS GRANDES;Geovania De Sá;03603050001040;CAIXA ECONOMICA FEDERAL;382.0
09032023-031245;202332350003;MUNICIPIO DE PEDRAS GRANDES;Geovania De Sá;63137330001620;FORTMAQ MAQUINAS E IMPLEMENTOS AGRICOLAS LTDA;122259.53
09032023-031245;202332350003;MUNICIPIO DE PEDRAS GRANDES;Geovania De Sá;58956350001180;JR CONSTRUCOES E TERRAPLENAGEM LTDA EPP;683909.84
09032023-034159;202318800004;MUNICIPIO DE PEDRAS GRANDES;Angela Amin;03603050001040;CAIXA ECONOMICA FEDERAL;382.0
09032023-034159;202318800004;MUNICIPIO DE PEDRAS GRANDES;Angela Amin;63137330001620;FORTMAQ MAQUINAS E IMPLEMENTOS AGRICOLAS LTDA;122259.53
09032023-034159;202318800004;MUNICIPIO DE PEDRAS GRANDES;Angela Amin;58956350001180;JR CONSTRUCOES E TERRAPLENAGEM LTDA EPP;683909.84
09032023-2-041691;202342510010;MUNICIPIO DE PEDRAS GRANDES;Ivete da Silveira;03603050001040;CAIXA ECONOMICA FEDERAL;382.0
09032023-2-041691;202342510010;MUNICIPIO DE PEDRAS GRANDES;Ivete da Silveira;63137330001620;FORTMAQ MAQUINAS E IMPLEMENTOS AGRICOLAS LTDA;122259.53
09032023-2-041691;202342510010;MUNICIPIO DE PEDRAS GRANDES;Ivete da Silveira;58956350001180;JR CONSTRUCOES E TERRAPLENAGEM LTDA EPP;683909.84
0903-004309;202025690009;MUNICIPIO DE ROMELANDIA;Celso Maldaner;25707970001980;"JUNGBLUTH &amp; JUNGBLUTH LTDA";4686.08
0903-004309;202025690009;MUNICIPIO DE ROMELANDIA;Celso Maldaner;28053710001760;EUROPA ARTEFATOS DE CIMENTO LTDA;7860.0
09032021-010965;202132350006;MUNICIPIO DE ROMELANDIA;Geovania De Sá;36026010001620;ITA RENTAL LTDA;32652.38
09032021-010965;202132350006;MUNICIPIO DE ROMELANDIA;Geovania De Sá;28053710001760;EUROPA ARTEFATOS DE CIMENTO LTDA;4192.0
09032024-072828;202439320001;MUNICIPIO DE ROMELANDIA;Caroline de Toni;61616490001700;JEAN PYER VIVIAN LTDA;26564.34
09032024-072828;202439320001;MUNICIPIO DE ROMELANDIA;Caroline de Toni;50437200001580;RK IMPLEMENTOS AGRICOLAS LTDA;29116.36
09032026-095942;202639800001;MUNICIPIO DE ROMELANDIA;Fabio Schiochet;00000000000191;BANCO DO BRASIL SA;398000.0
0903-003319;202022100018;MUNICIPIO DE SAO BONIFACIO;Esperidião Amin;03603050001040;CAIXA ECONOMICA FEDERAL;22.0
0903-004285;202029250015;MUNICIPIO DE SALETE;Carmen Zanotto;58063210001000;POSTES TAIO INDUSTRIA E COMERCIO LTDA;6169.5
0903-004285;202029250015;MUNICIPIO DE SALETE;Carmen Zanotto;68867200001820;DAMACENO TRANSPORTES E TERRAPLENAGEM LTDA;46681.619999999995
0903-004285;202029250015;MUNICIPIO DE SALETE;Carmen Zanotto;00000000001035;JOHNI RAFAEL PESSATTI;1353.0
0903-003407;202041850004;MUNICIPIO DE SALETE;Jorginho Mello;58063210001000;POSTES TAIO INDUSTRIA E COMERCIO LTDA;6169.5
0903-003407;202041850004;MUNICIPIO DE SALETE;Jorginho Mello;68867200001820;DAMACENO TRANSPORTES E TERRAPLENAGEM LTDA;46681.619999999995
0903-003407;202041850004;MUNICIPIO DE SALETE;Jorginho Mello;00000000001035;JOHNI RAFAEL PESSATTI;1353.0
09032021-013416;202141850007;MUNICIPIO DE SALETE;Jorginho Mello;03603050001040;CAIXA ECONOMICA FEDERAL;84.15
09032022-018223;202228560001;MUNICIPIO DE SALETE;Rogério Peninha Mendonça;03603050001040;CAIXA ECONOMICA FEDERAL;35.0
09032022-018223;202228560001;MUNICIPIO DE SALETE;Rogério Peninha Mendonça;50636530010240;ENGEPECAS EQUIPAMENTOS LTDA.;191299.54
09032022-020237;202239800001;MUNICIPIO DE SALETE;Fabio Schiochet;03603050001040;CAIXA ECONOMICA FEDERAL;35.0
09032022-020237;202239800001;MUNICIPIO DE SALETE;Fabio Schiochet;50636530010240;ENGEPECAS EQUIPAMENTOS LTDA.;191299.54
09032023-032864;202329250001;MUNICIPIO DE SALETE;Carmen Zanotto;03603050001040;CAIXA ECONOMICA FEDERAL;330.0
09032023-032864;202329250001;MUNICIPIO DE SALETE;Carmen Zanotto;00000000057247;SANDRA CRISTINA BELETTI BARBOSA;15900.0
09032023-032864;202329250001;MUNICIPIO DE SALETE;Carmen Zanotto;00000000072440;ALBERTINA DUBIELA;53713.0
09032023-032864;202329250001;MUNICIPIO DE SALETE;Carmen Zanotto;24486590001300;CONSTRURIO EMPREITEIRA DE MAO DE OBRA LTDA;134275.29
09032023-039006;202342510010;MUNICIPIO DE SALETE;Ivete da Silveira;03603050001040;CAIXA ECONOMICA FEDERAL;330.0
09032023-039006;202342510010;MUNICIPIO DE SALETE;Ivete da Silveira;00000000057247;SANDRA CRISTINA BELETTI BARBOSA;15900.0
09032023-039006;202342510010;MUNICIPIO DE SALETE;Ivete da Silveira;00000000072440;ALBERTINA DUBIELA;53713.0
09032023-039006;202342510010;MUNICIPIO DE SALETE;Ivete da Silveira;24486590001300;CONSTRURIO EMPREITEIRA DE MAO DE OBRA LTDA;134275.29
0903-003422;202041850004;MUNICIPIO DE JARAGUA DO SUL;Jorginho Mello;15279090001650;TECNOCELL INDUSTRIAL LTDA;1700.0
0903-003422;202041850004;MUNICIPIO DE JARAGUA DO SUL;Jorginho Mello;00000000068885;OSNILDA NATZKE;4755.0
0903-003422;202041850004;MUNICIPIO DE JARAGUA DO SUL;Jorginho Mello;03603050001040;CAIXA ECONOMICA FEDERAL;12.0
0903-003422;202041850004;MUNICIPIO DE JARAGUA DO SUL;Jorginho Mello;33611750002010;COMERCIO ROCAMEL LTDA;532.8
0903-003422;202041850004;MUNICIPIO DE JARAGUA DO SUL;Jorginho Mello;74609120002760;LEONARDO A. VERZA LTDA;533.98
0903-003422;202041850004;MUNICIPIO DE JARAGUA DO SUL;Jorginho Mello;72290230001110;JOSNEI COMERCIO DE CHAVES E FECHADURAS LTDA;392.0
0903-003422;202041850004;MUNICIPIO DE JARAGUA DO SUL;Jorginho Mello;96253610004400;SUMAY DO BRASIL LTDA;384.65
09032022-014124;202232350003;MUNICIPIO DE JARAGUA DO SUL;Geovania De Sá;22677420001030;LAJETUBOS ARTEFATOS E SERVICOS LTDA;208334.58
09032023-036993;202339290002;MUNICIPIO DE JARAGUA DO SUL;Carlos Chiodini;03603050001040;CAIXA ECONOMICA FEDERAL;12.0
09032024-068783;202442510012;MUNICIPIO DE JARAGUA DO SUL;Ivete da Silveira;03603050001040;CAIXA ECONOMICA FEDERAL;96.0
0903-003489;202041850004;MUNICIPIO DE PORTO BELO;Jorginho Mello;03603050001040;CAIXA ECONOMICA FEDERAL;41.8
09032022-016122;202237860003;MUNICIPIO DE PORTO BELO;Dário Berger;03603050001040;CAIXA ECONOMICA FEDERAL;22.0
09032022-016122;202237860003;MUNICIPIO DE PORTO BELO;Dário Berger;50636530010240;ENGEPECAS EQUIPAMENTOS LTDA.;350000.0
09032022-016122;202237860003;MUNICIPIO DE PORTO BELO;Dário Berger;41403240001860;GUARANI INDUSTRIA E COMERCIO DE MATERIAIS ESPORTIVOS LTDA;100000.0
09032021-010438;202128560001;MUNICIPIO DE PORTO BELO;Rogério Peninha Mendonça;03603050001040;CAIXA ECONOMICA FEDERAL;48.0
09032021-010438;202128560001;MUNICIPIO DE PORTO BELO;Rogério Peninha Mendonça;16501780001400;C R ARTEFATOS DE CIMENTO LTDA;428112.67999999993
09032021-010438;202128560001;MUNICIPIO DE PORTO BELO;Rogério Peninha Mendonça;03944600058870;MINISTERIO DA FAZENDA;10163.84
09032023-031247;202332350003;MUNICIPIO DE PORTO BELO;Geovania De Sá;03603050001040;CAIXA ECONOMICA FEDERAL;95.0
09032023-031247;202332350003;MUNICIPIO DE PORTO BELO;Geovania De Sá;16501780001400;C R ARTEFATOS DE CIMENTO LTDA;100000.0
09032023-031247;202332350003;MUNICIPIO DE PORTO BELO;Geovania De Sá;96181590001490;FUNDACAO MUNICIPAL DE ESPORTES DE PORTO BELO;384240.84
09032022-021834;202241850010;MUNICIPIO DE PORTO BELO;Jorginho Mello;03603050001040;CAIXA ECONOMICA FEDERAL;22.0
09032022-021834;202241850010;MUNICIPIO DE PORTO BELO;Jorginho Mello;50636530010240;ENGEPECAS EQUIPAMENTOS LTDA.;350000.0
09032022-021834;202241850010;MUNICIPIO DE PORTO BELO;Jorginho Mello;41403240001860;GUARANI INDUSTRIA E COMERCIO DE MATERIAIS ESPORTIVOS LTDA;100000.0
09032022-018218;202228560001;MUNICIPIO DE PORTO BELO;Rogério Peninha Mendonça;03603050001040;CAIXA ECONOMICA FEDERAL;22.0
09032022-018218;202228560001;MUNICIPIO DE PORTO BELO;Rogério Peninha Mendonça;50636530010240;ENGEPECAS EQUIPAMENTOS LTDA.;350000.0
09032022-018218;202228560001;MUNICIPIO DE PORTO BELO;Rogério Peninha Mendonça;41403240001860;GUARANI INDUSTRIA E COMERCIO DE MATERIAIS ESPORTIVOS LTDA;100000.0
09032021-011501;202137860003;MUNICIPIO DE PORTO BELO;Dário Berger;03603050001040;CAIXA ECONOMICA FEDERAL;48.0
09032021-011501;202137860003;MUNICIPIO DE PORTO BELO;Dário Berger;16501780001400;C R ARTEFATOS DE CIMENTO LTDA;428112.67999999993
09032021-011501;202137860003;MUNICIPIO DE PORTO BELO;Dário Berger;03944600058870;MINISTERIO DA FAZENDA;10163.84
09032023-034396;202322100001;MUNICIPIO DE PORTO BELO;Esperidião Amin;03603050001040;CAIXA ECONOMICA FEDERAL;95.0
09032023-034396;202322100001;MUNICIPIO DE PORTO BELO;Esperidião Amin;16501780001400;C R ARTEFATOS DE CIMENTO LTDA;100000.0
09032023-034396;202322100001;MUNICIPIO DE PORTO BELO;Esperidião Amin;96181590001490;FUNDACAO MUNICIPAL DE ESPORTES DE PORTO BELO;384240.84
09032024-075069;202444480002;MUNICIPIO DE PORTO BELO;Pezenti;03603050001040;CAIXA ECONOMICA FEDERAL;12.0
09032023-035163;202328560008;MUNICIPIO DE PORTO BELO;Rogério Peninha Mendonça;03603050001040;CAIXA ECONOMICA FEDERAL;95.0
09032023-035163;202328560008;MUNICIPIO DE PORTO BELO;Rogério Peninha Mendonça;16501780001400;C R ARTEFATOS DE CIMENTO LTDA;100000.0
09032023-035163;202328560008;MUNICIPIO DE PORTO BELO;Rogério Peninha Mendonça;96181590001490;FUNDACAO MUNICIPAL DE ESPORTES DE PORTO BELO;384240.84
0903-004273;202039800001;MUNICIPIO DE PORTO BELO;Fabio Schiochet;03603050001040;CAIXA ECONOMICA FEDERAL;41.8
0903-003351;202041850004;MUNICIPIO DE PINHEIRO PRETO;Jorginho Mello;00000000086243;CESAR MURILO FLORES;73405.77
0903-003351;202041850004;MUNICIPIO DE PINHEIRO PRETO;Jorginho Mello;95567580001850;ADO AUTO PECAS LTDA;1338.6599999999999
0903-003351;202041850004;MUNICIPIO DE PINHEIRO PRETO;Jorginho Mello;43168040001550;TERRAPLENAGEM CHICO LTDA;29753.760000000002
0903-003351;202041850004;MUNICIPIO DE PINHEIRO PRETO;Jorginho Mello;59793500001650;DEON TERRAPLANAGENS E CONSTRUCOES LTDA;34772.869999999995
0903-003351;202041850004;MUNICIPIO DE PINHEIRO PRETO;Jorginho Mello;90759020001610;NORBERTO PNEUS LTDA;810.0
0903-004080;202025690009;MUNICIPIO DE PINHEIRO PRETO;Celso Maldaner;00000000086243;CESAR MURILO FLORES;73405.77
0903-004080;202025690009;MUNICIPIO DE PINHEIRO PRETO;Celso Maldaner;95567580001850;ADO AUTO PECAS LTDA;1338.6599999999999
0903-004080;202025690009;MUNICIPIO DE PINHEIRO PRETO;Celso Maldaner;43168040001550;TERRAPLENAGEM CHICO LTDA;29753.760000000002
0903-004080;202025690009;MUNICIPIO DE PINHEIRO PRETO;Celso Maldaner;59793500001650;DEON TERRAPLANAGENS E CONSTRUCOES LTDA;34772.869999999995
0903-004080;202025690009;MUNICIPIO DE PINHEIRO PRETO;Celso Maldaner;90759020001610;NORBERTO PNEUS LTDA;810.0
09032024-073867;202442090002;MUNICIPIO DE PINHEIRO PRETO;Jorge Goetten;63137330001620;FORTMAQ MAQUINAS E IMPLEMENTOS AGRICOLAS LTDA;35566.02
0903-003794;202018800013;MUNICIPIO DE URUSSANGA;Angela Amin;03603050001040;CAIXA ECONOMICA FEDERAL;126.15000000000002
0903-003794;202018800013;MUNICIPIO DE URUSSANGA;Angela Amin;43404990001370;PADOIN FONTANELLA COMERCIO DE COMBUSTIVEIS LTDA;200000.0
0903-003713;202032350006;MUNICIPIO DE URUSSANGA;Geovania De Sá;03603050001040;CAIXA ECONOMICA FEDERAL;126.15000000000002
0903-003713;202032350006;MUNICIPIO DE URUSSANGA;Geovania De Sá;43404990001370;PADOIN FONTANELLA COMERCIO DE COMBUSTIVEIS LTDA;200000.0
09032023-034165;202318800004;MUNICIPIO DE URUSSANGA;Angela Amin;03603050001040;CAIXA ECONOMICA FEDERAL;48.0
09032023-034406;202322100001;MUNICIPIO DE URUSSANGA;Esperidião Amin;03603050001040;CAIXA ECONOMICA FEDERAL;48.0
09032026-094100;202644480001;MUNICIPIO DE URUSSANGA;Pezenti;00000000000191;BANCO DO BRASIL SA;497500.0
09032021-013409;202141850007;MUNICIPIO DE AGUAS DE CHAPECO;Jorginho Mello;03603050001040;CAIXA ECONOMICA FEDERAL;11.0
09032022-021826;202241850010;MUNICIPIO DE AGUAS DE CHAPECO;Jorginho Mello;03603050001040;CAIXA ECONOMICA FEDERAL;11.0
09032023-038991;202342510010;MUNICIPIO DE AGUAS DE CHAPECO;Ivete da Silveira;03603050001040;CAIXA ECONOMICA FEDERAL;47.0
0903-003786;202022100018;MUNICIPIO DE TREZE DE MAIO;Esperidião Amin;48343180001290;BRANCO PEDRAS ARTEFATOS DE CIMENTO LTDA;125024.88
09032022-017382;202222100001;MUNICIPIO DE TREZE DE MAIO;Esperidião Amin;03603050001040;CAIXA ECONOMICA FEDERAL;212.0
09032022-017140;202218800004;MUNICIPIO DE TREZE DE MAIO;Angela Amin;03603050001040;CAIXA ECONOMICA FEDERAL;212.0
09032022-021035;202240620006;MUNICIPIO DE TREZE DE MAIO;Ricardo Guidi;03603050001040;CAIXA ECONOMICA FEDERAL;212.0
09032023-038047;202340620003;MUNICIPIO DE TREZE DE MAIO;Ricardo Guidi;03603050001040;CAIXA ECONOMICA FEDERAL;36.0
0903-004282;202025690009;MUNICIPIO DE CAIBI;Celso Maldaner;32577770001240;GAIA RODOVIAS LTDA.;250000.0
09032021-009649;202122100006;MUNICIPIO DE CAIBI;Esperidião Amin;28736740001260;CCM COMERCIO DE MAQUINAS E SERVICOS LTDA;200000.0
09032022-017371;202222100001;MUNICIPIO DE CAIBI;Esperidião Amin;03603050001040;CAIXA ECONOMICA FEDERAL;89.0
09032023-034385;202322100001;MUNICIPIO DE CAIBI;Esperidião Amin;14960990001270;CAIBI EMPREENDIMENTOS LTDA;116173.26
09032023-034385;202322100001;MUNICIPIO DE CAIBI;Esperidião Amin;32577770001240;GAIA RODOVIAS LTDA.;268427.66000000003
09032023-034385;202322100001;MUNICIPIO DE CAIBI;Esperidião Amin;03603050001040;CAIXA ECONOMICA FEDERAL;11291.76
0903-004780;202041850004;MUNICIPIO DE BIGUACU;Jorginho Mello;86661650001090;T. M. T. INSTRUMENTOS MUSICAIS LTDA;11733.21
0903-004780;202041850004;MUNICIPIO DE BIGUACU;Jorginho Mello;89795270001110;RORIZ COMERCIO E IMPORTACAO LTDA;2398.0
0903-004780;202041850004;MUNICIPIO DE BIGUACU;Jorginho Mello;03603050001040;CAIXA ECONOMICA FEDERAL;73.8
0903-004780;202041850004;MUNICIPIO DE BIGUACU;Jorginho Mello;17214150001170;ASSIS VAZ INSTRUMENTOS MUSICAIS LTDA;5609.9
0903-004605;202022100018;MUNICIPIO DE AGUA DOCE;Esperidião Amin;03603050001040;CAIXA ECONOMICA FEDERAL;20.9
09032021-013408;202141850007;MUNICIPIO DE AGUA DOCE;Jorginho Mello;03603050001040;CAIXA ECONOMICA FEDERAL;10.45
09032023-032858;202329250001;MUNICIPIO DE AGUA DOCE;Carmen Zanotto;60203180001100;VOLKSWAGEN TRUCK & BUS INDUSTRIA E COMERCIO DE VEICULOS LTDA;109256.35
09032023-032858;202329250001;MUNICIPIO DE AGUA DOCE;Carmen Zanotto;50636530010240;ENGEPECAS EQUIPAMENTOS LTDA.;28274.559999999998
09032023-032858;202329250001;MUNICIPIO DE AGUA DOCE;Carmen Zanotto;73564230001980;PROCAB INDUSTRIA DE EQUIPAMENTOS AGRICOLAS LTDA;34000.0
09032023-032858;202329250001;MUNICIPIO DE AGUA DOCE;Carmen Zanotto;03603050001040;CAIXA ECONOMICA FEDERAL;23.0
09032023-034151;202318800004;MUNICIPIO DE AGUA DOCE;Angela Amin;60203180001100;VOLKSWAGEN TRUCK & BUS INDUSTRIA E COMERCIO DE VEICULOS LTDA;109256.35
09032023-034151;202318800004;MUNICIPIO DE AGUA DOCE;Angela Amin;50636530010240;ENGEPECAS EQUIPAMENTOS LTDA.;28274.559999999998
09032023-034151;202318800004;MUNICIPIO DE AGUA DOCE;Angela Amin;73564230001980;PROCAB INDUSTRIA DE EQUIPAMENTOS AGRICOLAS LTDA;34000.0
09032023-034151;202318800004;MUNICIPIO DE AGUA DOCE;Angela Amin;03603050001040;CAIXA ECONOMICA FEDERAL;23.0
09032023-037036;202339320001;MUNICIPIO DE AGUA DOCE;Caroline de Toni;60203180001100;VOLKSWAGEN TRUCK & BUS INDUSTRIA E COMERCIO DE VEICULOS LTDA;109256.35
09032023-037036;202339320001;MUNICIPIO DE AGUA DOCE;Caroline de Toni;50636530010240;ENGEPECAS EQUIPAMENTOS LTDA.;28274.559999999998
09032023-037036;202339320001;MUNICIPIO DE AGUA DOCE;Caroline de Toni;73564230001980;PROCAB INDUSTRIA DE EQUIPAMENTOS AGRICOLAS LTDA;34000.0
09032023-037036;202339320001;MUNICIPIO DE AGUA DOCE;Caroline de Toni;03603050001040;CAIXA ECONOMICA FEDERAL;23.0
09032023-038990;202342510010;MUNICIPIO DE AGUA DOCE;Ivete da Silveira;60203180001100;VOLKSWAGEN TRUCK & BUS INDUSTRIA E COMERCIO DE VEICULOS LTDA;109256.35
09032023-038990;202342510010;MUNICIPIO DE AGUA DOCE;Ivete da Silveira;50636530010240;ENGEPECAS EQUIPAMENTOS LTDA.;28274.559999999998
09032023-038990;202342510010;MUNICIPIO DE AGUA DOCE;Ivete da Silveira;73564230001980;PROCAB INDUSTRIA DE EQUIPAMENTOS AGRICOLAS LTDA;34000.0
09032023-038990;202342510010;MUNICIPIO DE AGUA DOCE;Ivete da Silveira;03603050001040;CAIXA ECONOMICA FEDERAL;23.0
09032023-034383;202322100001;MUNICIPIO DE AGUA DOCE;Esperidião Amin;60203180001100;VOLKSWAGEN TRUCK & BUS INDUSTRIA E COMERCIO DE VEICULOS LTDA;109256.35
09032023-034383;202322100001;MUNICIPIO DE AGUA DOCE;Esperidião Amin;50636530010240;ENGEPECAS EQUIPAMENTOS LTDA.;28274.559999999998
09032023-034383;202322100001;MUNICIPIO DE AGUA DOCE;Esperidião Amin;73564230001980;PROCAB INDUSTRIA DE EQUIPAMENTOS AGRICOLAS LTDA;34000.0
09032023-034383;202322100001;MUNICIPIO DE AGUA DOCE;Esperidião Amin;03603050001040;CAIXA ECONOMICA FEDERAL;23.0
09032024-067036;202429250006;MUNICIPIO DE AGUA DOCE;Carmen Zanotto;50636530010240;ENGEPECAS EQUIPAMENTOS LTDA.;107232.90000000001
09032024-072806;202439320001;MUNICIPIO DE AGUA DOCE;Caroline de Toni;60203180001100;VOLKSWAGEN TRUCK & BUS INDUSTRIA E COMERCIO DE VEICULOS LTDA;520394.44
09032024-073853;202442090002;MUNICIPIO DE AGUA DOCE;Jorge Goetten;60203180001100;VOLKSWAGEN TRUCK & BUS INDUSTRIA E COMERCIO DE VEICULOS LTDA;207850.16
09032022-021825;202241850010;MUNICIPIO DE AGUA DOCE;Jorginho Mello;03603050001040;CAIXA ECONOMICA FEDERAL;77.0
09032022-021825;202241850010;MUNICIPIO DE AGUA DOCE;Jorginho Mello;71747220001010;G & D MATERIAIS DE CONSTRUCAO E CONSTRUTORA LTDA;5380.66
09032024-073947;202442730001;MUNICIPIO DE AGUA DOCE;Jorge Seif;60203180001100;VOLKSWAGEN TRUCK & BUS INDUSTRIA E COMERCIO DE VEICULOS LTDA;176862.63
09032024-073947;202442730001;MUNICIPIO DE AGUA DOCE;Jorge Seif;50636530010240;ENGEPECAS EQUIPAMENTOS LTDA.;10734.449999999999
0903-003458;202018800013;MUNICIPIO DE ABDON BATISTA;Angela Amin;60990820001500;CONSBRITA CONSTRUTORA DE OBRAS LTDA;42188.7
09032021-012120;202139530003;MUNICIPIO DE ABDON BATISTA;Darci de Matos;03603050001040;CAIXA ECONOMICA FEDERAL;220.54999999999993
09032021-012120;202139530003;MUNICIPIO DE ABDON BATISTA;Darci de Matos;57251510001200;CONSTRUTORA POSSAMAI LTDA;18723.84
09032021-012120;202139530003;MUNICIPIO DE ABDON BATISTA;Darci de Matos;75150060001400;ARTEFATOS DE CIMENTO SIDART LTDA;9924.0
09032022-017386;202222100001;MUNICIPIO DE ABDON BATISTA;Esperidião Amin;57251510001200;CONSTRUTORA POSSAMAI LTDA;117576.02
09032023-034408;202322100001;MUNICIPIO DE ABDON BATISTA;Esperidião Amin;03603050001040;CAIXA ECONOMICA FEDERAL;172.0
09032023-034408;202322100001;MUNICIPIO DE ABDON BATISTA;Esperidião Amin;47092430001540;BS EQUIPAMENTOS, INDUSTRIA E COMERCIO LTDA;5375.0
09032023-034408;202322100001;MUNICIPIO DE ABDON BATISTA;Esperidião Amin;58086280001310;SAMUEL PADOVAM;624.79
09032023-034408;202322100001;MUNICIPIO DE ABDON BATISTA;Esperidião Amin;50475990001320;FENIX INFORMATICA E TELEFONIA LTDA;325.0
09032023-034408;202322100001;MUNICIPIO DE ABDON BATISTA;Esperidião Amin;55453810001080;AKSO PRODUTOS ELETRONICOS LTDA;591.81
09032024-068681;202442510013;MUNICIPIO DE ABDON BATISTA;Ivete da Silveira;03944600033290;MINISTERIO DA FAZENDA;4291.389999999999
09032024-068681;202442510013;MUNICIPIO DE ABDON BATISTA;Ivete da Silveira;00000000000191;BANCO DO BRASIL SA;450.0
09032024-068798;202442510012;MUNICIPIO DE ABDON BATISTA;Ivete da Silveira;03944600033290;MINISTERIO DA FAZENDA;6396.39
09032021-011507;202137860003;MUNICIPIO DE ABDON BATISTA;Dário Berger;03603050001040;CAIXA ECONOMICA FEDERAL;220.54999999999993
09032021-011507;202137860003;MUNICIPIO DE ABDON BATISTA;Dário Berger;57251510001200;CONSTRUTORA POSSAMAI LTDA;18723.84
09032021-011507;202137860003;MUNICIPIO DE ABDON BATISTA;Dário Berger;75150060001400;ARTEFATOS DE CIMENTO SIDART LTDA;9924.0
09032024-070541;202443250003;MUNICIPIO DE ABDON BATISTA;Cobalchini;03944600033290;MINISTERIO DA FAZENDA;5111.87
09032026-097243;202643250001;MUNICIPIO DE ABDON BATISTA;Cobalchini;00000000000191;BANCO DO BRASIL SA;497500.0
